time,P,G(i),H_sun,T2m,WS10m,Int
20150101:0010,0.0,0.0,0.0,-0.41,0.48,0.0
20150101:0110,0.0,0.0,0.0,-0.88,0.55,0.0
20150101:0210,0.0,0.0,0.0,-1.1,0.48,0.0
20150101:0310,0.0,0.0,0.0,-1.44,0.83,0.0
20150101:0410,0.0,0.0,0.0,-3.33,1.59,0.0
20150101:0510,0.0,0.0,0.0,-2.96,1.79,0.0
20150101:0610,0.0,0.0,0.0,-2.68,1.79,0.0
20150101:0710,0.0,0.0,0.0,-2.65,1.45,0.0
20150101:0810,4481.9,81.15,2.64,-2.61,2.0,0.0
20150101:0910,28251.5,418.52,9.45,-1.9,2.0,0.0
20150101:1010,38110.91,565.76,14.53,-1.03,2.28,0.0
20150101:1110,48209.4,727.45,17.49,-0.29,2.14,0.0
20150101:1210,49011.67,740.81,18.04,0.28,2.34,0.0
20150101:1310,42992.8,645.62,16.11,0.87,2.55,0.0
20150101:1410,23188.97,349.83,11.92,1.22,2.41,0.0
20150101:1510,5921.72,103.82,5.81,0.93,2.14,0.0
20150101:1610,0.0,0.0,0.0,-0.09,2.83,0.0
20150101:1710,0.0,0.0,0.0,-0.58,3.38,0.0
20150101:1810,0.0,0.0,0.0,-0.83,3.45,0.0
20150101:1910,0.0,0.0,0.0,0.18,3.45,0.0
20150101:2010,0.0,0.0,0.0,0.03,3.59,0.0
20150101:2110,0.0,0.0,0.0,-0.04,3.86,0.0
20150101:2210,0.0,0.0,0.0,-0.01,4.07,0.0
20150101:2310,0.0,0.0,0.0,0.24,4.21,0.0
20150102:0010,0.0,0.0,0.0,0.62,4.21,0.0
20150102:0110,0.0,0.0,0.0,0.99,4.34,0.0
20150102:0210,0.0,0.0,0.0,1.56,4.55,0.0
20150102:0310,0.0,0.0,0.0,2.04,4.69,0.0
20150102:0410,0.0,0.0,0.0,2.87,4.83,0.0
20150102:0510,0.0,0.0,0.0,3.72,4.97,0.0
20150102:0610,0.0,0.0,0.0,4.54,4.97,0.0
20150102:0710,0.0,0.0,0.0,5.38,4.9,0.0
20150102:0810,3545.29,69.32,2.66,5.91,4.97,0.0
20150102:0910,895.62,25.53,9.48,6.49,4.9,0.0
20150102:1010,4604.85,85.71,14.58,7.17,4.83,0.0
20150102:1110,6387.74,112.97,17.56,7.95,4.41,0.0
20150102:1210,7205.19,125.49,18.13,8.69,3.93,0.0
20150102:1310,30565.69,472.04,16.22,9.33,3.45,0.0
20150102:1410,15038.83,240.83,12.03,9.79,3.45,0.0
20150102:1510,10072.69,170.03,5.94,9.29,3.03,0.0
20150102:1610,0.0,0.0,0.0,7.93,2.9,0.0
20150102:1710,0.0,0.0,0.0,6.73,2.69,0.0
20150102:1810,0.0,0.0,0.0,5.52,2.41,0.0
20150102:1910,0.0,0.0,0.0,3.89,2.34,0.0
20150102:2010,0.0,0.0,0.0,2.8,2.21,0.0
20150102:2110,0.0,0.0,0.0,1.73,2.0,0.0
20150102:2210,0.0,0.0,0.0,0.58,2.21,0.0
20150102:2310,0.0,0.0,0.0,-0.33,2.07,0.0
20150103:0010,0.0,0.0,0.0,-1.04,1.79,0.0
20150103:0110,0.0,0.0,0.0,-1.24,1.93,0.0
20150103:0210,0.0,0.0,0.0,-0.99,2.0,0.0
20150103:0310,0.0,0.0,0.0,-0.2,2.14,0.0
20150103:0410,0.0,0.0,0.0,0.74,2.55,0.0
20150103:0510,0.0,0.0,0.0,1.64,2.9,0.0
20150103:0610,0.0,0.0,0.0,2.44,2.9,0.0
20150103:0710,0.0,0.0,0.0,2.81,2.9,0.0
20150103:0810,721.05,22.03,2.68,3.42,3.31,0.0
20150103:0910,2486.48,52.1,9.52,4.34,4.14,0.0
20150103:1010,1889.91,42.86,14.64,6.56,5.38,0.0
20150103:1110,6231.39,111.07,17.64,9.37,6.83,0.0
20150103:1210,1322.94,33.74,18.22,10.95,7.66,0.0
20150103:1310,1631.09,39.21,16.33,11.46,7.79,0.0
20150103:1410,7753.94,134.34,12.16,11.75,7.52,0.0
20150103:1510,2543.41,54.7,6.07,11.87,7.17,0.0
20150103:1610,0.0,0.0,0.0,11.81,6.83,0.0
20150103:1710,0.0,0.0,0.0,11.92,6.97,0.0
20150103:1810,0.0,0.0,0.0,11.92,6.48,0.0
20150103:1910,0.0,0.0,0.0,11.24,6.48,0.0
20150103:2010,0.0,0.0,0.0,11.08,6.07,0.0
20150103:2110,0.0,0.0,0.0,10.96,5.24,0.0
20150103:2210,0.0,0.0,0.0,10.72,4.34,0.0
20150103:2310,0.0,0.0,0.0,10.04,3.45,0.0
20150104:0010,0.0,0.0,0.0,8.78,3.31,0.0
20150104:0110,0.0,0.0,0.0,6.69,3.72,0.0
20150104:0210,0.0,0.0,0.0,4.92,3.17,0.0
20150104:0310,0.0,0.0,0.0,3.84,2.55,0.0
20150104:0410,0.0,0.0,0.0,3.29,2.48,0.0
20150104:0510,0.0,0.0,0.0,2.85,2.48,0.0
20150104:0610,0.0,0.0,0.0,2.48,2.21,0.0
20150104:0710,0.0,0.0,0.0,2.45,1.59,0.0
20150104:0810,1385.18,33.86,2.71,2.42,1.66,0.0
20150104:0910,21696.02,331.05,9.56,2.66,1.59,0.0
20150104:1010,10238.91,166.32,14.71,3.07,1.45,0.0
20150104:1110,8827.17,146.85,17.73,3.57,1.38,0.0
20150104:1210,9337.22,154.59,18.33,3.96,1.24,0.0
20150104:1310,14402.78,227.79,16.45,4.37,1.17,0.0
20150104:1410,3684.19,71.06,12.29,4.57,0.97,0.0
20150104:1510,9059.42,152.24,6.21,4.57,1.1,0.0
20150104:1610,0.0,0.0,0.0,4.35,1.38,0.0
20150104:1710,0.0,0.0,0.0,4.07,1.38,0.0
20150104:1810,0.0,0.0,0.0,3.85,1.72,0.0
20150104:1910,0.0,0.0,0.0,3.12,1.93,0.0
20150104:2010,0.0,0.0,0.0,2.52,2.0,0.0
20150104:2110,0.0,0.0,0.0,2.08,2.0,0.0
20150104:2210,0.0,0.0,0.0,1.47,2.07,0.0
20150104:2310,0.0,0.0,0.0,0.98,2.07,0.0
20150105:0010,0.0,0.0,0.0,0.37,2.07,0.0
20150105:0110,0.0,0.0,0.0,-0.17,2.0,0.0
20150105:0210,0.0,0.0,0.0,-0.92,2.0,0.0
20150105:0310,0.0,0.0,0.0,-1.41,2.0,0.0
20150105:0410,0.0,0.0,0.0,-1.87,1.93,0.0
20150105:0510,0.0,0.0,0.0,-2.42,1.86,0.0
20150105:0610,0.0,0.0,0.0,-2.76,1.79,0.0
20150105:0710,0.0,0.0,0.0,-2.42,1.66,0.0
20150105:0810,780.25,22.7,2.75,-2.24,1.59,0.0
20150105:0910,6925.88,116.28,9.62,-1.01,1.45,0.0
20150105:1010,6301.22,108.64,14.78,0.88,1.66,0.0
20150105:1110,7365.34,124.96,17.82,2.21,1.52,0.0
20150105:1210,4180.57,78.43,18.44,3.25,1.38,0.0
20150105:1310,3396.52,66.57,16.58,3.97,1.31,0.0
20150105:1410,2695.21,55.63,12.43,4.27,1.24,0.0
20150105:1510,1877.01,42.33,6.35,3.99,1.31,0.0
20150105:1610,0.0,0.0,0.0,3.03,1.66,0.0
20150105:1710,0.0,0.0,0.0,1.57,2.0,0.0
20150105:1810,0.0,0.0,0.0,0.42,2.21,0.0
20150105:1910,0.0,0.0,0.0,0.22,1.59,0.0
20150105:2010,0.0,0.0,0.0,-0.26,1.45,0.0
20150105:2110,0.0,0.0,0.0,-1.0,1.52,0.0
20150105:2210,0.0,0.0,0.0,-2.09,1.66,0.0
20150105:2310,0.0,0.0,0.0,-2.77,1.66,0.0
20150106:0010,0.0,0.0,0.0,-3.13,1.66,0.0
20150106:0110,0.0,0.0,0.0,-3.29,1.59,0.0
20150106:0210,0.0,0.0,0.0,-3.39,1.52,0.0
20150106:0310,0.0,0.0,0.0,-3.3,1.38,0.0
20150106:0410,0.0,0.0,0.0,-3.47,1.45,0.0
20150106:0510,0.0,0.0,0.0,-3.59,1.52,0.0
20150106:0610,0.0,0.0,0.0,-3.66,1.66,0.0
20150106:0710,0.0,0.0,0.0,-3.55,1.93,0.0
20150106:0810,670.2,20.58,2.79,-3.1,2.21,0.0
20150106:0910,14323.09,219.57,9.68,-1.7,2.14,0.0
20150106:1010,6705.76,114.08,14.86,0.31,2.34,0.0
20150106:1110,8518.26,141.31,17.92,2.25,2.48,0.0
20150106:1210,9719.0,159.33,18.56,3.52,2.62,0.0
20150106:1310,2586.67,53.8,16.72,4.09,2.55,0.0
20150106:1410,5891.36,104.04,12.57,4.71,2.48,0.0
20150106:1510,902.45,25.53,6.5,5.11,2.69,0.0
20150106:1610,0.0,0.0,0.0,5.01,2.76,0.0
20150106:1710,0.0,0.0,0.0,4.78,2.9,0.0
20150106:1810,0.0,0.0,0.0,5.45,3.03,0.0
20150106:1910,0.0,0.0,0.0,4.39,2.76,0.0
20150106:2010,0.0,0.0,0.0,4.78,2.55,0.0
20150106:2110,0.0,0.0,0.0,5.17,2.34,0.0
20150106:2210,0.0,0.0,0.0,5.3,2.34,0.0
20150106:2310,0.0,0.0,0.0,5.08,2.34,0.0
20150107:0010,0.0,0.0,0.0,4.68,1.86,0.0
20150107:0110,0.0,0.0,0.0,3.77,1.93,0.0
20150107:0210,0.0,0.0,0.0,2.94,1.86,0.0
20150107:0310,0.0,0.0,0.0,2.11,1.72,0.0
20150107:0410,0.0,0.0,0.0,1.2,1.52,0.0
20150107:0510,0.0,0.0,0.0,0.93,1.17,0.0
20150107:0610,0.0,0.0,0.0,1.24,0.9,0.0
20150107:0710,0.0,0.0,0.0,-0.33,0.41,0.0
20150107:0810,0.0,1.82,2.84,-1.17,0.55,0.0
20150107:0910,7898.15,130.82,9.75,0.01,0.76,0.0
20150107:1010,5890.6,102.91,14.95,1.08,0.97,0.0
20150107:1110,6569.9,113.64,18.03,2.39,1.03,0.0
20150107:1210,7505.75,127.84,18.69,3.55,1.17,0.0
20150107:1310,3328.97,65.66,16.86,4.47,1.31,0.0
20150107:1410,2629.94,54.72,12.72,4.96,1.52,0.0
20150107:1510,433.39,16.41,6.66,5.22,1.79,0.0
20150107:1610,0.0,0.0,0.0,5.12,1.72,0.0
20150107:1710,0.0,0.0,0.0,5.08,2.14,0.0
20150107:1810,0.0,0.0,0.0,5.25,2.62,0.0
20150107:1910,0.0,0.0,0.0,4.66,2.76,0.0
20150107:2010,0.0,0.0,0.0,4.85,3.17,0.0
20150107:2110,0.0,0.0,0.0,4.88,3.45,0.0
20150107:2210,0.0,0.0,0.0,4.98,3.79,0.0
20150107:2310,0.0,0.0,0.0,4.94,4.0,0.0
20150108:0010,0.0,0.0,0.0,5.16,4.0,0.0
20150108:0110,0.0,0.0,0.0,5.6,4.14,0.0
20150108:0210,0.0,0.0,0.0,6.2,4.28,0.0
20150108:0310,0.0,0.0,0.0,6.83,4.41,0.0
20150108:0410,0.0,0.0,0.0,7.44,4.55,0.0
20150108:0510,0.0,0.0,0.0,8.01,4.55,0.0
20150108:0610,0.0,0.0,0.0,8.48,4.69,0.0
20150108:0710,0.0,0.0,0.0,8.57,5.17,0.0
20150108:0810,81.21,8.21,2.9,8.82,5.66,0.0
20150108:0910,3532.39,69.5,9.82,8.99,6.21,0.0
20150108:1010,2191.99,48.33,15.05,9.26,6.83,0.0
20150108:1110,3376.79,67.48,18.15,9.49,7.31,0.0
20150108:1210,10754.27,177.38,18.83,9.56,7.59,0.0
20150108:1310,2857.64,59.28,17.01,9.79,7.66,0.0
20150108:1410,16982.62,267.51,12.88,10.11,7.93,0.0
20150108:1510,9955.8,167.51,6.82,10.04,7.1,0.0
20150108:1610,0.0,0.0,0.0,9.04,5.59,0.0
20150108:1710,0.0,0.0,0.0,8.03,4.34,0.0
20150108:1810,0.0,0.0,0.0,7.36,3.79,0.0
20150108:1910,0.0,0.0,0.0,7.8,3.93,0.0
20150108:2010,0.0,0.0,0.0,7.1,3.79,0.0
20150108:2110,0.0,0.0,0.0,6.48,3.72,0.0
20150108:2210,0.0,0.0,0.0,6.04,3.72,0.0
20150108:2310,0.0,0.0,0.0,5.82,3.86,0.0
20150109:0010,0.0,0.0,0.0,6.05,4.34,0.0
20150109:0110,0.0,0.0,0.0,6.4,4.83,0.0
20150109:0210,0.0,0.0,0.0,6.42,5.1,0.0
20150109:0310,0.0,0.0,0.0,6.64,5.45,0.0
20150109:0410,0.0,0.0,0.0,6.86,5.93,0.0
20150109:0510,0.0,0.0,0.0,7.03,6.41,0.0
20150109:0610,0.0,0.0,0.0,7.24,6.55,0.0
20150109:0710,0.0,0.0,0.0,7.94,6.62,0.0
20150109:0810,692.97,21.87,2.96,8.57,6.62,0.0
20150109:0910,5489.85,99.36,9.9,9.43,6.0,0.0
20150109:1010,3478.5,69.31,15.15,10.13,5.72,0.0
20150109:1110,7210.5,126.43,18.27,10.83,6.07,0.0
20150109:1210,4323.26,82.99,18.97,11.47,5.86,0.0
20150109:1310,15613.39,250.76,17.16,12.04,5.31,0.0
20150109:1410,5472.39,100.59,13.04,12.14,5.38,0.0
20150109:1510,1974.92,45.21,6.99,12.03,5.45,0.0
20150109:1610,0.0,0.0,0.0,11.72,5.52,0.0
20150109:1710,0.0,0.0,0.0,11.45,5.79,0.0
20150109:1810,0.0,0.0,0.0,11.67,5.93,0.0
20150109:1910,0.0,0.0,0.0,11.7,7.17,0.0
20150109:2010,0.0,0.0,0.0,12.04,7.59,0.0
20150109:2110,0.0,0.0,0.0,12.28,7.66,0.0
20150109:2210,0.0,0.0,0.0,12.42,7.38,0.0
20150109:2310,0.0,0.0,0.0,12.38,7.1,0.0
20150110:0010,0.0,0.0,0.0,12.29,6.83,0.0
20150110:0110,0.0,0.0,0.0,12.15,6.55,0.0
20150110:0210,0.0,0.0,0.0,12.02,6.34,0.0
20150110:0310,0.0,0.0,0.0,11.88,6.21,0.0
20150110:0410,0.0,0.0,0.0,11.72,6.14,0.0
20150110:0510,0.0,0.0,0.0,11.56,6.14,0.0
20150110:0610,0.0,0.0,0.0,11.38,6.21,0.0
20150110:0710,0.0,0.0,0.0,10.79,6.76,0.0
20150110:0810,181.4,10.94,3.03,10.63,6.83,0.0
20150110:0910,4020.42,77.61,9.99,10.91,7.1,0.0
20150110:1010,6483.38,115.36,15.26,11.16,7.31,0.0
20150110:1110,8629.83,147.65,18.4,11.55,7.59,0.0
20150110:1210,20735.12,324.75,19.12,11.82,7.45,0.0
20150110:1310,6515.26,116.56,17.32,12.08,7.1,0.0
20150110:1410,2215.52,49.24,13.21,12.06,7.24,0.0
20150110:1510,1581.0,38.41,7.16,11.9,6.62,0.0
20150110:1610,0.0,0.0,0.0,11.75,6.14,0.0
20150110:1710,0.0,0.0,0.0,11.24,5.38,0.0
20150110:1810,0.0,0.0,0.0,10.19,5.03,0.0
20150110:1910,0.0,0.0,0.0,9.9,4.97,0.0
20150110:2010,0.0,0.0,0.0,8.61,4.34,0.0
20150110:2110,0.0,0.0,0.0,7.58,3.72,0.0
20150110:2210,0.0,0.0,0.0,7.03,3.38,0.0
20150110:2310,0.0,0.0,0.0,6.49,3.1,0.0
20150111:0010,0.0,0.0,0.0,5.92,2.97,0.0
20150111:0110,0.0,0.0,0.0,5.58,3.1,0.0
20150111:0210,0.0,0.0,0.0,5.25,3.66,0.0
20150111:0310,0.0,0.0,0.0,5.24,4.28,0.0
20150111:0410,0.0,0.0,0.0,5.19,4.83,0.0
20150111:0510,0.0,0.0,0.0,4.71,4.76,0.0
20150111:0610,0.0,0.0,0.0,4.27,5.17,0.0
20150111:0710,0.0,0.0,0.0,4.29,4.9,0.0
20150111:0810,6997.98,121.03,3.11,4.65,5.1,0.0
20150111:0910,29234.4,440.64,10.09,5.07,4.9,0.0
20150111:1010,38527.6,583.35,15.38,6.0,4.28,0.0
20150111:1110,48618.5,737.92,18.54,6.91,5.79,0.0
20150111:1210,34699.96,523.28,19.27,7.53,7.1,0.0
20150111:1310,19178.41,297.14,17.49,7.88,6.48,0.0
20150111:1410,31446.13,479.77,13.39,8.02,5.17,0.0
20150111:1510,5401.04,98.28,7.33,7.8,4.14,0.0
20150111:1610,0.0,0.0,0.0,7.3,4.07,0.0
20150111:1710,0.0,0.0,0.0,6.52,3.79,0.0
20150111:1810,0.0,0.0,0.0,6.5,3.52,0.0
20150111:1910,0.0,0.0,0.0,5.46,4.48,0.0
20150111:2010,0.0,0.0,0.0,5.4,4.76,0.0
20150111:2110,0.0,0.0,0.0,5.6,4.83,0.0
20150111:2210,0.0,0.0,0.0,5.83,4.76,0.0
20150111:2310,0.0,0.0,0.0,5.78,4.55,0.0
20150112:0010,0.0,0.0,0.0,5.66,4.69,0.0
20150112:0110,0.0,0.0,0.0,5.61,5.03,0.0
20150112:0210,0.0,0.0,0.0,5.85,5.24,0.0
20150112:0310,0.0,0.0,0.0,5.8,5.24,0.0
20150112:0410,0.0,0.0,0.0,5.84,5.38,0.0
20150112:0510,0.0,0.0,0.0,5.91,5.59,0.0
20150112:0610,0.0,0.0,0.0,5.75,5.66,0.0
20150112:0710,0.0,0.0,0.0,5.68,5.45,0.0
20150112:0810,714.98,22.09,3.19,5.91,5.59,0.0
20150112:0910,1729.0,40.12,10.19,6.3,5.86,0.0
20150112:1010,5925.51,105.18,15.5,6.46,5.45,0.0
20150112:1110,8981.25,150.07,18.69,6.61,5.52,0.0
20150112:1210,28062.51,425.7,19.44,7.05,5.86,0.0
20150112:1310,11857.86,192.02,17.67,7.61,5.72,0.0
20150112:1410,12987.25,208.69,13.57,8.18,5.1,0.0
20150112:1510,1705.47,40.05,7.52,8.51,6.0,0.0
20150112:1610,0.0,0.0,0.0,8.68,5.93,0.0
20150112:1710,0.0,0.0,0.0,8.72,6.0,0.0
20150112:1810,0.0,0.0,0.0,8.75,6.21,0.0
20150112:1910,0.0,0.0,0.0,8.39,6.34,0.0
20150112:2010,0.0,0.0,0.0,8.21,6.55,0.0
20150112:2110,0.0,0.0,0.0,8.02,6.69,0.0
20150112:2210,0.0,0.0,0.0,7.9,6.62,0.0
20150112:2310,0.0,0.0,0.0,7.96,6.48,0.0
20150113:0010,0.0,0.0,0.0,8.02,6.41,0.0
20150113:0110,0.0,0.0,0.0,8.07,6.34,0.0
20150113:0210,0.0,0.0,0.0,7.76,6.34,0.0
20150113:0310,0.0,0.0,0.0,7.59,6.55,0.0
20150113:0410,0.0,0.0,0.0,7.8,6.83,0.0
20150113:0510,0.0,0.0,0.0,8.32,6.97,0.0
20150113:0610,0.0,0.0,0.0,8.82,7.17,0.0
20150113:0710,0.0,0.0,0.0,10.0,7.59,0.0
20150113:0810,0.0,4.56,3.28,9.57,7.86,0.0
20150113:0910,7693.98,131.97,10.3,9.68,8.07,0.0
20150113:1010,4165.39,79.98,15.63,10.37,8.41,0.0
20150113:1110,7563.44,131.55,18.84,10.88,8.9,0.0
20150113:1210,3650.03,72.04,19.61,10.48,8.41,0.0
20150113:1310,6607.85,117.15,17.85,10.48,7.72,0.0
20150113:1410,9120.9,153.96,13.76,10.5,6.83,0.0
20150113:1510,1075.5,29.18,7.7,9.99,5.59,0.0
20150113:1610,0.0,0.0,0.0,9.54,4.41,0.0
20150113:1710,0.0,0.0,0.0,9.04,4.0,0.0
20150113:1810,0.0,0.0,0.0,8.42,4.14,0.0
20150113:1910,0.0,0.0,0.0,8.2,4.21,0.0
20150113:2010,0.0,0.0,0.0,7.99,4.76,0.0
20150113:2110,0.0,0.0,0.0,7.7,5.24,0.0
20150113:2210,0.0,0.0,0.0,7.3,5.79,0.0
20150113:2310,0.0,0.0,0.0,7.08,6.76,0.0
20150114:0010,0.0,0.0,0.0,6.94,7.72,0.0
20150114:0110,0.0,0.0,0.0,6.56,6.69,0.0
20150114:0210,0.0,0.0,0.0,5.73,5.52,0.0
20150114:0310,0.0,0.0,0.0,5.05,5.24,0.0
20150114:0410,0.0,0.0,0.0,4.57,5.24,0.0
20150114:0510,0.0,0.0,0.0,4.53,5.79,0.0
20150114:0610,0.0,0.0,0.0,4.67,6.41,0.0
20150114:0710,0.0,0.0,0.0,5.68,7.1,0.0
20150114:0810,4862.91,89.49,3.38,5.86,7.24,0.0
20150114:0910,2726.33,56.26,10.42,6.14,7.17,0.0
20150114:1010,46765.78,701.31,15.77,6.55,7.59,0.0
20150114:1110,10651.05,174.06,19.0,6.63,5.93,0.0
20150114:1210,2890.27,59.28,19.78,7.41,6.34,0.0
20150114:1310,29744.45,451.68,18.04,7.83,6.14,0.0
20150114:1410,38069.92,579.46,13.95,7.9,5.45,0.0
20150114:1510,19445.58,306.65,7.9,7.56,4.07,0.0
20150114:1610,0.0,0.0,0.0,6.82,3.38,0.0
20150114:1710,0.0,0.0,0.0,5.81,3.24,0.0
20150114:1810,0.0,0.0,0.0,5.67,3.52,0.0
20150114:1910,0.0,0.0,0.0,6.68,4.62,0.0
20150114:2010,0.0,0.0,0.0,7.06,5.38,0.0
20150114:2110,0.0,0.0,0.0,7.34,6.14,0.0
20150114:2210,0.0,0.0,0.0,7.66,6.76,0.0
20150114:2310,0.0,0.0,0.0,7.71,7.1,0.0
20150115:0010,0.0,0.0,0.0,7.92,7.45,0.0
20150115:0110,0.0,0.0,0.0,8.14,7.72,0.0
20150115:0210,0.0,0.0,0.0,8.3,8.07,0.0
20150115:0310,0.0,0.0,0.0,8.37,8.34,0.0
20150115:0410,0.0,0.0,0.0,8.61,8.55,0.0
20150115:0510,0.0,0.0,0.0,8.78,8.62,0.0
20150115:0610,0.0,0.0,0.0,8.93,8.69,0.0
20150115:0710,0.0,0.0,0.0,9.36,8.48,0.0
20150115:0810,1901.3,43.58,3.48,9.5,8.62,0.0
20150115:0910,4863.67,90.04,10.54,9.74,8.9,0.0
20150115:1010,6478.82,114.77,15.92,10.03,9.24,0.0
20150115:1110,10323.92,171.48,19.16,10.29,9.66,0.0
20150115:1210,15685.49,248.79,19.96,10.2,9.66,0.0
20150115:1310,2295.98,50.16,18.23,9.96,9.1,0.0
20150115:1410,3032.21,62.01,14.15,9.56,8.07,0.0
20150115:1510,3369.96,67.27,8.1,9.35,7.1,0.0
20150115:1610,0.0,0.0,0.0,9.0,6.07,0.0
20150115:1710,0.0,0.0,0.0,8.4,5.24,0.0
20150115:1810,0.0,0.0,0.0,7.96,4.83,0.0
20150115:1910,0.0,0.0,0.0,7.85,4.62,0.0
20150115:2010,0.0,0.0,0.0,7.33,4.48,0.0
20150115:2110,0.0,0.0,0.0,6.88,4.14,0.0
20150115:2210,0.0,0.0,0.0,6.46,3.72,0.0
20150115:2310,0.0,0.0,0.0,6.03,3.38,0.0
20150116:0010,0.0,0.0,0.0,5.72,3.03,0.0
20150116:0110,0.0,0.0,0.0,5.53,2.9,0.0
20150116:0210,0.0,0.0,0.0,5.35,2.76,0.0
20150116:0310,0.0,0.0,0.0,5.07,2.28,0.0
20150116:0410,0.0,0.0,0.0,4.84,2.07,0.0
20150116:0510,0.0,0.0,0.0,4.53,1.79,0.0
20150116:0610,0.0,0.0,0.0,4.24,1.59,0.0
20150116:0710,0.0,0.0,0.0,4.51,2.14,0.0
20150116:0810,4751.34,87.65,3.6,4.59,2.14,0.0
20150116:0910,10063.58,164.52,10.68,5.03,2.34,0.0
20150116:1010,6065.17,107.47,16.07,6.26,2.76,0.0
20150116:1110,45727.47,705.63,19.34,7.31,3.38,0.0
20150116:1210,27598.76,424.64,20.15,7.92,3.38,0.0
20150116:1310,25620.8,395.08,18.43,8.45,3.79,0.0
20150116:1410,23720.27,367.58,14.35,8.53,3.52,0.0
20150116:1510,5776.75,103.89,8.3,7.51,2.62,0.0
20150116:1610,0.0,0.0,0.0,6.85,2.14,0.0
20150116:1710,0.0,0.0,0.0,6.11,2.07,0.0
20150116:1810,0.0,0.0,0.0,5.53,2.55,0.0
20150116:1910,0.0,0.0,0.0,5.25,1.66,0.0
20150116:2010,0.0,0.0,0.0,5.02,1.86,0.0
20150116:2110,0.0,0.0,0.0,5.0,2.14,0.0
20150116:2210,0.0,0.0,0.0,4.87,1.93,0.0
20150116:2310,0.0,0.0,0.0,4.33,1.93,0.0
20150117:0010,0.0,0.0,0.0,3.59,2.07,0.0
20150117:0110,0.0,0.0,0.0,2.66,2.28,0.0
20150117:0210,0.0,0.0,0.0,1.81,2.41,0.0
20150117:0310,0.0,0.0,0.0,1.02,2.41,0.0
20150117:0410,0.0,0.0,0.0,0.61,2.28,0.0
20150117:0510,0.0,0.0,0.0,0.36,2.14,0.0
20150117:0610,0.0,0.0,0.0,-0.03,2.0,0.0
20150117:0710,0.0,0.0,0.0,-0.36,1.72,0.0
20150117:0810,4731.61,85.49,3.71,-0.96,1.66,0.0
20150117:0910,28974.07,435.61,10.81,-0.08,1.17,0.0
20150117:1010,38912.41,594.37,16.23,2.43,1.24,0.0
20150117:1110,49571.81,771.28,19.52,3.98,1.66,0.0
20150117:1210,50488.68,785.54,20.35,4.95,2.14,0.0
20150117:1310,43145.36,662.39,18.64,5.42,2.62,0.0
20150117:1410,30241.6,460.98,14.56,5.53,2.97,0.0
20150117:1510,15926.1,252.37,8.51,5.28,2.69,0.0
20150117:1610,0.0,0.0,0.0,4.41,2.48,0.0
20150117:1710,0.0,0.0,0.0,2.79,2.76,0.0
20150117:1810,0.0,0.0,0.0,1.95,2.97,0.0
20150117:1910,0.0,0.0,0.0,1.84,3.45,0.0
20150117:2010,0.0,0.0,0.0,1.31,3.38,0.0
20150117:2110,0.0,0.0,0.0,0.84,3.24,0.0
20150117:2210,0.0,0.0,0.0,0.6,3.17,0.0
20150117:2310,0.0,0.0,0.0,0.55,3.17,0.0
20150118:0010,0.0,0.0,0.0,0.59,3.1,0.0
20150118:0110,0.0,0.0,0.0,0.66,3.03,0.0
20150118:0210,0.0,0.0,0.0,0.66,2.97,0.0
20150118:0310,0.0,0.0,0.0,0.7,3.03,0.0
20150118:0410,0.0,0.0,0.0,0.65,3.17,0.0
20150118:0510,0.0,0.0,0.0,0.71,3.24,0.0
20150118:0610,0.0,0.0,0.0,0.8,3.31,0.0
20150118:0710,0.0,0.0,0.0,0.84,3.31,0.0
20150118:0810,7382.03,124.9,3.84,0.75,3.31,0.0
20150118:0910,22146.86,333.47,10.96,1.39,3.17,0.0
20150118:1010,37044.51,554.08,16.39,2.78,3.72,0.0
20150118:1110,40844.07,614.95,19.7,4.28,4.21,0.0
20150118:1210,31133.42,470.67,20.55,5.61,4.48,0.0
20150118:1310,25859.89,394.51,18.85,6.46,4.21,0.0
20150118:1410,35525.0,542.05,14.77,6.73,3.79,0.0
20150118:1510,12772.45,206.94,8.72,6.68,3.1,0.0
20150118:1610,0.0,0.0,0.0,5.84,2.41,0.0
20150118:1710,0.0,0.0,0.0,4.6,2.48,0.0
20150118:1810,0.0,0.0,0.0,3.71,2.55,0.0
20150118:1910,0.0,0.0,0.0,3.43,2.48,0.0
20150118:2010,0.0,0.0,0.0,3.05,2.14,0.0
20150118:2110,0.0,0.0,0.0,2.64,1.66,0.0
20150118:2210,0.0,0.0,0.0,2.35,1.24,0.0
20150118:2310,0.0,0.0,0.0,1.84,0.97,0.0
20150119:0010,0.0,0.0,0.0,1.85,0.62,0.0
20150119:0110,0.0,0.0,0.0,2.09,0.28,0.0
20150119:0210,0.0,0.0,0.0,1.95,0.69,0.0
20150119:0310,0.0,0.0,0.0,1.26,1.31,0.0
20150119:0410,0.0,0.0,0.0,1.32,1.38,0.0
20150119:0510,0.0,0.0,0.0,1.17,1.59,0.0
20150119:0610,0.0,0.0,0.0,0.96,2.34,0.0
20150119:0710,0.0,0.0,0.0,1.19,2.21,0.0
20150119:0810,6689.83,115.04,3.97,1.12,2.76,0.0
20150119:0910,3634.09,69.28,11.11,1.52,3.24,0.0
20150119:1010,4090.25,76.6,16.57,2.28,3.59,0.0
20150119:1110,7614.29,128.69,19.9,2.93,3.72,0.0
20150119:1210,4975.24,90.28,20.76,3.4,3.79,0.0
20150119:1310,2026.53,44.68,19.07,3.74,3.52,0.0
20150119:1410,2704.32,55.63,14.99,3.96,3.17,0.0
20150119:1510,1587.07,37.39,8.93,3.69,2.62,0.0
20150119:1610,0.0,0.0,0.0,3.39,2.34,0.0
20150119:1710,0.0,0.0,0.0,2.97,2.07,0.0
20150119:1810,0.0,0.0,0.0,2.48,1.79,0.0
20150119:1910,0.0,0.0,0.0,2.21,1.52,0.0
20150119:2010,0.0,0.0,0.0,1.62,1.52,0.0
20150119:2110,0.0,0.0,0.0,0.86,1.59,0.0
20150119:2210,0.0,0.0,0.0,0.2,1.52,0.0
20150119:2310,0.0,0.0,0.0,-0.73,1.52,0.0
20150120:0010,0.0,0.0,0.0,-1.03,1.31,0.0
20150120:0110,0.0,0.0,0.0,-0.32,0.83,0.0
20150120:0210,0.0,0.0,0.0,-0.17,0.48,0.0
20150120:0310,0.0,0.0,0.0,-0.26,0.28,0.0
20150120:0410,0.0,0.0,0.0,-0.33,0.41,0.0
20150120:0510,0.0,0.0,0.0,-0.26,0.28,0.0
20150120:0610,0.0,0.0,0.0,-0.4,0.14,0.0
20150120:0710,0.0,0.0,0.0,-0.86,0.34,0.0
20150120:0810,7143.71,120.89,4.11,-1.28,0.9,0.0
20150120:0910,14216.83,220.38,11.26,-0.53,0.9,0.0
20150120:1010,7280.33,122.81,16.75,0.26,0.9,0.0
20150120:1110,20897.55,319.6,20.1,1.27,0.76,0.0
20150120:1210,19354.5,299.01,20.98,2.38,0.62,0.0
20150120:1310,12976.62,206.56,19.29,2.88,0.9,0.0
20150120:1410,24780.59,377.88,15.22,2.88,1.45,0.0
20150120:1510,16386.05,257.09,9.16,2.94,1.79,0.0
20150120:1610,0.0,0.0,0.0,2.42,1.45,0.0
20150120:1710,0.0,0.0,0.0,1.65,1.59,0.0
20150120:1810,0.0,0.0,0.0,1.09,1.66,0.0
20150120:1910,0.0,0.0,0.0,-0.19,1.93,0.0
20150120:2010,0.0,0.0,0.0,-0.4,2.07,0.0
20150120:2110,0.0,0.0,0.0,-0.4,2.28,0.0
20150120:2210,0.0,0.0,0.0,-0.45,2.28,0.0
20150120:2310,0.0,0.0,0.0,-0.38,2.07,0.0
20150121:0010,0.0,0.0,0.0,-0.36,1.86,0.0
20150121:0110,0.0,0.0,0.0,-0.49,1.86,0.0
20150121:0210,0.0,0.0,0.0,-0.42,1.93,0.0
20150121:0310,0.0,0.0,0.0,-0.28,2.07,0.0
20150121:0410,0.0,0.0,0.0,-0.36,2.14,0.0
20150121:0510,0.0,0.0,0.0,-0.35,2.28,0.0
20150121:0610,0.0,0.0,0.0,-0.34,2.41,0.0
20150121:0710,0.0,0.0,0.0,-0.86,2.62,0.0
20150121:0810,3512.65,67.18,4.25,-0.65,2.69,0.0
20150121:0910,11032.06,174.86,11.43,0.0,2.48,0.0
20150121:1010,10598.68,170.0,16.93,1.25,2.83,0.0
20150121:1110,21261.11,323.17,20.3,2.51,2.9,0.0
20150121:1210,23783.27,361.77,21.2,3.8,2.97,0.0
20150121:1310,3391.21,66.57,19.52,4.64,2.97,0.0
20150121:1410,10206.27,167.07,15.45,5.04,2.76,0.0
20150121:1510,5086.82,92.45,9.38,4.93,2.21,0.0
20150121:1610,0.0,0.0,0.0,3.99,2.0,0.0
20150121:1710,0.0,0.0,0.0,2.55,2.34,0.0
20150121:1810,0.0,0.0,0.0,1.46,2.41,0.0
20150121:1910,0.0,0.0,0.0,1.27,2.07,0.0
20150121:2010,0.0,0.0,0.0,1.31,1.93,0.0
20150121:2110,0.0,0.0,0.0,0.85,2.07,0.0
20150121:2210,0.0,0.0,0.0,0.68,2.21,0.0
20150121:2310,0.0,0.0,0.0,0.32,2.41,0.0
20150122:0010,0.0,0.0,0.0,0.07,2.55,0.0
20150122:0110,0.0,0.0,0.0,0.11,2.62,0.0
20150122:0210,0.0,0.0,0.0,0.17,2.69,0.0
20150122:0310,0.0,0.0,0.0,0.07,2.69,0.0
20150122:0410,0.0,0.0,0.0,0.17,2.69,0.0
20150122:0510,0.0,0.0,0.0,0.14,2.55,0.0
20150122:0610,0.0,0.0,0.0,0.16,2.62,0.0
20150122:0710,0.0,0.0,0.0,-1.74,2.55,0.0
20150122:0810,3511.13,66.81,4.4,-2.03,2.34,0.0
20150122:0910,19880.49,298.29,11.6,-1.41,2.34,0.0
20150122:1010,41918.05,623.39,17.12,0.15,3.17,0.0
20150122:1110,32074.58,478.54,20.52,1.23,3.03,0.0
20150122:1210,43118.03,650.15,21.43,2.23,2.97,0.0
20150122:1310,22612.13,342.94,19.75,2.87,3.1,0.0
20150122:1410,8571.39,142.34,15.68,3.2,3.31,0.0
20150122:1510,4640.53,85.0,9.61,3.06,3.38,0.0
20150122:1610,0.0,0.0,0.0,2.44,2.9,0.0
20150122:1710,0.0,0.0,0.0,1.6,2.97,0.0
20150122:1810,0.0,0.0,0.0,1.21,3.03,0.0
20150122:1910,0.0,0.0,0.0,0.68,3.24,0.0
20150122:2010,0.0,0.0,0.0,0.36,3.24,0.0
20150122:2110,0.0,0.0,0.0,0.04,3.17,0.0
20150122:2210,0.0,0.0,0.0,-0.3,3.03,0.0
20150122:2310,0.0,0.0,0.0,-0.45,3.03,0.0
20150123:0010,0.0,0.0,0.0,-0.64,3.31,0.0
20150123:0110,0.0,0.0,0.0,-0.81,2.9,0.0
20150123:0210,0.0,0.0,0.0,-0.78,2.69,0.0
20150123:0310,0.0,0.0,0.0,-0.87,2.41,0.0
20150123:0410,0.0,0.0,0.0,-0.84,2.83,0.0
20150123:0510,0.0,0.0,0.0,-1.04,2.76,0.0
20150123:0610,0.0,0.0,0.0,-1.11,2.76,0.0
20150123:0710,0.0,0.0,0.0,-1.47,2.28,0.0
20150123:0810,1116.49,28.76,4.56,-1.3,2.21,0.0
20150123:0910,3257.63,63.1,11.78,-0.7,2.69,0.0
20150123:1010,6212.42,107.04,17.32,-0.12,2.34,0.0
20150123:1110,40443.32,607.74,20.73,0.38,2.07,0.0
20150123:1210,47819.28,731.1,21.66,0.93,1.66,0.0
20150123:1310,47575.64,732.4,19.99,1.3,1.24,0.0
20150123:1410,35126.52,533.99,15.92,1.63,1.17,0.0
20150123:1510,4063.69,75.98,9.84,1.56,1.79,0.0
20150123:1610,0.0,0.0,0.0,1.14,2.28,0.0
20150123:1710,0.0,0.0,0.0,0.64,1.79,0.0
20150123:1810,0.0,0.0,0.0,0.29,1.17,0.0
20150123:1910,0.0,0.0,0.0,-0.01,1.1,0.0
20150123:2010,0.0,0.0,0.0,-0.43,1.66,0.0
20150123:2110,0.0,0.0,0.0,-0.65,2.0,0.0
20150123:2210,0.0,0.0,0.0,-0.79,2.14,0.0
20150123:2310,0.0,0.0,0.0,-0.76,2.21,0.0
20150124:0010,0.0,0.0,0.0,-1.13,2.28,0.0
20150124:0110,0.0,0.0,0.0,-1.41,2.55,0.0
20150124:0210,0.0,0.0,0.0,-1.7,3.03,0.0
20150124:0310,0.0,0.0,0.0,-1.49,3.38,0.0
20150124:0410,0.0,0.0,0.0,-1.43,3.45,0.0
20150124:0510,0.0,0.0,0.0,-1.01,3.93,0.0
20150124:0610,0.0,0.0,0.0,-0.27,4.14,0.0
20150124:0710,0.0,0.0,0.0,0.24,4.41,0.0
20150124:0810,1477.01,35.18,4.72,0.93,4.21,0.0
20150124:0910,6795.33,115.84,11.96,2.28,3.72,0.0
20150124:1010,42995.83,645.21,17.53,4.45,5.03,0.0
20150124:1110,44377.21,666.48,20.96,5.03,5.72,0.0
20150124:1210,36133.71,542.86,21.9,5.2,5.38,0.0
20150124:1310,47876.2,723.01,20.24,5.63,5.59,0.0
20150124:1410,28741.81,434.13,16.17,5.63,5.38,0.0
20150124:1510,15145.84,239.18,10.08,5.4,5.03,0.0
20150124:1610,0.0,0.0,0.0,4.49,4.21,0.0
20150124:1710,0.0,0.0,0.0,3.62,3.86,0.0
20150124:1810,0.0,0.0,0.0,3.09,3.66,0.0
20150124:1910,0.0,0.0,0.0,1.86,3.03,0.0
20150124:2010,0.0,0.0,0.0,1.44,2.76,0.0
20150124:2110,0.0,0.0,0.0,0.86,2.69,0.0
20150124:2210,0.0,0.0,0.0,0.55,2.55,0.0
20150124:2310,0.0,0.0,0.0,0.0,2.48,0.0
20150125:0010,0.0,0.0,0.0,-0.42,2.41,0.0
20150125:0110,0.0,0.0,0.0,-0.53,2.21,0.0
20150125:0210,0.0,0.0,0.0,-0.81,2.14,0.0
20150125:0310,0.0,0.0,0.0,-0.84,2.14,0.0
20150125:0410,0.0,0.0,0.0,-1.15,2.14,0.0
20150125:0510,0.0,0.0,0.0,-1.3,2.07,0.0
20150125:0610,0.0,0.0,0.0,-1.61,2.0,0.0
20150125:0710,0.0,0.0,0.0,-1.85,2.07,0.0
20150125:0810,13814.56,216.33,4.89,-1.67,1.79,0.0
20150125:0910,10039.29,161.27,12.15,-0.07,1.45,0.0
20150125:1010,7860.96,132.34,17.74,2.75,1.66,0.0
20150125:1110,15217.95,239.7,21.19,4.39,1.86,0.0
20150125:1210,16757.96,263.16,22.15,5.86,2.55,0.0
20150125:1310,17588.31,275.1,20.49,6.13,2.76,0.0
20150125:1410,12617.62,203.04,16.42,6.53,3.03,0.0
20150125:1510,12698.07,205.44,10.32,6.45,2.76,0.0
20150125:1610,0.0,4.25,2.69,5.51,1.93,0.0
20150125:1710,0.0,0.0,0.0,4.02,2.14,0.0
20150125:1810,0.0,0.0,0.0,3.03,2.07,0.0
20150125:1910,0.0,0.0,0.0,3.19,1.86,0.0
20150125:2010,0.0,0.0,0.0,3.17,1.93,0.0
20150125:2110,0.0,0.0,0.0,3.4,1.93,0.0
20150125:2210,0.0,0.0,0.0,3.42,1.93,0.0
20150125:2310,0.0,0.0,0.0,3.28,2.28,0.0
20150126:0010,0.0,0.0,0.0,3.52,2.48,0.0
20150126:0110,0.0,0.0,0.0,3.67,2.76,0.0
20150126:0210,0.0,0.0,0.0,4.07,2.83,0.0
20150126:0310,0.0,0.0,0.0,4.36,2.83,0.0
20150126:0410,0.0,0.0,0.0,4.59,2.97,0.0
20150126:0510,0.0,0.0,0.0,4.79,3.1,0.0
20150126:0610,0.0,0.0,0.0,4.98,3.24,0.0
20150126:0710,0.0,0.0,0.0,4.93,2.97,0.0
20150126:0810,152.56,10.03,5.06,4.84,3.03,0.0
20150126:0910,2633.73,54.72,12.35,4.96,3.24,0.0
20150126:1010,9159.61,152.16,17.96,5.33,3.38,0.0
20150126:1110,3842.06,73.87,21.43,5.81,3.38,0.0
20150126:1210,16168.98,254.63,22.4,6.43,3.45,0.0
20150126:1310,9144.43,153.51,20.75,7.2,3.31,0.0
20150126:1410,4102.4,78.43,16.67,7.62,3.59,0.0
20150126:1510,3025.37,61.57,10.57,8.0,3.66,0.0
20150126:1610,34.91,6.8,2.93,8.05,3.66,0.0
20150126:1710,0.0,0.0,0.0,8.03,3.72,0.0
20150126:1810,0.0,0.0,0.0,8.07,4.07,0.0
20150126:1910,0.0,0.0,0.0,8.11,3.93,0.0
20150126:2010,0.0,0.0,0.0,7.67,4.76,0.0
20150126:2110,0.0,0.0,0.0,6.57,4.14,0.0
20150126:2210,0.0,0.0,0.0,5.31,3.59,0.0
20150126:2310,0.0,0.0,0.0,3.98,3.1,0.0
20150127:0010,0.0,0.0,0.0,3.09,2.83,0.0
20150127:0110,0.0,0.0,0.0,2.56,2.69,0.0
20150127:0210,0.0,0.0,0.0,2.76,2.62,0.0
20150127:0310,0.0,0.0,0.0,2.67,2.55,0.0
20150127:0410,0.0,0.0,0.0,2.54,2.34,0.0
20150127:0510,0.0,0.0,0.0,2.48,2.28,0.0
20150127:0610,0.0,0.0,0.0,2.1,2.34,0.0
20150127:0710,0.0,0.0,0.0,2.03,2.21,0.0
20150127:0810,7676.53,130.03,5.24,2.24,2.14,0.0
20150127:0910,22343.44,341.51,12.55,3.42,1.86,0.0
20150127:1010,11927.69,191.57,18.18,4.65,3.03,0.0
20150127:1110,15819.84,248.67,21.67,5.48,3.1,0.0
20150127:1210,9397.18,156.78,22.65,6.18,3.17,0.0
20150127:1310,12172.84,197.13,21.01,6.65,3.17,0.0
20150127:1410,8753.55,147.4,16.93,6.94,2.9,0.0
20150127:1510,13668.83,220.14,10.82,6.77,2.41,0.0
20150127:1610,263.37,12.76,3.16,6.5,2.14,0.0
20150127:1710,0.0,0.0,0.0,5.47,2.14,0.0
20150127:1810,0.0,0.0,0.0,4.69,2.14,0.0
20150127:1910,0.0,0.0,0.0,4.0,2.07,0.0
20150127:2010,0.0,0.0,0.0,3.28,2.14,0.0
20150127:2110,0.0,0.0,0.0,2.44,2.34,0.0
20150127:2210,0.0,0.0,0.0,2.08,2.28,0.0
20150127:2310,0.0,0.0,0.0,1.75,2.28,0.0
20150128:0010,0.0,0.0,0.0,1.52,2.34,0.0
20150128:0110,0.0,0.0,0.0,1.66,2.34,0.0
20150128:0210,0.0,0.0,0.0,2.09,2.48,0.0
20150128:0310,0.0,0.0,0.0,2.46,2.83,0.0
20150128:0410,0.0,0.0,0.0,2.91,3.03,0.0
20150128:0510,0.0,0.0,0.0,3.45,3.38,0.0
20150128:0610,0.0,0.0,0.0,3.82,3.72,0.0
20150128:0710,0.0,0.0,0.0,4.16,3.86,0.0
20150128:0810,1023.89,27.69,5.43,4.52,4.28,0.0
20150128:0910,5342.6,95.85,12.76,4.92,4.62,0.0
20150128:1010,6455.3,112.96,18.41,6.02,6.34,0.0
20150128:1110,2960.1,60.19,21.92,6.6,6.48,0.0
20150128:1210,6059.1,107.61,22.92,6.68,6.62,0.0
20150128:1310,3360.85,66.57,21.27,6.95,6.9,0.0
20150128:1410,2550.24,53.8,17.19,7.38,7.1,0.0
20150128:1510,1502.82,36.48,11.07,7.8,7.17,0.0
20150128:1610,91.84,8.51,3.41,8.1,6.62,0.0
20150128:1710,0.0,0.0,0.0,7.97,6.69,0.0
20150128:1810,0.0,0.0,0.0,6.6,6.0,0.0
20150128:1910,0.0,0.0,0.0,6.22,5.1,0.0
20150128:2010,0.0,0.0,0.0,5.47,4.41,0.0
20150128:2110,0.0,0.0,0.0,4.57,4.0,0.0
20150128:2210,0.0,0.0,0.0,4.05,3.93,0.0
20150128:2310,0.0,0.0,0.0,3.53,3.72,0.0
20150129:0010,0.0,0.0,0.0,2.92,3.59,0.0
20150129:0110,0.0,0.0,0.0,2.59,3.86,0.0
20150129:0210,0.0,0.0,0.0,2.52,4.28,0.0
20150129:0310,0.0,0.0,0.0,2.73,4.83,0.0
20150129:0410,0.0,0.0,0.0,2.87,5.31,0.0
20150129:0510,0.0,0.0,0.0,3.18,5.66,0.0
20150129:0610,0.0,0.0,0.0,3.23,5.66,0.0
20150129:0710,0.0,0.0,0.0,3.46,4.9,0.0
20150129:0810,1620.46,37.92,5.62,3.58,4.9,0.0
20150129:0910,8881.82,146.45,12.97,3.77,5.03,0.0
20150129:1010,7541.42,128.09,18.65,4.34,5.24,0.0
20150129:1110,11788.03,189.84,22.18,5.2,5.38,0.0
20150129:1210,6209.38,109.43,23.18,5.54,5.59,0.0
20150129:1310,12174.36,195.15,21.54,5.24,6.07,0.0
20150129:1410,12304.91,196.56,17.45,4.95,5.24,0.0
20150129:1510,5050.39,91.6,11.33,4.7,4.83,0.0
20150129:1610,0.0,5.1,3.65,4.48,5.03,0.0
20150129:1710,0.0,0.0,0.0,4.28,5.38,0.0
20150129:1810,0.0,0.0,0.0,4.06,6.28,0.0
20150129:1910,0.0,0.0,0.0,4.57,4.83,0.0
20150129:2010,0.0,0.0,0.0,4.05,7.31,0.0
20150129:2110,0.0,0.0,0.0,3.07,6.97,0.0
20150129:2210,0.0,0.0,0.0,2.01,6.41,0.0
20150129:2310,0.0,0.0,0.0,1.28,5.45,0.0
20150130:0010,0.0,0.0,0.0,1.09,4.9,0.0
20150130:0110,0.0,0.0,0.0,0.77,4.48,0.0
20150130:0210,0.0,0.0,0.0,0.61,4.83,0.0
20150130:0310,0.0,0.0,0.0,0.83,5.17,0.0
20150130:0410,0.0,0.0,0.0,0.78,4.9,0.0
20150130:0510,0.0,0.0,0.0,0.81,4.62,0.0
20150130:0610,0.0,0.0,0.0,0.96,4.9,0.0
20150130:0710,0.0,0.0,0.0,0.84,5.24,0.0
20150130:0810,724.09,21.89,5.82,1.19,5.45,0.0
20150130:0910,1333.56,32.83,13.19,2.01,6.07,0.0
20150130:1010,4935.78,89.37,18.89,2.82,5.79,0.0
20150130:1110,10082.56,164.3,22.44,3.43,5.31,0.0
20150130:1210,9610.46,158.12,23.46,4.02,4.9,0.0
20150130:1310,13681.73,216.68,21.82,4.87,4.76,0.0
20150130:1410,24754.03,374.51,17.72,5.0,5.72,0.0
20150130:1510,11664.31,187.9,11.59,4.76,5.45,0.0
20150130:1610,549.52,18.71,3.9,4.03,4.83,0.0
20150130:1710,0.0,0.0,0.0,3.28,3.93,0.0
20150130:1810,0.0,0.0,0.0,2.38,3.24,0.0
20150130:1910,0.0,0.0,0.0,1.22,2.41,0.0
20150130:2010,0.0,0.0,0.0,0.2,2.41,0.0
20150130:2110,0.0,0.0,0.0,-0.23,2.48,0.0
20150130:2210,0.0,0.0,0.0,-0.55,2.62,0.0
20150130:2310,0.0,0.0,0.0,-0.71,2.62,0.0
20150131:0010,0.0,0.0,0.0,-0.75,2.48,0.0
20150131:0110,0.0,0.0,0.0,-0.41,2.34,0.0
20150131:0210,0.0,0.0,0.0,0.37,2.07,0.0
20150131:0310,0.0,0.0,0.0,0.92,1.86,0.0
20150131:0410,0.0,0.0,0.0,1.34,1.93,0.0
20150131:0510,0.0,0.0,0.0,1.34,2.21,0.0
20150131:0610,0.0,0.0,0.0,1.23,2.34,0.0
20150131:0710,0.0,0.0,0.0,1.58,2.48,0.0
20150131:0810,16295.73,254.77,6.03,1.71,2.62,0.0
20150131:0910,37762.53,569.28,13.42,2.46,2.69,0.0
20150131:1010,49432.91,743.64,19.14,3.5,4.69,0.0
20150131:1110,52281.44,788.42,22.7,3.97,5.24,0.0
20150131:1210,6186.61,108.52,23.73,4.22,5.38,0.0
20150131:1310,21897.91,333.74,22.1,4.62,4.9,0.0
20150131:1410,34567.9,520.86,18.0,4.96,4.62,0.0
20150131:1510,307.4,13.68,11.85,4.98,4.14,0.0
20150131:1610,508.53,17.86,4.15,3.66,4.55,0.0
20150131:1710,0.0,0.0,0.0,2.93,4.34,0.0
20150131:1810,0.0,0.0,0.0,2.4,3.79,0.0
20150131:1910,0.0,0.0,0.0,2.34,3.79,0.0
20150131:2010,0.0,0.0,0.0,2.11,3.72,0.0
20150131:2110,0.0,0.0,0.0,1.84,3.79,0.0
20150131:2210,0.0,0.0,0.0,1.77,4.14,0.0
20150131:2310,0.0,0.0,0.0,1.75,4.69,0.0
20150201:0010,0.0,0.0,0.0,1.87,5.24,0.0
20150201:0110,0.0,0.0,0.0,1.73,5.24,0.0
20150201:0210,0.0,0.0,0.0,1.61,5.03,0.0
20150201:0310,0.0,0.0,0.0,1.11,4.76,0.0
20150201:0410,0.0,0.0,0.0,0.75,4.48,0.0
20150201:0510,0.0,0.0,0.0,0.65,4.34,0.0
20150201:0610,0.0,0.0,0.0,0.43,4.14,0.0
20150201:0710,0.0,0.0,0.0,0.86,4.07,0.0
20150201:0810,6361.94,109.82,6.24,1.06,4.0,0.0
20150201:0910,15888.91,244.54,13.65,1.57,3.38,0.0
20150201:1010,15151.92,234.4,19.39,2.3,5.38,0.0
20150201:1110,4811.3,87.54,22.98,2.83,5.03,0.0
20150201:1210,5352.47,95.75,24.02,3.23,5.24,0.0
20150201:1310,2252.71,48.33,22.38,3.8,5.72,0.0
20150201:1410,6872.74,118.46,18.27,4.39,5.17,0.0
20150201:1510,3743.39,71.82,12.11,4.5,5.17,0.0
20150201:1610,267.93,12.76,4.4,4.03,5.66,0.0
20150201:1710,0.0,0.0,0.0,3.37,5.38,0.0
20150201:1810,0.0,0.0,0.0,2.85,4.97,0.0
20150201:1910,0.0,0.0,0.0,2.42,4.28,0.0
20150201:2010,0.0,0.0,0.0,2.13,4.0,0.0
20150201:2110,0.0,0.0,0.0,2.34,3.93,0.0
20150201:2210,0.0,0.0,0.0,2.29,3.72,0.0
20150201:2310,0.0,0.0,0.0,2.48,3.52,0.0
20150202:0010,0.0,0.0,0.0,2.1,3.1,0.0
20150202:0110,0.0,0.0,0.0,1.87,2.76,0.0
20150202:0210,0.0,0.0,0.0,1.67,2.55,0.0
20150202:0310,0.0,0.0,0.0,1.07,2.34,0.0
20150202:0410,0.0,0.0,0.0,0.82,2.14,0.0
20150202:0510,0.0,0.0,0.0,0.3,2.0,0.0
20150202:0610,0.0,0.0,0.0,-0.02,1.86,0.0
20150202:0710,0.0,0.0,0.0,-0.88,1.72,0.0
20150202:0810,10030.19,162.11,6.46,-1.03,1.86,0.0
20150202:0910,7072.36,119.32,13.88,0.21,2.07,0.0
20150202:1010,10861.29,174.16,19.65,1.29,2.83,0.0
20150202:1110,4509.22,82.99,23.25,2.34,2.9,0.0
20150202:1210,17663.45,272.78,24.3,3.03,3.24,0.0
20150202:1310,16507.49,256.37,22.67,3.34,3.24,0.0
20150202:1410,11036.62,178.13,18.55,3.44,3.1,0.0
20150202:1510,2770.35,56.54,12.38,3.27,2.76,0.0
20150202:1610,683.86,21.26,4.66,2.82,2.07,0.0
20150202:1710,0.0,0.0,0.0,1.99,1.66,0.0
20150202:1810,0.0,0.0,0.0,1.03,1.59,0.0
20150202:1910,0.0,0.0,0.0,-0.33,1.66,0.0
20150202:2010,0.0,0.0,0.0,-1.32,1.66,0.0
20150202:2110,0.0,0.0,0.0,-1.73,1.52,0.0
20150202:2210,0.0,0.0,0.0,-1.7,1.31,0.0
20150202:2310,0.0,0.0,0.0,-1.31,1.03,0.0
20150203:0010,0.0,0.0,0.0,-0.87,0.83,0.0
20150203:0110,0.0,0.0,0.0,-0.64,0.62,0.0
20150203:0210,0.0,0.0,0.0,-0.95,0.76,0.0
20150203:0310,0.0,0.0,0.0,-1.54,0.9,0.0
20150203:0410,0.0,0.0,0.0,-1.68,0.9,0.0
20150203:0510,0.0,0.0,0.0,-1.78,0.9,0.0
20150203:0610,0.0,0.0,0.0,-1.87,0.9,0.0
20150203:0710,0.0,0.0,0.0,-2.32,1.17,0.0
20150203:0810,17441.06,268.23,6.68,-2.28,1.17,0.0
20150203:0910,35499.95,534.65,14.13,-0.55,1.1,0.0
20150203:1010,46504.69,712.01,19.91,0.96,1.38,0.0
20150203:1110,27094.02,409.67,23.54,1.83,1.93,0.0
20150203:1210,18586.39,286.28,24.6,2.69,2.55,0.0
20150203:1310,23350.64,354.79,22.96,3.17,3.1,0.0
20150203:1410,16549.24,256.79,18.84,3.4,3.1,0.0
20150203:1510,11819.91,189.61,12.65,3.08,2.76,0.0
20150203:1610,866.78,24.67,4.91,2.66,2.34,0.0
20150203:1710,0.0,0.0,0.0,1.69,2.41,0.0
20150203:1810,0.0,0.0,0.0,0.8,2.62,0.0
20150203:1910,0.0,0.0,0.0,-0.03,2.62,0.0
20150203:2010,0.0,0.0,0.0,-0.59,2.69,0.0
20150203:2110,0.0,0.0,0.0,-0.96,2.76,0.0
20150203:2210,0.0,0.0,0.0,-1.4,2.83,0.0
20150203:2310,0.0,0.0,0.0,-1.59,2.9,0.0
20150204:0010,0.0,0.0,0.0,-1.5,2.97,0.0
20150204:0110,0.0,0.0,0.0,-1.54,3.03,0.0
20150204:0210,0.0,0.0,0.0,-1.6,3.03,0.0
20150204:0310,0.0,0.0,0.0,-1.38,3.31,0.0
20150204:0410,0.0,0.0,0.0,-0.74,3.79,0.0
20150204:0510,0.0,0.0,0.0,-0.56,4.21,0.0
20150204:0610,0.0,0.0,0.0,-0.53,3.93,0.0
20150204:0710,0.0,0.0,0.0,-0.65,4.21,0.0
20150204:0810,18239.53,279.14,6.91,-0.75,3.52,0.0
20150204:0910,34652.9,510.91,14.38,-0.38,4.0,0.0
20150204:1010,47086.84,694.68,20.18,0.88,5.66,0.0
20150204:1110,52972.89,788.32,23.82,2.05,6.07,0.0
20150204:1210,56994.07,855.07,24.89,3.38,6.41,0.0
20150204:1310,52093.21,781.57,23.26,3.89,6.0,0.0
20150204:1410,41291.12,617.61,19.13,4.38,5.86,0.0
20150204:1510,25163.89,383.32,12.93,4.28,4.9,0.0
20150204:1610,9540.63,166.81,5.17,3.89,4.0,0.0
20150204:1710,0.0,0.0,0.0,2.81,3.38,0.0
20150204:1810,0.0,0.0,0.0,1.34,3.31,0.0
20150204:1910,0.0,0.0,0.0,1.21,3.72,0.0
20150204:2010,0.0,0.0,0.0,1.24,3.86,0.0
20150204:2110,0.0,0.0,0.0,1.21,3.86,0.0
20150204:2210,0.0,0.0,0.0,1.08,3.66,0.0
20150204:2310,0.0,0.0,0.0,1.2,3.66,0.0
20150205:0010,0.0,0.0,0.0,1.32,3.72,0.0
20150205:0110,0.0,0.0,0.0,1.0,3.79,0.0
20150205:0210,0.0,0.0,0.0,0.57,3.93,0.0
20150205:0310,0.0,0.0,0.0,0.28,4.07,0.0
20150205:0410,0.0,0.0,0.0,-0.2,4.0,0.0
20150205:0510,0.0,0.0,0.0,-0.51,4.0,0.0
20150205:0610,0.0,0.0,0.0,-0.72,4.07,0.0
20150205:0710,0.0,0.0,0.0,-1.14,3.24,0.0
20150205:0810,12862.77,201.64,7.14,-1.35,3.38,0.0
20150205:0910,35382.3,520.17,14.63,-1.0,4.0,0.0
20150205:1010,48320.22,715.53,20.46,-0.02,4.48,0.0
20150205:1110,56157.65,840.45,24.12,1.23,5.03,0.0
20150205:1210,46573.0,691.96,25.2,2.3,5.86,0.0
20150205:1310,17224.75,264.69,23.56,2.78,5.72,0.0
20150205:1410,7138.4,121.56,19.42,2.78,5.38,0.0
20150205:1510,5846.58,102.59,13.2,2.7,5.79,0.0
20150205:1610,120.68,9.12,5.43,2.14,4.69,0.0
20150205:1710,0.0,0.0,0.0,0.97,4.55,0.0
20150205:1810,0.0,0.0,0.0,0.16,4.97,0.0
20150205:1910,0.0,0.0,0.0,-0.67,5.17,0.0
20150205:2010,0.0,0.0,0.0,-1.04,5.24,0.0
20150205:2110,0.0,0.0,0.0,-1.09,5.45,0.0
20150205:2210,0.0,0.0,0.0,-1.32,5.59,0.0
20150205:2310,0.0,0.0,0.0,-1.64,5.66,0.0
20150206:0010,0.0,0.0,0.0,-1.96,5.72,0.0
20150206:0110,0.0,0.0,0.0,-2.25,5.86,0.0
20150206:0210,0.0,0.0,0.0,-2.34,5.86,0.0
20150206:0310,0.0,0.0,0.0,-2.43,5.79,0.0
20150206:0410,0.0,0.0,0.0,-2.53,5.93,0.0
20150206:0510,0.0,0.0,0.0,-2.64,6.0,0.0
20150206:0610,0.0,0.0,0.0,-2.76,6.0,0.0
20150206:0710,0.0,0.0,0.0,-2.63,5.86,0.0
20150206:0810,17184.52,260.95,7.38,-2.45,5.17,0.0
20150206:0910,31778.57,462.67,14.89,-1.61,6.0,0.0
20150206:1010,44535.84,648.51,20.74,-0.55,6.83,0.0
20150206:1110,53252.96,781.71,24.41,0.82,7.72,0.0
20150206:1210,28887.54,426.96,25.5,1.66,7.52,0.0
20150206:1310,22425.41,336.34,23.87,2.33,7.66,0.0
20150206:1410,17506.34,266.94,19.71,2.31,7.59,0.0
20150206:1510,18559.07,282.97,13.48,2.17,7.38,0.0
20150206:1610,9396.42,161.82,5.7,1.67,6.34,0.0
20150206:1710,0.0,0.0,0.0,0.74,5.93,0.0
20150206:1810,0.0,0.0,0.0,0.19,5.72,0.0
20150206:1910,0.0,0.0,0.0,-0.26,5.45,0.0
20150206:2010,0.0,0.0,0.0,-0.43,5.45,0.0
20150206:2110,0.0,0.0,0.0,-0.6,5.31,0.0
20150206:2210,0.0,0.0,0.0,-0.84,5.24,0.0
20150206:2310,0.0,0.0,0.0,-1.06,5.31,0.0
20150207:0010,0.0,0.0,0.0,-1.28,5.52,0.0
20150207:0110,0.0,0.0,0.0,-1.52,5.45,0.0
20150207:0210,0.0,0.0,0.0,-1.79,5.17,0.0
20150207:0310,0.0,0.0,0.0,-2.07,4.83,0.0
20150207:0410,0.0,0.0,0.0,-2.33,4.62,0.0
20150207:0510,0.0,0.0,0.0,-2.55,4.48,0.0
20150207:0610,0.0,0.0,0.0,-2.7,4.34,0.0
20150207:0710,0.0,0.0,0.0,-2.44,4.07,0.0
20150207:0810,11778.92,185.3,7.62,-2.22,3.86,0.0
20150207:0910,37715.47,554.58,15.15,-1.06,4.0,0.0
20150207:1010,47993.09,709.1,21.02,0.28,5.03,0.0
20150207:1110,55356.15,827.56,24.72,1.51,5.31,0.0
20150207:1210,53620.31,805.26,25.81,2.59,5.24,0.0
20150207:1310,51441.98,774.01,24.18,3.47,5.17,0.0
20150207:1410,42147.27,632.4,20.01,4.09,5.03,0.0
20150207:1510,26615.09,404.49,13.76,4.26,4.9,0.0
20150207:1610,10523.54,180.53,5.96,3.72,4.21,0.0
20150207:1710,0.0,0.0,0.0,2.48,4.07,0.0
20150207:1810,0.0,0.0,0.0,1.78,4.28,0.0
20150207:1910,0.0,0.0,0.0,1.48,4.69,0.0
20150207:2010,0.0,0.0,0.0,1.36,4.41,0.0
20150207:2110,0.0,0.0,0.0,1.6,4.34,0.0
20150207:2210,0.0,0.0,0.0,2.07,4.34,0.0
20150207:2310,0.0,0.0,0.0,2.77,4.0,0.0
20150208:0010,0.0,0.0,0.0,3.0,3.59,0.0
20150208:0110,0.0,0.0,0.0,3.2,3.59,0.0
20150208:0210,0.0,0.0,0.0,3.44,3.72,0.0
20150208:0310,0.0,0.0,0.0,3.71,3.93,0.0
20150208:0410,0.0,0.0,0.0,4.01,4.14,0.0
20150208:0510,0.0,0.0,0.0,4.32,4.48,0.0
20150208:0610,0.0,0.0,0.0,4.46,4.9,0.0
20150208:0710,0.0,0.0,0.0,4.25,4.76,0.0
20150208:0810,10776.28,175.54,7.87,4.3,4.83,0.0
20150208:0910,19538.94,299.5,15.42,4.86,5.1,0.0
20150208:1010,18644.08,286.94,21.32,5.35,6.62,0.0
20150208:1110,6818.86,118.55,25.02,5.93,6.97,0.0
20150208:1210,6748.27,117.64,26.13,6.21,6.9,0.0
20150208:1310,10054.47,166.0,24.49,6.39,6.34,0.0
20150208:1410,19472.15,300.79,20.31,6.43,5.79,0.0
20150208:1510,24343.41,373.44,14.05,6.42,6.0,0.0
20150208:1610,6029.5,110.96,6.23,5.95,4.83,0.0
20150208:1710,0.0,0.0,0.0,4.63,4.21,0.0
20150208:1810,0.0,0.0,0.0,3.66,3.79,0.0
20150208:1910,0.0,0.0,0.0,2.79,3.17,0.0
20150208:2010,0.0,0.0,0.0,1.98,3.03,0.0
20150208:2110,0.0,0.0,0.0,1.29,2.9,0.0
20150208:2210,0.0,0.0,0.0,0.78,2.76,0.0
20150208:2310,0.0,0.0,0.0,0.31,2.55,0.0
20150209:0010,0.0,0.0,0.0,-0.12,2.48,0.0
20150209:0110,0.0,0.0,0.0,-0.57,2.34,0.0
20150209:0210,0.0,0.0,0.0,-1.01,2.14,0.0
20150209:0310,0.0,0.0,0.0,-1.59,1.86,0.0
20150209:0410,0.0,0.0,0.0,-2.19,1.86,0.0
20150209:0510,0.0,0.0,0.0,-2.54,1.86,0.0
20150209:0610,0.0,0.0,0.0,-2.79,1.86,0.0
20150209:0710,0.0,0.0,0.0,-2.75,2.0,0.0
20150209:0810,8852.22,144.33,8.13,-2.11,1.93,0.0
20150209:0910,31285.22,471.4,15.7,1.3,1.79,0.0
20150209:1010,13198.25,209.63,21.61,3.41,2.28,0.0
20150209:1110,9106.48,151.48,25.34,3.92,2.62,0.0
20150209:1210,3810.18,72.95,26.45,4.16,2.34,0.0
20150209:1310,4278.48,80.25,24.8,4.51,2.21,0.0
20150209:1410,3155.16,62.92,20.61,4.61,2.0,0.0
20150209:1510,2690.66,55.63,14.33,4.77,1.93,0.0
20150209:1610,2322.54,50.49,6.5,4.67,2.0,0.0
20150209:1710,0.0,0.0,0.0,4.13,1.59,0.0
20150209:1810,0.0,0.0,0.0,3.61,1.66,0.0
20150209:1910,0.0,0.0,0.0,2.56,1.79,0.0
20150209:2010,0.0,0.0,0.0,2.42,1.86,0.0
20150209:2110,0.0,0.0,0.0,2.26,1.86,0.0
20150209:2210,0.0,0.0,0.0,1.92,1.66,0.0
20150209:2310,0.0,0.0,0.0,1.98,1.59,0.0
20150210:0010,0.0,0.0,0.0,2.02,1.59,0.0
20150210:0110,0.0,0.0,0.0,2.11,1.72,0.0
20150210:0210,0.0,0.0,0.0,2.09,1.79,0.0
20150210:0310,0.0,0.0,0.0,2.15,1.93,0.0
20150210:0410,0.0,0.0,0.0,2.15,2.07,0.0
20150210:0510,0.0,0.0,0.0,2.17,2.14,0.0
20150210:0610,0.0,0.0,0.0,2.15,2.14,0.0
20150210:0710,0.0,0.0,0.0,2.15,2.0,0.0
20150210:0810,3880.77,73.5,8.39,2.41,1.79,0.0
20150210:0910,7319.04,124.53,15.98,3.24,2.34,0.0
20150210:1010,8572.91,143.53,21.91,3.98,2.55,0.0
20150210:1110,11129.98,181.26,25.65,4.75,2.83,0.0
20150210:1210,11603.59,188.9,26.77,5.65,2.97,0.0
20150210:1310,14956.85,237.44,25.12,5.96,3.03,0.0
20150210:1410,4844.7,89.37,20.92,6.22,3.17,0.0
20150210:1510,3363.89,66.57,14.62,6.31,3.17,0.0
20150210:1610,2662.57,56.38,6.77,6.11,2.48,0.0
20150210:1710,0.0,0.0,0.0,5.63,2.34,0.0
20150210:1810,0.0,0.0,0.0,5.2,2.41,0.0
20150210:1910,0.0,0.0,0.0,4.76,2.83,0.0
20150210:2010,0.0,0.0,0.0,4.59,2.83,0.0
20150210:2110,0.0,0.0,0.0,4.43,2.69,0.0
20150210:2210,0.0,0.0,0.0,3.94,2.55,0.0
20150210:2310,0.0,0.0,0.0,3.43,2.34,0.0
20150211:0010,0.0,0.0,0.0,2.98,2.28,0.0
20150211:0110,0.0,0.0,0.0,2.31,2.28,0.0
20150211:0210,0.0,0.0,0.0,2.02,2.21,0.0
20150211:0310,0.0,0.0,0.0,1.31,2.21,0.0
20150211:0410,0.0,0.0,0.0,0.69,2.14,0.0
20150211:0510,0.0,0.0,0.0,-0.04,2.21,0.0
20150211:0610,0.0,0.0,0.0,-0.44,2.21,0.0
20150211:0710,0.0,0.0,0.0,-1.0,2.07,0.0
20150211:0810,20392.05,311.43,8.65,-0.91,1.86,0.0
20150211:0910,36831.99,556.94,16.26,1.78,1.93,0.0
20150211:1010,48290.62,742.7,22.22,3.71,2.34,0.0
20150211:1110,56544.74,891.91,25.97,4.79,2.0,0.0
20150211:1210,54612.33,865.89,27.1,5.92,1.86,0.0
20150211:1310,50953.95,807.95,25.44,6.8,1.66,0.0
20150211:1410,42387.11,665.09,21.22,7.34,1.59,0.0
20150211:1510,27622.29,433.14,14.91,7.61,1.52,0.0
20150211:1610,11475.32,198.48,7.04,7.35,1.17,0.0
20150211:1710,0.0,0.0,0.0,6.16,1.03,0.0
20150211:1810,0.0,0.0,0.0,4.45,1.03,0.0
20150211:1910,0.0,0.0,0.0,1.23,2.07,0.0
20150211:2010,0.0,0.0,0.0,0.12,1.79,0.0
20150211:2110,0.0,0.0,0.0,-0.07,1.52,0.0
20150211:2210,0.0,0.0,0.0,0.92,1.03,0.0
20150211:2310,0.0,0.0,0.0,0.94,0.62,0.0
20150212:0010,0.0,0.0,0.0,0.51,0.48,0.0
20150212:0110,0.0,0.0,0.0,0.11,0.41,0.0
20150212:0210,0.0,0.0,0.0,-0.3,0.62,0.0
20150212:0310,0.0,0.0,0.0,-1.19,0.97,0.0
20150212:0410,0.0,0.0,0.0,-1.98,0.9,0.0
20150212:0510,0.0,0.0,0.0,-2.34,0.83,0.0
20150212:0610,0.0,0.0,0.0,-2.85,0.83,0.0
20150212:0710,0.0,0.0,0.0,-2.53,0.9,0.0
20150212:0810,19267.97,295.87,8.92,-1.8,0.55,0.0
20150212:0910,35012.67,531.51,16.55,-0.64,0.41,0.0
20150212:1010,45594.65,710.79,22.53,0.9,0.28,0.0
20150212:1110,55089.74,889.8,26.3,2.64,0.21,0.0
20150212:1210,55046.48,901.97,27.43,4.41,0.07,0.0
20150212:1310,52069.68,843.24,25.77,5.68,0.41,0.0
20150212:1410,43130.18,681.82,21.53,6.65,0.9,0.0
20150212:1510,27923.61,437.92,15.2,7.06,1.17,0.0
20150212:1610,11822.94,203.45,7.31,6.8,0.97,0.0
20150212:1710,0.0,0.0,0.0,5.72,1.31,0.0
20150212:1810,0.0,0.0,0.0,3.25,1.79,0.0
20150212:1910,0.0,0.0,0.0,3.34,0.55,0.0
20150212:2010,0.0,0.0,0.0,2.16,1.17,0.0
20150212:2110,0.0,0.0,0.0,-0.46,1.86,0.0
20150212:2210,0.0,0.0,0.0,-1.4,2.14,0.0
20150212:2310,0.0,0.0,0.0,-1.43,2.21,0.0
20150213:0010,0.0,0.0,0.0,-1.4,2.28,0.0
20150213:0110,0.0,0.0,0.0,-1.04,2.41,0.0
20150213:0210,0.0,0.0,0.0,-0.76,2.62,0.0
20150213:0310,0.0,0.0,0.0,0.04,2.76,0.0
20150213:0410,0.0,0.0,0.0,0.34,2.97,0.0
20150213:0510,0.0,0.0,0.0,0.55,3.03,0.0
20150213:0610,0.0,0.0,0.0,0.75,3.24,0.0
20150213:0710,0.0,0.0,0.0,1.21,3.59,0.0
20150213:0810,21550.29,329.94,9.2,2.14,3.93,0.0
20150213:0910,37973.53,573.55,16.84,4.37,3.79,0.0
20150213:1010,19910.85,307.74,22.84,6.05,4.34,0.0
20150213:1110,54096.97,832.4,26.63,8.42,6.0,0.0
20150213:1210,37289.67,570.16,27.77,10.02,7.38,0.0
20150213:1310,15910.16,254.51,26.1,11.04,8.28,0.0
20150213:1410,28349.41,437.46,21.85,11.46,8.0,0.0
20150213:1510,25204.11,393.55,15.49,11.17,6.69,0.0
20150213:1610,49.34,7.3,7.59,10.27,6.55,0.0
20150213:1710,0.0,0.0,0.0,9.08,6.0,0.0
20150213:1810,0.0,0.0,0.0,8.13,5.93,0.0
20150213:1910,0.0,0.0,0.0,8.03,5.79,0.0
20150213:2010,0.0,0.0,0.0,7.7,5.72,0.0
20150213:2110,0.0,0.0,0.0,7.54,5.38,0.0
20150213:2210,0.0,0.0,0.0,7.41,5.45,0.0
20150213:2310,0.0,0.0,0.0,7.22,5.1,0.0
20150214:0010,0.0,0.0,0.0,7.23,5.17,0.0
20150214:0110,0.0,0.0,0.0,7.13,5.1,0.0
20150214:0210,0.0,0.0,0.0,6.9,4.69,0.0
20150214:0310,0.0,0.0,0.0,6.64,4.48,0.0
20150214:0410,0.0,0.0,0.0,6.32,4.28,0.0
20150214:0510,0.0,0.0,0.0,6.12,4.48,0.0
20150214:0610,0.0,0.0,0.0,5.95,4.69,0.0
20150214:0710,0.0,0.0,0.0,5.34,4.14,0.0
20150214:0810,432.63,16.41,9.47,5.67,4.21,0.0
20150214:0910,5923.24,105.08,17.14,5.62,4.28,0.0
20150214:1010,5590.79,100.31,23.16,5.53,4.0,0.0
20150214:1110,5347.16,96.66,26.96,5.59,4.07,0.0
20150214:1210,10392.23,171.49,28.1,6.15,3.79,0.0
20150214:1310,11520.86,188.58,26.43,6.63,2.62,0.0
20150214:1410,1395.8,34.65,22.16,7.78,2.69,0.0
20150214:1510,1240.21,31.92,15.78,7.82,2.69,0.0
20150214:1610,7934.59,141.03,7.86,7.46,2.21,0.0
20150214:1710,0.0,0.0,0.0,6.62,2.07,0.0
20150214:1810,0.0,0.0,0.0,6.0,2.14,0.0
20150214:1910,0.0,0.0,0.0,4.6,2.48,0.0
20150214:2010,0.0,0.0,0.0,4.71,2.55,0.0
20150214:2110,0.0,0.0,0.0,4.65,2.55,0.0
20150214:2210,0.0,0.0,0.0,4.71,2.21,0.0
20150214:2310,0.0,0.0,0.0,4.68,1.79,0.0
20150215:0010,0.0,0.0,0.0,4.5,1.72,0.0
20150215:0110,0.0,0.0,0.0,4.52,1.86,0.0
20150215:0210,0.0,0.0,0.0,4.52,2.0,0.0
20150215:0310,0.0,0.0,0.0,4.48,2.07,0.0
20150215:0410,0.0,0.0,0.0,4.37,2.07,0.0
20150215:0510,0.0,0.0,0.0,4.1,1.93,0.0
20150215:0610,0.0,0.0,0.0,3.86,2.0,0.0
20150215:0710,0.0,0.0,0.0,2.2,2.34,0.0
20150215:0810,4960.06,89.76,9.76,2.7,2.62,0.0
20150215:0910,11704.54,188.06,17.45,3.82,2.48,0.0
20150215:1010,27198.01,416.67,23.48,5.12,2.28,0.0
20150215:1110,51482.97,810.49,27.3,6.59,2.21,0.0
20150215:1210,6982.8,122.2,28.45,7.26,2.28,0.0
20150215:1310,37625.91,586.73,26.76,7.57,1.86,0.0
20150215:1410,6687.55,118.08,22.48,7.77,1.59,0.0
20150215:1510,4183.61,79.91,16.08,7.97,1.59,0.0
20150215:1610,2749.1,57.81,8.14,7.69,1.45,0.0
20150215:1710,0.0,0.0,0.0,6.86,1.93,0.0
20150215:1810,0.0,0.0,0.0,5.86,2.07,0.0
20150215:1910,0.0,0.0,0.0,5.09,2.07,0.0
20150215:2010,0.0,0.0,0.0,4.2,2.07,0.0
20150215:2110,0.0,0.0,0.0,3.2,2.07,0.0
20150215:2210,0.0,0.0,0.0,2.22,2.0,0.0
20150215:2310,0.0,0.0,0.0,1.59,2.0,0.0
20150216:0010,0.0,0.0,0.0,1.23,1.79,0.0
20150216:0110,0.0,0.0,0.0,1.9,1.38,0.0
20150216:0210,0.0,0.0,0.0,3.32,0.97,0.0
20150216:0310,0.0,0.0,0.0,3.35,0.48,0.0
20150216:0410,0.0,0.0,0.0,2.2,0.41,0.0
20150216:0510,0.0,0.0,0.0,0.13,1.17,0.0
20150216:0610,0.0,0.0,0.0,-0.48,1.38,0.0
20150216:0710,0.0,0.0,0.0,-0.5,1.31,0.0
20150216:0810,6820.37,116.59,10.05,0.63,0.97,0.0
20150216:0910,41137.8,631.34,17.75,2.75,1.38,0.0
20150216:1010,34432.79,528.59,23.81,4.89,1.79,0.0
20150216:1110,52729.25,838.13,27.64,7.23,1.93,0.0
20150216:1210,39845.22,621.81,28.79,8.78,2.69,0.0
20150216:1310,0.0,0.0,0.0,9.86,3.52,0.0
20150216:1410,6752.06,119.88,22.79,10.14,3.59,0.0
20150216:1510,0.0,0.0,0.0,9.96,3.66,0.0
20150216:1610,3474.7,70.11,8.41,9.32,2.9,0.0
20150216:1710,0.0,0.0,0.0,7.9,2.41,0.0
20150216:1810,0.0,0.0,0.0,6.65,2.41,0.0
20150216:1910,0.0,0.0,0.0,6.13,2.55,0.0
20150216:2010,0.0,0.0,0.0,5.9,2.55,0.0
20150216:2110,0.0,0.0,0.0,5.8,2.41,0.0
20150216:2210,0.0,0.0,0.0,5.78,2.21,0.0
20150216:2310,0.0,0.0,0.0,5.54,2.07,0.0
20150217:0010,0.0,0.0,0.0,5.2,1.93,0.0
20150217:0110,0.0,0.0,0.0,4.98,1.93,0.0
20150217:0210,0.0,0.0,0.0,4.99,1.93,0.0
20150217:0310,0.0,0.0,0.0,5.06,1.86,0.0
20150217:0410,0.0,0.0,0.0,5.3,1.86,0.0
20150217:0510,0.0,0.0,0.0,5.43,2.14,0.0
20150217:0610,0.0,0.0,0.0,5.53,2.48,0.0
20150217:0710,0.0,0.0,0.0,5.58,3.17,0.0
20150217:0810,2999.57,60.63,10.34,5.63,3.38,0.0
20150217:0910,752.93,22.8,18.06,5.78,3.59,0.0
20150217:1010,2060.68,45.6,24.14,5.87,3.86,0.0
20150217:1110,2965.41,60.19,27.99,6.01,4.34,0.0
20150217:1210,1728.24,40.12,29.14,6.38,5.93,0.0
20150217:1310,4537.3,84.81,27.44,7.0,5.45,0.0
20150217:1410,4410.55,82.99,23.11,7.27,4.9,0.0
20150217:1510,2157.08,47.42,16.67,7.19,3.66,0.0
20150217:1610,3835.23,75.21,8.69,7.19,3.79,0.0
20150217:1710,0.0,0.0,0.0,6.91,3.66,0.0
20150217:1810,0.0,0.0,0.0,6.45,3.66,0.0
20150217:1910,0.0,0.0,0.0,6.12,3.31,0.0
20150217:2010,0.0,0.0,0.0,5.34,3.24,0.0
20150217:2110,0.0,0.0,0.0,4.47,3.17,0.0
20150217:2210,0.0,0.0,0.0,3.81,2.83,0.0
20150217:2310,0.0,0.0,0.0,2.92,2.62,0.0
20150218:0010,0.0,0.0,0.0,2.31,2.55,0.0
20150218:0110,0.0,0.0,0.0,1.55,2.41,0.0
20150218:0210,0.0,0.0,0.0,1.14,2.28,0.0
20150218:0310,0.0,0.0,0.0,0.48,2.14,0.0
20150218:0410,0.0,0.0,0.0,-0.12,2.14,0.0
20150218:0510,0.0,0.0,0.0,-0.49,2.14,0.0
20150218:0610,0.0,0.0,0.0,-0.7,2.14,0.0
20150218:0710,0.0,0.0,0.0,0.0,1.86,0.0
20150218:0810,3296.34,64.15,10.63,0.82,1.86,0.0
20150218:0910,7659.07,129.17,18.38,1.9,1.66,0.0
20150218:1010,10268.51,168.32,24.47,3.46,1.52,0.0
20150218:1110,12174.36,197.16,28.34,4.53,1.52,0.0
20150218:1210,6478.82,113.99,29.49,5.52,1.31,0.0
20150218:1310,11299.99,186.02,27.78,6.27,1.03,0.0
20150218:1410,9979.33,166.66,23.44,6.71,0.9,0.0
20150218:1510,10785.39,178.43,16.97,6.89,1.03,0.0
20150218:1610,14077.17,237.79,8.97,6.66,0.97,0.0
20150218:1710,0.0,0.0,0.0,6.28,1.03,0.0
20150218:1810,0.0,0.0,0.0,5.59,1.31,0.0
20150218:1910,0.0,0.0,0.0,5.19,0.21,0.0
20150218:2010,0.0,0.0,0.0,4.73,0.69,0.0
20150218:2110,0.0,0.0,0.0,4.5,1.38,0.0
20150218:2210,0.0,0.0,0.0,4.13,1.59,0.0
20150218:2310,0.0,0.0,0.0,3.89,1.66,0.0
20150219:0010,0.0,0.0,0.0,3.49,1.72,0.0
20150219:0110,0.0,0.0,0.0,3.13,1.66,0.0
20150219:0210,0.0,0.0,0.0,3.0,1.52,0.0
20150219:0310,0.0,0.0,0.0,2.46,1.45,0.0
20150219:0410,0.0,0.0,0.0,2.11,1.45,0.0
20150219:0510,0.0,0.0,0.0,1.71,1.59,0.0
20150219:0610,0.0,0.0,0.0,1.16,1.79,0.0
20150219:0710,0.0,0.0,0.0,0.6,2.0,0.0
20150219:0810,19399.28,298.81,10.93,1.08,1.93,0.0
20150219:0910,12833.93,203.59,18.7,2.83,2.48,0.0
20150219:1010,51312.95,790.85,24.81,4.84,3.1,0.0
20150219:1110,60499.13,945.46,28.69,6.54,3.93,0.0
20150219:1210,58460.46,911.18,29.85,7.75,4.62,0.0
20150219:1310,17265.73,273.08,28.12,8.4,4.69,0.0
20150219:1410,3506.58,69.31,23.76,8.39,4.62,0.0
20150219:1510,3048.9,62.01,17.27,8.13,4.69,0.0
20150219:1610,2407.55,51.86,9.25,7.73,4.55,0.0
20150219:1710,0.0,0.0,0.0,7.1,3.86,0.0
20150219:1810,0.0,0.0,0.0,6.57,3.72,0.0
20150219:1910,0.0,0.0,0.0,5.15,3.66,0.0
20150219:2010,0.0,0.0,0.0,5.09,3.86,0.0
20150219:2110,0.0,0.0,0.0,5.01,4.14,0.0
20150219:2210,0.0,0.0,0.0,5.12,4.41,0.0
20150219:2310,0.0,0.0,0.0,5.18,4.69,0.0
20150220:0010,0.0,0.0,0.0,5.22,4.83,0.0
20150220:0110,0.0,0.0,0.0,5.27,4.9,0.0
20150220:0210,0.0,0.0,0.0,5.15,4.97,0.0
20150220:0310,0.0,0.0,0.0,5.01,4.9,0.0
20150220:0410,0.0,0.0,0.0,4.71,4.76,0.0
20150220:0510,0.0,0.0,0.0,4.65,4.69,0.0
20150220:0610,0.0,0.0,0.0,4.92,4.9,0.0
20150220:0710,0.0,0.0,0.0,5.23,5.17,0.0
20150220:0810,2771.87,56.94,11.24,5.43,5.52,0.0
20150220:0910,4626.86,85.72,19.02,5.67,5.66,0.0
20150220:1010,7339.53,126.32,25.15,6.03,5.86,0.0
20150220:1110,6367.25,112.17,29.04,6.52,6.21,0.0
20150220:1210,9148.99,153.51,30.2,7.04,6.48,0.0
20150220:1310,8342.93,141.63,28.47,7.05,6.62,0.0
20150220:1410,6653.39,116.73,24.08,7.23,6.83,0.0
20150220:1510,6573.7,115.37,17.57,7.3,7.03,0.0
20150220:1610,2198.06,48.18,9.53,7.32,7.17,0.0
20150220:1710,0.0,0.0,0.0,7.19,7.45,0.0
20150220:1810,0.0,0.0,0.0,6.95,7.72,0.0
20150220:1910,0.0,0.0,0.0,6.61,7.1,0.0
20150220:2010,0.0,0.0,0.0,6.6,6.83,0.0
20150220:2110,0.0,0.0,0.0,6.68,6.48,0.0
20150220:2210,0.0,0.0,0.0,6.74,5.79,0.0
20150220:2310,0.0,0.0,0.0,6.14,4.83,0.0
20150221:0010,0.0,0.0,0.0,4.59,5.03,0.0
20150221:0110,0.0,0.0,0.0,3.88,4.21,0.0
20150221:0210,0.0,0.0,0.0,3.83,3.52,0.0
20150221:0310,0.0,0.0,0.0,3.78,3.24,0.0
20150221:0410,0.0,0.0,0.0,3.26,2.97,0.0
20150221:0510,0.0,0.0,0.0,2.71,2.69,0.0
20150221:0610,0.0,0.0,0.0,2.38,2.55,0.0
20150221:0710,66.79,7.65,2.63,1.96,2.62,0.0
20150221:0810,19581.44,302.28,11.55,2.19,2.34,0.0
20150221:0910,6873.5,117.97,19.35,2.47,2.55,0.0
20150221:1010,1428.44,34.65,25.5,3.3,2.41,0.0
20150221:1110,13484.39,215.33,29.4,4.02,2.28,0.0
20150221:1210,6442.39,113.08,30.57,5.07,2.14,0.0
20150221:1310,44384.8,689.53,28.82,5.62,2.07,0.0
20150221:1410,1300.93,32.83,24.41,6.43,2.14,0.0
20150221:1510,4819.65,88.82,17.88,5.73,2.62,0.0
20150221:1610,15680.94,258.1,9.81,4.48,3.17,0.0
20150221:1710,0.0,0.0,0.0,3.96,3.59,0.0
20150221:1810,0.0,0.0,0.0,2.95,3.38,0.0
20150221:1910,0.0,0.0,0.0,2.52,3.17,0.0
20150221:2010,0.0,0.0,0.0,2.02,3.03,0.0
20150221:2110,0.0,0.0,0.0,1.72,2.69,0.0
20150221:2210,0.0,0.0,0.0,1.25,2.34,0.0
20150221:2310,0.0,0.0,0.0,0.34,2.41,0.0
20150222:0010,0.0,0.0,0.0,-0.24,2.48,0.0
20150222:0110,0.0,0.0,0.0,-0.66,2.34,0.0
20150222:0210,0.0,0.0,0.0,-1.16,2.34,0.0
20150222:0310,0.0,0.0,0.0,-1.37,2.34,0.0
20150222:0410,0.0,0.0,0.0,-1.78,2.14,0.0
20150222:0510,0.0,0.0,0.0,-2.33,2.07,0.0
20150222:0610,0.0,0.0,0.0,-2.89,1.93,0.0
20150222:0710,242.88,11.91,2.93,-3.04,1.86,0.0
20150222:0810,27383.96,415.87,11.86,-1.26,0.97,0.0
20150222:0910,42209.51,651.5,19.68,1.8,0.76,0.0
20150222:1010,53389.58,847.73,25.85,4.08,1.03,0.0
20150222:1110,59964.8,960.27,29.77,5.93,1.93,0.0
20150222:1210,46428.79,721.69,30.93,6.83,2.9,0.0
20150222:1310,50910.68,791.95,29.17,7.44,3.59,0.0
20150222:1410,30095.11,461.76,24.74,7.58,4.07,0.0
20150222:1510,26798.77,413.37,18.18,7.52,4.41,0.0
20150222:1610,7733.45,135.94,10.09,7.12,4.34,0.0
20150222:1710,0.0,0.0,0.0,5.99,4.28,0.0
20150222:1810,0.0,0.0,0.0,4.91,4.76,0.0
20150222:1910,0.0,0.0,0.0,5.32,5.72,0.0
20150222:2010,0.0,0.0,0.0,4.84,6.28,0.0
20150222:2110,0.0,0.0,0.0,4.58,6.55,0.0
20150222:2210,0.0,0.0,0.0,4.39,6.62,0.0
20150222:2310,0.0,0.0,0.0,4.28,6.62,0.0
20150223:0010,0.0,0.0,0.0,4.43,6.48,0.0
20150223:0110,0.0,0.0,0.0,4.69,6.21,0.0
20150223:0210,0.0,0.0,0.0,5.14,5.86,0.0
20150223:0310,0.0,0.0,0.0,5.67,5.66,0.0
20150223:0410,0.0,0.0,0.0,6.27,5.38,0.0
20150223:0510,0.0,0.0,0.0,7.02,5.17,0.0
20150223:0610,0.0,0.0,0.0,7.98,4.83,0.0
20150223:0710,155.6,10.21,3.23,8.18,4.55,0.0
20150223:0810,3174.9,64.04,12.18,8.35,4.48,0.0
20150223:0910,6579.77,116.18,20.02,8.1,3.79,0.0
20150223:1010,53917.08,845.65,26.2,8.32,3.45,0.0
20150223:1110,48909.96,759.4,30.13,9.59,4.97,0.0
20150223:1210,24165.8,377.42,31.29,10.21,5.03,0.0
20150223:1310,13102.62,214.0,29.52,10.24,5.66,0.0
20150223:1410,37107.51,567.05,25.07,9.48,6.76,0.0
20150223:1510,13921.58,224.21,18.48,9.25,6.76,0.0
20150223:1610,5361.58,98.99,10.37,7.91,6.55,0.0
20150223:1710,0.0,0.0,0.0,6.99,5.24,0.0
20150223:1810,0.0,0.0,0.0,6.12,4.41,0.0
20150223:1910,0.0,0.0,0.0,5.37,4.14,0.0
20150223:2010,0.0,0.0,0.0,4.81,4.28,0.0
20150223:2110,0.0,0.0,0.0,4.22,4.34,0.0
20150223:2210,0.0,0.0,0.0,3.73,4.34,0.0
20150223:2310,0.0,0.0,0.0,3.32,4.41,0.0
20150224:0010,0.0,0.0,0.0,2.96,4.41,0.0
20150224:0110,0.0,0.0,0.0,2.62,4.48,0.0
20150224:0210,0.0,0.0,0.0,2.33,4.48,0.0
20150224:0310,0.0,0.0,0.0,2.06,4.55,0.0
20150224:0410,0.0,0.0,0.0,1.89,4.55,0.0
20150224:0510,0.0,0.0,0.0,1.74,4.55,0.0
20150224:0610,0.0,0.0,0.0,1.79,4.62,0.0
20150224:0710,389.37,15.31,3.54,1.82,4.48,0.0
20150224:0810,18535.54,285.37,12.49,2.65,4.62,0.0
20150224:0910,8197.96,137.87,20.35,4.4,4.69,0.0
20150224:1010,5644.68,101.22,26.56,6.07,5.45,0.0
20150224:1110,31361.12,476.5,30.5,6.93,6.07,0.0
20150224:1210,7430.61,128.58,31.66,7.55,5.52,0.0
20150224:1310,57485.14,890.32,29.87,8.13,5.38,0.0
20150224:1410,29888.66,458.18,25.4,8.33,5.24,0.0
20150224:1510,36324.98,556.39,18.78,7.56,5.24,0.0
20150224:1610,10520.5,179.05,10.65,7.35,4.48,0.0
20150224:1710,0.0,0.0,0.0,6.63,4.41,0.0
20150224:1810,0.0,0.0,0.0,5.48,4.28,0.0
20150224:1910,0.0,0.0,0.0,4.6,3.86,0.0
20150224:2010,0.0,0.0,0.0,3.89,3.45,0.0
20150224:2110,0.0,0.0,0.0,3.32,3.24,0.0
20150224:2210,0.0,0.0,0.0,2.68,2.97,0.0
20150224:2310,0.0,0.0,0.0,2.15,2.97,0.0
20150225:0010,0.0,0.0,0.0,1.62,2.9,0.0
20150225:0110,0.0,0.0,0.0,1.28,2.9,0.0
20150225:0210,0.0,0.0,0.0,1.21,2.83,0.0
20150225:0310,0.0,0.0,0.0,1.34,2.97,0.0
20150225:0410,0.0,0.0,0.0,1.65,2.9,0.0
20150225:0510,0.0,0.0,0.0,1.94,2.9,0.0
20150225:0610,0.0,0.0,0.0,2.35,3.03,0.0
20150225:0710,346.86,14.46,3.85,2.89,2.97,0.0
20150225:0810,1165.06,30.09,12.82,3.38,2.97,0.0
20150225:0910,7580.13,129.11,20.69,4.09,2.69,0.0
20150225:1010,10002.86,164.85,26.92,5.02,4.41,0.0
20150225:1110,7245.41,124.93,30.87,5.46,3.93,0.0
20150225:1210,8832.48,148.64,32.03,5.94,4.0,0.0
20150225:1310,9617.29,160.71,30.23,6.69,3.72,0.0
20150225:1410,5127.8,93.93,25.73,6.85,2.9,0.0
20150225:1510,6124.37,109.08,19.09,7.05,2.48,0.0
20150225:1610,3567.3,70.4,10.93,7.03,2.0,0.0
20150225:1710,0.0,0.0,0.0,7.03,1.72,0.0
20150225:1810,0.0,0.0,0.0,6.64,1.72,0.0
20150225:1910,0.0,0.0,0.0,6.98,1.66,0.0
20150225:2010,0.0,0.0,0.0,7.06,1.93,0.0
20150225:2110,0.0,0.0,0.0,7.01,1.93,0.0
20150225:2210,0.0,0.0,0.0,7.08,1.66,0.0
20150225:2310,0.0,0.0,0.0,6.75,1.52,0.0
20150226:0010,0.0,0.0,0.0,6.36,1.66,0.0
20150226:0110,0.0,0.0,0.0,6.11,1.59,0.0
20150226:0210,0.0,0.0,0.0,5.67,1.72,0.0
20150226:0310,0.0,0.0,0.0,5.85,1.79,0.0
20150226:0410,0.0,0.0,0.0,6.13,1.93,0.0
20150226:0510,0.0,0.0,0.0,6.42,2.07,0.0
20150226:0610,0.0,0.0,0.0,6.64,2.21,0.0
20150226:0710,541.17,18.71,4.16,6.52,2.0,0.0
20150226:0810,6171.43,109.62,13.14,6.93,2.21,0.0
20150226:0910,11536.04,189.02,21.04,7.36,2.28,0.0
20150226:1010,14400.51,231.82,27.28,8.07,3.03,0.0
20150226:1110,15126.11,243.39,31.24,8.75,3.38,0.0
20150226:1210,4357.42,82.99,32.4,9.52,3.59,0.0
20150226:1310,4640.53,87.54,30.58,10.05,3.86,0.0
20150226:1410,10424.11,174.9,26.06,10.2,3.52,0.0
20150226:1510,4690.62,88.46,19.39,10.34,3.45,0.0
20150226:1610,8193.41,144.68,11.21,10.17,3.1,0.0
20150226:1710,0.0,0.0,0.0,9.84,3.24,0.0
20150226:1810,0.0,0.0,0.0,9.6,3.38,0.0
20150226:1910,0.0,0.0,0.0,10.19,3.66,0.0
20150226:2010,0.0,0.0,0.0,10.15,4.34,0.0
20150226:2110,0.0,0.0,0.0,9.46,4.69,0.0
20150226:2210,0.0,0.0,0.0,8.66,5.1,0.0
20150226:2310,0.0,0.0,0.0,7.91,5.79,0.0
20150227:0010,0.0,0.0,0.0,7.03,5.72,0.0
20150227:0110,0.0,0.0,0.0,6.26,5.45,0.0
20150227:0210,0.0,0.0,0.0,5.55,5.38,0.0
20150227:0310,0.0,0.0,0.0,4.67,5.1,0.0
20150227:0410,0.0,0.0,0.0,3.76,5.1,0.0
20150227:0510,0.0,0.0,0.0,3.33,5.24,0.0
20150227:0610,0.0,0.0,0.0,2.78,4.83,0.0
20150227:0710,6807.47,126.23,4.47,2.83,4.14,0.0
20150227:0810,29330.8,446.95,13.47,3.38,3.45,0.0
20150227:0910,44724.08,676.92,21.39,4.51,4.21,0.0
20150227:1010,54637.37,837.61,27.65,5.76,4.69,0.0
20150227:1110,59419.83,923.19,31.62,6.77,4.62,0.0
20150227:1210,45782.88,702.43,32.78,7.64,5.1,0.0
20150227:1310,39616.01,607.29,30.94,8.05,4.9,0.0
20150227:1410,34202.06,524.03,26.39,7.99,4.62,0.0
20150227:1510,26748.68,414.04,19.69,7.99,4.07,0.0
20150227:1610,10292.04,175.6,11.49,7.78,3.52,0.0
20150227:1710,0.0,0.0,0.0,6.82,2.41,0.0
20150227:1810,0.0,0.0,0.0,5.21,2.28,0.0
20150227:1910,0.0,0.0,0.0,3.98,2.28,0.0
20150227:2010,0.0,0.0,0.0,2.64,2.14,0.0
20150227:2110,0.0,0.0,0.0,1.31,1.72,0.0
20150227:2210,0.0,0.0,0.0,3.0,0.62,0.0
20150227:2310,0.0,0.0,0.0,0.66,1.45,0.0
20150228:0010,0.0,0.0,0.0,-1.2,1.86,0.0
20150228:0110,0.0,0.0,0.0,-1.74,2.14,0.0
20150228:0210,0.0,0.0,0.0,-1.85,2.28,0.0
20150228:0310,0.0,0.0,0.0,-1.7,2.55,0.0
20150228:0410,0.0,0.0,0.0,-1.37,2.69,0.0
20150228:0510,0.0,0.0,0.0,-1.15,2.76,0.0
20150228:0610,0.0,0.0,0.0,-1.03,2.83,0.0
20150228:0710,3149.85,64.83,4.79,0.02,2.9,0.0
20150228:0810,9730.38,158.66,13.8,1.67,3.03,0.0
20150228:0910,21822.77,332.89,21.74,3.58,3.59,0.0
20150228:1010,33317.06,504.98,28.01,5.44,4.41,0.0
20150228:1110,53962.62,830.73,32.0,6.94,5.1,0.0
20150228:1210,36995.94,563.56,33.16,8.46,7.03,0.0
20150228:1310,19684.67,307.7,31.3,8.42,6.62,0.0
20150228:1410,16609.2,262.45,26.72,8.0,5.86,0.0
20150228:1510,12659.36,204.95,20.0,7.71,5.45,0.0
20150228:1610,13082.88,217.81,11.77,7.3,5.38,0.0
20150228:1710,35.67,6.8,2.57,7.01,5.59,0.0
20150228:1810,0.0,0.0,0.0,6.85,5.66,0.0
20150228:1910,0.0,0.0,0.0,7.44,5.93,0.0
20150228:2010,0.0,0.0,0.0,7.2,5.93,0.0
20150228:2110,0.0,0.0,0.0,6.91,6.14,0.0
20150228:2210,0.0,0.0,0.0,6.92,6.07,0.0
20150228:2310,0.0,0.0,0.0,7.02,5.72,0.0
20150301:0010,0.0,0.0,0.0,7.1,5.93,0.0
20150301:0110,0.0,0.0,0.0,7.48,6.14,0.0
20150301:0210,0.0,0.0,0.0,8.14,5.86,0.0
20150301:0310,0.0,0.0,0.0,8.95,5.52,0.0
20150301:0410,0.0,0.0,0.0,9.83,5.31,0.0
20150301:0510,0.0,0.0,0.0,10.5,5.24,0.0
20150301:0610,0.0,0.0,0.0,10.53,4.76,0.0
20150301:0710,2484.97,55.6,5.11,10.02,4.0,0.0
20150301:0810,9041.97,153.7,14.14,9.92,4.07,0.0
20150301:0910,10513.67,175.33,22.09,9.92,4.55,0.0
20150301:1010,11362.23,188.36,28.38,9.92,4.55,0.0
20150301:1110,15604.28,250.94,32.38,10.37,5.93,0.0
20150301:1210,0.0,0.0,0.0,10.52,5.45,0.0
20150301:1310,34187.64,529.01,31.66,10.81,5.72,0.0
20150301:1410,21057.7,331.91,27.05,11.38,5.86,0.0
20150301:1510,12246.46,201.92,20.3,11.32,5.79,0.0
20150301:1610,5205.98,97.24,12.05,10.63,5.38,0.0
20150301:1710,186.71,11.06,2.83,10.07,5.17,0.0
20150301:1810,0.0,0.0,0.0,9.72,5.17,0.0
20150301:1910,0.0,0.0,0.0,10.17,5.72,0.0
20150301:2010,0.0,0.0,0.0,10.19,6.34,0.0
20150301:2110,0.0,0.0,0.0,10.34,6.76,0.0
20150301:2210,0.0,0.0,0.0,10.39,7.03,0.0
20150301:2310,0.0,0.0,0.0,9.49,6.69,0.0
20150302:0010,0.0,0.0,0.0,8.95,6.28,0.0
20150302:0110,0.0,0.0,0.0,8.31,5.86,0.0
20150302:0210,0.0,0.0,0.0,7.71,5.72,0.0
20150302:0310,0.0,0.0,0.0,7.0,5.17,0.0
20150302:0410,0.0,0.0,0.0,6.61,4.14,0.0
20150302:0510,0.0,0.0,0.0,6.53,4.28,0.0
20150302:0610,0.0,0.0,0.0,5.99,3.86,0.0
20150302:0710,1806.42,42.62,5.44,6.15,3.93,0.0
20150302:0810,26242.43,404.35,14.48,6.23,4.14,0.0
20150302:0910,41798.13,635.54,22.44,6.8,5.03,0.0
20150302:1010,40627.75,618.0,28.76,8.0,6.34,0.0
20150302:1110,19381.07,303.92,32.76,8.95,7.03,0.0
20150302:1210,0.0,0.0,0.0,9.57,7.38,0.0
20150302:1310,2585.91,54.72,32.02,9.09,9.03,0.0
20150302:1410,45513.44,689.25,27.39,8.41,8.28,0.0
20150302:1510,25870.52,397.48,20.61,8.36,7.66,0.0
20150302:1610,10485.59,177.7,12.33,7.95,6.14,0.0
20150302:1710,226.18,11.91,3.1,7.22,5.17,0.0
20150302:1810,0.0,0.0,0.0,6.41,4.48,0.0
20150302:1910,0.0,0.0,0.0,5.46,3.38,0.0
20150302:2010,0.0,0.0,0.0,4.67,3.24,0.0
20150302:2110,0.0,0.0,0.0,4.05,3.31,0.0
20150302:2210,0.0,0.0,0.0,3.63,3.31,0.0
20150302:2310,0.0,0.0,0.0,3.25,3.24,0.0
20150303:0010,0.0,0.0,0.0,2.92,3.03,0.0
20150303:0110,0.0,0.0,0.0,2.46,2.9,0.0
20150303:0210,0.0,0.0,0.0,2.34,2.76,0.0
20150303:0310,0.0,0.0,0.0,2.24,2.69,0.0
20150303:0410,0.0,0.0,0.0,1.91,2.76,0.0
20150303:0510,0.0,0.0,0.0,1.75,2.97,0.0
20150303:0610,0.0,0.0,0.0,1.5,3.17,0.0
20150303:0710,7821.5,139.7,5.76,2.0,3.45,0.0
20150303:0810,11860.89,190.46,14.82,3.48,3.45,0.0
20150303:0910,43163.57,654.68,22.8,5.63,4.62,0.0
20150303:1010,26299.35,403.42,29.13,7.53,5.45,0.0
20150303:1110,12566.76,205.3,33.15,9.41,7.24,0.0
20150303:1210,0.0,0.0,0.0,10.25,6.69,0.0
20150303:1310,36352.3,557.78,32.39,9.14,5.86,0.0
20150303:1410,29122.07,447.6,27.72,8.48,5.17,0.0
20150303:1510,4031.05,77.51,20.91,8.34,4.07,0.0
20150303:1610,9633.99,165.0,12.61,8.09,3.86,0.0
20150303:1710,337.0,14.46,3.36,7.57,3.52,0.0
20150303:1810,0.0,0.0,0.0,6.59,3.38,0.0
20150303:1910,0.0,0.0,0.0,5.71,3.52,0.0
20150303:2010,0.0,0.0,0.0,4.76,3.31,0.0
20150303:2110,0.0,0.0,0.0,3.85,3.24,0.0
20150303:2210,0.0,0.0,0.0,3.1,3.17,0.0
20150303:2310,0.0,0.0,0.0,2.58,3.03,0.0
20150304:0010,0.0,0.0,0.0,2.14,3.03,0.0
20150304:0110,0.0,0.0,0.0,1.84,2.97,0.0
20150304:0210,0.0,0.0,0.0,1.51,2.9,0.0
20150304:0310,0.0,0.0,0.0,1.13,2.76,0.0
20150304:0410,0.0,0.0,0.0,0.78,2.76,0.0
20150304:0510,0.0,0.0,0.0,0.49,2.76,0.0
20150304:0610,0.0,0.0,0.0,0.33,2.83,0.0
20150304:0710,8719.39,152.86,6.09,0.67,2.76,0.0
20150304:0810,18247.12,282.12,15.16,2.36,2.62,0.0
20150304:0910,43255.41,658.94,23.16,4.72,3.38,0.0
20150304:1010,52884.08,810.84,29.51,6.45,4.97,0.0
20150304:1110,31141.77,476.05,33.54,7.07,4.97,0.0
20150304:1210,23620.84,366.19,34.68,7.78,4.83,0.0
20150304:1310,41612.18,639.81,32.75,8.46,4.97,0.0
20150304:1410,40929.83,627.78,28.05,8.54,5.17,0.0
20150304:1510,24992.35,387.11,21.21,8.56,5.31,0.0
20150304:1610,11571.71,194.51,12.89,8.15,5.59,0.0
20150304:1710,376.46,15.31,3.62,7.23,4.9,0.0
20150304:1810,0.0,0.0,0.0,5.83,4.21,0.0
20150304:1910,0.0,0.0,0.0,4.82,3.86,0.0
20150304:2010,0.0,0.0,0.0,4.09,3.72,0.0
20150304:2110,0.0,0.0,0.0,3.5,3.52,0.0
20150304:2210,0.0,0.0,0.0,2.91,3.1,0.0
20150304:2310,0.0,0.0,0.0,2.33,2.97,0.0
20150305:0010,0.0,0.0,0.0,1.87,2.76,0.0
20150305:0110,0.0,0.0,0.0,1.46,2.62,0.0
20150305:0210,0.0,0.0,0.0,0.99,2.55,0.0
20150305:0310,0.0,0.0,0.0,0.57,2.55,0.0
20150305:0410,0.0,0.0,0.0,0.3,2.62,0.0
20150305:0510,0.0,0.0,0.0,0.04,2.48,0.0
20150305:0610,0.0,0.0,0.0,-0.38,2.28,0.0
20150305:0710,9303.06,160.85,6.43,-0.59,2.07,0.0
20150305:0810,28284.89,431.76,15.51,1.68,1.66,0.0
20150305:0910,44153.31,683.24,23.52,4.53,1.79,0.0
20150305:1010,54042.32,858.15,29.89,6.64,1.93,0.0
20150305:1110,55870.75,895.13,33.93,8.28,2.28,0.0
20150305:1210,46522.91,733.18,35.06,9.28,2.9,0.0
20150305:1310,52972.13,845.03,33.11,9.67,2.69,0.0
20150305:1410,45927.09,725.75,28.39,9.8,2.55,0.0
20150305:1510,35206.22,554.55,21.52,9.95,2.41,0.0
20150305:1610,17829.67,297.19,13.16,9.64,2.28,0.0
20150305:1710,491.83,17.86,3.89,9.02,1.72,0.0
20150305:1810,0.0,0.0,0.0,7.63,1.93,0.0
20150305:1910,0.0,0.0,0.0,6.18,2.28,0.0
20150305:2010,0.0,0.0,0.0,5.13,2.41,0.0
20150305:2110,0.0,0.0,0.0,4.09,2.34,0.0
20150305:2210,0.0,0.0,0.0,2.91,2.14,0.0
20150305:2310,0.0,0.0,0.0,1.65,1.93,0.0
20150306:0010,0.0,0.0,0.0,0.63,1.86,0.0
20150306:0110,0.0,0.0,0.0,0.03,1.59,0.0
20150306:0210,0.0,0.0,0.0,-0.29,1.52,0.0
20150306:0310,0.0,0.0,0.0,-0.7,1.45,0.0
20150306:0410,0.0,0.0,0.0,-0.73,1.24,0.0
20150306:0510,0.0,0.0,0.0,-1.03,1.24,0.0
20150306:0610,0.0,0.0,0.0,-1.05,1.1,0.0
20150306:0710,10001.34,172.16,6.76,-0.29,0.9,0.0
20150306:0810,22058.06,339.7,15.85,0.73,0.41,0.0
20150306:0910,41300.98,651.55,23.89,4.37,0.21,0.0
20150306:1010,49290.98,796.64,30.27,6.6,0.48,0.0
20150306:1110,54550.09,890.83,34.32,8.12,1.03,0.0
20150306:1210,48083.41,777.96,35.45,9.18,1.1,0.0
20150306:1310,52434.0,856.32,33.48,9.97,1.24,0.0
20150306:1410,41754.87,667.64,28.72,10.49,1.45,0.0
20150306:1510,22459.57,358.13,21.82,10.7,1.66,0.0
20150306:1610,16777.7,281.66,13.44,10.57,1.72,0.0
20150306:1710,571.53,19.56,4.15,9.94,0.97,0.0
20150306:1810,0.0,0.0,0.0,9.11,0.55,0.0
20150306:1910,0.0,0.0,0.0,5.04,2.14,0.0
20150306:2010,0.0,0.0,0.0,3.21,2.14,0.0
20150306:2110,0.0,0.0,0.0,2.35,1.93,0.0
20150306:2210,0.0,0.0,0.0,1.78,1.79,0.0
20150306:2310,0.0,0.0,0.0,0.69,2.0,0.0
20150307:0010,0.0,0.0,0.0,0.18,2.34,0.0
20150307:0110,0.0,0.0,0.0,0.08,2.48,0.0
20150307:0210,0.0,0.0,0.0,0.01,2.48,0.0
20150307:0310,0.0,0.0,0.0,-0.23,2.41,0.0
20150307:0410,0.0,0.0,0.0,-0.69,2.21,0.0
20150307:0510,0.0,0.0,0.0,-1.12,2.21,0.0
20150307:0610,0.0,0.0,0.0,-1.3,2.21,0.0
20150307:0710,5150.57,94.91,7.1,-0.75,2.28,0.0
20150307:0810,16197.06,252.83,16.2,2.2,1.86,0.0
20150307:0910,31250.31,480.91,24.26,5.89,2.14,0.0
20150307:1010,45900.52,722.98,30.65,8.52,2.34,0.0
20150307:1110,49133.11,784.32,34.71,10.71,2.69,0.0
20150307:1210,32325.81,512.65,35.84,12.33,2.76,0.0
20150307:1310,35300.33,564.31,33.84,13.68,2.55,0.0
20150307:1410,30177.08,483.55,29.06,14.46,2.41,0.0
20150307:1510,9024.51,157.34,22.12,14.69,2.21,0.0
20150307:1610,9690.15,170.78,13.72,14.36,1.72,0.0
20150307:1710,480.45,17.86,4.41,12.95,2.28,0.0
20150307:1810,0.0,0.0,0.0,10.4,2.69,0.0
20150307:1910,0.0,0.0,0.0,8.72,2.48,0.0
20150307:2010,0.0,0.0,0.0,7.48,2.55,0.0
20150307:2110,0.0,0.0,0.0,6.21,2.55,0.0
20150307:2210,0.0,0.0,0.0,5.19,2.48,0.0
20150307:2310,0.0,0.0,0.0,4.16,2.41,0.0
20150308:0010,0.0,0.0,0.0,3.35,2.34,0.0
20150308:0110,0.0,0.0,0.0,2.55,2.28,0.0
20150308:0210,0.0,0.0,0.0,1.76,2.28,0.0
20150308:0310,0.0,0.0,0.0,1.03,2.21,0.0
20150308:0410,0.0,0.0,0.0,0.39,2.14,0.0
20150308:0510,0.0,0.0,0.0,-0.19,2.0,0.0
20150308:0610,0.0,0.0,0.0,-0.66,1.93,0.0
20150308:0710,10159.97,173.6,7.44,0.0,1.59,0.0
20150308:0810,28525.5,440.38,16.56,2.88,0.9,0.0
20150308:0910,40574.62,642.53,24.62,7.19,0.76,0.0
20150308:1010,51341.04,843.19,31.04,10.06,0.83,0.0
20150308:1110,54566.79,916.98,35.1,12.36,0.83,0.0
20150308:1210,45842.08,761.97,36.22,14.09,0.83,0.0
20150308:1310,46639.79,775.73,34.21,15.3,1.17,0.0
20150308:1410,37711.67,617.1,29.39,16.02,1.45,0.0
20150308:1510,27947.14,454.64,22.43,16.19,1.93,0.0
20150308:1610,14163.7,244.56,14.0,15.65,1.79,0.0
20150308:1710,727.12,22.96,4.67,13.97,2.34,0.0
20150308:1810,0.0,0.0,0.0,11.14,3.03,0.0
20150308:1910,0.0,0.0,0.0,10.44,3.31,0.0
20150308:2010,0.0,0.0,0.0,8.96,3.38,0.0
20150308:2110,0.0,0.0,0.0,7.42,2.97,0.0
20150308:2210,0.0,0.0,0.0,6.18,2.69,0.0
20150308:2310,0.0,0.0,0.0,5.32,2.48,0.0
20150309:0010,0.0,0.0,0.0,4.68,2.21,0.0
20150309:0110,0.0,0.0,0.0,4.23,2.07,0.0
20150309:0210,0.0,0.0,0.0,4.62,1.93,0.0
20150309:0310,0.0,0.0,0.0,5.64,1.72,0.0
20150309:0410,0.0,0.0,0.0,5.92,1.59,0.0
20150309:0510,0.0,0.0,0.0,6.28,1.31,0.0
20150309:0610,0.0,0.0,0.0,6.08,1.1,0.0
20150309:0710,1503.58,36.61,7.78,6.68,0.69,0.0
20150309:0810,2648.15,55.63,16.91,7.78,1.17,0.0
20150309:0910,5788.13,104.87,24.99,8.63,1.59,0.0
20150309:1010,9323.56,158.8,31.43,9.65,2.07,0.0
20150309:1110,30445.77,481.32,35.5,10.53,2.0,0.0
20150309:1210,16134.82,263.91,36.61,11.69,1.52,0.0
20150309:1310,7434.41,132.23,34.57,12.55,0.9,0.0
20150309:1410,21675.52,351.49,29.72,13.17,0.9,0.0
20150309:1510,20084.66,327.22,22.73,13.48,0.97,0.0
20150309:1610,7637.82,137.24,14.27,13.4,1.31,0.0
20150309:1710,731.68,22.96,4.93,12.75,1.03,0.0
20150309:1810,0.0,0.0,0.0,11.62,0.48,0.0
20150309:1910,0.0,0.0,0.0,10.45,0.83,0.0
20150309:2010,0.0,0.0,0.0,7.57,1.59,0.0
20150309:2110,0.0,0.0,0.0,6.06,1.79,0.0
20150309:2210,0.0,0.0,0.0,5.92,1.45,0.0
20150309:2310,0.0,0.0,0.0,4.93,1.72,0.0
20150310:0010,0.0,0.0,0.0,4.11,1.93,0.0
20150310:0110,0.0,0.0,0.0,4.17,1.86,0.0
20150310:0210,0.0,0.0,0.0,3.96,1.93,0.0
20150310:0310,0.0,0.0,0.0,4.19,1.79,0.0
20150310:0410,0.0,0.0,0.0,4.44,1.72,0.0
20150310:0510,0.0,0.0,0.0,5.06,1.59,0.0
20150310:0610,0.0,0.0,0.0,5.97,1.38,0.0
20150310:0710,7556.6,135.97,8.12,6.58,1.31,0.0
20150310:0810,7888.29,136.3,17.26,8.29,1.31,0.0
20150310:0910,4826.48,90.28,25.37,9.04,1.52,0.0
20150310:1010,9330.39,158.78,31.81,9.43,2.0,0.0
20150310:1110,7681.84,134.05,35.9,9.78,2.41,0.0
20150310:1210,3410.95,68.39,37.0,10.23,2.48,0.0
20150310:1310,6517.53,116.73,34.94,10.5,2.41,0.0
20150310:1410,6147.9,111.25,30.06,10.9,2.41,0.0
20150310:1510,4145.66,80.25,23.03,10.82,1.72,0.0
20150310:1610,3059.53,62.92,14.55,10.63,1.45,0.0
20150310:1710,919.91,26.37,5.19,10.34,1.52,0.0
20150310:1810,0.0,0.0,0.0,9.92,1.59,0.0
20150310:1910,0.0,0.0,0.0,9.63,1.86,0.0
20150310:2010,0.0,0.0,0.0,9.55,2.21,0.0
20150310:2110,0.0,0.0,0.0,9.17,2.55,0.0
20150310:2210,0.0,0.0,0.0,8.54,2.76,0.0
20150310:2310,0.0,0.0,0.0,7.62,2.9,0.0
20150311:0010,0.0,0.0,0.0,7.06,2.9,0.0
20150311:0110,0.0,0.0,0.0,6.41,2.76,0.0
20150311:0210,0.0,0.0,0.0,5.92,2.76,0.0
20150311:0310,0.0,0.0,0.0,5.43,2.76,0.0
20150311:0410,0.0,0.0,0.0,5.06,2.69,0.0
20150311:0510,0.0,0.0,0.0,4.8,2.41,0.0
20150311:0610,0.0,0.0,0.0,4.73,2.21,0.0
20150311:0710,2106.98,46.44,8.47,4.23,2.28,0.0
20150311:0810,18688.86,293.05,17.62,5.78,2.34,0.0
20150311:0910,43855.78,681.8,25.74,7.55,2.76,0.0
20150311:1010,30240.84,472.02,32.2,9.42,2.9,0.0
20150311:1110,51218.84,817.84,36.29,10.99,3.1,0.0
20150311:1210,37839.19,598.59,37.39,12.06,3.24,0.0
20150311:1310,18094.56,293.02,35.3,12.61,2.97,0.0
20150311:1410,45680.42,732.64,30.39,12.97,2.69,0.0
20150311:1510,34395.6,549.93,23.33,12.97,2.34,0.0
20150311:1610,17394.76,293.77,14.82,12.71,1.86,0.0
20150311:1710,1002.64,28.07,5.45,11.86,1.59,0.0
20150311:1810,0.0,0.0,0.0,10.08,2.21,0.0
20150311:1910,0.0,0.0,0.0,8.63,2.21,0.0
20150311:2010,0.0,0.0,0.0,7.37,2.21,0.0
20150311:2110,0.0,0.0,0.0,6.51,2.41,0.0
20150311:2210,0.0,0.0,0.0,5.94,2.48,0.0
20150311:2310,0.0,0.0,0.0,5.06,2.48,0.0
20150312:0010,0.0,0.0,0.0,4.35,2.55,0.0
20150312:0110,0.0,0.0,0.0,3.8,2.62,0.0
20150312:0210,0.0,0.0,0.0,3.38,2.69,0.0
20150312:0310,0.0,0.0,0.0,2.95,2.76,0.0
20150312:0410,0.0,0.0,0.0,2.45,2.76,0.0
20150312:0510,0.0,0.0,0.0,1.87,2.62,0.0
20150312:0610,0.0,0.0,0.0,1.25,2.55,0.0
20150312:0710,12618.38,211.09,8.81,1.51,2.76,0.0
20150312:0810,30072.34,458.21,17.98,3.39,2.9,0.0
20150312:0910,45567.32,699.12,26.11,5.68,3.38,0.0
20150312:1010,54422.58,854.94,32.59,7.92,3.38,0.0
20150312:1110,58420.23,932.69,36.69,9.96,3.59,0.0
20150312:1210,51392.65,816.95,37.78,11.49,3.86,0.0
20150312:1310,53499.63,854.34,35.67,12.39,4.0,0.0
20150312:1410,47518.71,754.4,30.72,12.78,3.86,0.0
20150312:1510,34470.74,544.82,23.63,12.75,3.86,0.0
20150312:1610,18563.62,310.34,15.1,12.3,3.59,0.0
20150312:1710,916.87,26.37,5.7,11.03,3.1,0.0
20150312:1810,0.0,0.0,0.0,9.03,3.1,0.0
20150312:1910,0.0,0.0,0.0,8.36,3.24,0.0
20150312:2010,0.0,0.0,0.0,7.66,3.59,0.0
20150312:2110,0.0,0.0,0.0,7.11,3.72,0.0
20150312:2210,0.0,0.0,0.0,6.33,3.38,0.0
20150312:2310,0.0,0.0,0.0,5.34,2.83,0.0
20150313:0010,0.0,0.0,0.0,4.48,2.83,0.0
20150313:0110,0.0,0.0,0.0,4.0,2.97,0.0
20150313:0210,0.0,0.0,0.0,3.58,2.9,0.0
20150313:0310,0.0,0.0,0.0,3.1,2.48,0.0
20150313:0410,0.0,0.0,0.0,2.41,2.28,0.0
20150313:0510,0.0,0.0,0.0,1.9,2.21,0.0
20150313:0610,0.0,0.0,0.0,1.65,2.28,0.0
20150313:0710,2664.09,55.06,9.16,2.04,2.34,0.0
20150313:0810,18673.68,289.86,18.34,3.54,2.41,0.0
20150313:0910,37109.79,568.88,26.49,5.4,2.62,0.0
20150313:1010,44683.09,696.63,32.99,7.06,2.55,0.0
20150313:1110,48535.01,767.8,37.09,8.79,2.62,0.0
20150313:1210,47623.46,755.9,38.18,9.91,2.76,0.0
20150313:1310,36279.44,571.64,36.04,10.63,2.69,0.0
20150313:1410,24186.29,383.05,31.05,11.05,2.62,0.0
20150313:1510,12727.67,210.27,23.93,10.82,2.41,0.0
20150313:1610,6664.02,119.8,15.37,10.61,2.34,0.0
20150313:1710,1154.44,30.62,5.96,9.73,2.07,0.0
20150313:1810,0.0,0.0,0.0,8.46,2.34,0.0
20150313:1910,0.0,0.0,0.0,7.38,2.34,0.0
20150313:2010,0.0,0.0,0.0,6.57,2.48,0.0
20150313:2110,0.0,0.0,0.0,5.98,2.69,0.0
20150313:2210,0.0,0.0,0.0,5.46,2.76,0.0
20150313:2310,0.0,0.0,0.0,4.81,2.9,0.0
20150314:0010,0.0,0.0,0.0,4.21,2.9,0.0
20150314:0110,0.0,0.0,0.0,3.75,2.83,0.0
20150314:0210,0.0,0.0,0.0,3.46,2.62,0.0
20150314:0310,0.0,0.0,0.0,3.28,2.62,0.0
20150314:0410,0.0,0.0,0.0,3.27,2.76,0.0
20150314:0510,0.0,0.0,0.0,2.91,2.97,0.0
20150314:0610,0.0,0.0,0.0,2.56,3.1,0.0
20150314:0710,4002.21,76.68,9.51,3.22,3.38,0.0
20150314:0810,7232.51,123.91,18.7,4.0,3.31,0.0
20150314:0910,13174.72,210.81,26.87,5.25,4.28,0.0
20150314:1010,39697.98,604.95,33.38,6.05,4.41,0.0
20150314:1110,42944.98,659.27,37.49,7.44,4.83,0.0
20150314:1210,9910.26,165.97,38.57,8.44,5.24,0.0
20150314:1310,17598.93,279.8,36.4,9.11,4.97,0.0
20150314:1410,32749.33,506.55,31.38,9.79,4.9,0.0
20150314:1510,33872.65,525.9,24.22,9.94,4.76,0.0
20150314:1610,14405.82,239.57,15.64,9.62,3.86,0.0
20150314:1710,1301.68,33.17,6.22,9.13,3.31,0.0
20150314:1810,0.0,0.0,0.0,8.21,3.31,0.0
20150314:1910,0.0,0.0,0.0,7.57,3.86,0.0
20150314:2010,0.0,0.0,0.0,6.87,4.41,0.0
20150314:2110,0.0,0.0,0.0,6.23,4.34,0.0
20150314:2210,0.0,0.0,0.0,5.77,3.86,0.0
20150314:2310,0.0,0.0,0.0,5.34,3.38,0.0
20150315:0010,0.0,0.0,0.0,5.01,3.17,0.0
20150315:0110,0.0,0.0,0.0,4.7,3.03,0.0
20150315:0210,0.0,0.0,0.0,4.56,2.83,0.0
20150315:0310,0.0,0.0,0.0,4.32,2.69,0.0
20150315:0410,0.0,0.0,0.0,4.12,2.55,0.0
20150315:0510,0.0,0.0,0.0,3.86,2.41,0.0
20150315:0610,0.0,0.0,0.0,3.61,2.41,0.0
20150315:0710,1212.88,31.01,9.86,4.02,2.48,0.0
20150315:0810,11573.99,187.46,19.06,4.84,3.45,0.0
20150315:0910,7287.16,125.85,27.25,5.93,3.59,0.0
20150315:1010,13914.75,224.05,33.77,6.99,3.52,0.0
20150315:1110,18872.54,297.54,37.9,7.35,3.45,0.0
20150315:1210,10030.94,167.79,38.96,7.85,3.38,0.0
20150315:1310,9416.91,158.67,36.77,7.85,3.31,0.0
20150315:1410,8924.32,151.38,31.71,7.98,3.52,0.0
20150315:1510,5884.53,105.78,24.52,7.96,3.66,0.0
20150315:1610,7073.12,124.37,15.91,7.69,3.45,0.0
20150315:1710,1361.65,34.02,6.47,7.41,2.9,0.0
20150315:1810,0.0,0.0,0.0,6.69,2.55,0.0
20150315:1910,0.0,0.0,0.0,6.25,2.21,0.0
20150315:2010,0.0,0.0,0.0,5.81,2.28,0.0
20150315:2110,0.0,0.0,0.0,5.48,2.14,0.0
20150315:2210,0.0,0.0,0.0,5.25,2.0,0.0
20150315:2310,0.0,0.0,0.0,4.97,1.93,0.0
20150316:0010,0.0,0.0,0.0,4.6,2.0,0.0
20150316:0110,0.0,0.0,0.0,4.13,2.0,0.0
20150316:0210,0.0,0.0,0.0,3.43,2.0,0.0
20150316:0310,0.0,0.0,0.0,2.81,2.0,0.0
20150316:0410,0.0,0.0,0.0,1.99,2.0,0.0
20150316:0510,0.0,0.0,0.0,1.45,2.0,0.0
20150316:0610,0.0,0.0,0.0,0.73,1.93,0.0
20150316:0710,15117.76,249.31,10.21,0.97,1.24,0.0
20150316:0810,32237.77,497.92,19.42,3.55,1.17,0.0
20150316:0910,45280.42,712.04,27.62,5.32,1.1,0.0
20150316:1010,53488.25,864.75,34.17,7.15,1.1,0.0
20150316:1110,59798.57,994.4,38.3,8.86,1.03,0.0
20150316:1210,59711.29,1004.49,39.35,10.26,0.9,0.0
20150316:1310,57419.11,966.15,37.13,11.44,0.83,0.0
20150316:1410,48503.9,800.23,32.04,12.22,0.83,0.0
20150316:1510,35816.45,580.78,24.82,12.66,0.97,0.0
20150316:1610,19432.68,328.45,16.18,12.54,1.1,0.0
20150316:1710,1232.62,32.32,6.73,12.07,1.03,0.0
20150316:1810,0.0,0.0,0.0,11.02,1.86,0.0
20150316:1910,0.0,0.0,0.0,9.24,1.66,0.0
20150316:2010,0.0,0.0,0.0,7.38,1.86,0.0
20150316:2110,0.0,0.0,0.0,6.23,2.0,0.0
20150316:2210,0.0,0.0,0.0,5.61,2.21,0.0
20150316:2310,0.0,0.0,0.0,4.81,2.34,0.0
20150317:0010,0.0,0.0,0.0,4.16,2.28,0.0
20150317:0110,0.0,0.0,0.0,3.42,2.07,0.0
20150317:0210,0.0,0.0,0.0,2.64,1.93,0.0
20150317:0310,0.0,0.0,0.0,2.11,1.79,0.0
20150317:0410,0.0,0.0,0.0,1.75,1.66,0.0
20150317:0510,0.0,0.0,0.0,1.5,1.45,0.0
20150317:0610,0.0,0.0,0.0,1.17,1.38,0.0
20150317:0710,15095.75,250.56,10.56,2.59,0.9,0.0
20150317:0810,32217.27,507.56,19.79,5.53,0.28,0.0
20150317:0910,46281.54,753.18,28.0,9.11,0.41,0.0
20150317:1010,55530.72,931.71,34.56,11.94,0.83,0.0
20150317:1110,60474.84,1033.45,38.7,13.98,1.17,0.0
20150317:1210,57217.22,970.07,39.74,15.31,1.52,0.0
20150317:1310,56679.84,954.95,37.5,16.05,1.86,0.0
20150317:1410,48634.44,801.58,32.37,16.33,2.21,0.0
20150317:1510,35637.33,578.54,25.11,16.27,2.55,0.0
20150317:1610,19426.6,330.95,16.45,15.83,2.48,0.0
20150317:1710,3521.0,90.67,6.98,14.53,2.21,0.0
20150317:1810,0.0,0.0,0.0,12.37,2.62,0.0
20150317:1910,0.0,0.0,0.0,11.05,2.48,0.0
20150317:2010,0.0,0.0,0.0,9.72,2.48,0.0
20150317:2110,0.0,0.0,0.0,8.46,2.48,0.0
20150317:2210,0.0,0.0,0.0,7.49,2.48,0.0
20150317:2310,0.0,0.0,0.0,6.65,2.41,0.0
20150318:0010,0.0,0.0,0.0,5.84,2.34,0.0
20150318:0110,0.0,0.0,0.0,5.34,2.34,0.0
20150318:0210,0.0,0.0,0.0,4.98,2.41,0.0
20150318:0310,0.0,0.0,0.0,4.64,2.41,0.0
20150318:0410,0.0,0.0,0.0,4.44,2.48,0.0
20150318:0510,0.0,0.0,0.0,4.5,2.62,0.0
20150318:0610,0.0,0.0,0.0,4.52,2.83,0.0
20150318:0710,9356.95,160.92,10.91,5.4,2.55,0.0
20150318:0810,10173.64,169.32,20.15,7.59,2.97,0.0
20150318:0910,17816.77,283.99,28.38,9.76,3.38,0.0
20150318:1010,39420.94,621.32,34.96,11.77,3.52,0.0
20150318:1110,51873.86,836.37,39.1,13.39,3.52,0.0
20150318:1210,47363.88,764.31,40.14,14.75,3.59,0.0
20150318:1310,55250.65,902.13,37.86,15.59,3.72,0.0
20150318:1410,45542.28,732.71,32.7,15.92,4.0,0.0
20150318:1510,33007.39,527.89,25.4,15.73,4.34,0.0
20150318:1610,16582.63,280.09,16.72,15.02,4.48,0.0
20150318:1710,3265.98,80.9,7.24,13.77,4.28,0.0
20150318:1810,0.0,0.0,0.0,11.92,4.28,0.0
20150318:1910,0.0,0.0,0.0,9.88,4.69,0.0
20150318:2010,0.0,0.0,0.0,8.36,4.62,0.0
20150318:2110,0.0,0.0,0.0,7.05,4.48,0.0
20150318:2210,0.0,0.0,0.0,6.13,4.55,0.0
20150318:2310,0.0,0.0,0.0,5.57,4.69,0.0
20150319:0010,0.0,0.0,0.0,5.13,4.07,0.0
20150319:0110,0.0,0.0,0.0,4.67,4.28,0.0
20150319:0210,0.0,0.0,0.0,4.33,4.21,0.0
20150319:0310,0.0,0.0,0.0,4.21,4.14,0.0
20150319:0410,0.0,0.0,0.0,4.06,4.14,0.0
20150319:0510,0.0,0.0,0.0,3.94,4.21,0.0
20150319:0610,0.0,0.0,0.0,3.94,4.28,0.0
20150319:0710,5012.44,92.21,11.26,4.32,4.34,0.0
20150319:0810,7315.24,125.44,20.51,4.78,4.34,0.0
20150319:0910,6696.66,116.73,28.76,5.38,4.21,0.0
20150319:1010,5333.49,96.66,35.35,6.14,4.21,0.0
20150319:1110,5791.17,103.96,39.51,7.1,4.14,0.0
20150319:1210,3804.11,73.87,40.53,8.0,4.48,0.0
20150319:1310,4320.23,82.07,38.22,8.65,4.41,0.0
20150319:1410,4080.38,78.43,33.02,8.84,4.28,0.0
20150319:1510,5438.24,99.4,25.7,9.02,4.14,0.0
20150319:1610,5429.89,99.36,16.99,8.82,4.21,0.0
20150319:1710,2144.18,50.29,7.49,8.31,3.17,0.0
20150319:1810,0.0,0.0,0.0,7.86,3.03,0.0
20150319:1910,0.0,0.0,0.0,7.02,2.62,0.0
20150319:2010,0.0,0.0,0.0,6.9,2.55,0.0
20150319:2110,0.0,0.0,0.0,6.78,2.55,0.0
20150319:2210,0.0,0.0,0.0,6.62,2.62,0.0
20150319:2310,0.0,0.0,0.0,6.66,2.83,0.0
20150320:0010,0.0,0.0,0.0,6.67,3.1,0.0
20150320:0110,0.0,0.0,0.0,6.68,3.38,0.0
20150320:0210,0.0,0.0,0.0,6.57,3.52,0.0
20150320:0310,0.0,0.0,0.0,5.99,3.52,0.0
20150320:0410,0.0,0.0,0.0,5.73,3.66,0.0
20150320:0510,0.0,0.0,0.0,5.64,3.72,0.0
20150320:0610,0.0,0.0,0.0,5.4,3.66,0.0
20150320:0710,4036.36,77.16,11.62,5.3,4.48,0.0
20150320:0810,7325.11,126.23,20.88,6.17,4.9,0.0
20150320:0910,45224.26,692.96,29.14,7.08,4.55,0.0
20150320:1010,26316.81,408.3,35.75,8.43,4.28,0.0
20150320:1110,16131.03,260.37,39.91,10.27,3.93,0.0
20150320:1210,19821.28,317.82,40.92,11.76,3.66,0.0
20150320:1310,48968.4,783.43,38.59,12.88,3.59,0.0
20150320:1410,49423.04,791.12,33.35,13.46,3.59,0.0
20150320:1510,35371.68,562.53,25.99,13.67,3.66,0.0
20150320:1610,19242.93,322.23,17.25,13.46,3.72,0.0
20150320:1710,3645.48,88.63,7.74,12.66,3.03,0.0
20150320:1810,0.0,0.0,0.0,10.96,2.97,0.0
20150320:1910,0.0,0.0,0.0,8.28,3.17,0.0
20150320:2010,0.0,0.0,0.0,7.04,2.83,0.0
20150320:2110,0.0,0.0,0.0,6.05,2.55,0.0
20150320:2210,0.0,0.0,0.0,5.25,2.62,0.0
20150320:2310,0.0,0.0,0.0,4.68,2.62,0.0
20150321:0010,0.0,0.0,0.0,4.21,2.41,0.0
20150321:0110,0.0,0.0,0.0,3.79,2.28,0.0
20150321:0210,0.0,0.0,0.0,3.52,2.28,0.0
20150321:0310,0.0,0.0,0.0,3.54,2.76,0.0
20150321:0410,0.0,0.0,0.0,3.81,3.03,0.0
20150321:0510,0.0,0.0,0.0,3.92,2.76,0.0
20150321:0610,0.0,0.0,0.0,3.83,1.93,0.0
20150321:0710,11283.29,188.76,11.97,3.82,2.69,0.0
20150321:0810,4039.4,76.6,21.24,4.83,3.52,0.0
20150321:0910,6902.35,120.37,29.52,6.47,3.72,0.0
20150321:1010,8397.58,143.17,36.15,7.52,3.93,0.0
20150321:1110,28225.69,439.0,40.31,8.73,3.93,0.0
20150321:1210,9909.5,166.88,41.31,9.2,3.59,0.0
20150321:1310,5604.46,102.14,38.95,9.4,3.59,0.0
20150321:1410,5548.29,101.22,33.67,9.28,3.72,0.0
20150321:1510,4368.04,82.99,26.28,9.06,3.93,0.0
20150321:1610,4021.94,77.51,17.52,8.86,4.55,0.0
20150321:1710,2199.58,50.21,7.99,8.2,4.34,0.0
20150321:1810,0.0,0.0,0.0,7.46,4.48,0.0
20150321:1910,0.0,0.0,0.0,6.67,4.34,0.0
20150321:2010,0.0,0.0,0.0,6.41,4.34,0.0
20150321:2110,0.0,0.0,0.0,6.0,4.28,0.0
20150321:2210,0.0,0.0,0.0,5.55,4.28,0.0
20150321:2310,0.0,0.0,0.0,5.57,4.41,0.0
20150322:0010,0.0,0.0,0.0,5.57,4.55,0.0
20150322:0110,0.0,0.0,0.0,5.57,4.48,0.0
20150322:0210,0.0,0.0,0.0,5.52,4.34,0.0
20150322:0310,0.0,0.0,0.0,5.47,4.34,0.0
20150322:0410,0.0,0.0,0.0,5.43,4.34,0.0
20150322:0510,0.0,0.0,0.0,5.32,4.41,0.0
20150322:0610,36.43,6.8,2.56,5.29,4.48,0.0
20150322:0710,4680.75,87.15,12.32,5.49,5.1,0.0
20150322:0810,8325.47,140.79,21.61,6.09,5.79,0.0
20150322:0910,7510.31,129.49,29.9,7.0,5.31,0.0
20150322:1010,18885.44,297.05,36.54,7.84,4.97,0.0
20150322:1110,32432.07,499.33,40.71,8.62,5.59,0.0
20150322:1210,9586.17,161.41,41.7,8.91,5.66,0.0
20150322:1310,20629.62,324.89,39.31,9.62,5.79,0.0
20150322:1410,27269.35,424.0,34.0,10.39,5.86,0.0
20150322:1510,35417.98,549.43,26.57,10.28,5.38,0.0
20150322:1610,20830.76,341.45,17.78,10.05,5.31,0.0
20150322:1710,2038.67,46.96,8.24,9.42,4.07,0.0
20150322:1810,0.0,0.0,0.0,8.56,3.24,0.0
20150322:1910,0.0,0.0,0.0,7.02,3.17,0.0
20150322:2010,0.0,0.0,0.0,5.99,3.03,0.0
20150322:2110,0.0,0.0,0.0,5.09,2.9,0.0
20150322:2210,0.0,0.0,0.0,4.32,2.62,0.0
20150322:2310,0.0,0.0,0.0,3.58,2.48,0.0
20150323:0010,0.0,0.0,0.0,2.87,2.28,0.0
20150323:0110,0.0,0.0,0.0,2.15,2.07,0.0
20150323:0210,0.0,0.0,0.0,1.34,1.86,0.0
20150323:0310,0.0,0.0,0.0,0.67,1.66,0.0
20150323:0410,0.0,0.0,0.0,0.52,1.45,0.0
20150323:0510,0.0,0.0,0.0,0.21,1.38,0.0
20150323:0610,237.57,11.91,2.91,-0.21,1.38,0.0
20150323:0710,17359.09,282.59,12.68,1.37,0.76,0.0
20150323:0810,34453.29,536.84,21.97,4.46,0.83,0.0
20150323:0910,49015.46,784.82,30.28,7.01,0.97,0.0
20150323:1010,58197.84,960.26,36.94,9.15,1.17,0.0
20150323:1110,63138.17,1064.0,41.12,10.56,1.24,0.0
20150323:1210,59176.19,1009.48,42.09,11.47,0.62,0.0
20150323:1310,56376.24,968.93,39.67,12.01,0.14,0.0
20150323:1410,48730.84,813.66,34.32,12.28,0.34,0.0
20150323:1510,36614.92,594.27,26.85,12.41,0.9,0.0
20150323:1610,20441.39,343.84,18.05,12.28,1.45,0.0
20150323:1710,4122.89,100.02,8.49,11.61,1.86,0.0
20150323:1810,0.0,0.0,0.0,10.43,2.34,0.0
20150323:1910,0.0,0.0,0.0,8.52,2.55,0.0
20150323:2010,0.0,0.0,0.0,7.33,2.55,0.0
20150323:2110,0.0,0.0,0.0,6.36,2.48,0.0
20150323:2210,0.0,0.0,0.0,5.55,2.48,0.0
20150323:2310,0.0,0.0,0.0,4.88,2.55,0.0
20150324:0010,0.0,0.0,0.0,4.15,2.48,0.0
20150324:0110,0.0,0.0,0.0,3.89,2.41,0.0
20150324:0210,0.0,0.0,0.0,3.71,2.34,0.0
20150324:0310,0.0,0.0,0.0,3.72,2.21,0.0
20150324:0410,0.0,0.0,0.0,3.88,2.0,0.0
20150324:0510,0.0,0.0,0.0,3.84,1.59,0.0
20150324:0610,0.0,2.55,3.26,3.82,1.52,0.0
20150324:0710,9971.74,168.4,13.03,4.17,1.59,0.0
20150324:0810,19674.04,307.18,22.34,4.65,1.59,0.0
20150324:0910,18243.32,287.53,30.66,5.51,1.38,0.0
20150324:1010,16809.57,269.09,37.33,7.11,1.24,0.0
20150324:1110,25091.78,396.53,41.52,8.19,1.31,0.0
20150324:1210,9524.69,161.41,42.48,8.63,1.52,0.0
20150324:1310,9123.18,155.03,40.03,8.41,2.07,0.0
20150324:1410,7377.48,128.58,34.64,7.97,1.93,0.0
20150324:1510,3458.0,68.39,27.14,7.29,1.59,0.0
20150324:1610,3174.9,63.83,18.31,6.91,1.59,0.0
20150324:1710,2261.82,50.48,8.74,6.61,2.0,0.0
20150324:1810,0.0,0.0,0.0,6.11,2.21,0.0
20150324:1910,0.0,0.0,0.0,5.28,2.34,0.0
20150324:2010,0.0,0.0,0.0,5.16,2.28,0.0
20150324:2110,0.0,0.0,0.0,5.07,2.62,0.0
20150324:2210,0.0,0.0,0.0,4.93,2.9,0.0
20150324:2310,0.0,0.0,0.0,4.69,3.17,0.0
20150325:0010,0.0,0.0,0.0,4.46,3.52,0.0
20150325:0110,0.0,0.0,0.0,4.25,3.45,0.0
20150325:0210,0.0,0.0,0.0,4.11,3.38,0.0
20150325:0310,0.0,0.0,0.0,3.96,3.17,0.0
20150325:0410,0.0,0.0,0.0,3.71,3.1,0.0
20150325:0510,0.0,0.0,0.0,3.57,3.03,0.0
20150325:0610,385.57,15.31,3.61,3.36,2.9,0.0
20150325:0710,4043.95,76.75,13.38,4.13,2.76,0.0
20150325:0810,2071.31,45.6,22.7,4.89,4.07,0.0
20150325:0910,8027.18,136.79,31.04,6.08,4.28,0.0
20150325:1010,18830.79,295.94,37.73,6.95,4.0,0.0
20150325:1110,26469.37,411.04,41.92,8.04,4.21,0.0
20150325:1210,51260.58,802.69,42.87,8.82,4.21,0.0
20150325:1310,15716.61,252.98,40.39,9.2,4.14,0.0
20150325:1410,33467.35,519.52,34.96,9.51,4.14,0.0
20150325:1510,17128.35,273.68,27.42,9.48,4.0,0.0
20150325:1610,2299.77,50.16,18.57,9.26,3.93,0.0
20150325:1710,2141.9,48.47,8.99,8.66,3.45,0.0
20150325:1810,0.0,0.0,0.0,7.24,2.83,0.0
20150325:1910,0.0,0.0,0.0,5.73,2.48,0.0
20150325:2010,0.0,0.0,0.0,4.56,2.48,0.0
20150325:2110,0.0,0.0,0.0,3.54,2.41,0.0
20150325:2210,0.0,0.0,0.0,2.61,2.14,0.0
20150325:2310,0.0,0.0,0.0,1.53,1.93,0.0
20150326:0010,0.0,0.0,0.0,0.5,1.93,0.0
20150326:0110,0.0,0.0,0.0,-0.32,1.86,0.0
20150326:0210,0.0,0.0,0.0,-0.96,1.93,0.0
20150326:0310,0.0,0.0,0.0,-1.51,1.86,0.0
20150326:0410,0.0,0.0,0.0,-1.91,2.0,0.0
20150326:0510,0.0,0.0,0.0,-1.9,2.14,0.0
20150326:0610,522.95,17.86,3.95,-1.34,2.48,0.0
20150326:0710,15670.31,252.6,13.74,1.65,2.9,0.0
20150326:0810,20442.91,314.52,23.06,3.49,3.45,0.0
20150326:0910,8382.4,141.35,31.42,4.9,4.28,0.0
20150326:1010,15112.45,239.96,38.12,5.91,5.17,0.0
20150326:1110,19177.65,299.1,42.32,6.58,6.97,0.0
20150326:1210,11773.61,191.5,43.26,6.12,5.93,0.0
20150326:1310,9717.48,161.41,40.74,6.02,5.59,0.0
20150326:1410,6251.12,110.34,35.27,6.2,5.52,0.0
20150326:1510,5450.38,98.49,27.71,6.44,4.97,0.0
20150326:1610,8621.48,146.88,18.83,6.89,4.34,0.0
20150326:1710,3340.36,71.51,9.23,7.56,3.66,0.0
20150326:1810,0.0,0.0,0.0,7.96,3.17,0.0
20150326:1910,0.0,0.0,0.0,7.29,3.03,0.0
20150326:2010,0.0,0.0,0.0,7.05,3.17,0.0
20150326:2110,0.0,0.0,0.0,6.77,3.45,0.0
20150326:2210,0.0,0.0,0.0,6.42,3.66,0.0
20150326:2310,0.0,0.0,0.0,5.94,3.66,0.0
20150327:0010,0.0,0.0,0.0,5.3,3.52,0.0
20150327:0110,0.0,0.0,0.0,5.05,3.17,0.0
20150327:0210,0.0,0.0,0.0,4.36,3.03,0.0
20150327:0310,0.0,0.0,0.0,3.83,2.83,0.0
20150327:0410,0.0,0.0,0.0,3.14,2.83,0.0
20150327:0510,0.0,0.0,0.0,2.58,2.97,0.0
20150327:0610,470.58,17.01,4.3,2.13,2.76,0.0
20150327:0710,14878.68,242.18,14.09,3.36,2.48,0.0
20150327:0810,30237.8,464.99,23.42,5.33,2.62,0.0
20150327:0910,50070.47,783.21,31.8,7.29,2.83,0.0
20150327:1010,31541.0,491.72,38.52,8.82,3.03,0.0
20150327:1110,34613.44,542.12,42.72,9.94,3.38,0.0
20150327:1210,34547.4,542.66,43.65,10.38,3.31,0.0
20150327:1310,34638.48,544.12,41.1,10.69,3.38,0.0
20150327:1410,42379.52,668.19,35.59,10.79,3.17,0.0
20150327:1510,14293.49,233.54,27.99,10.79,3.17,0.0
20150327:1610,17074.46,283.37,19.08,10.82,2.69,0.0
20150327:1710,2534.3,55.59,9.48,10.34,1.72,0.0
20150327:1810,0.0,0.0,0.0,9.69,1.72,0.0
20150327:1910,0.0,0.0,0.0,8.8,2.07,0.0
20150327:2010,0.0,0.0,0.0,7.46,2.41,0.0
20150327:2110,0.0,0.0,0.0,6.84,2.62,0.0
20150327:2210,0.0,0.0,0.0,6.06,2.48,0.0
20150327:2310,0.0,0.0,0.0,5.23,2.34,0.0
20150328:0010,0.0,0.0,0.0,5.27,2.28,0.0
20150328:0110,0.0,0.0,0.0,5.55,2.41,0.0
20150328:0210,0.0,0.0,0.0,5.92,2.69,0.0
20150328:0310,0.0,0.0,0.0,6.53,2.97,0.0
20150328:0410,0.0,0.0,0.0,6.88,3.1,0.0
20150328:0510,0.0,0.0,0.0,7.12,3.24,0.0
20150328:0610,63.0,7.65,4.65,7.24,3.31,0.0
20150328:0710,5656.07,102.81,14.44,7.68,3.1,0.0
20150328:0810,7798.72,134.67,23.79,8.14,2.97,0.0
20150328:0910,7363.06,128.58,32.17,8.73,2.83,0.0
20150328:1010,11210.43,186.78,38.91,9.63,3.1,0.0
20150328:1110,7716.75,134.96,43.12,10.79,3.31,0.0
20150328:1210,24362.38,386.67,44.04,12.29,4.62,0.0
20150328:1310,4217.0,82.07,41.45,13.7,5.59,0.0
20150328:1410,43729.03,688.77,35.9,13.93,5.72,0.0
20150328:1510,27521.34,435.71,28.27,13.61,5.31,0.0
20150328:1610,8561.52,149.88,19.34,13.36,4.83,0.0
20150328:1710,3719.1,81.31,9.72,13.19,4.97,0.0
20150328:1810,0.0,0.0,0.0,12.53,5.1,0.0
20150328:1910,0.0,0.0,0.0,12.31,6.07,0.0
20150328:2010,0.0,0.0,0.0,11.82,6.28,0.0
20150328:2110,0.0,0.0,0.0,11.46,6.48,0.0
20150328:2210,0.0,0.0,0.0,11.22,6.14,0.0
20150328:2310,0.0,0.0,0.0,10.99,5.59,0.0
20150329:0010,0.0,0.0,0.0,10.73,5.38,0.0
20150329:0110,0.0,0.0,0.0,10.58,5.38,0.0
20150329:0210,0.0,0.0,0.0,10.29,5.17,0.0
20150329:0310,0.0,0.0,0.0,9.95,5.24,0.0
20150329:0410,0.0,0.0,0.0,9.66,5.31,0.0
20150329:0510,0.0,0.0,0.0,9.46,5.52,0.0
20150329:0610,0.0,3.4,4.99,9.29,5.72,0.0
20150329:0710,2244.36,49.24,14.79,9.43,5.93,0.0
20150329:0810,4964.62,92.1,24.15,9.24,6.34,0.0
20150329:0910,5259.87,96.66,32.55,9.45,6.97,0.0
20150329:1010,6819.62,120.37,39.3,9.72,7.38,0.0
20150329:1110,19668.73,311.01,43.52,10.28,7.52,0.0
20150329:1210,8947.09,153.2,44.42,11.31,7.45,0.0
20150329:1310,13164.86,217.44,41.8,12.62,6.97,0.0
20150329:1410,5718.31,104.87,36.22,12.55,8.83,0.0
20150329:1510,3388.94,68.39,28.55,12.24,8.0,0.0
20150329:1610,3792.72,74.78,19.59,12.09,8.14,0.0
20150329:1710,1366.2,34.65,9.96,12.1,8.28,0.0
20150329:1810,0.0,0.0,0.0,12.05,8.28,0.0
20150329:1910,0.0,0.0,0.0,10.94,8.14,0.0
20150329:2010,0.0,0.0,0.0,10.87,7.17,0.0
20150329:2110,0.0,0.0,0.0,10.8,6.97,0.0
20150329:2210,0.0,0.0,0.0,10.55,7.17,0.0
20150329:2310,0.0,0.0,0.0,10.32,7.31,0.0
20150330:0010,0.0,0.0,0.0,10.37,7.17,0.0
20150330:0110,0.0,0.0,0.0,10.39,7.24,0.0
20150330:0210,0.0,0.0,0.0,10.3,7.24,0.0
20150330:0310,0.0,0.0,0.0,10.14,6.55,0.0
20150330:0410,0.0,0.0,0.0,9.65,5.93,0.0
20150330:0510,0.0,0.0,0.0,8.77,5.38,0.0
20150330:0610,796.95,23.82,5.34,7.96,5.03,0.0
20150330:0710,15239.96,250.66,15.14,8.38,5.31,0.0
20150330:0810,29570.64,455.34,24.5,8.51,5.59,0.0
20150330:0910,41942.34,642.35,32.92,8.96,6.28,0.0
20150330:1010,59000.11,921.4,39.69,9.97,6.07,0.0
20150330:1110,55763.73,873.61,43.92,10.56,5.93,0.0
20150330:1210,47576.4,743.35,44.8,11.14,5.79,0.0
20150330:1310,27931.2,436.96,42.15,11.19,5.72,0.0
20150330:1410,20735.12,328.98,36.53,11.25,5.31,0.0
20150330:1510,11884.42,197.41,28.82,11.2,4.62,0.0
20150330:1610,6222.28,112.33,19.85,10.78,3.59,0.0
20150330:1710,3865.59,81.37,10.21,10.62,3.72,0.0
20150330:1810,0.0,0.0,0.0,10.2,4.14,0.0
20150330:1910,0.0,0.0,0.0,10.03,4.28,0.0
20150330:2010,0.0,0.0,0.0,10.16,5.03,0.0
20150330:2110,0.0,0.0,0.0,10.56,5.59,0.0
20150330:2210,0.0,0.0,0.0,11.19,6.69,0.0
20150330:2310,0.0,0.0,0.0,11.61,7.52,0.0
20150331:0010,0.0,0.0,0.0,11.8,7.86,0.0
20150331:0110,0.0,0.0,0.0,11.84,8.0,0.0
20150331:0210,0.0,0.0,0.0,11.47,7.93,0.0
20150331:0310,0.0,0.0,0.0,10.86,8.28,0.0
20150331:0410,0.0,0.0,0.0,10.66,8.41,0.0
20150331:0510,0.0,0.0,0.0,10.79,8.48,0.0
20150331:0610,779.49,24.26,5.68,11.04,8.41,0.0
20150331:0710,8408.2,146.15,15.48,10.78,8.41,0.0
20150331:0810,30112.57,464.71,24.86,10.75,8.34,0.0
20150331:0910,5526.28,101.22,33.3,10.78,7.93,0.0
20150331:1010,26432.18,410.76,40.08,11.08,8.9,0.0
20150331:1110,17825.12,284.39,44.31,11.3,9.79,0.0
20150331:1210,13338.67,218.61,45.19,11.64,9.52,0.0
20150331:1310,37147.74,574.3,42.5,11.84,8.55,0.0
20150331:1410,38261.19,591.66,36.84,12.25,8.34,0.0
20150331:1510,31430.95,488.85,29.1,12.25,8.21,0.0
20150331:1610,20727.53,340.05,20.1,11.73,7.86,0.0
20150331:1710,4897.83,117.37,10.45,11.04,6.97,0.0
20150331:1810,0.0,0.0,0.0,9.93,6.55,0.0
20150331:1910,0.0,0.0,0.0,9.17,6.28,0.0
20150331:2010,0.0,0.0,0.0,8.4,6.21,0.0
20150331:2110,0.0,0.0,0.0,7.99,6.34,0.0
20150331:2210,0.0,0.0,0.0,7.28,6.21,0.0
20150331:2310,0.0,0.0,0.0,6.99,6.0,0.0
20150401:0010,0.0,0.0,0.0,6.51,5.66,0.0
20150401:0110,0.0,0.0,0.0,6.35,5.59,0.0
20150401:0210,0.0,0.0,0.0,5.95,5.24,0.0
20150401:0310,0.0,0.0,0.0,5.58,4.83,0.0
20150401:0410,0.0,0.0,0.0,5.2,4.62,0.0
20150401:0510,0.0,0.0,0.0,4.99,4.55,0.0
20150401:0610,3020.82,74.95,6.03,4.76,4.55,0.0
20150401:0710,15850.96,257.01,15.83,5.55,4.14,0.0
20150401:0810,18319.98,285.32,25.22,6.22,6.48,0.0
20150401:0910,23154.81,356.6,33.67,7.13,6.83,0.0
20150401:1010,38442.59,588.08,40.47,8.33,6.41,0.0
20150401:1110,49753.97,767.94,44.71,9.42,6.76,0.0
20150401:1210,27037.1,420.46,45.57,9.74,6.28,0.0
20150401:1310,42649.73,659.4,42.85,10.17,6.28,0.0
20150401:1410,24252.33,379.21,37.14,10.26,6.0,0.0
20150401:1510,12065.06,198.91,29.37,10.29,6.21,0.0
20150401:1610,11775.89,196.8,20.35,9.96,5.52,0.0
20150401:1710,4057.61,83.97,10.69,9.3,4.62,0.0
20150401:1810,0.0,0.0,0.0,8.61,4.34,0.0
20150401:1910,0.0,0.0,0.0,7.92,3.72,0.0
20150401:2010,0.0,0.0,0.0,7.17,3.72,0.0
20150401:2110,0.0,0.0,0.0,6.84,3.93,0.0
20150401:2210,0.0,0.0,0.0,6.51,4.14,0.0
20150401:2310,0.0,0.0,0.0,6.26,4.48,0.0
20150402:0010,0.0,0.0,0.0,6.51,4.83,0.0
20150402:0110,0.0,0.0,0.0,6.62,5.31,0.0
20150402:0210,0.0,0.0,0.0,6.92,5.79,0.0
20150402:0310,0.0,0.0,0.0,7.3,6.14,0.0
20150402:0410,0.0,0.0,0.0,7.69,6.41,0.0
20150402:0510,0.0,0.0,0.0,7.98,6.55,0.0
20150402:0610,557.86,19.15,6.37,8.28,6.41,0.0
20150402:0710,6066.69,109.04,16.17,8.76,6.34,0.0
20150402:0810,9098.89,154.12,25.57,9.19,6.14,0.0
20150402:0910,8402.89,144.08,34.04,9.39,5.72,0.0
20150402:1010,8142.55,140.44,40.85,9.67,5.17,0.0
20150402:1110,6444.67,114.9,45.1,9.75,5.31,0.0
20150402:1210,5546.77,101.22,45.95,9.57,4.76,0.0
20150402:1310,4482.65,84.81,43.2,9.11,3.31,0.0
20150402:1410,5207.5,95.75,37.45,8.38,2.69,0.0
20150402:1510,7871.59,135.88,29.64,7.88,2.28,0.0
20150402:1610,4982.84,92.1,20.6,7.53,1.72,0.0
20150402:1710,3202.98,65.79,10.93,7.22,1.17,0.0
20150402:1810,0.0,0.0,0.0,7.12,0.83,0.0
20150402:1910,0.0,0.0,0.0,6.84,0.76,0.0
20150402:2010,0.0,0.0,0.0,6.86,0.41,0.0
20150402:2110,0.0,0.0,0.0,6.64,0.76,0.0
20150402:2210,0.0,0.0,0.0,6.51,1.17,0.0
20150402:2310,0.0,0.0,0.0,6.51,1.38,0.0
20150403:0010,0.0,0.0,0.0,6.39,1.66,0.0
20150403:0110,0.0,0.0,0.0,6.35,1.86,0.0
20150403:0210,0.0,0.0,0.0,6.28,2.0,0.0
20150403:0310,0.0,0.0,0.0,6.28,2.14,0.0
20150403:0410,0.0,0.0,0.0,6.4,2.21,0.0
20150403:0510,0.0,0.0,0.0,6.5,2.07,0.0
20150403:0610,82.73,8.21,6.71,6.76,1.79,0.0
20150403:0710,2934.29,60.19,16.52,7.75,1.86,0.0
20150403:0810,3612.84,71.13,25.93,8.64,2.83,0.0
20150403:0910,6262.51,112.17,34.41,9.03,2.28,0.0
20150403:1010,7508.79,131.32,41.24,9.57,2.41,0.0
20150403:1110,5834.43,105.78,45.49,9.33,2.28,0.0
20150403:1210,5924.75,107.61,46.32,10.43,2.48,0.0
20150403:1310,5846.58,106.7,43.54,11.07,2.48,0.0
20150403:1410,3738.08,73.87,37.75,11.35,3.24,0.0
20150403:1510,3912.64,76.6,29.91,11.25,3.24,0.0
20150403:1610,4617.0,87.54,20.85,10.86,2.83,0.0
20150403:1710,877.4,25.53,11.16,10.12,2.34,0.0
20150403:1810,0.0,0.0,0.0,9.44,2.07,0.0
20150403:1910,0.0,0.0,0.0,8.93,0.83,0.0
20150403:2010,0.0,0.0,0.0,8.63,0.76,0.0
20150403:2110,0.0,0.0,0.0,8.13,1.03,0.0
20150403:2210,0.0,0.0,0.0,7.94,1.1,0.0
20150403:2310,0.0,0.0,0.0,7.67,1.52,0.0
20150404:0010,0.0,0.0,0.0,7.63,1.66,0.0
20150404:0110,0.0,0.0,0.0,7.47,1.72,0.0
20150404:0210,0.0,0.0,0.0,7.56,1.72,0.0
20150404:0310,0.0,0.0,0.0,7.53,2.0,0.0
20150404:0410,0.0,0.0,0.0,7.41,2.48,0.0
20150404:0510,0.0,0.0,0.0,7.46,2.34,0.0
20150404:0610,1785.17,43.47,7.04,7.53,2.48,0.0
20150404:0710,5219.64,95.89,16.86,8.17,3.93,0.0
20150404:0810,6957.75,122.2,26.28,8.48,3.79,0.0
20150404:0910,8418.07,144.08,34.77,8.65,4.28,0.0
20150404:1010,5326.66,97.58,41.62,8.77,4.34,0.0
20150404:1110,6585.84,116.73,45.88,8.98,4.76,0.0
20150404:1210,10687.48,177.83,46.7,8.87,5.17,0.0
20150404:1310,4082.66,78.43,43.88,8.78,4.55,0.0
20150404:1410,8112.95,139.52,38.06,8.83,5.03,0.0
20150404:1510,5936.9,106.7,30.18,8.61,5.38,0.0
20150404:1610,4440.91,83.9,21.1,8.65,5.38,0.0
20150404:1710,2957.82,61.42,11.4,8.39,4.83,0.0
20150404:1810,0.0,0.0,0.0,7.78,4.76,0.0
20150404:1910,0.0,0.0,0.0,6.67,4.69,0.0
20150404:2010,0.0,0.0,0.0,6.04,4.55,0.0
20150404:2110,0.0,0.0,0.0,5.17,4.34,0.0
20150404:2210,0.0,0.0,0.0,4.4,4.28,0.0
20150404:2310,0.0,0.0,0.0,3.75,4.0,0.0
20150405:0010,0.0,0.0,0.0,3.15,3.66,0.0
20150405:0110,0.0,0.0,0.0,2.62,3.38,0.0
20150405:0210,0.0,0.0,0.0,2.11,3.38,0.0
20150405:0310,0.0,0.0,0.0,1.71,3.31,0.0
20150405:0410,0.0,0.0,0.0,1.37,3.24,0.0
20150405:0510,0.0,0.0,0.0,1.05,3.17,0.0
20150405:0610,4184.37,94.98,7.38,1.03,3.24,0.0
20150405:0710,21192.8,334.68,17.2,2.53,4.0,0.0
20150405:0810,38095.73,576.15,26.62,4.31,4.62,0.0
20150405:0910,39875.58,606.13,35.14,5.75,4.76,0.0
20150405:1010,38183.01,585.8,42.0,6.94,4.48,0.0
20150405:1110,57954.2,911.3,46.27,7.94,4.21,0.0
20150405:1210,56965.23,899.0,47.08,8.73,4.14,0.0
20150405:1310,36054.02,560.97,44.22,9.37,4.14,0.0
20150405:1410,24685.72,387.64,38.35,10.02,4.14,0.0
20150405:1510,17735.55,283.64,30.45,10.03,4.07,0.0
20150405:1610,18273.68,299.81,21.34,9.89,4.0,0.0
20150405:1710,4856.08,100.49,11.64,9.38,3.31,0.0
20150405:1810,0.0,0.0,0.0,8.67,3.1,0.0
20150405:1910,0.0,0.0,0.0,7.15,3.03,0.0
20150405:2010,0.0,0.0,0.0,6.31,3.1,0.0
20150405:2110,0.0,0.0,0.0,5.41,3.1,0.0
20150405:2210,0.0,0.0,0.0,4.77,3.1,0.0
20150405:2310,0.0,0.0,0.0,4.18,3.03,0.0
20150406:0010,0.0,0.0,0.0,3.6,2.97,0.0
20150406:0110,0.0,0.0,0.0,3.03,2.83,0.0
20150406:0210,0.0,0.0,0.0,2.46,2.69,0.0
20150406:0310,0.0,0.0,0.0,1.87,2.48,0.0
20150406:0410,0.0,0.0,0.0,1.32,2.41,0.0
20150406:0510,0.0,0.0,0.0,0.81,2.34,0.0
20150406:0610,4535.78,101.81,7.71,0.71,2.14,0.0
20150406:0710,20941.57,333.7,17.53,2.96,2.0,0.0
20150406:0810,37213.01,575.77,26.97,5.59,2.14,0.0
20150406:0910,50023.41,791.68,35.5,7.93,2.21,0.0
20150406:1010,58208.47,938.98,42.38,9.77,2.69,0.0
20150406:1110,61626.25,1003.79,46.66,10.79,2.97,0.0
20150406:1210,61686.21,1004.72,47.45,11.49,3.24,0.0
20150406:1310,58024.03,935.5,44.56,12.04,3.66,0.0
20150406:1410,42639.1,673.26,38.65,11.99,3.86,0.0
20150406:1510,17119.25,276.1,30.71,11.4,4.14,0.0
20150406:1610,10298.87,174.74,21.59,10.59,3.79,0.0
20150406:1710,2651.19,56.31,11.87,9.9,3.31,0.0
20150406:1810,0.0,0.0,0.0,9.23,2.9,0.0
20150406:1910,0.0,0.0,0.0,9.15,2.83,0.0
20150406:2010,0.0,0.0,0.0,8.12,2.76,0.0
20150406:2110,0.0,0.0,0.0,7.45,2.76,0.0
20150406:2210,0.0,0.0,0.0,6.6,2.83,0.0
20150406:2310,0.0,0.0,0.0,5.79,2.9,0.0
20150407:0010,0.0,0.0,0.0,5.02,2.9,0.0
20150407:0110,0.0,0.0,0.0,4.39,2.76,0.0
20150407:0210,0.0,0.0,0.0,3.75,2.62,0.0
20150407:0310,0.0,0.0,0.0,3.09,2.48,0.0
20150407:0410,0.0,0.0,0.0,2.45,2.41,0.0
20150407:0510,0.0,0.0,0.0,1.82,2.34,0.0
20150407:0610,4629.14,103.06,8.05,1.6,2.21,0.0
20150407:0710,21060.73,337.84,17.87,4.26,1.66,0.0
20150407:0810,37310.16,583.52,27.32,7.27,1.86,0.0
20150407:0910,48369.55,769.64,35.86,9.41,2.21,0.0
20150407:1010,56032.42,905.47,42.76,10.92,2.76,0.0
20150407:1110,61667.23,1014.05,47.04,11.94,2.76,0.0
20150407:1210,60987.93,1006.29,47.82,12.79,2.76,0.0
20150407:1310,56683.64,929.21,44.9,13.41,2.76,0.0
20150407:1410,48621.54,787.16,38.95,13.76,2.69,0.0
20150407:1510,36598.98,587.95,30.98,13.84,2.62,0.0
20150407:1610,20398.88,342.85,21.83,13.63,2.41,0.0
20150407:1710,5255.32,116.32,12.11,13.07,1.93,0.0
20150407:1810,0.0,0.0,0.0,11.69,2.0,0.0
20150407:1910,0.0,0.0,0.0,9.83,2.55,0.0
20150407:2010,0.0,0.0,0.0,8.23,2.48,0.0
20150407:2110,0.0,0.0,0.0,6.83,2.34,0.0
20150407:2210,0.0,0.0,0.0,5.4,2.14,0.0
20150407:2310,0.0,0.0,0.0,4.1,1.93,0.0
20150408:0010,0.0,0.0,0.0,3.68,1.72,0.0
20150408:0110,0.0,0.0,0.0,3.26,1.59,0.0
20150408:0210,0.0,0.0,0.0,2.59,1.66,0.0
20150408:0310,0.0,0.0,0.0,1.87,1.72,0.0
20150408:0410,0.0,0.0,0.0,1.47,1.66,0.0
20150408:0510,0.0,0.0,0.0,1.18,1.59,0.0
20150408:0610,4866.71,106.62,8.38,1.47,1.38,0.0
20150408:0710,16386.05,265.41,18.2,4.55,0.83,0.0
20150408:0810,29244.27,461.92,27.66,8.23,0.97,0.0
20150408:0910,47221.19,767.48,36.22,10.86,1.17,0.0
20150408:1010,56664.66,942.6,43.13,12.78,1.66,0.0
20150408:1110,60368.58,1015.6,47.42,13.89,1.93,0.0
20150408:1210,58143.2,977.9,48.19,14.68,1.93,0.0
20150408:1310,56309.45,944.04,45.23,15.24,1.93,0.0
20150408:1410,48420.41,799.87,39.24,15.59,1.86,0.0
20150408:1510,36014.55,588.64,31.24,15.69,1.72,0.0
20150408:1610,20325.26,346.32,22.07,15.53,1.59,0.0
20150408:1710,5259.87,122.72,12.34,15.07,1.38,0.0
20150408:1810,0.0,0.0,0.0,13.85,1.79,0.0
20150408:1910,0.0,0.0,0.0,11.45,2.48,0.0
20150408:2010,0.0,0.0,0.0,9.79,2.48,0.0
20150408:2110,0.0,0.0,0.0,8.37,2.41,0.0
20150408:2210,0.0,0.0,0.0,7.07,2.28,0.0
20150408:2310,0.0,0.0,0.0,5.86,2.21,0.0
20150409:0010,0.0,0.0,0.0,4.82,2.14,0.0
20150409:0110,0.0,0.0,0.0,3.97,2.0,0.0
20150409:0210,0.0,0.0,0.0,3.41,1.93,0.0
20150409:0310,0.0,0.0,0.0,2.95,1.86,0.0
20150409:0410,0.0,0.0,0.0,2.63,1.72,0.0
20150409:0510,0.0,0.0,0.0,2.3,1.66,0.0
20150409:0610,5078.47,110.36,8.7,2.25,1.52,0.0
20150409:0710,21335.49,345.46,18.53,5.52,0.83,0.0
20150409:0810,37085.5,590.86,28.0,8.99,0.97,0.0
20150409:0910,49061.76,805.96,36.57,11.79,1.03,0.0
20150409:1010,56181.94,952.57,43.5,14.27,1.1,0.0
20150409:1110,59573.91,1031.41,47.8,16.28,1.17,0.0
20150409:1210,59348.49,1031.6,48.55,17.66,1.31,0.0
20150409:1310,54815.74,944.49,45.56,18.53,1.31,0.0
20150409:1410,45637.91,772.09,39.53,19.04,1.24,0.0
20150409:1510,33825.59,564.96,31.5,19.27,1.24,0.0
20150409:1610,19176.89,332.49,22.31,19.13,1.38,0.0
20150409:1710,5288.71,117.26,12.57,18.45,1.45,0.0
20150409:1810,56.92,7.65,2.73,16.74,2.21,0.0
20150409:1910,0.0,0.0,0.0,14.23,1.79,0.0
20150409:2010,0.0,0.0,0.0,11.36,2.21,0.0
20150409:2110,0.0,0.0,0.0,9.36,2.28,0.0
20150409:2210,0.0,0.0,0.0,7.86,2.28,0.0
20150409:2310,0.0,0.0,0.0,6.8,2.28,0.0
20150410:0010,0.0,0.0,0.0,6.03,2.21,0.0
20150410:0110,0.0,0.0,0.0,5.44,2.21,0.0
20150410:0210,0.0,0.0,0.0,4.94,2.21,0.0
20150410:0310,0.0,0.0,0.0,4.52,2.21,0.0
20150410:0410,0.0,0.0,0.0,4.01,2.14,0.0
20150410:0510,0.0,0.0,0.0,3.63,2.07,0.0
20150410:0610,5013.2,107.89,9.03,3.92,1.93,0.0
20150410:0710,19245.96,313.15,18.86,7.69,1.59,0.0
20150410:0810,33148.57,527.25,28.33,11.21,1.86,0.0
20150410:0910,45345.7,738.35,36.92,13.75,1.86,0.0
20150410:1010,52941.77,885.97,43.87,15.88,1.86,0.0
20150410:1110,55071.52,929.64,48.18,17.58,2.28,0.0
20150410:1210,54074.2,907.32,48.92,18.65,2.97,0.0
20150410:1310,44453.11,733.03,45.89,19.17,3.45,0.0
20150410:1410,45709.26,752.06,39.82,19.42,3.66,0.0
20150410:1510,36270.33,594.12,31.76,19.41,3.66,0.0
20150410:1610,20702.48,355.19,22.55,19.09,3.93,0.0
20150410:1710,5352.47,124.42,12.8,18.32,3.86,0.0
20150410:1810,177.61,11.06,2.96,16.65,3.59,0.0
20150410:1910,0.0,0.0,0.0,15.27,3.66,0.0
20150410:2010,0.0,0.0,0.0,14.1,4.0,0.0
20150410:2110,0.0,0.0,0.0,13.09,3.93,0.0
20150410:2210,0.0,0.0,0.0,12.15,3.86,0.0
20150410:2310,0.0,0.0,0.0,11.48,3.52,0.0
20150411:0010,0.0,0.0,0.0,10.93,3.52,0.0
20150411:0110,0.0,0.0,0.0,10.55,4.21,0.0
20150411:0210,0.0,0.0,0.0,10.58,4.34,0.0
20150411:0310,0.0,0.0,0.0,10.48,4.28,0.0
20150411:0410,0.0,0.0,0.0,10.34,4.34,0.0
20150411:0510,0.0,0.0,0.0,10.28,4.48,0.0
20150411:0610,462.99,17.33,9.35,10.37,4.48,0.0
20150411:0710,1849.68,42.86,19.18,10.71,4.97,0.0
20150411:0810,6520.57,116.73,28.67,11.23,5.66,0.0
20150411:0910,8182.78,142.26,37.27,12.01,6.34,0.0
20150411:1010,11077.6,186.03,44.24,12.08,5.66,0.0
20150411:1110,17435.75,282.43,48.56,12.62,5.17,0.0
20150411:1210,7649.96,134.96,49.28,13.13,5.24,0.0
20150411:1310,12701.11,212.48,46.22,14.25,5.52,0.0
20150411:1410,6877.3,124.02,40.11,14.86,5.52,0.0
20150411:1510,3298.61,67.48,32.01,14.01,5.59,0.0
20150411:1610,10560.73,180.33,22.78,12.9,4.07,0.0
20150411:1710,3995.38,79.89,13.03,12.2,2.9,0.0
20150411:1810,33.4,6.8,3.19,11.64,2.0,0.0
20150411:1910,0.0,0.0,0.0,10.87,1.72,0.0
20150411:2010,0.0,0.0,0.0,10.51,1.66,0.0
20150411:2110,0.0,0.0,0.0,9.97,1.59,0.0
20150411:2210,0.0,0.0,0.0,9.23,1.72,0.0
20150411:2310,0.0,0.0,0.0,8.62,1.72,0.0
20150412:0010,0.0,0.0,0.0,7.61,1.86,0.0
20150412:0110,0.0,0.0,0.0,6.74,1.52,0.0
20150412:0210,0.0,0.0,0.0,6.07,1.03,0.0
20150412:0310,0.0,0.0,0.0,5.61,1.03,0.0
20150412:0410,0.0,0.0,0.0,5.05,1.24,0.0
20150412:0510,0.0,0.0,0.0,4.93,1.31,0.0
20150412:0610,5174.1,108.24,9.67,4.73,1.52,0.0
20150412:0710,20353.34,331.34,19.5,7.7,1.1,0.0
20150412:0810,36051.74,572.85,29.0,9.65,1.38,0.0
20150412:0910,49489.08,802.38,37.62,11.54,1.79,0.0
20150412:1010,57422.14,951.1,44.6,13.7,2.28,0.0
20150412:1110,46932.01,762.21,48.93,15.49,3.52,0.0
20150412:1210,34047.98,548.95,49.64,16.06,3.79,0.0
20150412:1310,40157.93,647.21,46.54,16.47,4.28,0.0
20150412:1410,39794.37,640.73,40.4,16.94,4.41,0.0
20150412:1510,36661.98,592.5,32.27,17.04,4.0,0.0
20150412:1610,20871.74,355.08,23.02,17.03,3.52,0.0
20150412:1710,5466.32,129.77,13.26,16.59,2.69,0.0
20150412:1810,320.3,14.46,3.42,15.19,2.21,0.0
20150412:1910,0.0,0.0,0.0,13.39,2.41,0.0
20150412:2010,0.0,0.0,0.0,11.73,2.34,0.0
20150412:2110,0.0,0.0,0.0,10.29,2.28,0.0
20150412:2210,0.0,0.0,0.0,9.0,2.34,0.0
20150412:2310,0.0,0.0,0.0,7.92,2.28,0.0
20150413:0010,0.0,0.0,0.0,6.88,2.14,0.0
20150413:0110,0.0,0.0,0.0,5.94,2.14,0.0
20150413:0210,0.0,0.0,0.0,5.38,2.28,0.0
20150413:0310,0.0,0.0,0.0,4.82,2.07,0.0
20150413:0410,0.0,0.0,0.0,4.15,1.72,0.0
20150413:0510,0.0,0.0,0.0,3.95,1.59,0.0
20150413:0610,6094.77,130.74,9.99,4.35,1.31,0.0
20150413:0710,21607.21,352.92,19.82,8.02,0.76,0.0
20150413:0810,37871.06,608.08,29.33,10.57,1.03,0.0
20150413:0910,49271.24,809.87,37.96,12.25,1.17,0.0
20150413:1010,56633.54,959.62,44.96,13.92,1.1,0.0
20150413:1110,60127.98,1044.6,49.3,15.3,0.9,0.0
20150413:1210,59147.35,1035.15,49.99,16.35,0.76,0.0
20150413:1310,54771.72,954.56,46.86,17.2,0.55,0.0
20150413:1410,46132.02,786.72,40.68,17.54,0.48,0.0
20150413:1510,35357.26,593.24,32.52,17.75,0.48,0.0
20150413:1610,20163.59,349.9,23.25,17.68,0.48,0.0
20150413:1710,5519.45,129.05,13.48,17.42,0.62,0.0
20150413:1810,392.4,16.16,3.65,16.65,1.1,0.0
20150413:1910,0.0,0.0,0.0,15.16,0.97,0.0
20150413:2010,0.0,0.0,0.0,13.46,1.24,0.0
20150413:2110,0.0,0.0,0.0,11.72,1.45,0.0
20150413:2210,0.0,0.0,0.0,9.68,1.93,0.0
20150413:2310,0.0,0.0,0.0,8.59,2.21,0.0
20150414:0010,0.0,0.0,0.0,8.13,2.34,0.0
20150414:0110,0.0,0.0,0.0,7.77,2.34,0.0
20150414:0210,0.0,0.0,0.0,7.39,2.34,0.0
20150414:0310,0.0,0.0,0.0,6.92,2.28,0.0
20150414:0410,0.0,0.0,0.0,6.41,2.14,0.0
20150414:0510,0.0,0.0,0.0,5.85,2.0,0.0
20150414:0610,6062.13,128.5,10.3,6.19,1.59,0.0
20150414:0710,21667.93,355.95,20.14,10.31,1.38,0.0
20150414:0810,36599.74,593.23,29.65,13.57,1.38,0.0
20150414:0910,47483.04,794.57,38.3,16.19,1.17,0.0
20150414:1010,54714.03,947.97,45.32,18.38,1.03,0.0
20150414:1110,57995.19,1023.51,49.67,19.95,1.1,0.0
20150414:1210,58124.22,1022.32,50.35,21.05,1.52,0.0
20150414:1310,54474.95,942.38,47.18,21.78,2.0,0.0
20150414:1410,47538.45,808.04,40.96,22.17,2.21,0.0
20150414:1510,35965.22,604.44,32.77,22.31,2.28,0.0
20150414:1610,20680.47,363.17,23.49,22.13,2.21,0.0
20150414:1710,5308.45,131.99,13.71,21.44,1.72,0.0
20150414:1810,384.81,16.16,3.88,19.79,2.28,0.0
20150414:1910,0.0,0.0,0.0,17.56,1.93,0.0
20150414:2010,0.0,0.0,0.0,14.84,2.41,0.0
20150414:2110,0.0,0.0,0.0,12.92,2.48,0.0
20150414:2210,0.0,0.0,0.0,11.7,2.48,0.0
20150414:2310,0.0,0.0,0.0,10.75,2.48,0.0
20150415:0010,0.0,0.0,0.0,10.08,2.55,0.0
20150415:0110,0.0,0.0,0.0,9.46,2.55,0.0
20150415:0210,0.0,0.0,0.0,8.87,2.55,0.0
20150415:0310,0.0,0.0,0.0,8.25,2.41,0.0
20150415:0410,0.0,0.0,0.0,7.62,2.34,0.0
20150415:0510,0.0,0.0,0.0,7.03,2.34,0.0
20150415:0610,6487.93,139.48,10.61,7.36,2.0,0.0
20150415:0710,23006.81,378.89,20.45,11.36,1.72,0.0
20150415:0810,38172.39,617.68,29.97,14.37,2.0,0.0
20150415:0910,49366.12,815.13,38.64,16.72,2.41,0.0
20150415:1010,55167.92,929.37,45.68,18.71,2.69,0.0
20150415:1110,57638.46,988.09,50.03,20.44,2.62,0.0
20150415:1210,45873.2,776.85,50.7,21.77,2.55,0.0
20150415:1310,47826.87,817.22,47.5,22.86,2.41,0.0
20150415:1410,46735.42,798.35,41.24,23.48,2.28,0.0
20150415:1510,35462.0,601.23,33.02,23.7,2.07,0.0
20150415:1610,20623.55,366.02,23.72,23.65,1.72,0.0
20150415:1710,5320.59,132.84,13.93,23.13,0.97,0.0
20150415:1810,453.12,17.86,4.11,22.51,0.41,0.0
20150415:1910,0.0,0.0,0.0,18.02,2.28,0.0
20150415:2010,0.0,0.0,0.0,15.61,2.62,0.0
20150415:2110,0.0,0.0,0.0,14.1,2.62,0.0
20150415:2210,0.0,0.0,0.0,12.78,2.48,0.0
20150415:2310,0.0,0.0,0.0,11.61,2.41,0.0
20150416:0010,0.0,0.0,0.0,10.68,2.34,0.0
20150416:0110,0.0,0.0,0.0,10.0,2.21,0.0
20150416:0210,0.0,0.0,0.0,9.64,2.14,0.0
20150416:0310,0.0,0.0,0.0,9.19,2.07,0.0
20150416:0410,0.0,0.0,0.0,9.02,1.86,0.0
20150416:0510,0.0,0.0,0.0,9.05,1.66,0.0
20150416:0610,6289.07,132.18,10.92,9.44,1.38,0.0
20150416:0710,19030.41,316.18,20.76,12.6,1.17,0.0
20150416:0810,32201.33,524.43,30.29,15.14,1.38,0.0
20150416:0910,41814.83,693.27,38.97,17.16,1.52,0.0
20150416:1010,50350.54,855.09,46.03,18.99,1.72,0.0
20150416:1110,52534.94,901.49,50.39,20.35,1.93,0.0
20150416:1210,34745.5,582.65,51.05,21.27,2.07,0.0
20150416:1310,24949.85,418.39,47.82,21.71,2.28,0.0
20150416:1410,27359.67,456.45,41.52,21.63,2.48,0.0
20150416:1510,16345.06,277.69,33.26,21.15,2.69,0.0
20150416:1610,9187.7,164.67,23.94,20.55,2.62,0.0
20150416:1710,5288.71,107.17,14.16,19.74,2.28,0.0
20150416:1810,544.2,19.56,4.34,18.23,2.14,0.0
20150416:1910,0.0,0.0,0.0,16.95,2.14,0.0
20150416:2010,0.0,0.0,0.0,15.72,2.0,0.0
20150416:2110,0.0,0.0,0.0,14.65,1.86,0.0
20150416:2210,0.0,0.0,0.0,13.58,1.72,0.0
20150416:2310,0.0,0.0,0.0,12.52,1.66,0.0
20150417:0010,0.0,0.0,0.0,12.28,1.38,0.0
20150417:0110,0.0,0.0,0.0,13.11,0.76,0.0
20150417:0210,0.0,0.0,0.0,12.83,0.41,0.0
20150417:0310,0.0,0.0,0.0,11.71,0.9,0.0
20150417:0410,0.0,0.0,0.0,10.86,1.03,0.0
20150417:0510,0.0,0.0,0.0,10.38,1.03,0.0
20150417:0610,4098.6,82.45,11.22,10.04,1.24,0.0
20150417:0710,18727.57,309.13,21.06,12.29,2.07,0.0
20150417:0810,30092.07,481.62,30.6,13.42,2.41,0.0
20150417:0910,41112.75,664.88,39.3,14.52,2.41,0.0
20150417:1010,53293.94,878.89,46.38,15.08,2.62,0.0
20150417:1110,46077.37,756.77,50.75,15.99,2.62,0.0
20150417:1210,61457.75,1037.94,51.4,16.85,2.76,0.0
20150417:1310,56631.27,943.91,48.13,17.71,3.24,0.0
20150417:1410,42229.24,686.13,41.79,17.79,3.93,0.0
20150417:1510,36083.62,579.83,33.51,17.05,5.1,0.0
20150417:1610,9854.86,171.25,24.17,16.06,5.24,0.0
20150417:1710,5971.81,119.93,14.38,15.19,4.97,0.0
20150417:1810,683.1,22.11,4.56,14.28,4.41,0.0
20150417:1910,0.0,0.0,0.0,13.64,4.28,0.0
20150417:2010,0.0,0.0,0.0,12.46,4.34,0.0
20150417:2110,0.0,0.0,0.0,11.66,4.41,0.0
20150417:2210,0.0,0.0,0.0,10.83,4.41,0.0
20150417:2310,0.0,0.0,0.0,10.14,4.34,0.0
20150418:0010,0.0,0.0,0.0,9.38,4.28,0.0
20150418:0110,0.0,0.0,0.0,8.77,4.28,0.0
20150418:0210,0.0,0.0,0.0,8.26,4.21,0.0
20150418:0310,0.0,0.0,0.0,7.85,4.34,0.0
20150418:0410,0.0,0.0,0.0,7.52,4.41,0.0
20150418:0510,0.0,0.0,0.0,7.24,4.41,0.0
20150418:0610,6244.29,125.12,11.52,7.25,4.34,0.0
20150418:0710,22905.86,366.42,21.37,8.15,4.21,0.0
20150418:0810,39063.45,604.77,30.91,9.69,5.03,0.0
20150418:0910,48196.5,752.63,39.63,11.28,5.52,0.0
20150418:1010,61293.04,974.04,46.72,12.55,5.93,0.0
20150418:1110,65387.85,1050.16,51.11,13.48,6.07,0.0
20150418:1210,64937.76,1045.81,51.74,14.25,6.14,0.0
20150418:1310,60286.61,963.73,48.44,14.35,6.21,0.0
20150418:1410,51448.06,815.42,42.06,15.06,6.41,0.0
20150418:1510,38772.0,614.15,33.75,15.18,6.28,0.0
20150418:1610,21956.35,367.7,24.4,15.03,6.0,0.0
20150418:1710,5757.77,136.14,14.6,14.53,5.31,0.0
20150418:1810,644.39,21.26,4.79,13.41,4.83,0.0
20150418:1910,0.0,0.0,0.0,12.21,4.62,0.0
20150418:2010,0.0,0.0,0.0,11.21,4.48,0.0
20150418:2110,0.0,0.0,0.0,10.3,4.14,0.0
20150418:2210,0.0,0.0,0.0,9.38,3.72,0.0
20150418:2310,0.0,0.0,0.0,8.48,3.59,0.0
20150419:0010,0.0,0.0,0.0,7.77,3.72,0.0
20150419:0110,0.0,0.0,0.0,7.2,3.72,0.0
20150419:0210,0.0,0.0,0.0,6.7,3.59,0.0
20150419:0310,0.0,0.0,0.0,6.17,3.45,0.0
20150419:0410,0.0,0.0,0.0,5.64,3.38,0.0
20150419:0510,0.0,0.0,0.0,5.19,3.38,0.0
20150419:0610,7369.13,152.96,11.82,5.61,3.45,0.0
20150419:0710,24321.4,388.2,21.66,7.49,3.79,0.0
20150419:0810,40434.97,628.2,31.22,9.5,4.28,0.0
20150419:0910,53265.86,839.66,39.95,11.35,4.69,0.0
20150419:1010,61205.76,982.34,47.06,12.92,4.97,0.0
20150419:1110,65488.04,1064.47,51.46,14.11,5.1,0.0
20150419:1210,64515.0,1052.4,52.08,15.06,5.1,0.0
20150419:1310,59731.02,970.04,48.74,15.71,5.03,0.0
20150419:1410,51071.59,821.22,42.33,16.11,4.97,0.0
20150419:1510,37934.82,607.58,33.99,16.19,4.97,0.0
20150419:1610,21848.57,368.65,24.62,15.96,4.9,0.0
20150419:1710,5797.24,136.4,14.82,15.45,4.34,0.0
20150419:1810,768.87,23.82,5.01,14.28,3.66,0.0
20150419:1910,0.0,0.0,0.0,12.78,3.59,0.0
20150419:2010,0.0,0.0,0.0,11.52,3.52,0.0
20150419:2110,0.0,0.0,0.0,10.55,3.45,0.0
20150419:2210,0.0,0.0,0.0,9.8,3.45,0.0
20150419:2310,0.0,0.0,0.0,9.16,3.24,0.0
20150420:0010,0.0,0.0,0.0,8.6,3.03,0.0
20150420:0110,0.0,0.0,0.0,8.02,2.83,0.0
20150420:0210,0.0,0.0,0.0,7.35,2.55,0.0
20150420:0310,0.0,0.0,0.0,6.6,2.55,0.0
20150420:0410,0.0,0.0,0.0,6.04,2.69,0.0
20150420:0510,0.0,0.0,0.0,5.72,2.83,0.0
20150420:0610,7484.5,155.08,12.11,6.5,2.55,0.0
20150420:0710,24227.28,392.01,21.96,9.09,2.34,0.0
20150420:0810,39657.75,630.61,31.52,11.56,2.48,0.0
20150420:0910,51844.25,841.69,40.27,13.8,2.83,0.0
20150420:1010,59248.3,982.88,47.4,15.87,3.17,0.0
20150420:1110,62459.63,1051.22,51.81,17.6,3.38,0.0
20150420:1210,62180.32,1046.69,52.42,18.78,3.79,0.0
20150420:1310,56622.16,944.56,49.05,19.29,3.86,0.0
20150420:1410,45562.01,749.33,42.6,19.48,3.79,0.0
20150420:1510,31741.38,519.1,34.23,19.3,3.93,0.0
20150420:1610,21442.51,367.88,24.84,18.77,3.86,0.0
20150420:1710,5823.81,137.73,15.04,18.08,3.17,0.0
20150420:1810,715.74,22.96,5.24,16.64,2.76,0.0
20150420:1910,0.0,0.0,0.0,14.85,3.1,0.0
20150420:2010,0.0,0.0,0.0,13.45,3.31,0.0
20150420:2110,0.0,0.0,0.0,12.45,3.45,0.0
20150420:2210,0.0,0.0,0.0,11.58,3.24,0.0
20150420:2310,0.0,0.0,0.0,10.71,3.1,0.0
20150421:0010,0.0,0.0,0.0,9.89,2.97,0.0
20150421:0110,0.0,0.0,0.0,9.17,2.97,0.0
20150421:0210,0.0,0.0,0.0,8.52,2.97,0.0
20150421:0310,0.0,0.0,0.0,7.97,2.97,0.0
20150421:0410,0.0,0.0,0.0,7.49,2.97,0.0
20150421:0510,124.48,9.36,2.68,7.08,2.9,0.0
20150421:0610,7580.89,155.54,12.4,7.69,2.55,0.0
20150421:0710,23812.11,386.58,22.25,10.19,2.55,0.0
20150421:0810,39508.23,629.64,31.82,12.52,2.76,0.0
20150421:0910,51808.58,843.63,40.58,14.69,2.97,0.0
20150421:1010,59510.15,990.87,47.73,16.65,3.24,0.0
20150421:1110,63510.08,1071.43,52.15,18.28,3.59,0.0
20150421:1210,63190.54,1066.43,52.75,19.33,3.93,0.0
20150421:1310,58584.17,982.3,49.35,19.95,3.93,0.0
20150421:1410,49979.39,826.24,42.86,20.31,4.07,0.0
20150421:1510,37023.26,607.94,34.47,20.36,4.14,0.0
20150421:1610,21302.85,367.2,25.07,20.07,4.21,0.0
20150421:1710,5864.03,138.15,15.25,19.47,3.66,0.0
20150421:1810,838.7,25.52,5.46,18.02,3.17,0.0
20150421:1910,0.0,0.0,0.0,16.35,3.86,0.0
20150421:2010,0.0,0.0,0.0,15.05,4.14,0.0
20150421:2110,0.0,0.0,0.0,14.01,4.14,0.0
20150421:2210,0.0,0.0,0.0,13.08,3.93,0.0
20150421:2310,0.0,0.0,0.0,12.17,3.86,0.0
20150422:0010,0.0,0.0,0.0,11.33,3.86,0.0
20150422:0110,0.0,0.0,0.0,10.49,3.79,0.0
20150422:0210,0.0,0.0,0.0,9.75,3.45,0.0
20150422:0310,0.0,0.0,0.0,9.04,3.24,0.0
20150422:0410,0.0,0.0,0.0,8.36,3.24,0.0
20150422:0510,156.35,10.21,2.97,7.74,3.45,0.0
20150422:0610,7742.56,158.58,12.68,8.13,3.31,0.0
20150422:0710,24499.0,394.93,22.53,10.12,3.93,0.0
20150422:0810,40141.23,632.0,32.11,12.08,4.14,0.0
20150422:0910,52353.54,839.77,40.89,14.12,4.21,0.0
20150422:1010,60200.84,985.32,48.06,16.0,4.48,0.0
20150422:1110,64414.05,1065.81,52.49,17.36,4.9,0.0
20150422:1210,64027.72,1060.86,53.08,18.27,5.17,0.0
20150422:1310,59231.6,975.9,49.65,18.87,5.17,0.0
20150422:1410,50676.15,826.74,43.12,19.16,5.03,0.0
20150422:1510,37486.25,608.71,34.7,19.02,4.97,0.0
20150422:1610,21755.22,371.55,25.29,18.44,4.83,0.0
20150422:1710,5794.96,139.55,15.47,17.51,4.28,0.0
20150422:1810,936.61,27.22,5.68,16.04,4.07,0.0
20150422:1910,0.0,0.0,0.0,13.96,4.34,0.0
20150422:2010,0.0,0.0,0.0,12.49,4.34,0.0
20150422:2110,0.0,0.0,0.0,11.32,4.0,0.0
20150422:2210,0.0,0.0,0.0,10.34,3.66,0.0
20150422:2310,0.0,0.0,0.0,9.52,3.31,0.0
20150423:0010,0.0,0.0,0.0,8.79,2.97,0.0
20150423:0110,0.0,0.0,0.0,8.16,2.83,0.0
20150423:0210,0.0,0.0,0.0,7.57,2.76,0.0
20150423:0310,0.0,0.0,0.0,7.03,2.69,0.0
20150423:0410,0.0,0.0,0.0,6.5,2.62,0.0
20150423:0510,227.7,11.91,3.26,6.0,2.55,0.0
20150423:0610,7936.86,160.79,12.97,6.78,2.21,0.0
20150423:0710,24595.4,397.69,22.82,9.19,2.28,0.0
20150423:0810,39892.28,633.36,32.4,11.32,2.55,0.0
20150423:0910,52362.65,851.26,41.2,13.41,2.62,0.0
20150423:1010,59624.76,993.36,48.39,15.4,2.76,0.0
20150423:1110,63250.51,1073.5,52.83,17.1,2.76,0.0
20150423:1210,62477.84,1067.13,53.41,18.34,2.69,0.0
20150423:1310,57621.76,981.9,49.94,19.08,2.34,0.0
20150423:1410,49306.16,831.2,43.38,19.55,2.0,0.0
20150423:1510,36838.82,616.26,34.93,19.68,1.59,0.0
20150423:1610,21340.04,373.16,25.5,19.57,1.17,0.0
20150423:1710,5772.95,140.66,15.68,19.22,0.97,0.0
20150423:1810,966.97,28.07,5.9,18.34,1.1,0.0
20150423:1910,0.0,0.0,0.0,15.86,1.79,0.0
20150423:2010,0.0,0.0,0.0,13.21,1.93,0.0
20150423:2110,0.0,0.0,0.0,11.3,1.86,0.0
20150423:2210,0.0,0.0,0.0,10.42,1.72,0.0
20150423:2310,0.0,0.0,0.0,10.01,1.52,0.0
20150424:0010,0.0,0.0,0.0,9.09,1.59,0.0
20150424:0110,0.0,0.0,0.0,7.9,1.86,0.0
20150424:0210,0.0,0.0,0.0,7.21,1.93,0.0
20150424:0310,0.0,0.0,0.0,6.85,2.14,0.0
20150424:0410,0.0,0.0,0.0,6.72,2.28,0.0
20150424:0510,338.51,14.46,3.54,6.59,2.28,0.0
20150424:0610,8061.34,163.82,13.24,8.13,1.79,0.0
20150424:0710,24255.36,397.8,23.09,12.14,2.14,0.0
20150424:0810,39173.51,631.33,32.69,14.7,2.69,0.0
20150424:0910,50733.08,832.07,41.5,16.74,3.17,0.0
20150424:1010,54792.97,909.68,48.71,18.14,3.59,0.0
20150424:1110,59773.53,996.69,53.17,18.96,4.41,0.0
20150424:1210,60518.87,1013.47,53.73,19.32,4.28,0.0
20150424:1310,55654.43,927.45,50.23,19.71,4.07,0.0
20150424:1410,48109.97,791.62,43.64,19.98,4.28,0.0
20150424:1510,35439.23,580.56,35.16,19.78,4.07,0.0
20150424:1610,19838.74,340.04,25.72,19.67,4.14,0.0
20150424:1710,5565.75,108.49,15.89,19.21,3.59,0.0
20150424:1810,667.92,22.11,6.11,18.11,2.48,0.0
20150424:1910,0.0,0.0,0.0,16.29,1.86,0.0
20150424:2010,0.0,0.0,0.0,15.36,1.38,0.0
20150424:2110,0.0,0.0,0.0,14.67,1.31,0.0
20150424:2210,0.0,0.0,0.0,13.87,1.31,0.0
20150424:2310,0.0,0.0,0.0,13.35,1.38,0.0
20150425:0010,0.0,0.0,0.0,13.01,1.59,0.0
20150425:0110,0.0,0.0,0.0,12.83,1.86,0.0
20150425:0210,0.0,0.0,0.0,12.64,2.21,0.0
20150425:0310,0.0,0.0,0.0,12.41,2.41,0.0
20150425:0410,0.0,0.0,0.0,12.1,2.48,0.0
20150425:0510,33.4,6.8,3.82,11.7,2.48,0.0
20150425:0610,3627.26,72.89,13.52,11.67,2.41,0.0
20150425:0710,5098.2,95.75,23.37,12.59,2.28,0.0
20150425:0810,19129.08,310.2,32.97,13.24,2.69,0.0
20150425:0910,27422.67,438.48,41.79,14.36,3.93,0.0
20150425:1010,16609.2,273.85,49.03,15.5,4.48,0.0
20150425:1110,14601.64,243.96,53.5,16.28,4.55,0.0
20150425:1210,29626.05,478.65,54.05,16.7,4.48,0.0
20150425:1310,12736.78,216.13,50.52,17.2,4.55,0.0
20150425:1410,18557.55,306.96,43.89,17.96,4.41,0.0
20150425:1510,10110.64,176.23,35.39,18.01,4.21,0.0
20150425:1610,12830.14,220.04,25.93,17.77,3.93,0.0
20150425:1710,5939.18,114.67,16.1,16.99,2.55,0.0
20150425:1810,889.55,26.37,6.33,16.48,2.07,0.0
20150425:1910,0.0,0.0,0.0,14.61,2.83,0.0
20150425:2010,0.0,0.0,0.0,13.48,2.55,0.0
20150425:2110,0.0,0.0,0.0,12.78,2.62,0.0
20150425:2210,0.0,0.0,0.0,12.57,2.62,0.0
20150425:2310,0.0,0.0,0.0,12.24,2.62,0.0
20150426:0010,0.0,0.0,0.0,11.79,2.69,0.0
20150426:0110,0.0,0.0,0.0,11.98,2.62,0.0
20150426:0210,0.0,0.0,0.0,11.65,2.55,0.0
20150426:0310,0.0,0.0,0.0,11.36,2.28,0.0
20150426:0410,0.0,0.0,0.0,10.88,2.14,0.0
20150426:0510,9.11,5.95,4.09,10.08,1.86,0.0
20150426:0610,4664.81,90.04,13.78,10.65,1.31,0.0
20150426:0710,13292.37,221.89,23.64,12.27,2.55,0.0
20150426:0810,11548.94,195.44,33.25,13.4,2.0,0.0
20150426:0910,9802.48,169.62,42.09,14.15,1.38,0.0
20150426:1010,10253.33,176.91,49.34,14.62,1.45,0.0
20150426:1110,20456.57,336.78,53.82,14.38,0.97,0.0
20150426:1210,10345.93,178.74,54.37,14.36,0.48,0.0
20150426:1310,6676.16,121.29,50.81,14.33,1.38,0.0
20150426:1410,6273.14,114.9,44.14,14.05,1.17,0.0
20150426:1510,8103.84,143.17,35.62,14.07,1.79,0.0
20150426:1610,4318.71,83.9,26.15,13.73,2.21,0.0
20150426:1710,2305.08,51.07,16.31,13.28,2.34,0.0
20150426:1810,288.42,13.61,6.55,12.99,2.41,0.0
20150426:1910,0.0,0.0,0.0,12.65,2.41,0.0
20150426:2010,0.0,0.0,0.0,12.38,2.55,0.0
20150426:2110,0.0,0.0,0.0,12.12,2.76,0.0
20150426:2210,0.0,0.0,0.0,11.77,2.9,0.0
20150426:2310,0.0,0.0,0.0,11.39,3.17,0.0
20150427:0010,0.0,0.0,0.0,10.94,3.52,0.0
20150427:0110,0.0,0.0,0.0,10.59,3.79,0.0
20150427:0210,0.0,0.0,0.0,10.06,4.14,0.0
20150427:0310,0.0,0.0,0.0,9.5,3.59,0.0
20150427:0410,0.0,0.0,0.0,8.89,3.79,0.0
20150427:0510,9.87,5.95,4.36,8.4,4.0,0.0
20150427:0610,2818.93,58.36,14.05,8.2,4.28,0.0
20150427:0710,4748.3,88.46,23.9,8.2,5.38,0.0
20150427:0810,14144.72,228.07,33.52,8.28,5.38,0.0
20150427:0910,31011.22,478.83,42.37,8.71,5.45,0.0
20150427:1010,41967.39,649.06,49.65,9.43,5.86,0.0
20150427:1110,53167.19,831.56,54.14,10.65,6.28,0.0
20150427:1210,49107.3,769.63,54.68,10.81,5.59,0.0
20150427:1310,56521.21,891.93,51.09,11.71,5.79,0.0
20150427:1410,48848.48,768.6,44.39,12.42,5.38,0.0
20150427:1510,24338.09,387.18,35.84,12.82,4.97,0.0
20150427:1610,12933.36,216.53,26.36,12.94,4.69,0.0
20150427:1710,6890.96,131.39,16.52,12.74,4.41,0.0
20150427:1810,524.47,18.71,6.76,11.98,3.45,0.0
20150427:1910,0.0,0.0,0.0,11.05,3.45,0.0
20150427:2010,0.0,0.0,0.0,10.39,3.31,0.0
20150427:2110,0.0,0.0,0.0,9.29,3.24,0.0
20150427:2210,0.0,0.0,0.0,8.35,3.31,0.0
20150427:2310,0.0,0.0,0.0,7.62,3.31,0.0
20150428:0010,0.0,0.0,0.0,6.65,3.03,0.0
20150428:0110,0.0,0.0,0.0,5.82,2.83,0.0
20150428:0210,0.0,0.0,0.0,5.08,2.62,0.0
20150428:0310,0.0,0.0,0.0,4.59,2.48,0.0
20150428:0410,0.0,0.0,0.0,4.27,2.55,0.0
20150428:0510,679.3,21.26,4.63,4.12,2.55,0.0
20150428:0610,8957.72,178.98,14.31,5.33,2.34,0.0
20150428:0710,26338.06,419.2,24.16,7.46,3.45,0.0
20150428:0810,0.0,0.0,0.0,9.04,4.62,0.0
20150428:0910,37363.29,580.96,42.66,10.13,4.83,0.0
20150428:1010,21566.98,342.99,49.95,11.13,4.76,0.0
20150428:1110,58918.13,943.95,54.46,11.73,4.55,0.0
20150428:1210,0.0,0.0,0.0,12.61,4.41,0.0
20150428:1310,51215.04,820.74,51.37,13.14,4.14,0.0
20150428:1410,17923.03,291.54,44.64,13.43,4.0,0.0
20150428:1510,32168.7,512.16,36.06,13.37,3.79,0.0
20150428:1610,15101.82,251.02,26.56,12.49,3.24,0.0
20150428:1710,6912.97,144.97,16.73,11.97,2.48,0.0
20150428:1810,1049.7,28.92,6.97,11.59,1.45,0.0
20150428:1910,0.0,0.0,0.0,10.71,0.62,0.0
20150428:2010,0.0,0.0,0.0,10.27,0.69,0.0
20150428:2110,0.0,0.0,0.0,7.5,1.38,0.0
20150428:2210,0.0,0.0,0.0,6.3,1.45,0.0
20150428:2310,0.0,0.0,0.0,5.52,1.52,0.0
20150429:0010,0.0,0.0,0.0,5.02,1.72,0.0
20150429:0110,0.0,0.0,0.0,4.85,1.86,0.0
20150429:0210,0.0,0.0,0.0,4.62,1.93,0.0
20150429:0310,0.0,0.0,0.0,4.57,2.0,0.0
20150429:0410,0.0,0.0,0.0,4.96,2.0,0.0
20150429:0510,503.22,17.86,4.89,5.32,2.14,0.0
20150429:0610,7553.57,140.8,14.56,6.97,2.07,0.0
20150429:0710,20597.74,331.83,24.42,8.7,2.14,0.0
20150429:0810,36594.43,576.85,34.05,10.34,2.69,0.0
20150429:0910,49973.32,794.18,42.94,12.19,4.0,0.0
20150429:1010,32142.13,506.63,50.25,12.59,5.17,0.0
20150429:1110,28281.1,448.01,54.78,12.93,5.38,0.0
20150429:1210,29465.9,467.03,55.3,13.21,5.31,0.0
20150429:1310,4454.57,85.72,51.64,13.39,5.38,0.0
20150429:1410,12200.92,204.27,44.88,13.5,5.31,0.0
20150429:1510,22105.12,354.76,36.28,13.78,4.97,0.0
20150429:1610,16732.91,278.42,26.77,14.02,4.28,0.0
20150429:1710,7173.31,143.46,16.93,13.94,3.72,0.0
20150429:1810,1416.29,35.72,7.18,13.13,3.03,0.0
20150429:1910,0.0,0.0,0.0,11.92,3.38,0.0
20150429:2010,0.0,0.0,0.0,10.81,3.31,0.0
20150429:2110,0.0,0.0,0.0,9.77,2.83,0.0
20150429:2210,0.0,0.0,0.0,9.08,2.55,0.0
20150429:2310,0.0,0.0,0.0,8.34,2.83,0.0
20150430:0010,0.0,0.0,0.0,8.04,3.03,0.0
20150430:0110,0.0,0.0,0.0,7.47,3.03,0.0
20150430:0210,0.0,0.0,0.0,7.01,2.97,0.0
20150430:0310,0.0,0.0,0.0,6.72,2.69,0.0
20150430:0410,0.0,0.0,0.0,6.4,2.62,0.0
20150430:0510,0.0,3.4,5.14,6.28,2.62,0.0
20150430:0610,1770.75,41.04,14.81,7.36,2.41,0.0
20150430:0710,4620.79,86.63,24.67,8.42,4.48,0.0
20150430:0810,4793.08,89.37,34.31,8.66,4.41,0.0
20150430:0910,6953.2,122.2,43.21,8.84,4.69,0.0
20150430:1010,9739.49,164.15,50.54,9.24,4.48,0.0
20150430:1110,8863.6,151.38,55.09,9.73,4.48,0.0
20150430:1210,8609.34,147.73,55.6,9.93,4.28,0.0
20150430:1310,8176.71,141.35,51.92,10.0,3.86,0.0
20150430:1410,6827.21,121.29,45.12,10.54,3.59,0.0
20150430:1510,10817.27,181.66,36.5,10.71,3.38,0.0
20150430:1610,5921.72,107.61,26.98,10.69,3.03,0.0
20150430:1710,1955.94,44.68,17.14,10.55,2.48,0.0
20150430:1810,529.02,18.71,7.39,10.27,2.07,0.0
20150430:1910,0.0,0.0,0.0,10.15,1.45,0.0
20150430:2010,0.0,0.0,0.0,9.85,0.97,0.0
20150430:2110,0.0,0.0,0.0,9.77,0.69,0.0
20150430:2210,0.0,0.0,0.0,9.66,1.03,0.0
20150430:2310,0.0,0.0,0.0,9.56,1.31,0.0
20150501:0010,0.0,0.0,0.0,9.56,1.66,0.0
20150501:0110,0.0,0.0,0.0,9.46,2.0,0.0
20150501:0210,0.0,0.0,0.0,9.37,2.69,0.0
20150501:0310,0.0,0.0,0.0,9.2,3.31,0.0
20150501:0410,0.0,0.0,0.0,9.0,3.72,0.0
20150501:0510,62.24,7.65,5.4,8.85,3.72,0.0
20150501:0610,4103.15,79.16,15.06,8.78,3.79,0.0
20150501:0710,4787.77,89.37,24.91,8.75,3.59,0.0
20150501:0810,8651.84,147.73,34.56,8.82,4.0,0.0
20150501:0910,7004.81,123.11,43.48,9.23,5.17,0.0
20150501:1010,10395.26,174.18,50.83,9.7,4.83,0.0
20150501:1110,6238.98,112.17,55.39,10.48,4.83,0.0
20150501:1210,7975.57,138.61,55.9,10.59,4.14,0.0
20150501:1310,5754.74,104.87,52.19,10.41,3.52,0.0
20150501:1410,3697.09,72.95,45.36,10.53,3.59,0.0
20150501:1510,2843.21,59.28,36.71,10.42,3.66,0.0
20150501:1610,1325.21,33.74,27.18,10.42,3.59,0.0
20150501:1710,3814.73,74.78,17.34,10.38,3.45,0.0
20150501:1810,1199.98,31.47,7.6,10.12,3.1,0.0
20150501:1910,0.0,0.0,0.0,9.57,2.69,0.0
20150501:2010,0.0,0.0,0.0,9.32,2.34,0.0
20150501:2110,0.0,0.0,0.0,9.19,1.93,0.0
20150501:2210,0.0,0.0,0.0,9.11,1.59,0.0
20150501:2310,0.0,0.0,0.0,8.99,1.59,0.0
20150502:0010,0.0,0.0,0.0,8.93,1.52,0.0
20150502:0110,0.0,0.0,0.0,8.86,1.24,0.0
20150502:0210,0.0,0.0,0.0,8.74,0.97,0.0
20150502:0310,0.0,0.0,0.0,8.72,0.83,0.0
20150502:0410,0.0,0.0,0.0,8.65,0.76,0.0
20150502:0510,188.99,11.06,5.64,8.62,0.76,0.0
20150502:0610,1434.51,35.57,15.3,9.26,0.83,0.0
20150502:0710,3072.43,62.92,25.15,9.84,1.66,0.0
20150502:0810,4087.97,79.34,34.81,10.87,1.86,0.0
20150502:0910,5350.95,99.4,43.74,11.8,2.07,0.0
20150502:1010,6987.35,124.93,51.11,12.44,2.21,0.0
20150502:1110,6143.35,112.17,55.69,13.11,2.69,0.0
20150502:1210,10071.17,172.35,56.19,13.14,2.97,0.0
20150502:1310,10243.46,175.09,52.45,13.34,3.1,0.0
20150502:1410,10535.68,179.65,45.59,13.37,2.9,0.0
20150502:1510,7200.63,128.58,36.93,13.4,2.97,0.0
20150502:1610,5854.17,107.61,27.38,13.03,2.97,0.0
20150502:1710,1828.43,42.86,17.54,12.7,3.1,0.0
20150502:1810,1000.36,28.07,7.8,12.44,3.38,0.0
20150502:1910,0.0,0.0,0.0,12.28,3.31,0.0
20150502:2010,0.0,0.0,0.0,12.26,3.45,0.0
20150502:2110,0.0,0.0,0.0,12.33,3.45,0.0
20150502:2210,0.0,0.0,0.0,12.38,2.9,0.0
20150502:2310,0.0,0.0,0.0,12.65,2.9,0.0
20150503:0010,0.0,0.0,0.0,13.18,3.79,0.0
20150503:0110,0.0,0.0,0.0,13.49,4.28,0.0
20150503:0210,0.0,0.0,0.0,13.55,4.48,0.0
20150503:0310,0.0,0.0,0.0,13.5,4.48,0.0
20150503:0410,0.0,0.0,0.0,13.42,4.48,0.0
20150503:0510,730.16,22.96,5.89,13.38,4.55,0.0
20150503:0610,585.19,20.06,15.54,13.46,4.62,0.0
20150503:0710,2469.79,53.8,25.39,13.46,4.28,0.0
20150503:0810,1924.82,44.68,35.05,13.88,4.62,0.0
20150503:0910,4029.53,79.34,44.0,14.33,4.69,0.0
20150503:1010,19898.7,322.43,51.39,14.32,4.83,0.0
20150503:1110,7115.63,127.67,55.99,14.7,4.97,0.0
20150503:1210,5045.07,95.75,56.49,15.3,4.76,0.0
20150503:1310,13345.5,224.33,52.72,16.03,4.69,0.0
20150503:1410,3913.4,78.43,45.82,17.42,5.38,0.0
20150503:1510,22287.28,364.85,37.14,18.4,5.31,0.0
20150503:1610,21705.12,370.26,27.58,18.34,4.97,0.0
20150503:1710,7263.63,147.99,17.73,18.2,4.69,0.0
20150503:1810,1527.11,38.27,8.01,17.3,4.34,0.0
20150503:1910,0.0,0.0,0.0,16.2,4.62,0.0
20150503:2010,0.0,0.0,0.0,15.21,4.69,0.0
20150503:2110,0.0,0.0,0.0,14.21,4.69,0.0
20150503:2210,0.0,0.0,0.0,13.52,4.55,0.0
20150503:2310,0.0,0.0,0.0,12.96,4.21,0.0
20150504:0010,0.0,0.0,0.0,12.58,3.66,0.0
20150504:0110,0.0,0.0,0.0,11.98,3.38,0.0
20150504:0210,0.0,0.0,0.0,11.58,3.24,0.0
20150504:0310,0.0,0.0,0.0,11.31,3.17,0.0
20150504:0410,0.0,0.0,0.0,10.89,2.9,0.0
20150504:0510,1102.07,29.77,6.12,10.64,2.48,0.0
20150504:0610,9256.01,183.7,15.77,11.46,2.28,0.0
20150504:0710,24508.87,399.49,25.62,12.75,3.17,0.0
20150504:0810,36132.95,582.0,35.29,13.58,2.0,0.0
20150504:0910,46494.06,762.02,44.25,14.6,1.93,0.0
20150504:1010,43708.53,713.78,51.67,15.84,2.76,0.0
20150504:1110,43896.01,722.3,56.28,17.79,3.17,0.0
20150504:1210,15911.68,268.0,56.77,18.9,3.52,0.0
20150504:1310,17329.49,290.76,52.97,19.74,4.14,0.0
20150504:1410,4544.13,89.37,46.05,19.46,4.48,0.0
20150504:1510,6385.47,118.55,37.35,18.86,3.93,0.0
20150504:1610,2299.01,51.98,27.78,18.55,3.93,0.0
20150504:1710,1275.12,33.74,17.93,17.65,4.21,0.0
20150504:1810,797.71,24.67,8.21,17.57,4.07,0.0
20150504:1910,0.0,0.0,0.0,17.91,3.86,0.0
20150504:2010,0.0,0.0,0.0,18.09,4.21,0.0
20150504:2110,0.0,0.0,0.0,18.42,4.41,0.0
20150504:2210,0.0,0.0,0.0,18.27,5.17,0.0
20150504:2310,0.0,0.0,0.0,18.0,5.17,0.0
20150505:0010,0.0,0.0,0.0,17.41,4.55,0.0
20150505:0110,0.0,0.0,0.0,17.08,4.34,0.0
20150505:0210,0.0,0.0,0.0,16.94,4.48,0.0
20150505:0310,0.0,0.0,0.0,16.63,4.9,0.0
20150505:0410,0.0,0.0,0.0,16.05,5.24,0.0
20150505:0510,1162.79,31.47,6.35,16.02,6.07,0.0
20150505:0610,9168.72,184.39,15.99,16.47,6.62,0.0
20150505:0710,3658.38,73.87,25.84,16.22,7.72,0.0
20150505:0810,4862.91,93.02,35.52,16.09,8.28,0.0
20150505:0910,13482.88,225.13,44.5,15.94,8.34,0.0
20150505:1010,19186.76,311.73,51.94,15.78,7.86,0.0
20150505:1110,32911.0,524.7,56.56,15.98,6.69,0.0
20150505:1210,53309.88,856.05,57.05,16.75,6.97,0.0
20150505:1310,41971.18,669.83,53.23,16.83,6.9,0.0
20150505:1410,50123.6,799.42,46.28,16.84,6.76,0.0
20150505:1510,19859.99,323.57,37.55,16.66,6.69,0.0
20150505:1610,14421.76,242.69,27.97,16.43,6.41,0.0
20150505:1710,7539.91,149.0,18.12,15.96,5.79,0.0
20150505:1810,1593.9,39.12,8.41,15.12,5.1,0.0
20150505:1910,0.0,0.0,0.0,14.11,5.1,0.0
20150505:2010,0.0,0.0,0.0,13.2,5.03,0.0
20150505:2110,0.0,0.0,0.0,12.3,4.97,0.0
20150505:2210,0.0,0.0,0.0,11.6,4.9,0.0
20150505:2310,0.0,0.0,0.0,11.01,4.83,0.0
20150506:0010,0.0,0.0,0.0,10.44,4.83,0.0
20150506:0110,0.0,0.0,0.0,9.92,4.69,0.0
20150506:0210,0.0,0.0,0.0,9.47,4.69,0.0
20150506:0310,0.0,0.0,0.0,9.12,4.83,0.0
20150506:0410,0.0,0.0,0.0,8.94,4.97,0.0
20150506:0510,1112.69,29.77,6.58,9.08,5.1,0.0
20150506:0610,9246.14,175.42,16.21,9.96,4.9,0.0
20150506:0710,11988.4,199.24,26.06,11.58,7.72,0.0
20150506:0810,12239.63,203.23,35.75,12.52,7.86,0.0
20150506:0910,35076.43,548.86,44.74,13.52,7.52,0.0
20150506:1010,19369.68,312.57,52.2,14.28,7.59,0.0
20150506:1110,33261.66,525.94,56.85,14.86,7.66,0.0
20150506:1210,43899.8,694.49,57.33,15.44,7.86,0.0
20150506:1310,60368.58,959.53,53.48,15.6,8.07,0.0
20150506:1410,16692.69,273.42,46.5,15.52,7.93,0.0
20150506:1510,38376.56,605.7,37.75,15.24,7.52,0.0
20150506:1610,21733.97,362.88,28.17,15.24,6.69,0.0
20150506:1710,6501.59,150.07,18.32,14.9,5.79,0.0
20150506:1810,1895.22,44.23,8.61,14.23,5.38,0.0
20150506:1910,0.0,0.0,0.0,13.07,4.55,0.0
20150506:2010,0.0,0.0,0.0,12.26,4.41,0.0
20150506:2110,0.0,0.0,0.0,11.5,4.0,0.0
20150506:2210,0.0,0.0,0.0,10.84,3.72,0.0
20150506:2310,0.0,0.0,0.0,10.19,3.66,0.0
20150507:0010,0.0,0.0,0.0,9.88,3.59,0.0
20150507:0110,0.0,0.0,0.0,9.54,3.52,0.0
20150507:0210,0.0,0.0,0.0,8.94,3.45,0.0
20150507:0310,0.0,0.0,0.0,8.47,3.38,0.0
20150507:0410,0.0,0.0,0.0,7.75,3.03,0.0
20150507:0510,1313.83,33.17,6.8,7.28,2.69,0.0
20150507:0610,9739.49,188.59,16.43,8.23,2.41,0.0
20150507:0710,26109.6,419.01,26.28,9.84,3.52,0.0
20150507:0810,39304.82,621.64,35.97,11.03,2.83,0.0
20150507:0910,38260.43,611.88,44.97,12.39,2.41,0.0
20150507:1010,52242.73,857.85,52.46,13.52,2.28,0.0
20150507:1110,47342.62,774.93,57.12,14.47,2.48,0.0
20150507:1210,39982.6,648.19,57.61,14.84,2.83,0.0
20150507:1310,21465.28,350.11,53.73,15.15,2.97,0.0
20150507:1410,39088.5,632.05,46.72,15.27,2.9,0.0
20150507:1510,24678.88,400.94,37.95,15.34,2.69,0.0
20150507:1610,15019.09,253.28,28.36,15.27,2.28,0.0
20150507:1710,5073.16,96.93,18.51,15.13,1.72,0.0
20150507:1810,1788.2,42.53,8.8,14.57,1.1,0.0
20150507:1910,0.0,0.0,0.0,13.8,1.38,0.0
20150507:2010,0.0,0.0,0.0,12.69,1.72,0.0
20150507:2110,0.0,0.0,0.0,11.87,1.79,0.0
20150507:2210,0.0,0.0,0.0,11.13,1.86,0.0
20150507:2310,0.0,0.0,0.0,10.95,1.93,0.0
20150508:0010,0.0,0.0,0.0,10.78,2.14,0.0
20150508:0110,0.0,0.0,0.0,10.17,2.34,0.0
20150508:0210,0.0,0.0,0.0,9.77,2.41,0.0
20150508:0310,0.0,0.0,0.0,9.12,2.48,0.0
20150508:0410,0.0,0.0,0.0,8.5,2.41,0.0
20150508:0510,1454.24,35.72,7.02,8.05,2.14,0.0
20150508:0610,3190.84,64.75,16.64,9.57,1.66,0.0
20150508:0710,1940.76,44.68,26.49,11.89,1.31,0.0
20150508:0810,14743.58,244.92,36.18,13.57,1.59,0.0
20150508:0910,7193.8,129.49,45.2,14.9,2.0,0.0
20150508:1010,13532.21,227.98,52.71,15.06,1.72,0.0
20150508:1110,9016.16,157.76,57.39,14.98,2.07,0.0
20150508:1210,6717.91,122.2,57.87,15.28,2.41,0.0
20150508:1310,11370.58,195.15,53.97,16.52,2.69,0.0
20150508:1410,29377.85,478.2,46.94,16.77,2.83,0.0
20150508:1510,29350.53,479.66,38.15,17.32,2.76,0.0
20150508:1610,7388.11,133.97,28.55,17.76,2.83,0.0
20150508:1710,7701.57,153.1,18.69,17.34,2.62,0.0
20150508:1810,1867.14,44.23,9.0,16.7,2.07,0.0
20150508:1910,0.0,0.0,0.0,16.12,2.41,0.0
20150508:2010,0.0,0.0,0.0,15.33,3.03,0.0
20150508:2110,0.0,0.0,0.0,15.1,3.79,0.0
20150508:2210,0.0,0.0,0.0,14.63,4.21,0.0
20150508:2310,0.0,0.0,0.0,13.99,4.28,0.0
20150509:0010,0.0,0.0,0.0,13.33,4.21,0.0
20150509:0110,0.0,0.0,0.0,12.69,4.0,0.0
20150509:0210,0.0,0.0,0.0,12.3,4.21,0.0
20150509:0310,0.0,0.0,0.0,12.0,4.55,0.0
20150509:0410,0.0,0.0,0.0,12.28,4.34,0.0
20150509:0510,118.4,9.36,7.23,12.53,4.0,0.0
20150509:0610,8738.37,162.72,16.84,12.77,4.0,0.0
20150509:0710,18361.73,300.21,26.69,13.42,4.48,0.0
20150509:0810,33618.39,533.63,36.4,14.13,4.48,0.0
20150509:0910,43829.21,698.7,45.43,14.96,4.9,0.0
20150509:1010,56704.89,916.28,52.96,15.86,5.45,0.0
20150509:1110,62881.63,1030.99,57.66,16.42,5.1,0.0
20150509:1210,62496.06,1024.06,58.14,17.28,5.59,0.0
20150509:1310,49847.32,805.44,54.22,17.97,6.21,0.0
20150509:1410,27310.34,442.28,47.15,18.03,5.66,0.0
20150509:1510,26749.44,435.01,38.35,17.82,4.55,0.0
20150509:1610,21034.93,357.3,28.73,17.84,4.14,0.0
20150509:1710,7383.55,138.61,18.88,17.7,4.0,0.0
20150509:1810,2311.91,51.88,9.19,16.87,3.59,0.0
20150509:1910,0.0,0.0,0.0,15.77,2.97,0.0
20150509:2010,0.0,0.0,0.0,14.61,3.03,0.0
20150509:2110,0.0,0.0,0.0,13.72,3.17,0.0
20150509:2210,0.0,0.0,0.0,13.33,2.9,0.0
20150509:2310,0.0,0.0,0.0,12.92,2.48,0.0
20150510:0010,0.0,0.0,0.0,11.91,2.14,0.0
20150510:0110,0.0,0.0,0.0,11.19,1.79,0.0
20150510:0210,0.0,0.0,0.0,10.18,1.79,0.0
20150510:0310,0.0,0.0,0.0,9.44,1.72,0.0
20150510:0410,0.0,0.0,0.0,9.57,1.52,0.0
20150510:0510,1537.73,37.42,7.44,9.72,1.24,0.0
20150510:0610,9154.3,171.95,17.04,11.49,0.97,0.0
20150510:0710,24342.65,403.53,26.89,13.46,0.9,0.0
20150510:0810,32152.0,522.59,36.6,14.61,1.45,0.0
20150510:0910,35077.18,571.03,45.65,16.19,2.34,0.0
20150510:1010,35699.56,583.98,53.2,17.11,2.62,0.0
20150510:1110,52617.68,883.69,57.92,18.18,2.62,0.0
20150510:1210,54681.4,926.47,58.4,19.21,2.62,0.0
20150510:1310,56031.66,948.01,54.45,19.88,2.9,0.0
20150510:1410,48043.94,799.97,47.36,20.46,3.24,0.0
20150510:1510,36931.42,611.24,38.54,20.78,3.38,0.0
20150510:1610,21644.4,375.63,28.92,20.8,3.38,0.0
20150510:1710,6586.6,154.56,19.06,20.61,3.17,0.0
20150510:1810,2080.42,48.48,9.38,19.73,2.41,0.0
20150510:1910,0.0,0.0,0.0,17.87,2.48,0.0
20150510:2010,0.0,0.0,0.0,16.16,2.69,0.0
20150510:2110,0.0,0.0,0.0,15.07,2.76,0.0
20150510:2210,0.0,0.0,0.0,14.35,2.83,0.0
20150510:2310,0.0,0.0,0.0,13.9,2.9,0.0
20150511:0010,0.0,0.0,0.0,13.56,2.97,0.0
20150511:0110,0.0,0.0,0.0,13.07,2.9,0.0
20150511:0210,0.0,0.0,0.0,12.6,2.83,0.0
20150511:0310,0.0,0.0,0.0,12.39,2.69,0.0
20150511:0410,0.0,0.0,0.0,12.18,2.48,0.0
20150511:0510,1328.25,34.02,7.64,12.09,2.21,0.0
20150511:0610,7924.72,145.88,17.24,13.04,1.79,0.0
20150511:0710,15085.13,252.63,27.09,14.7,1.79,0.0
20150511:0810,32493.55,531.48,36.8,16.55,1.79,0.0
20150511:0910,28178.63,466.34,45.86,18.65,1.72,0.0
20150511:1010,55725.02,965.13,53.43,20.51,1.72,0.0
20150511:1110,49838.22,862.54,58.18,22.3,1.79,0.0
20150511:1210,46448.52,802.47,58.65,23.73,2.0,0.0
20150511:1310,47319.86,818.19,54.69,24.72,2.28,0.0
20150511:1410,41735.89,715.24,47.57,25.25,2.34,0.0
20150511:1510,27868.96,475.22,38.73,25.41,2.34,0.0
20150511:1610,16968.96,299.32,29.1,25.03,1.93,0.0
20150511:1710,7598.35,150.02,19.25,24.74,1.31,0.0
20150511:1810,2276.24,52.73,9.57,23.52,0.9,0.0
20150511:1910,0.0,0.0,0.0,21.61,2.07,0.0
20150511:2010,0.0,0.0,0.0,20.17,2.34,0.0
20150511:2110,0.0,0.0,0.0,19.47,2.48,0.0
20150511:2210,0.0,0.0,0.0,18.79,2.34,0.0
20150511:2310,0.0,0.0,0.0,17.82,2.07,0.0
20150512:0010,0.0,0.0,0.0,16.67,2.0,0.0
20150512:0110,0.0,0.0,0.0,15.44,2.14,0.0
20150512:0210,0.0,0.0,0.0,14.55,2.21,0.0
20150512:0310,0.0,0.0,0.0,13.66,2.34,0.0
20150512:0410,0.0,0.0,0.0,12.77,2.41,0.0
20150512:0510,1614.39,39.12,7.84,12.37,2.28,0.0
20150512:0610,8192.65,150.37,17.43,12.93,2.21,0.0
20150512:0710,13923.86,232.95,27.27,13.84,2.34,0.0
20150512:0810,25491.02,412.82,36.99,14.91,2.34,0.0
20150512:0910,35603.93,578.54,46.07,16.44,2.76,0.0
20150512:1010,48938.04,807.03,53.66,17.63,3.31,0.0
20150512:1110,56329.94,938.87,58.43,18.33,3.72,0.0
20150512:1210,57099.57,952.91,58.91,19.0,4.0,0.0
20150512:1310,50594.18,837.34,54.91,19.34,4.0,0.0
20150512:1410,38548.09,630.62,47.77,19.14,3.86,0.0
20150512:1510,28507.28,466.29,38.92,18.89,4.07,0.0
20150512:1610,19874.42,337.16,29.28,18.34,4.07,0.0
20150512:1710,7755.46,159.18,19.43,17.61,3.72,0.0
20150512:1810,2564.66,56.14,9.75,16.71,2.97,0.0
20150512:1910,0.0,0.0,0.0,15.28,2.69,0.0
20150512:2010,0.0,0.0,0.0,13.94,2.62,0.0
20150512:2110,0.0,0.0,0.0,12.67,2.55,0.0
20150512:2210,0.0,0.0,0.0,11.61,2.21,0.0
20150512:2310,0.0,0.0,0.0,10.53,1.93,0.0
20150513:0010,0.0,0.0,0.0,9.33,1.72,0.0
20150513:0110,0.0,0.0,0.0,8.31,1.59,0.0
20150513:0210,0.0,0.0,0.0,7.58,1.66,0.0
20150513:0310,0.0,0.0,0.0,7.03,1.86,0.0
20150513:0410,0.0,0.0,0.0,6.65,1.93,0.0
20150513:0510,1612.88,38.27,8.03,6.71,1.79,0.0
20150513:0610,9970.98,188.22,17.61,9.46,1.66,0.0
20150513:0710,23197.32,377.02,27.46,11.72,2.41,0.0
20150513:0810,29652.61,475.51,37.18,13.63,2.55,0.0
20150513:0910,27500.85,443.71,46.27,15.12,3.1,0.0
20150513:1010,44317.25,721.49,53.88,15.68,3.1,0.0
20150513:1110,53320.51,884.12,58.67,17.06,3.24,0.0
20150513:1210,54628.27,913.06,59.15,17.91,3.1,0.0
20150513:1310,34847.21,574.42,55.14,18.38,2.48,0.0
20150513:1410,36331.81,601.9,47.97,19.0,2.14,0.0
20150513:1510,17771.23,298.15,39.1,19.02,2.48,0.0
20150513:1610,20178.02,345.6,29.46,18.59,2.21,0.0
20150513:1710,7813.15,146.69,19.6,18.02,2.21,0.0
20150513:1810,2005.28,46.78,9.94,17.49,2.0,0.0
20150513:1910,0.0,0.0,0.0,16.54,2.76,0.0
20150513:2010,0.0,0.0,0.0,15.56,2.69,0.0
20150513:2110,0.0,0.0,0.0,14.72,2.28,0.0
20150513:2210,0.0,0.0,0.0,13.87,2.0,0.0
20150513:2310,0.0,0.0,0.0,13.62,1.72,0.0
20150514:0010,0.0,0.0,0.0,13.54,1.66,0.0
20150514:0110,0.0,0.0,0.0,13.38,1.72,0.0
20150514:0210,0.0,0.0,0.0,13.14,1.79,0.0
20150514:0310,0.0,0.0,0.0,12.91,1.66,0.0
20150514:0410,0.0,0.0,0.0,12.71,1.38,0.0
20150514:0510,521.43,18.71,8.21,12.73,1.1,0.0
20150514:0610,7152.82,131.18,17.79,13.11,1.24,0.0
20150514:0710,8889.41,154.68,27.63,13.26,2.21,0.0
20150514:0810,6895.52,124.02,37.36,13.73,3.17,0.0
20150514:0910,8537.23,149.56,46.47,14.41,3.72,0.0
20150514:1010,12828.62,216.13,54.1,15.5,4.07,0.0
20150514:1110,12860.5,217.04,58.91,16.03,4.28,0.0
20150514:1210,13828.98,231.63,59.39,15.92,4.76,0.0
20150514:1310,3323.66,68.39,55.36,15.71,4.14,0.0
20150514:1410,13935.24,233.0,48.17,15.86,5.03,0.0
20150514:1510,36038.08,566.08,39.28,12.81,6.07,0.0
20150514:1610,11381.2,191.16,29.63,11.77,4.34,0.0
20150514:1710,3328.22,67.48,19.78,11.85,2.97,0.0
20150514:1810,1764.68,41.68,10.12,12.02,2.14,0.0
20150514:1910,0.0,0.0,0.0,11.62,1.52,0.0
20150514:2010,0.0,0.0,0.0,10.76,1.45,0.0
20150514:2110,0.0,0.0,0.0,9.56,1.17,0.0
20150514:2210,0.0,0.0,0.0,8.98,1.17,0.0
20150514:2310,0.0,0.0,0.0,7.78,1.66,0.0
20150515:0010,0.0,0.0,0.0,7.93,1.86,0.0
20150515:0110,0.0,0.0,0.0,8.21,1.72,0.0
20150515:0210,0.0,0.0,0.0,8.12,1.93,0.0
20150515:0310,0.0,0.0,0.0,7.72,2.21,0.0
20150515:0410,0.0,0.0,0.0,7.42,2.34,0.0
20150515:0510,1757.84,40.83,8.39,7.39,2.34,0.0
20150515:0610,10451.43,200.65,17.96,8.73,2.69,0.0
20150515:0710,26797.25,428.6,27.8,10.19,4.48,0.0
20150515:0810,21899.43,348.12,37.54,11.59,4.62,0.0
20150515:0910,34152.72,538.26,46.66,12.45,4.62,0.0
20150515:1010,7675.77,134.96,54.31,12.41,5.1,0.0
20150515:1110,6019.63,109.43,59.14,11.8,4.69,0.0
20150515:1210,13219.5,218.86,59.63,12.34,4.62,0.0
20150515:1310,21110.07,339.9,55.58,13.19,4.41,0.0
20150515:1410,7764.57,137.7,48.37,14.72,4.76,0.0
20150515:1510,30370.63,485.97,39.46,14.96,4.62,0.0
20150515:1610,18862.67,313.63,29.8,14.85,4.21,0.0
20150515:1710,8398.34,155.96,19.95,14.63,3.59,0.0
20150515:1810,2805.26,59.54,10.3,14.1,3.31,0.0
20150515:1910,0.0,0.0,0.0,13.18,3.17,0.0
20150515:2010,0.0,0.0,0.0,12.22,2.69,0.0
20150515:2110,0.0,0.0,0.0,11.21,2.41,0.0
20150515:2210,0.0,0.0,0.0,10.21,2.41,0.0
20150515:2310,0.0,0.0,0.0,9.23,2.48,0.0
20150516:0010,0.0,0.0,0.0,8.6,2.14,0.0
20150516:0110,0.0,0.0,0.0,7.8,1.86,0.0
20150516:0210,0.0,0.0,0.0,7.39,1.72,0.0
20150516:0310,0.0,0.0,0.0,7.25,1.66,0.0
20150516:0410,0.0,0.0,0.0,7.02,1.79,0.0
20150516:0510,1407.19,34.87,8.56,7.78,1.79,0.0
20150516:0610,7927.76,142.06,18.13,9.65,1.93,0.0
20150516:0710,21762.81,350.69,27.97,10.77,3.38,0.0
20150516:0810,19705.92,316.59,37.71,11.5,3.03,0.0
20150516:0910,5992.3,109.43,46.84,12.33,3.03,0.0
20150516:1010,12187.26,204.27,54.52,12.87,3.24,0.0
20150516:1110,8093.22,142.26,59.37,13.57,3.59,0.0
20150516:1210,6482.62,117.64,59.86,13.89,3.72,0.0
20150516:1310,7656.79,135.88,55.79,14.16,3.72,0.0
20150516:1410,17726.45,290.79,48.56,14.9,3.79,0.0
20150516:1510,20007.24,327.14,39.64,15.21,3.03,0.0
20150516:1610,14949.26,251.58,29.97,15.62,2.83,0.0
20150516:1710,7334.22,161.51,20.12,15.46,2.97,0.0
20150516:1810,2744.54,58.69,10.47,14.79,3.38,0.0
20150516:1910,0.0,0.0,0.0,14.4,3.03,0.0
20150516:2010,0.0,0.0,0.0,13.07,2.97,0.0
20150516:2110,0.0,0.0,0.0,12.0,2.83,0.0
20150516:2210,0.0,0.0,0.0,11.02,2.55,0.0
20150516:2310,0.0,0.0,0.0,10.13,2.34,0.0
20150517:0010,0.0,0.0,0.0,8.89,2.34,0.0
20150517:0110,0.0,0.0,0.0,8.08,2.41,0.0
20150517:0210,0.0,0.0,0.0,7.29,2.41,0.0
20150517:0310,0.0,0.0,0.0,6.63,2.34,0.0
20150517:0410,0.0,0.0,0.0,6.2,2.28,0.0
20150517:0510,1819.32,41.68,8.73,6.14,2.07,0.0
20150517:0610,10575.15,201.63,18.29,8.01,1.93,0.0
20150517:0710,26388.15,425.95,28.13,10.17,2.48,0.0
20150517:0810,40676.33,649.09,37.87,12.13,2.55,0.0
20150517:0910,50869.7,831.43,47.02,13.45,2.14,0.0
20150517:1010,57665.78,964.31,54.72,14.62,2.07,0.0
20150517:1110,58631.99,989.88,59.59,15.08,1.93,0.0
20150517:1210,60798.94,1038.94,60.09,15.81,1.72,0.0
20150517:1310,56522.73,957.05,56.0,16.32,1.72,0.0
20150517:1410,48283.03,804.63,48.74,17.02,1.79,0.0
20150517:1510,37036.92,610.67,39.81,17.37,1.93,0.0
20150517:1610,22199.99,381.29,30.14,17.31,1.93,0.0
20150517:1710,7354.71,162.49,20.29,16.91,1.93,0.0
20150517:1810,2266.37,51.03,10.65,16.21,1.59,0.0
20150517:1910,0.0,0.0,0.0,15.43,1.45,0.0
20150517:2010,0.0,0.0,0.0,13.17,1.59,0.0
20150517:2110,0.0,0.0,0.0,11.19,1.72,0.0
20150517:2210,0.0,0.0,0.0,9.71,1.79,0.0
20150517:2310,0.0,0.0,0.0,8.48,1.86,0.0
20150518:0010,0.0,0.0,0.0,7.76,1.79,0.0
20150518:0110,0.0,0.0,0.0,7.25,1.72,0.0
20150518:0210,0.0,0.0,0.0,6.69,1.59,0.0
20150518:0310,0.0,0.0,0.0,6.69,1.38,0.0
20150518:0410,0.0,0.0,0.0,6.54,1.17,0.0
20150518:0510,1756.33,40.83,8.9,7.3,0.76,0.0
20150518:0610,10573.63,204.46,18.45,8.59,0.41,0.0
20150518:0710,26413.96,432.72,28.28,11.34,1.24,0.0
20150518:0810,41707.05,671.78,38.03,13.79,2.48,0.0
20150518:0910,53379.71,865.61,47.19,15.71,4.0,0.0
20150518:1010,61800.82,1012.75,54.91,16.95,4.97,0.0
20150518:1110,62903.64,1035.53,59.81,17.71,5.38,0.0
20150518:1210,45832.22,743.76,60.31,18.34,5.72,0.0
20150518:1310,47243.2,765.71,56.2,18.65,6.07,0.0
20150518:1410,16862.7,280.87,48.93,18.9,6.55,0.0
20150518:1510,13077.57,222.08,39.98,18.63,6.34,0.0
20150518:1610,3906.57,78.43,30.31,17.82,5.79,0.0
20150518:1710,8476.51,156.59,20.46,16.55,5.59,0.0
20150518:1810,1076.26,29.77,10.82,15.19,5.17,0.0
20150518:1910,0.0,0.0,0.0,14.35,5.17,0.0
20150518:2010,0.0,0.0,0.0,13.34,4.83,0.0
20150518:2110,0.0,0.0,0.0,12.25,4.48,0.0
20150518:2210,0.0,0.0,0.0,11.32,4.28,0.0
20150518:2310,0.0,0.0,0.0,10.58,4.62,0.0
20150519:0010,0.0,0.0,0.0,9.64,4.14,0.0
20150519:0110,0.0,0.0,0.0,8.81,3.66,0.0
20150519:0210,0.0,0.0,0.0,7.94,3.72,0.0
20150519:0310,0.0,0.0,0.0,7.4,4.07,0.0
20150519:0410,0.0,0.0,0.0,7.11,4.14,0.0
20150519:0510,1810.97,41.68,9.05,7.23,4.34,0.0
20150519:0610,10787.67,205.76,18.6,8.21,4.21,0.0
20150519:0710,27186.62,431.01,28.43,9.71,6.48,0.0
20150519:0810,40683.92,630.13,38.19,10.61,6.07,0.0
20150519:0910,37124.21,578.27,47.35,11.35,6.0,0.0
20150519:1010,16052.09,260.6,55.1,12.01,6.0,0.0
20150519:1110,33802.82,531.97,60.02,12.69,6.14,0.0
20150519:1210,9098.13,156.85,60.52,13.2,6.41,0.0
20150519:1310,49249.99,777.58,56.4,13.33,6.28,0.0
20150519:1410,17062.32,278.09,49.11,13.89,5.72,0.0
20150519:1510,20428.48,330.12,40.15,14.31,5.17,0.0
20150519:1610,8184.3,143.96,30.47,14.42,5.03,0.0
20150519:1710,5784.34,106.51,20.62,12.83,5.45,0.0
20150519:1810,3058.77,62.94,10.99,11.16,3.72,0.0
20150519:1910,0.0,0.0,0.0,10.57,3.17,0.0
20150519:2010,0.0,0.0,0.0,10.05,2.62,0.0
20150519:2110,0.0,0.0,0.0,9.43,2.55,0.0
20150519:2210,0.0,0.0,0.0,8.69,2.62,0.0
20150519:2310,0.0,0.0,0.0,7.7,2.83,0.0
20150520:0010,0.0,0.0,0.0,7.24,2.97,0.0
20150520:0110,0.0,0.0,0.0,7.04,2.97,0.0
20150520:0210,0.0,0.0,0.0,6.52,2.97,0.0
20150520:0310,0.0,0.0,0.0,6.25,2.97,0.0
20150520:0410,0.0,0.0,0.0,6.14,2.97,0.0
20150520:0510,2336.2,50.18,9.2,6.15,2.76,0.0
20150520:0610,9983.89,178.71,18.74,7.49,2.83,0.0
20150520:0710,26237.87,418.07,28.57,8.77,3.66,0.0
20150520:0810,42219.38,660.29,38.33,9.85,3.72,0.0
20150520:0910,37409.59,590.3,47.51,11.01,3.31,0.0
20150520:1010,8931.15,154.12,55.28,11.95,3.17,0.0
20150520:1110,64237.21,1058.63,60.22,12.93,3.24,0.0
20150520:1210,62049.01,1020.66,60.73,13.74,3.45,0.0
20150520:1310,58359.51,951.58,56.6,13.98,3.59,0.0
20150520:1410,49546.76,796.91,49.29,14.25,3.72,0.0
20150520:1510,10581.98,180.56,40.32,14.06,3.86,0.0
20150520:1610,16436.9,272.04,30.63,13.8,4.28,0.0
20150520:1710,3482.29,70.22,20.78,13.14,5.03,0.0
20150520:1810,3039.04,62.94,11.15,12.53,4.34,0.0
20150520:1910,0.0,0.0,0.0,11.44,3.31,0.0
20150520:2010,0.0,0.0,0.0,10.17,2.55,0.0
20150520:2110,0.0,0.0,0.0,9.08,2.21,0.0
20150520:2210,0.0,0.0,0.0,8.07,2.28,0.0
20150520:2310,0.0,0.0,0.0,7.31,2.34,0.0
20150521:0010,0.0,0.0,0.0,6.69,2.28,0.0
20150521:0110,0.0,0.0,0.0,6.32,2.34,0.0
20150521:0210,0.0,0.0,0.0,6.07,2.41,0.0
20150521:0310,0.0,0.0,0.0,6.0,2.34,0.0
20150521:0410,0.0,0.0,0.0,5.83,2.28,0.0
20150521:0510,2387.81,51.03,9.35,6.09,2.07,0.0
20150521:0610,10758.07,204.34,18.88,8.33,2.0,0.0
20150521:0710,26640.9,432.41,28.71,10.3,1.79,0.0
20150521:0810,41576.5,667.99,38.47,12.24,2.0,0.0
20150521:0910,49899.7,810.75,47.67,13.57,2.55,0.0
20150521:1010,20271.37,330.67,55.45,14.48,2.9,0.0
20150521:1110,26264.44,426.48,60.42,15.25,2.83,0.0
20150521:1210,38921.52,632.28,60.94,15.38,2.9,0.0
20150521:1310,22774.55,371.86,56.79,15.91,3.1,0.0
20150521:1410,38639.17,627.02,49.46,16.34,3.17,0.0
20150521:1510,26023.83,423.16,40.48,16.34,3.31,0.0
20150521:1610,12555.38,213.62,30.78,16.15,3.17,0.0
20150521:1710,7388.86,134.89,20.93,15.96,2.83,0.0
20150521:1810,2730.88,58.69,11.31,15.55,2.14,0.0
20150521:1910,0.0,0.0,0.0,14.4,1.86,0.0
20150521:2010,0.0,0.0,0.0,13.18,2.07,0.0
20150521:2110,0.0,0.0,0.0,12.04,2.34,0.0
20150521:2210,0.0,0.0,0.0,10.86,2.55,0.0
20150521:2310,0.0,0.0,0.0,9.92,2.48,0.0
20150522:0010,0.0,0.0,0.0,9.01,2.34,0.0
20150522:0110,0.0,0.0,0.0,8.11,2.07,0.0
20150522:0210,0.0,0.0,0.0,7.27,1.86,0.0
20150522:0310,0.0,0.0,0.0,6.36,1.72,0.0
20150522:0410,0.0,0.0,0.0,5.63,1.72,0.0
20150522:0510,2653.46,55.28,9.49,5.8,1.52,0.0
20150522:0610,10780.84,211.55,19.01,8.82,1.38,0.0
20150522:0710,26310.74,428.09,28.84,10.76,1.72,0.0
20150522:0810,39786.02,642.25,38.61,12.62,1.66,0.0
20150522:0910,48893.26,810.82,47.82,14.23,1.31,0.0
20150522:1010,51099.68,860.51,55.62,15.55,1.31,0.0
20150522:1110,54163.0,925.89,60.61,16.73,1.31,0.0
20150522:1210,59173.92,1025.49,61.14,17.55,1.38,0.0
20150522:1310,56382.32,966.17,56.98,18.34,1.66,0.0
20150522:1410,46875.08,783.35,49.63,18.6,2.07,0.0
20150522:1510,35675.28,588.97,40.64,18.53,2.34,0.0
20150522:1610,22289.55,383.2,30.94,18.56,2.48,0.0
20150522:1710,7479.19,167.24,21.09,18.18,2.48,0.0
20150522:1810,2702.04,58.69,11.47,17.57,1.79,0.0
20150522:1910,0.0,0.0,0.0,16.25,2.28,0.0
20150522:2010,0.0,0.0,0.0,15.19,2.41,0.0
20150522:2110,0.0,0.0,0.0,14.19,2.55,0.0
20150522:2210,0.0,0.0,0.0,13.15,2.48,0.0
20150522:2310,0.0,0.0,0.0,12.18,2.41,0.0
20150523:0010,0.0,0.0,0.0,11.32,2.34,0.0
20150523:0110,0.0,0.0,0.0,10.94,2.14,0.0
20150523:0210,0.0,0.0,0.0,11.22,1.93,0.0
20150523:0310,0.0,0.0,0.0,10.98,1.66,0.0
20150523:0410,0.0,0.0,0.0,10.56,1.66,0.0
20150523:0510,963.93,27.22,9.62,10.58,1.59,0.0
20150523:0610,2538.86,54.72,19.14,12.1,2.48,0.0
20150523:0710,6971.42,124.93,28.97,13.06,2.62,0.0
20150523:0810,15505.61,256.39,38.74,14.09,2.62,0.0
20150523:0910,27340.7,443.29,47.96,15.14,2.41,0.0
20150523:1010,45968.08,758.49,55.78,16.42,2.41,0.0
20150523:1110,56707.93,958.14,60.8,17.82,2.55,0.0
20150523:1210,59295.36,1007.11,61.33,18.65,2.76,0.0
20150523:1310,54243.45,911.82,57.16,19.28,2.97,0.0
20150523:1410,36899.54,608.64,49.8,19.45,2.97,0.0
20150523:1510,26984.73,446.24,40.79,19.42,2.76,0.0
20150523:1610,19002.32,324.16,31.09,19.45,2.69,0.0
20150523:1710,8538.75,173.13,21.24,18.9,3.03,0.0
20150523:1810,3006.4,63.79,11.63,17.89,3.31,0.0
20150523:1910,6.07,5.95,2.59,16.72,3.45,0.0
20150523:2010,0.0,0.0,0.0,15.58,3.31,0.0
20150523:2110,0.0,0.0,0.0,14.66,3.17,0.0
20150523:2210,0.0,0.0,0.0,13.81,3.03,0.0
20150523:2310,0.0,0.0,0.0,13.13,2.9,0.0
20150524:0010,0.0,0.0,0.0,12.52,2.83,0.0
20150524:0110,0.0,0.0,0.0,11.64,2.69,0.0
20150524:0210,0.0,0.0,0.0,10.94,2.62,0.0
20150524:0310,0.0,0.0,0.0,10.23,2.62,0.0
20150524:0410,0.0,0.0,0.0,9.54,2.55,0.0
20150524:0510,1688.78,39.98,9.75,9.44,2.28,0.0
20150524:0610,7710.68,137.56,19.26,10.46,2.48,0.0
20150524:0710,25029.54,409.54,29.09,12.47,1.93,0.0
20150524:0810,40948.81,664.8,38.86,14.08,1.86,0.0
20150524:0910,52445.38,868.92,48.09,15.92,2.21,0.0
20150524:1010,57781.91,973.54,55.94,17.3,2.48,0.0
20150524:1110,41954.48,693.72,60.98,18.29,2.83,0.0
20150524:1210,16786.04,282.42,61.52,19.09,3.1,0.0
20150524:1310,21680.08,360.01,57.34,19.12,3.1,0.0
20150524:1410,33216.88,546.37,49.96,19.25,3.1,0.0
20150524:1510,26656.08,439.54,40.94,19.02,2.97,0.0
20150524:1610,7750.91,140.44,31.24,19.15,2.9,0.0
20150524:1710,8572.91,158.44,21.39,18.96,2.83,0.0
20150524:1810,2995.01,63.79,11.78,18.43,2.28,0.0
20150524:1910,0.0,4.25,2.75,17.39,2.34,0.0
20150524:2010,0.0,0.0,0.0,16.62,2.48,0.0
20150524:2110,0.0,0.0,0.0,16.08,2.62,0.0
20150524:2210,0.0,0.0,0.0,15.21,2.76,0.0
20150524:2310,0.0,0.0,0.0,14.47,2.83,0.0
20150525:0010,0.0,0.0,0.0,13.64,2.62,0.0
20150525:0110,0.0,0.0,0.0,12.85,2.28,0.0
20150525:0210,0.0,0.0,0.0,12.33,2.07,0.0
20150525:0310,0.0,0.0,0.0,11.68,2.07,0.0
20150525:0410,0.0,0.0,0.0,11.62,2.14,0.0
20150525:0510,151.04,10.21,9.87,11.85,2.21,0.0
20150525:0610,3432.2,69.31,19.38,12.47,3.17,0.0
20150525:0710,3585.52,72.04,29.2,13.33,2.69,0.0
20150525:0810,6004.45,110.34,38.98,13.82,2.62,0.0
20150525:0910,22320.67,362.76,48.22,14.66,2.69,0.0
20150525:1010,25031.06,407.47,56.09,15.46,2.62,0.0
20150525:1110,43485.39,713.89,61.15,16.43,2.76,0.0
20150525:1210,6537.27,120.37,61.71,17.48,3.1,0.0
20150525:1310,34335.64,560.38,57.51,17.82,3.52,0.0
20150525:1410,35011.15,565.79,50.12,17.25,4.41,0.0
20150525:1510,24492.17,396.73,41.09,16.69,5.24,0.0
20150525:1610,19029.65,316.31,31.38,15.94,5.1,0.0
20150525:1710,9215.78,173.32,21.53,15.51,5.03,0.0
20150525:1810,3419.3,69.74,11.93,14.95,4.41,0.0
20150525:1910,7.59,5.95,2.9,14.25,3.93,0.0
20150525:2010,0.0,0.0,0.0,13.21,3.59,0.0
20150525:2110,0.0,0.0,0.0,12.34,3.24,0.0
20150525:2210,0.0,0.0,0.0,11.78,2.76,0.0
20150525:2310,0.0,0.0,0.0,11.17,2.21,0.0
20150526:0010,0.0,0.0,0.0,10.82,1.79,0.0
20150526:0110,0.0,0.0,0.0,10.58,1.72,0.0
20150526:0210,0.0,0.0,0.0,10.22,1.86,0.0
20150526:0310,0.0,0.0,0.0,9.88,1.93,0.0
20150526:0410,0.0,0.0,0.0,9.77,1.86,0.0
20150526:0510,2547.96,54.43,9.99,9.89,1.66,0.0
20150526:0610,10790.7,208.06,19.49,10.95,1.52,0.0
20150526:0710,26502.0,434.03,29.31,12.51,2.07,0.0
20150526:0810,36143.58,581.84,39.09,13.36,2.07,0.0
20150526:0910,27907.67,449.03,48.34,14.28,2.97,0.0
20150526:1010,15948.87,264.2,56.23,15.15,3.38,0.0
20150526:1110,8189.61,145.0,61.32,15.43,3.03,0.0
20150526:1210,25237.51,411.03,61.88,15.71,2.9,0.0
20150526:1310,44983.65,737.88,57.68,16.07,2.69,0.0
20150526:1410,13558.78,229.08,50.27,16.46,2.69,0.0
20150526:1510,22347.24,366.64,41.24,16.79,2.9,0.0
20150526:1610,7494.37,134.96,31.52,16.75,3.1,0.0
20150526:1710,8638.94,157.12,21.68,16.52,3.17,0.0
20150526:1810,2270.93,51.03,12.08,15.99,2.83,0.0
20150526:1910,0.0,1.7,3.06,15.35,2.41,0.0
20150526:2010,0.0,0.0,0.0,14.06,2.62,0.0
20150526:2110,0.0,0.0,0.0,13.26,2.69,0.0
20150526:2210,0.0,0.0,0.0,12.57,2.69,0.0
20150526:2310,0.0,0.0,0.0,11.76,2.55,0.0
20150527:0010,0.0,0.0,0.0,11.06,2.48,0.0
20150527:0110,0.0,0.0,0.0,10.62,2.34,0.0
20150527:0210,0.0,0.0,0.0,10.09,2.14,0.0
20150527:0310,0.0,0.0,0.0,9.14,2.07,0.0
20150527:0410,0.0,0.0,0.0,8.47,1.93,0.0
20150527:0510,2411.34,51.88,10.1,8.34,1.45,0.0
20150527:0610,10788.43,205.84,19.59,10.71,0.9,0.0
20150527:0710,25708.09,425.78,29.41,12.68,0.69,0.0
20150527:0810,38601.98,638.28,39.2,14.52,0.55,0.0
20150527:0910,22676.64,376.67,48.46,16.19,0.41,0.0
20150527:1010,37795.92,631.98,56.37,17.51,1.03,0.0
20150527:1110,46137.33,782.13,61.48,17.95,1.24,0.0
20150527:1210,49426.84,847.08,62.05,18.77,1.24,0.0
20150527:1310,52148.61,900.47,57.84,19.33,1.17,0.0
20150527:1410,46402.98,789.48,50.42,19.89,1.31,0.0
20150527:1510,35619.87,597.72,41.38,20.11,1.52,0.0
20150527:1610,20993.18,362.52,31.66,20.08,1.66,0.0
20150527:1710,7872.35,173.39,21.82,20.02,1.79,0.0
20150527:1810,2277.76,51.88,12.22,19.43,1.52,0.0
20150527:1910,143.45,10.21,3.21,18.23,1.66,0.0
20150527:2010,0.0,0.0,0.0,15.97,2.28,0.0
20150527:2110,0.0,0.0,0.0,14.53,2.48,0.0
20150527:2210,0.0,0.0,0.0,13.81,2.62,0.0
20150527:2310,0.0,0.0,0.0,13.51,2.62,0.0
20150528:0010,0.0,0.0,0.0,13.11,2.41,0.0
20150528:0110,0.0,0.0,0.0,12.45,2.21,0.0
20150528:0210,0.0,0.0,0.0,11.75,1.86,0.0
20150528:0310,0.0,0.0,0.0,10.9,1.72,0.0
20150528:0410,0.0,0.0,0.0,10.2,1.86,0.0
20150528:0510,2794.64,58.69,10.21,10.86,1.59,0.0
20150528:0610,9780.47,177.35,19.69,12.84,1.79,0.0
20150528:0710,18307.84,302.08,29.51,13.85,2.14,0.0
20150528:0810,38705.2,626.52,39.3,14.9,2.41,0.0
20150528:0910,48277.71,789.66,48.57,16.15,2.97,0.0
20150528:1010,41469.48,676.39,56.5,17.36,3.66,0.0
20150528:1110,21286.16,351.35,61.63,18.05,3.66,0.0
20150528:1210,21612.52,357.79,62.22,19.13,4.07,0.0
20150528:1310,31000.6,506.76,58.0,19.07,4.41,0.0
20150528:1410,28713.73,468.87,50.57,18.86,4.41,0.0
20150528:1510,26895.17,440.29,41.52,18.65,4.07,0.0
20150528:1610,8708.01,154.87,31.8,18.57,4.0,0.0
20150528:1710,6591.92,122.13,21.95,18.01,3.66,0.0
20150528:1810,2612.48,56.99,12.36,16.92,3.03,0.0
20150528:1910,114.61,9.36,3.35,16.39,1.79,0.0
20150528:2010,0.0,0.0,0.0,15.29,1.79,0.0
20150528:2110,0.0,0.0,0.0,14.09,2.0,0.0
20150528:2210,0.0,0.0,0.0,12.71,2.07,0.0
20150528:2310,0.0,0.0,0.0,11.74,1.93,0.0
20150529:0010,0.0,0.0,0.0,11.08,1.66,0.0
20150529:0110,0.0,0.0,0.0,11.25,1.24,0.0
20150529:0210,0.0,0.0,0.0,11.46,0.9,0.0
20150529:0310,0.0,0.0,0.0,11.72,0.9,0.0
20150529:0410,0.0,0.0,0.0,11.67,1.38,0.0
20150529:0510,327.89,14.46,10.31,11.49,1.66,0.0
20150529:0610,3788.93,74.78,19.79,11.37,1.66,0.0
20150529:0710,5007.12,93.93,29.6,11.5,2.14,0.0
20150529:0810,35528.79,566.61,39.39,11.95,2.34,0.0
20150529:0910,35726.89,571.83,48.67,12.92,2.62,0.0
20150529:1010,56909.82,924.01,56.62,14.05,3.93,0.0
20150529:1110,51578.6,830.32,61.78,15.31,5.31,0.0
20150529:1210,40047.88,642.24,62.38,16.39,5.79,0.0
20150529:1310,37137.11,596.31,58.16,17.05,5.93,0.0
20150529:1410,32069.27,515.96,50.71,17.43,5.86,0.0
20150529:1510,23340.01,379.52,41.65,17.46,5.86,0.0
20150529:1610,7728.9,138.61,31.93,17.34,5.17,0.0
20150529:1710,4431.04,86.63,22.08,16.96,4.62,0.0
20150529:1810,890.31,26.37,12.5,16.39,4.34,0.0
20150529:1910,6.83,5.95,3.49,15.88,4.69,0.0
20150529:2010,0.0,0.0,0.0,15.11,4.69,0.0
20150529:2110,0.0,0.0,0.0,14.37,4.69,0.0
20150529:2210,0.0,0.0,0.0,13.84,4.48,0.0
20150529:2310,0.0,0.0,0.0,13.38,4.21,0.0
20150530:0010,0.0,0.0,0.0,12.84,3.66,0.0
20150530:0110,0.0,0.0,0.0,12.38,3.38,0.0
20150530:0210,0.0,0.0,0.0,11.99,3.1,0.0
20150530:0310,0.0,0.0,0.0,11.32,2.69,0.0
20150530:0410,0.0,0.0,0.0,10.84,2.76,0.0
20150530:0510,2802.99,58.69,10.4,10.53,2.97,0.0
20150530:0610,10678.37,195.67,19.87,10.62,3.17,0.0
20150530:0710,24697.1,399.91,29.69,11.51,2.97,0.0
20150530:0810,38765.17,616.59,39.48,12.14,2.9,0.0
20150530:0910,47143.01,758.39,48.77,13.06,2.97,0.0
20150530:1010,58650.21,964.53,56.74,14.24,3.1,0.0
20150530:1110,52619.95,863.93,61.92,15.14,3.17,0.0
20150530:1210,59600.48,992.89,62.53,15.91,3.1,0.0
20150530:1310,56094.65,928.06,58.31,16.65,3.31,0.0
20150530:1410,48746.02,798.42,50.85,17.59,3.52,0.0
20150530:1510,36809.98,599.99,41.78,17.64,3.45,0.0
20150530:1610,23051.59,392.63,32.06,17.67,3.31,0.0
20150530:1710,8818.82,179.82,22.21,17.58,3.1,0.0
20150530:1810,3117.21,65.49,12.63,17.17,2.28,0.0
20150530:1910,246.68,12.76,3.63,16.0,0.97,0.0
20150530:2010,0.0,0.0,0.0,15.52,0.83,0.0
20150530:2110,0.0,0.0,0.0,12.62,1.93,0.0
20150530:2210,0.0,0.0,0.0,11.55,2.14,0.0
20150530:2310,0.0,0.0,0.0,11.29,2.34,0.0
20150531:0010,0.0,0.0,0.0,11.5,2.48,0.0
20150531:0110,0.0,0.0,0.0,11.87,2.83,0.0
20150531:0210,0.0,0.0,0.0,11.96,3.17,0.0
20150531:0310,0.0,0.0,0.0,12.0,3.38,0.0
20150531:0410,0.0,0.0,0.0,12.07,3.52,0.0
20150531:0510,605.68,20.41,10.49,12.35,3.79,0.0
20150531:0610,6365.73,116.25,19.96,13.3,3.66,0.0
20150531:0710,10724.67,182.85,29.77,14.84,6.34,0.0
20150531:0810,13293.89,222.65,39.56,15.74,6.0,0.0
20150531:0910,18258.5,299.32,48.87,16.64,6.62,0.0
20150531:1010,6642.77,121.29,56.85,16.8,6.48,0.0
20150531:1110,11546.67,196.98,62.05,16.63,5.45,0.0
20150531:1210,10512.91,180.56,62.68,15.88,5.17,0.0
20150531:1310,6438.6,117.64,58.45,15.53,4.83,0.0
20150531:1410,5788.89,107.61,50.99,15.76,4.9,0.0
20150531:1510,9608.94,166.88,41.91,16.14,5.17,0.0
20150531:1610,11345.53,193.89,32.18,16.31,5.38,0.0
20150531:1710,3992.34,79.34,22.34,16.27,5.45,0.0
20150531:1810,980.63,28.07,12.76,16.1,5.38,0.0
20150531:1910,213.28,11.91,3.77,15.47,5.79,0.0
20150531:2010,0.0,0.0,0.0,15.0,5.17,0.0
20150531:2110,0.0,0.0,0.0,14.06,4.62,0.0
20150531:2210,0.0,0.0,0.0,12.54,3.72,0.0
20150531:2310,0.0,0.0,0.0,11.97,2.83,0.0
20150601:0010,0.0,0.0,0.0,11.56,2.9,0.0
20150601:0110,0.0,0.0,0.0,10.92,2.69,0.0
20150601:0210,0.0,0.0,0.0,10.39,2.34,0.0
20150601:0310,0.0,0.0,0.0,9.91,2.21,0.0
20150601:0410,0.0,0.0,0.0,9.17,2.0,0.0
20150601:0510,2400.72,51.88,10.57,9.25,1.66,0.0
20150601:0610,10845.35,208.19,20.03,9.86,1.72,0.0
20150601:0710,21000.01,340.42,29.84,10.62,2.07,0.0
20150601:0810,28649.97,457.87,39.64,11.5,1.79,0.0
20150601:0910,26961.2,433.88,48.95,12.24,1.59,0.0
20150601:1010,35278.32,567.77,56.95,12.92,2.21,0.0
20150601:1110,43232.64,702.16,62.18,13.79,2.48,0.0
20150601:1210,53999.81,891.03,62.82,14.81,2.76,0.0
20150601:1310,55544.38,918.55,58.59,16.29,3.1,0.0
20150601:1410,48711.1,794.71,51.12,16.5,3.31,0.0
20150601:1510,35291.98,571.62,42.04,17.03,3.93,0.0
20150601:1610,22665.26,381.33,32.3,16.78,4.48,0.0
20150601:1710,9589.21,176.19,22.46,16.37,4.9,0.0
20150601:1810,2834.86,60.39,12.88,15.77,4.21,0.0
20150601:1910,358.25,15.31,3.89,15.05,2.28,0.0
20150601:2010,0.0,0.0,0.0,13.72,2.14,0.0
20150601:2110,0.0,0.0,0.0,12.74,2.48,0.0
20150601:2210,0.0,0.0,0.0,12.4,2.97,0.0
20150601:2310,0.0,0.0,0.0,12.48,3.79,0.0
20150602:0010,0.0,0.0,0.0,12.49,4.62,0.0
20150602:0110,0.0,0.0,0.0,12.17,5.03,0.0
20150602:0210,0.0,0.0,0.0,11.67,5.17,0.0
20150602:0310,0.0,0.0,0.0,11.2,5.03,0.0
20150602:0410,0.0,0.0,0.0,11.02,4.9,0.0
20150602:0510,1873.21,43.38,10.65,11.33,5.1,0.0
20150602:0610,3051.94,62.92,20.1,11.77,5.31,0.0
20150602:0710,5458.73,101.22,29.91,13.02,5.72,0.0
20150602:0810,16466.5,268.53,39.71,13.96,6.48,0.0
20150602:0910,34234.7,540.87,49.03,15.55,8.07,0.0
20150602:1010,43250.86,688.14,57.05,16.87,7.93,0.0
20150602:1110,44539.64,715.26,62.3,18.32,7.79,0.0
20150602:1210,37146.22,600.61,62.96,19.87,7.93,0.0
20150602:1310,27998.75,457.82,58.72,21.2,8.07,0.0
20150602:1410,36202.78,589.33,51.24,21.89,8.0,0.0
20150602:1510,33556.15,547.96,42.16,22.02,7.79,0.0
20150602:1610,20436.08,347.94,32.42,22.01,7.1,0.0
20150602:1710,8332.3,179.21,22.58,21.52,6.14,0.0
20150602:1810,3122.53,66.34,13.0,20.53,5.66,0.0
20150602:1910,502.46,18.71,4.02,19.15,5.17,0.0
20150602:2010,0.0,0.0,0.0,17.71,4.76,0.0
20150602:2110,0.0,0.0,0.0,16.49,4.48,0.0
20150602:2210,0.0,0.0,0.0,15.78,4.41,0.0
20150602:2310,0.0,0.0,0.0,15.4,4.28,0.0
20150603:0010,0.0,0.0,0.0,15.1,4.0,0.0
20150603:0110,0.0,0.0,0.0,14.6,3.72,0.0
20150603:0210,0.0,0.0,0.0,14.17,3.59,0.0
20150603:0310,0.0,0.0,0.0,14.08,3.52,0.0
20150603:0410,0.0,0.0,0.0,14.16,3.45,0.0
20150603:0510,1988.58,45.93,10.72,14.57,3.38,0.0
20150603:0610,2393.89,52.89,20.17,15.01,2.97,0.0
20150603:0710,9539.11,166.14,29.97,16.12,3.93,0.0
20150603:0810,16415.65,272.35,39.78,16.34,3.52,0.0
20150603:0910,19280.88,317.42,49.1,16.64,3.52,0.0
20150603:1010,17990.58,298.26,57.14,16.96,3.31,0.0
20150603:1110,30227.18,494.2,62.41,17.43,3.1,0.0
20150603:1210,44696.75,741.24,63.09,18.14,2.76,0.0
20150603:1310,54184.25,913.59,58.85,18.68,2.48,0.0
20150603:1410,47340.35,791.53,51.36,19.02,2.21,0.0
20150603:1510,36471.47,605.49,42.27,18.96,2.0,0.0
20150603:1610,22843.62,394.48,32.54,18.88,1.79,0.0
20150603:1710,8037.81,177.27,22.7,18.67,1.72,0.0
20150603:1810,2994.26,63.79,13.12,18.34,1.72,0.0
20150603:1910,546.48,19.56,4.14,17.63,1.93,0.0
20150603:2010,0.0,0.0,0.0,16.23,2.28,0.0
20150603:2110,0.0,0.0,0.0,15.03,2.55,0.0
20150603:2210,0.0,0.0,0.0,14.15,2.83,0.0
20150603:2310,0.0,0.0,0.0,13.34,2.97,0.0
20150604:0010,0.0,0.0,0.0,12.54,2.97,0.0
20150604:0110,0.0,0.0,0.0,11.83,2.83,0.0
20150604:0210,0.0,0.0,0.0,11.15,2.62,0.0
20150604:0310,0.0,0.0,0.0,10.61,2.48,0.0
20150604:0410,0.0,0.0,0.0,10.19,2.34,0.0
20150604:0510,2386.3,51.88,10.78,10.5,2.14,0.0
20150604:0610,10679.89,209.47,20.23,12.63,2.0,0.0
20150604:0710,25982.09,429.78,30.03,14.78,2.41,0.0
20150604:0810,39175.79,639.38,39.84,16.96,2.62,0.0
20150604:0910,49541.45,821.18,49.17,18.8,3.03,0.0
20150604:1010,56551.57,956.8,57.22,20.11,3.03,0.0
20150604:1110,59655.88,1023.01,62.52,21.38,3.1,0.0
20150604:1210,59125.34,1016.66,63.21,22.45,3.24,0.0
20150604:1310,55255.96,945.6,58.98,23.39,3.31,0.0
20150604:1410,47724.4,808.15,51.48,24.14,3.38,0.0
20150604:1510,36395.57,614.35,42.38,24.67,3.31,0.0
20150604:1610,22486.13,397.03,32.65,24.93,3.1,0.0
20150604:1710,7823.77,178.08,22.81,24.87,2.83,0.0
20150604:1810,2856.12,62.94,13.24,24.3,2.21,0.0
20150604:1910,530.54,19.56,4.26,22.59,2.07,0.0
20150604:2010,0.0,0.0,0.0,20.59,2.55,0.0
20150604:2110,0.0,0.0,0.0,19.28,2.62,0.0
20150604:2210,0.0,0.0,0.0,18.44,2.69,0.0
20150604:2310,0.0,0.0,0.0,17.89,2.62,0.0
20150605:0010,0.0,0.0,0.0,17.39,2.48,0.0
20150605:0110,0.0,0.0,0.0,16.86,2.41,0.0
20150605:0210,0.0,0.0,0.0,16.35,2.34,0.0
20150605:0310,0.0,0.0,0.0,15.84,2.28,0.0
20150605:0410,0.0,0.0,0.0,15.47,2.28,0.0
20150605:0510,2470.54,54.43,10.84,15.99,2.07,0.0
20150605:0610,10391.47,208.86,20.28,18.71,1.93,0.0
20150605:0710,24845.11,425.63,30.08,22.15,2.48,0.0
20150605:0810,37783.78,639.2,39.89,24.68,2.83,0.0
20150605:0910,47621.94,820.95,49.23,26.73,3.03,0.0
20150605:1010,54137.19,950.65,57.3,28.34,3.31,0.0
20150605:1110,57146.63,1016.86,62.62,29.73,3.45,0.0
20150605:1210,56641.89,1010.72,63.33,30.77,3.59,0.0
20150605:1310,52400.6,924.68,59.1,30.84,3.79,0.0
20150605:1410,44922.17,783.62,51.59,29.4,2.97,0.0
20150605:1510,35222.15,606.74,42.49,28.34,3.03,0.0
20150605:1610,21840.22,393.78,32.75,28.06,1.86,0.0
20150605:1710,8218.45,181.88,22.91,27.58,0.9,0.0
20150605:1810,2242.09,52.73,13.35,26.55,1.79,0.0
20150605:1910,572.29,20.41,4.37,22.01,3.93,0.0
20150605:2010,0.0,0.0,0.0,19.61,4.34,0.0
20150605:2110,0.0,0.0,0.0,17.28,4.55,0.0
20150605:2210,0.0,0.0,0.0,16.04,3.59,0.0
20150605:2310,0.0,0.0,0.0,15.46,3.31,0.0
20150606:0010,0.0,0.0,0.0,15.07,3.59,0.0
20150606:0110,0.0,0.0,0.0,14.41,3.52,0.0
20150606:0210,0.0,0.0,0.0,13.76,3.52,0.0
20150606:0310,0.0,0.0,0.0,13.18,3.59,0.0
20150606:0410,0.0,0.0,0.0,12.77,3.03,0.0
20150606:0510,2723.29,57.84,10.89,12.54,3.17,0.0
20150606:0610,10680.65,205.79,20.33,12.91,3.45,0.0
20150606:0710,25744.52,421.55,30.13,13.59,3.17,0.0
20150606:0810,39546.18,634.91,39.94,14.75,3.31,0.0
20150606:0910,49953.58,816.18,49.29,16.03,3.1,0.0
20150606:1010,56830.88,950.51,57.37,17.32,2.83,0.0
20150606:1110,59636.15,1015.64,62.72,18.53,2.55,0.0
20150606:1210,58842.99,1010.66,63.44,19.49,2.28,0.0
20150606:1310,55039.64,940.09,59.21,20.29,2.28,0.0
20150606:1410,48112.25,809.28,51.7,20.75,2.48,0.0
20150606:1510,36818.33,612.46,42.6,20.91,2.83,0.0
20150606:1610,23063.73,398.52,32.86,20.69,3.17,0.0
20150606:1710,8156.97,180.38,23.02,20.17,3.31,0.0
20150606:1810,3084.58,65.49,13.45,19.38,3.17,0.0
20150606:1910,626.93,21.26,4.48,18.08,3.45,0.0
20150606:2010,0.0,0.0,0.0,16.44,3.66,0.0
20150606:2110,0.0,0.0,0.0,14.96,3.86,0.0
20150606:2210,0.0,0.0,0.0,13.7,3.66,0.0
20150606:2310,0.0,0.0,0.0,12.58,3.17,0.0
20150607:0010,0.0,0.0,0.0,11.64,2.76,0.0
20150607:0110,0.0,0.0,0.0,10.88,2.48,0.0
20150607:0210,0.0,0.0,0.0,10.18,2.62,0.0
20150607:0310,0.0,0.0,0.0,9.63,2.83,0.0
20150607:0410,0.0,0.0,0.0,9.33,2.76,0.0
20150607:0510,2710.39,56.99,10.94,9.55,2.34,0.0
20150607:0610,10766.42,206.79,20.37,10.9,2.62,0.0
20150607:0710,25189.69,410.86,30.17,12.57,2.9,0.0
20150607:0810,39095.33,627.53,39.98,14.38,3.1,0.0
20150607:0910,49394.2,805.74,49.34,16.1,3.24,0.0
20150607:1010,53939.85,894.07,57.44,17.64,3.38,0.0
20150607:1110,58298.03,979.22,62.8,18.92,3.52,0.0
20150607:1210,56526.52,952.02,63.55,19.89,3.52,0.0
20150607:1310,48167.66,804.16,59.32,20.7,3.59,0.0
20150607:1410,46948.7,779.99,51.81,21.21,3.79,0.0
20150607:1510,32057.88,530.17,42.7,21.39,4.07,0.0
20150607:1610,22994.66,395.55,32.96,21.17,4.41,0.0
20150607:1710,8759.62,184.34,23.12,20.67,4.62,0.0
20150607:1810,3028.41,64.64,13.55,19.86,4.21,0.0
20150607:1910,667.16,22.11,4.58,18.32,4.21,0.0
20150607:2010,0.0,0.0,0.0,16.87,4.41,0.0
20150607:2110,0.0,0.0,0.0,15.71,4.76,0.0
20150607:2210,0.0,0.0,0.0,14.64,4.97,0.0
20150607:2310,0.0,0.0,0.0,13.59,4.97,0.0
20150608:0010,0.0,0.0,0.0,12.62,4.83,0.0
20150608:0110,0.0,0.0,0.0,11.77,4.69,0.0
20150608:0210,0.0,0.0,0.0,11.05,4.62,0.0
20150608:0310,0.0,0.0,0.0,10.48,4.55,0.0
20150608:0410,0.0,0.0,0.0,10.01,4.48,0.0
20150608:0510,2447.02,52.73,10.98,10.05,4.14,0.0
20150608:0610,10783.11,208.89,20.41,10.84,4.76,0.0
20150608:0710,26317.57,424.61,30.2,12.17,5.31,0.0
20150608:0810,40470.64,637.98,40.02,13.75,5.52,0.0
20150608:0910,51186.96,815.04,49.38,15.27,5.86,0.0
20150608:1010,58808.84,949.34,57.5,16.62,6.21,0.0
20150608:1110,62298.72,1015.63,62.88,17.65,6.34,0.0
20150608:1210,61787.15,1010.77,63.65,18.45,6.34,0.0
20150608:1310,57658.95,940.32,59.42,19.02,6.28,0.0
20150608:1410,49794.2,805.83,51.91,19.31,6.28,0.0
20150608:1510,37980.36,614.03,42.8,19.32,6.34,0.0
20150608:1610,23525.96,398.26,33.05,19.08,6.34,0.0
20150608:1710,8351.28,182.0,23.21,18.6,6.21,0.0
20150608:1810,3009.44,63.79,13.65,17.95,5.72,0.0
20150608:1910,469.82,17.86,4.68,16.88,5.45,0.0
20150608:2010,0.0,0.0,0.0,15.78,5.31,0.0
20150608:2110,0.0,0.0,0.0,14.85,5.38,0.0
20150608:2210,0.0,0.0,0.0,14.02,5.66,0.0
20150608:2310,0.0,0.0,0.0,13.28,5.72,0.0
20150609:0010,0.0,0.0,0.0,12.71,5.72,0.0
20150609:0110,0.0,0.0,0.0,12.44,5.66,0.0
20150609:0210,0.0,0.0,0.0,11.93,5.66,0.0
20150609:0310,0.0,0.0,0.0,11.42,5.52,0.0
20150609:0410,0.0,0.0,0.0,11.0,5.31,0.0
20150609:0510,2540.37,54.43,11.02,10.94,4.97,0.0
20150609:0610,10767.17,199.37,20.44,11.05,5.38,0.0
20150609:0710,25822.7,415.8,30.23,12.19,5.93,0.0
20150609:0810,39901.39,626.63,40.05,13.47,6.07,0.0
20150609:0910,50978.24,809.42,49.42,15.05,6.14,0.0
20150609:1010,58265.39,937.58,57.55,16.24,6.34,0.0
20150609:1110,61439.53,996.71,62.96,17.29,6.69,0.0
20150609:1210,59655.12,968.47,63.74,18.06,6.97,0.0
20150609:1310,38418.3,618.45,59.51,18.29,6.76,0.0
20150609:1410,30375.94,490.44,52.0,18.27,6.41,0.0
20150609:1510,28044.29,454.82,42.89,18.69,6.41,0.0
20150609:1610,23207.94,390.89,33.14,18.46,6.21,0.0
20150609:1710,9130.01,187.06,23.31,17.9,5.93,0.0
20150609:1810,3958.19,79.1,13.74,17.24,5.52,0.0
20150609:1910,717.26,22.96,4.78,16.44,5.45,0.0
20150609:2010,0.0,0.0,0.0,15.97,5.31,0.0
20150609:2110,0.0,0.0,0.0,15.56,5.17,0.0
20150609:2210,0.0,0.0,0.0,14.98,5.1,0.0
20150609:2310,0.0,0.0,0.0,14.37,5.31,0.0
20150610:0010,0.0,0.0,0.0,13.42,5.45,0.0
20150610:0110,0.0,0.0,0.0,12.85,5.45,0.0
20150610:0210,0.0,0.0,0.0,12.09,5.17,0.0
20150610:0310,0.0,0.0,0.0,11.54,5.03,0.0
20150610:0410,60.72,7.65,2.33,11.21,4.76,0.0
20150610:0510,2639.04,56.14,11.05,11.27,4.62,0.0
20150610:0610,10694.31,206.25,20.47,12.06,4.55,0.0
20150610:0710,24559.72,399.48,30.26,13.86,5.1,0.0
20150610:0810,39786.02,633.01,40.07,15.68,5.52,0.0
20150610:0910,50528.15,813.09,49.46,17.33,5.72,0.0
20150610:1010,57983.05,948.46,57.6,18.77,5.79,0.0
20150610:1110,44231.48,722.12,63.02,20.3,6.28,0.0
20150610:1210,56710.2,939.48,63.82,21.3,6.07,0.0
20150610:1310,53819.93,891.99,59.61,21.69,5.59,0.0
20150610:1410,33792.96,555.52,52.09,21.61,5.31,0.0
20150610:1510,24893.68,412.11,42.98,21.53,5.31,0.0
20150610:1610,23162.4,397.34,33.23,21.43,5.17,0.0
20150610:1710,9643.1,190.38,23.39,21.5,4.97,0.0
20150610:1810,4138.83,83.35,13.83,21.01,4.21,0.0
20150610:1910,576.84,20.41,4.87,20.77,3.86,0.0
20150610:2010,0.0,0.0,0.0,19.8,4.28,0.0
20150610:2110,0.0,0.0,0.0,19.02,4.55,0.0
20150610:2210,0.0,0.0,0.0,18.2,4.55,0.0
20150610:2310,0.0,0.0,0.0,17.51,4.14,0.0
20150611:0010,0.0,0.0,0.0,16.9,3.72,0.0
20150611:0110,0.0,0.0,0.0,16.36,3.45,0.0
20150611:0210,0.0,0.0,0.0,15.88,3.38,0.0
20150611:0310,0.0,0.0,0.0,15.67,3.45,0.0
20150611:0410,115.37,9.36,2.37,15.44,3.52,0.0
20150611:0510,2733.16,58.69,11.08,15.57,3.31,0.0
20150611:0610,9254.49,168.67,20.49,16.48,3.31,0.0
20150611:0710,25031.82,419.2,30.28,18.29,3.38,0.0
20150611:0810,38153.41,629.08,40.1,20.14,3.24,0.0
20150611:0910,48417.37,812.22,49.48,21.94,3.31,0.0
20150611:1010,55224.08,942.82,57.63,23.63,3.66,0.0
20150611:1110,59005.42,1019.85,63.08,25.1,3.93,0.0
20150611:1210,57875.27,1003.55,63.9,26.31,4.07,0.0
20150611:1310,48503.14,833.4,59.69,27.09,4.07,0.0
20150611:1410,35203.94,599.72,52.18,27.57,4.07,0.0
20150611:1510,29852.23,509.63,43.06,27.73,4.0,0.0
20150611:1610,21654.27,383.08,33.31,27.71,3.93,0.0
20150611:1710,8711.04,188.13,23.48,27.54,3.86,0.0
20150611:1810,3669.77,77.4,13.92,26.41,3.03,0.0
20150611:1910,135.86,10.21,4.95,25.25,2.34,0.0
20150611:2010,0.0,0.0,0.0,23.51,2.69,0.0
20150611:2110,0.0,0.0,0.0,22.29,2.69,0.0
20150611:2210,0.0,0.0,0.0,21.32,2.21,0.0
20150611:2310,0.0,0.0,0.0,20.23,1.79,0.0
20150612:0010,0.0,0.0,0.0,19.07,1.86,0.0
20150612:0110,0.0,0.0,0.0,18.27,2.21,0.0
20150612:0210,0.0,0.0,0.0,17.87,2.28,0.0
20150612:0310,0.0,0.0,0.0,17.55,2.28,0.0
20150612:0410,0.0,1.7,2.39,17.24,2.28,0.0
20150612:0510,2905.45,62.09,11.1,17.61,2.28,0.0
20150612:0610,8635.14,159.44,20.5,19.37,2.0,0.0
20150612:0710,20760.93,353.72,30.29,21.48,2.69,0.0
20150612:0810,37368.61,625.2,40.11,23.02,3.17,0.0
20150612:0910,41886.93,709.87,49.5,24.71,3.17,0.0
20150612:1010,47585.5,810.18,57.67,25.51,4.07,0.0
20150612:1110,45569.6,774.49,63.14,26.16,4.69,0.0
20150612:1210,36510.94,615.42,63.97,26.15,5.24,0.0
20150612:1310,21931.3,370.65,59.77,24.92,5.79,0.0
20150612:1410,44765.82,744.28,52.26,24.69,6.07,0.0
20150612:1510,31419.56,523.38,43.14,24.44,5.72,0.0
20150612:1610,22366.97,386.11,33.39,23.75,5.52,0.0
20150612:1710,9063.22,189.75,23.56,22.84,4.69,0.0
20150612:1810,4218.52,85.05,14.0,22.11,4.0,0.0
20150612:1910,536.61,19.56,5.03,20.75,3.93,0.0
20150612:2010,0.0,0.0,0.0,19.71,3.79,0.0
20150612:2110,0.0,0.0,0.0,18.8,3.45,0.0
20150612:2210,0.0,0.0,0.0,18.0,2.97,0.0
20150612:2310,0.0,0.0,0.0,17.28,2.55,0.0
20150613:0010,0.0,0.0,0.0,16.61,2.0,0.0
20150613:0110,0.0,0.0,0.0,16.16,1.72,0.0
20150613:0210,0.0,0.0,0.0,15.67,1.66,0.0
20150613:0310,0.0,0.0,0.0,15.3,1.66,0.0
20150613:0410,86.53,8.51,2.41,15.0,1.59,0.0
20150613:0510,722.57,22.96,11.11,14.94,1.1,0.0
20150613:0610,10315.57,203.46,20.51,16.48,1.03,0.0
20150613:0710,24964.27,417.85,30.3,17.42,2.76,0.0
20150613:0810,38753.78,634.74,40.12,18.52,3.1,0.0
20150613:0910,48550.19,807.2,49.52,19.87,3.17,0.0
20150613:1010,54474.19,918.62,57.7,21.31,3.59,0.0
20150613:1110,58055.15,989.83,63.18,22.45,3.79,0.0
20150613:1210,55071.52,939.87,64.04,23.21,3.72,0.0
20150613:1310,48798.39,828.69,59.85,23.86,3.59,0.0
20150613:1410,45503.57,769.72,52.33,24.01,3.31,0.0
20150613:1510,28495.14,481.04,43.21,24.09,2.97,0.0
20150613:1610,18964.37,328.81,33.47,23.96,2.76,0.0
20150613:1710,9633.99,192.75,23.63,23.48,2.83,0.0
20150613:1810,4197.27,85.05,14.07,22.8,2.62,0.0
20150613:1910,733.95,23.82,5.11,22.25,1.93,0.0
20150613:2010,0.0,0.0,0.0,20.67,2.62,0.0
20150613:2110,0.0,0.0,0.0,19.28,3.31,0.0
20150613:2210,0.0,0.0,0.0,17.93,3.45,0.0
20150613:2310,0.0,0.0,0.0,16.92,3.17,0.0
20150614:0010,0.0,0.0,0.0,15.84,2.83,0.0
20150614:0110,0.0,0.0,0.0,15.19,2.69,0.0
20150614:0210,0.0,0.0,0.0,14.54,2.48,0.0
20150614:0310,0.0,0.0,0.0,14.09,2.34,0.0
20150614:0410,0.0,0.85,2.43,13.84,2.28,0.0
20150614:0510,857.67,25.52,11.12,13.89,2.07,0.0
20150614:0610,7073.88,128.96,20.52,14.97,2.34,0.0
20150614:0710,23633.74,392.28,30.3,16.05,2.83,0.0
20150614:0810,24073.96,393.8,40.12,16.82,2.69,0.0
20150614:0910,23119.14,381.91,49.53,18.11,2.41,0.0
20150614:1010,37228.95,620.98,57.72,20.02,2.28,0.0
20150614:1110,31651.06,529.85,63.22,21.18,2.34,0.0
20150614:1210,45582.5,774.91,64.1,21.91,2.41,0.0
20150614:1310,51432.88,878.24,59.91,22.3,2.69,0.0
20150614:1410,45103.58,758.18,52.4,22.55,3.17,0.0
20150614:1510,31606.28,527.72,43.28,22.79,3.59,0.0
20150614:1610,10018.8,179.14,33.54,23.32,3.72,0.0
20150614:1710,5294.02,103.05,23.7,23.12,3.72,0.0
20150614:1810,2884.2,62.94,14.14,22.63,3.52,0.0
20150614:1910,617.07,21.26,5.18,20.86,4.07,0.0
20150614:2010,0.0,0.0,0.0,19.68,4.14,0.0
20150614:2110,0.0,0.0,0.0,18.56,4.28,0.0
20150614:2210,0.0,0.0,0.0,17.51,4.07,0.0
20150614:2310,0.0,0.0,0.0,16.53,3.66,0.0
20150615:0010,0.0,0.0,0.0,15.92,3.38,0.0
20150615:0110,0.0,0.0,0.0,15.61,3.03,0.0
20150615:0210,0.0,0.0,0.0,15.5,3.17,0.0
20150615:0310,0.0,0.0,0.0,15.08,3.24,0.0
20150615:0410,0.0,1.7,2.44,14.58,3.17,0.0
20150615:0510,321.82,14.46,11.12,14.51,3.03,0.0
20150615:0610,1703.96,41.04,20.52,14.88,3.45,0.0
20150615:0710,11174.76,190.75,30.3,14.88,3.1,0.0
20150615:0810,26823.82,434.29,40.12,15.95,3.31,0.0
20150615:0910,34822.92,565.84,49.53,17.32,3.45,0.0
20150615:1010,21069.08,348.4,57.73,18.28,3.45,0.0
20150615:1110,19433.44,324.34,63.25,19.36,3.45,0.0
20150615:1210,27830.25,460.83,64.15,20.23,3.45,0.0
20150615:1310,9271.19,165.06,59.98,20.39,3.52,0.0
20150615:1410,8249.57,148.64,52.47,20.03,3.79,0.0
20150615:1510,6232.15,116.73,43.35,20.11,4.0,0.0
20150615:1610,5779.79,109.43,33.6,20.0,4.34,0.0
20150615:1710,9711.41,193.49,23.77,19.83,4.34,0.0
20150615:1810,622.38,21.26,14.21,19.42,4.21,0.0
20150615:1910,0.0,3.4,5.25,18.51,3.59,0.0
20150615:2010,0.0,0.0,0.0,17.89,3.31,0.0
20150615:2110,0.0,0.0,0.0,17.23,3.45,0.0
20150615:2210,0.0,0.0,0.0,16.36,3.59,0.0
20150615:2310,0.0,0.0,0.0,15.62,3.79,0.0
20150616:0010,0.0,0.0,0.0,14.85,3.79,0.0
20150616:0110,0.0,0.0,0.0,14.13,3.59,0.0
20150616:0210,0.0,0.0,0.0,13.16,3.59,0.0
20150616:0310,0.0,0.0,0.0,12.52,3.59,0.0
20150616:0410,0.0,4.25,2.44,11.7,3.38,0.0
20150616:0510,2996.53,62.09,11.12,11.67,3.1,0.0
20150616:0610,10471.92,203.26,20.51,12.46,3.72,0.0
20150616:0710,25296.71,414.7,30.29,13.9,3.66,0.0
20150616:0810,38010.72,611.37,40.12,15.65,3.66,0.0
20150616:0910,45675.1,742.85,49.53,17.45,4.0,0.0
20150616:1010,54235.1,896.1,57.74,18.94,4.34,0.0
20150616:1110,45962.0,760.93,63.28,20.1,4.14,0.0
20150616:1210,44350.65,735.79,64.19,20.86,4.21,0.0
20150616:1310,40381.08,666.3,60.03,20.91,4.48,0.0
20150616:1410,48024.97,792.9,52.53,20.86,4.41,0.0
20150616:1510,37678.28,619.08,43.41,21.04,4.69,0.0
20150616:1610,23818.18,407.37,33.67,20.83,5.03,0.0
20150616:1710,8684.48,189.18,23.83,20.28,5.17,0.0
20150616:1810,2934.29,62.94,14.27,19.48,4.83,0.0
20150616:1910,879.68,26.37,5.31,18.46,4.07,0.0
20150616:2010,0.0,0.0,0.0,17.13,3.59,0.0
20150616:2110,0.0,0.0,0.0,16.01,3.17,0.0
20150616:2210,0.0,0.0,0.0,15.02,2.83,0.0
20150616:2310,0.0,0.0,0.0,14.09,2.62,0.0
20150617:0010,0.0,0.0,0.0,13.27,2.55,0.0
20150617:0110,0.0,0.0,0.0,12.55,2.48,0.0
20150617:0210,0.0,0.0,0.0,11.94,2.48,0.0
20150617:0310,0.0,0.0,0.0,11.38,2.41,0.0
20150617:0410,119.92,9.36,2.44,10.89,2.21,0.0
20150617:0510,2378.71,51.88,11.11,11.07,1.66,0.0
20150617:0610,10407.41,200.93,20.5,13.08,1.52,0.0
20150617:0710,25097.85,419.48,30.28,14.86,1.31,0.0
20150617:0810,38170.11,631.43,40.11,16.69,1.24,0.0
20150617:0910,48098.59,812.97,49.52,18.24,1.31,0.0
20150617:1010,54450.66,939.21,57.74,19.67,1.52,0.0
20150617:1110,57957.24,1005.85,63.3,21.2,2.14,0.0
20150617:1210,56647.21,979.49,64.23,22.25,2.55,0.0
20150617:1310,54560.72,936.57,60.08,23.25,2.97,0.0
20150617:1410,47964.25,810.14,52.58,23.68,3.45,0.0
20150617:1510,36505.62,611.42,43.47,24.0,3.93,0.0
20150617:1610,22857.28,397.13,33.72,24.13,4.14,0.0
20150617:1710,8680.68,190.43,23.89,23.67,4.28,0.0
20150617:1810,3036.76,65.49,14.32,22.61,4.28,0.0
20150617:1910,866.78,26.37,5.36,21.23,4.21,0.0
20150617:2010,0.0,0.0,0.0,19.64,3.86,0.0
20150617:2110,0.0,0.0,0.0,18.13,3.45,0.0
20150617:2210,0.0,0.0,0.0,17.08,3.31,0.0
20150617:2310,0.0,0.0,0.0,16.46,3.1,0.0
20150618:0010,0.0,0.0,0.0,16.37,3.03,0.0
20150618:0110,0.0,0.0,0.0,16.34,3.1,0.0
20150618:0210,0.0,0.0,0.0,16.45,3.24,0.0
20150618:0310,0.0,0.0,0.0,16.44,3.24,0.0
20150618:0410,114.61,9.36,2.43,16.37,3.24,0.0
20150618:0510,2670.92,57.84,11.1,16.44,3.59,0.0
20150618:0610,6100.84,113.57,20.49,16.53,3.31,0.0
20150618:0710,9632.47,167.82,30.26,16.47,4.0,0.0
20150618:0810,8845.39,155.94,40.09,16.75,3.31,0.0
20150618:0910,13225.58,223.66,49.51,16.96,4.0,0.0
20150618:1010,12594.85,214.3,57.74,17.08,3.45,0.0
20150618:1110,11773.61,201.54,63.31,17.06,3.45,0.0
20150618:1210,8654.12,153.2,64.26,17.14,3.38,0.0
20150618:1310,15287.78,256.48,60.13,17.31,3.38,0.0
20150618:1410,18681.27,309.51,52.63,17.61,3.66,0.0
20150618:1510,10673.06,185.12,43.52,17.87,3.45,0.0
20150618:1610,18957.54,318.41,33.77,18.05,3.31,0.0
20150618:1710,9674.97,174.57,23.94,18.24,2.9,0.0
20150618:1810,3935.42,79.1,14.38,17.97,3.03,0.0
20150618:1910,882.72,26.37,5.41,17.9,3.03,0.0
20150618:2010,0.0,0.0,0.0,16.94,3.03,0.0
20150618:2110,0.0,0.0,0.0,15.84,2.97,0.0
20150618:2210,0.0,0.0,0.0,14.66,2.69,0.0
20150618:2310,0.0,0.0,0.0,13.61,2.34,0.0
20150619:0010,0.0,0.0,0.0,12.68,2.14,0.0
20150619:0110,0.0,0.0,0.0,11.76,1.93,0.0
20150619:0210,0.0,0.0,0.0,10.83,1.86,0.0
20150619:0310,0.0,0.0,0.0,10.0,1.72,0.0
20150619:0410,154.08,10.21,2.41,9.5,1.79,0.0
20150619:0510,3172.62,64.64,11.08,10.21,1.52,0.0
20150619:0610,10330.75,195.72,20.47,12.95,1.86,0.0
20150619:0710,22877.02,378.49,30.24,14.29,2.0,0.0
20150619:0810,35769.39,582.57,40.07,16.2,2.34,0.0
20150619:0910,46694.44,770.84,49.49,17.46,2.55,0.0
20150619:1010,24538.47,404.71,57.73,18.69,3.17,0.0
20150619:1110,39924.92,656.91,63.32,19.43,3.93,0.0
20150619:1210,51211.25,852.25,64.29,20.45,4.34,0.0
20150619:1310,50991.9,846.53,60.17,20.8,4.55,0.0
20150619:1410,47084.56,776.9,52.68,21.12,4.62,0.0
20150619:1510,32696.96,537.82,43.57,21.2,4.9,0.0
20150619:1610,23986.68,410.17,33.82,20.81,4.76,0.0
20150619:1710,8968.34,192.42,23.99,20.15,4.55,0.0
20150619:1810,3344.91,69.74,14.42,19.3,4.34,0.0
20150619:1910,926.74,27.22,5.46,17.84,3.66,0.0
20150619:2010,0.0,0.0,0.0,16.52,2.9,0.0
20150619:2110,0.0,0.0,0.0,15.37,2.28,0.0
20150619:2210,0.0,0.0,0.0,14.38,2.0,0.0
20150619:2310,0.0,0.0,0.0,13.49,2.0,0.0
20150620:0010,0.0,0.0,0.0,12.58,1.86,0.0
20150620:0110,0.0,0.0,0.0,11.75,1.66,0.0
20150620:0210,0.0,0.0,0.0,11.44,1.79,0.0
20150620:0310,0.0,0.0,0.0,11.27,2.07,0.0
20150620:0410,89.56,8.51,2.39,11.08,2.28,0.0
20150620:0510,3147.57,64.64,11.06,11.94,2.14,0.0
20150620:0610,9838.16,179.72,20.44,13.34,2.55,0.0
20150620:0710,9970.22,172.38,30.22,15.2,3.1,0.0
20150620:0810,21998.86,360.46,40.04,16.93,3.17,0.0
20150620:0910,48901.61,801.96,49.47,18.12,3.66,0.0
20150620:1010,34339.44,561.63,57.71,18.77,3.86,0.0
20150620:1110,36492.72,601.24,63.32,19.63,3.66,0.0
20150620:1210,46141.13,768.54,64.31,20.15,3.52,0.0
20150620:1310,22856.53,380.73,60.2,20.49,3.45,0.0
20150620:1410,34721.21,574.38,52.72,20.57,3.31,0.0
20150620:1510,7808.59,142.26,43.61,20.86,3.45,0.0
20150620:1610,11624.84,202.78,33.87,20.7,3.24,0.0
20150620:1710,4629.9,91.19,24.03,20.32,3.03,0.0
20150620:1810,4158.56,83.35,14.46,19.79,2.83,0.0
20150620:1910,501.7,18.71,5.5,19.3,2.28,0.0
20150620:2010,0.0,0.0,0.0,18.23,1.79,0.0
20150620:2110,0.0,0.0,0.0,17.62,1.45,0.0
20150620:2210,0.0,0.0,0.0,17.08,0.97,0.0
20150620:2310,0.0,0.0,0.0,16.6,1.17,0.0
20150621:0010,0.0,0.0,0.0,16.03,1.72,0.0
20150621:0110,0.0,0.0,0.0,15.7,1.93,0.0
20150621:0210,0.0,0.0,0.0,15.44,2.14,0.0
20150621:0310,0.0,0.0,0.0,15.04,2.28,0.0
20150621:0410,0.0,2.55,2.37,14.3,2.28,0.0
20150621:0510,437.18,17.01,11.03,14.32,2.21,0.0
20150621:0610,9103.45,165.2,20.41,15.46,3.45,0.0
20150621:0710,8210.86,145.91,30.18,16.29,2.9,0.0
20150621:0810,4818.89,93.02,40.01,17.11,2.97,0.0
20150621:0910,10953.89,189.68,49.44,18.03,3.31,0.0
20150621:1010,21107.79,348.35,57.69,18.25,3.93,0.0
20150621:1110,26704.66,436.8,63.31,18.41,4.41,0.0
20150621:1210,29229.85,477.29,64.32,18.76,4.76,0.0
20150621:1310,41142.35,673.44,60.22,19.74,4.9,0.0
20150621:1410,46695.96,769.02,52.75,20.65,4.55,0.0
20150621:1510,35738.27,588.81,43.65,21.44,4.62,0.0
20150621:1610,21740.8,370.02,33.9,21.48,4.55,0.0
20150621:1710,10365.66,197.7,24.07,21.15,4.28,0.0
20150621:1810,4459.88,88.46,14.5,20.5,3.66,0.0
20150621:1910,541.17,19.56,5.53,19.24,3.24,0.0
20150621:2010,0.0,0.0,0.0,17.81,2.83,0.0
20150621:2110,0.0,0.0,0.0,16.63,2.62,0.0
20150621:2210,0.0,0.0,0.0,15.59,2.55,0.0
20150621:2310,0.0,0.0,0.0,14.46,2.28,0.0
20150622:0010,0.0,0.0,0.0,13.46,2.0,0.0
20150622:0110,0.0,0.0,0.0,12.84,1.79,0.0
20150622:0210,0.0,0.0,0.0,12.41,1.86,0.0
20150622:0310,0.0,0.0,0.0,12.25,2.07,0.0
20150622:0410,59.96,7.65,2.34,12.46,2.21,0.0
20150622:0510,3030.69,62.94,11.0,12.74,2.28,0.0
20150622:0610,5728.93,106.02,20.38,13.1,2.69,0.0
20150622:0710,12266.2,207.18,30.15,14.19,2.9,0.0
20150622:0810,13444.93,225.35,39.98,14.83,3.03,0.0
20150622:0910,14050.61,234.85,49.41,15.17,3.45,0.0
20150622:1010,16276.76,269.58,57.66,15.57,3.66,0.0
20150622:1110,8766.45,154.12,63.29,16.05,3.86,0.0
20150622:1210,11384.24,195.15,64.32,17.01,4.28,0.0
20150622:1310,16468.78,274.04,60.24,17.14,4.28,0.0
20150622:1410,5742.59,107.61,52.78,17.28,4.34,0.0
20150622:1510,4194.99,82.99,43.68,17.32,4.48,0.0
20150622:1610,2798.43,60.19,33.94,17.67,6.0,0.0
20150622:1710,1282.71,33.74,24.1,16.53,4.76,0.0
20150622:1810,1167.34,31.47,14.53,15.42,6.14,0.0
20150622:1910,642.87,21.26,5.56,13.9,5.31,0.0
20150622:2010,0.0,0.0,0.0,13.27,4.0,0.0
20150622:2110,0.0,0.0,0.0,12.64,3.52,0.0
20150622:2210,0.0,0.0,0.0,11.96,3.03,0.0
20150622:2310,0.0,0.0,0.0,11.13,2.76,0.0
20150623:0010,0.0,0.0,0.0,10.71,2.97,0.0
20150623:0110,0.0,0.0,0.0,10.37,3.1,0.0
20150623:0210,0.0,0.0,0.0,10.03,3.1,0.0
20150623:0310,0.0,0.0,0.0,9.72,2.97,0.0
20150623:0410,91.08,8.51,2.3,9.51,2.76,0.0
20150623:0510,2290.66,50.18,10.96,9.95,2.55,0.0
20150623:0610,10070.41,201.93,20.33,11.58,2.48,0.0
20150623:0710,25349.84,416.29,30.11,13.4,3.31,0.0
20150623:0810,26176.39,420.19,39.94,14.68,4.07,0.0
20150623:0910,36053.26,578.06,49.37,15.67,4.34,0.0
20150623:1010,27703.5,448.11,57.63,16.81,4.83,0.0
20150623:1110,44812.12,726.85,63.27,17.21,4.83,0.0
20150623:1210,40520.73,659.39,64.32,17.94,4.55,0.0
20150623:1310,36328.78,592.99,60.26,18.42,4.07,0.0
20150623:1410,24914.93,410.24,52.8,19.09,3.72,0.0
20150623:1510,25859.13,425.37,43.71,18.78,3.38,0.0
20150623:1610,20716.15,349.23,33.97,18.96,3.31,0.0
20150623:1710,10424.11,190.42,24.13,18.71,3.24,0.0
20150623:1810,4347.55,85.9,14.56,18.33,2.97,0.0
20150623:1910,929.02,27.22,5.58,17.27,2.28,0.0
20150623:2010,0.0,0.0,0.0,16.21,1.93,0.0
20150623:2110,0.0,0.0,0.0,14.86,2.0,0.0
20150623:2210,0.0,0.0,0.0,13.54,2.0,0.0
20150623:2310,0.0,0.0,0.0,12.29,2.0,0.0
20150624:0010,0.0,0.0,0.0,11.11,1.93,0.0
20150624:0110,0.0,0.0,0.0,10.1,1.79,0.0
20150624:0210,0.0,0.0,0.0,9.48,1.66,0.0
20150624:0310,0.0,0.0,0.0,8.92,1.72,0.0
20150624:0410,62.24,7.65,2.26,8.44,1.72,0.0
20150624:0510,2504.7,53.58,10.92,9.15,1.45,0.0
20150624:0610,9965.67,199.39,20.29,12.51,1.31,0.0
20150624:0710,23654.24,395.43,30.06,14.89,1.24,0.0
20150624:0810,37928.75,626.84,39.89,16.87,1.38,0.0
20150624:0910,35477.18,592.37,49.33,18.39,1.1,0.0
20150624:1010,37933.3,642.08,57.59,19.46,0.9,0.0
20150624:1110,49617.35,863.98,63.24,20.07,0.83,0.0
20150624:1210,55254.44,980.7,64.31,21.03,0.83,0.0
20150624:1310,52877.25,933.84,60.27,22.03,0.9,0.0
20150624:1410,46742.26,813.15,52.82,22.82,0.97,0.0
20150624:1510,35138.66,601.27,43.73,23.48,1.24,0.0
20150624:1610,22637.18,396.71,33.99,23.36,1.31,0.0
20150624:1710,9718.24,199.53,24.15,23.24,1.31,0.0
20150624:1810,2477.38,56.14,14.58,23.02,1.17,0.0
20150624:1910,992.01,28.92,5.6,21.66,0.28,0.0
20150624:2010,0.0,0.0,0.0,21.06,0.48,0.0
20150624:2110,0.0,0.0,0.0,19.98,0.76,0.0
20150624:2210,0.0,0.0,0.0,17.44,1.31,0.0
20150624:2310,0.0,0.0,0.0,16.38,1.38,0.0
20150625:0010,0.0,0.0,0.0,16.5,0.97,0.0
20150625:0110,0.0,0.0,0.0,16.44,0.69,0.0
20150625:0210,0.0,0.0,0.0,16.05,0.69,0.0
20150625:0310,0.0,0.0,0.0,13.79,1.31,0.0
20150625:0410,0.0,0.0,0.0,12.2,1.72,0.0
20150625:0510,2977.56,62.09,10.87,12.61,1.45,0.0
20150625:0610,9936.83,192.24,20.24,15.71,1.17,0.0
20150625:0710,23261.83,397.57,30.01,18.13,0.55,0.0
20150625:0810,35811.14,608.58,39.84,20.44,0.55,0.0
20150625:0910,45053.48,784.92,49.28,22.34,0.62,0.0
20150625:1010,48012.82,846.36,57.55,23.87,0.97,0.0
20150625:1110,49053.41,870.76,63.21,24.81,1.1,0.0
20150625:1210,51135.35,916.1,64.29,25.57,1.1,0.0
20150625:1310,50425.68,902.08,60.27,26.08,1.1,0.0
20150625:1410,44018.21,775.23,52.83,26.55,1.17,0.0
20150625:1510,31000.6,538.17,43.75,26.8,1.24,0.0
20150625:1610,22634.9,404.19,34.01,26.78,1.24,0.0
20150625:1710,9507.23,199.35,24.17,26.56,1.17,0.0
20150625:1810,4367.29,89.31,14.6,26.25,1.17,0.0
20150625:1910,973.8,28.92,5.61,25.11,1.17,0.0
20150625:2010,0.0,0.0,0.0,22.95,1.93,0.0
20150625:2110,0.0,0.0,0.0,20.84,2.21,0.0
20150625:2210,0.0,0.0,0.0,19.31,2.21,0.0
20150625:2310,0.0,0.0,0.0,18.23,2.41,0.0
20150626:0010,0.0,0.0,0.0,17.52,2.55,0.0
20150626:0110,0.0,0.0,0.0,16.96,2.55,0.0
20150626:0210,0.0,0.0,0.0,16.42,2.55,0.0
20150626:0310,0.0,0.0,0.0,15.93,2.55,0.0
20150626:0410,0.0,0.0,0.0,15.52,2.48,0.0
20150626:0510,2828.03,60.39,10.81,15.9,2.28,0.0
20150626:0610,9640.82,197.74,20.19,18.24,2.14,0.0
20150626:0710,21539.66,369.7,29.96,21.46,1.86,0.0
20150626:0810,27095.54,459.18,39.79,24.05,2.14,0.0
20150626:0910,29793.03,507.19,49.23,25.81,2.69,0.0
20150626:1010,43303.99,744.3,57.5,26.82,3.31,0.0
20150626:1110,52522.04,914.62,63.17,27.63,3.72,0.0
20150626:1210,46919.1,813.54,64.27,28.25,3.79,0.0
20150626:1310,53696.97,938.99,60.26,29.0,3.86,0.0
20150626:1410,46711.14,810.27,52.84,29.66,3.79,0.0
20150626:1510,32873.05,567.32,43.76,29.95,3.86,0.0
20150626:1610,20687.3,367.44,34.02,29.68,3.52,0.0
20150626:1710,8666.26,164.61,24.18,29.61,3.45,0.0
20150626:1810,4169.95,86.75,14.61,28.8,2.62,0.0
20150626:1910,0.0,4.25,5.62,27.23,2.14,0.0
20150626:2010,0.0,0.0,0.0,25.48,2.48,0.0
20150626:2110,0.0,0.0,0.0,23.95,2.69,0.0
20150626:2210,0.0,0.0,0.0,22.11,3.79,0.0
20150626:2310,0.0,0.0,0.0,19.87,4.14,0.0
20150627:0010,0.0,0.0,0.0,18.46,3.59,0.0
20150627:0110,0.0,0.0,0.0,17.73,2.9,0.0
20150627:0210,0.0,0.0,0.0,16.94,2.9,0.0
20150627:0310,0.0,0.0,0.0,16.44,2.97,0.0
20150627:0410,0.0,0.0,0.0,16.45,3.38,0.0
20150627:0510,1965.81,45.93,10.76,16.88,4.48,0.0
20150627:0610,2152.52,49.24,20.13,17.44,4.07,0.0
20150627:0710,16542.4,278.14,29.9,17.8,3.66,0.0
20150627:0810,29294.36,477.72,39.73,18.29,3.72,0.0
20150627:0910,40432.69,662.41,49.17,19.09,3.72,0.0
20150627:1010,52769.48,880.28,57.44,19.5,3.52,0.0
20150627:1110,59523.06,1010.26,63.12,20.8,3.59,0.0
20150627:1210,59322.68,1009.83,64.24,21.89,3.79,0.0
20150627:1310,55381.95,939.51,60.25,22.76,3.79,0.0
20150627:1410,46954.78,789.24,52.84,23.2,3.66,0.0
20150627:1510,36957.99,618.99,43.76,23.44,3.52,0.0
20150627:1610,23460.69,406.51,34.03,23.36,3.38,0.0
20150627:1710,9292.44,198.52,24.19,22.95,3.24,0.0
20150627:1810,3747.94,77.4,14.61,22.29,3.1,0.0
20150627:1910,995.05,28.92,5.62,21.41,2.76,0.0
20150627:2010,0.0,0.0,0.0,19.89,2.62,0.0
20150627:2110,0.0,0.0,0.0,18.63,2.41,0.0
20150627:2210,0.0,0.0,0.0,17.6,2.14,0.0
20150627:2310,0.0,0.0,0.0,16.67,1.93,0.0
20150628:0010,0.0,0.0,0.0,15.73,1.79,0.0
20150628:0110,0.0,0.0,0.0,14.64,1.72,0.0
20150628:0210,0.0,0.0,0.0,13.57,1.66,0.0
20150628:0310,0.0,0.0,0.0,13.17,1.45,0.0
20150628:0410,0.0,0.0,0.0,13.16,1.24,0.0
20150628:0510,1950.63,45.08,10.69,13.15,1.24,0.0
20150628:0610,9530.0,197.46,20.06,15.97,1.31,0.0
20150628:0710,24568.83,417.67,29.84,18.07,1.59,0.0
20150628:0810,37562.91,627.32,39.67,20.44,2.0,0.0
20150628:0910,47745.65,810.82,49.11,22.49,2.41,0.0
20150628:1010,54770.96,950.53,57.38,24.11,2.55,0.0
20150628:1110,57282.49,1009.65,63.07,25.35,2.48,0.0
20150628:1210,57079.08,1016.1,64.2,26.3,2.21,0.0
20150628:1310,53342.52,945.49,60.23,27.11,2.14,0.0
20150628:1410,46151.0,807.58,52.83,27.71,2.14,0.0
20150628:1510,35343.59,613.08,43.77,28.03,2.07,0.0
20150628:1610,22877.02,408.57,34.03,28.2,2.21,0.0
20150628:1710,9098.13,199.03,24.19,28.17,2.28,0.0
20150628:1810,4338.44,89.31,14.61,27.76,1.79,0.0
20150628:1910,924.46,28.07,5.62,26.43,1.45,0.0
20150628:2010,0.0,0.0,0.0,24.04,2.69,0.0
20150628:2110,0.0,0.0,0.0,21.56,4.69,0.0
20150628:2210,0.0,0.0,0.0,19.36,4.41,0.0
20150628:2310,0.0,0.0,0.0,18.15,3.52,0.0
20150629:0010,0.0,0.0,0.0,17.25,3.03,0.0
20150629:0110,0.0,0.0,0.0,16.44,2.76,0.0
20150629:0210,0.0,0.0,0.0,15.67,2.76,0.0
20150629:0310,0.0,0.0,0.0,15.03,2.62,0.0
20150629:0410,0.0,0.0,0.0,14.67,2.41,0.0
20150629:0510,2636.01,56.99,10.63,15.03,2.28,0.0
20150629:0610,8961.51,164.91,20.0,16.15,2.76,0.0
20150629:0710,22314.6,375.51,29.77,17.51,2.14,0.0
20150629:0810,34032.04,564.57,39.6,19.29,1.93,0.0
20150629:0910,41978.77,711.55,49.04,21.04,1.52,0.0
20150629:1010,50305.0,880.01,57.32,22.69,1.24,0.0
20150629:1110,55100.36,980.36,63.01,24.17,1.45,0.0
20150629:1210,56399.01,1004.19,64.16,25.37,1.86,0.0
20150629:1310,53224.88,940.77,60.21,26.19,2.0,0.0
20150629:1410,47027.64,824.57,52.82,26.73,1.72,0.0
20150629:1510,35466.55,616.97,43.76,27.03,1.38,0.0
20150629:1610,22732.05,405.48,34.03,27.15,1.45,0.0
20150629:1710,8961.51,198.43,24.19,26.94,1.79,0.0
20150629:1810,3316.83,71.45,14.61,26.4,1.93,0.0
20150629:1910,929.78,28.07,5.61,25.42,1.79,0.0
20150629:2010,0.0,0.0,0.0,23.53,2.34,0.0
20150629:2110,0.0,0.0,0.0,21.87,2.62,0.0
20150629:2210,0.0,0.0,0.0,20.68,2.83,0.0
20150629:2310,0.0,0.0,0.0,19.74,2.76,0.0
20150630:0010,0.0,0.0,0.0,18.92,2.69,0.0
20150630:0110,0.0,0.0,0.0,18.16,2.48,0.0
20150630:0210,0.0,0.0,0.0,17.44,2.34,0.0
20150630:0310,0.0,0.0,0.0,16.71,2.14,0.0
20150630:0410,0.0,0.0,0.0,16.02,2.14,0.0
20150630:0510,2117.61,48.48,10.55,16.22,1.93,0.0
20150630:0610,9284.85,195.15,19.93,18.49,2.07,0.0
20150630:0710,24129.37,413.92,29.7,20.84,2.28,0.0
20150630:0810,37049.83,624.93,39.53,23.33,2.41,0.0
20150630:0910,47332.0,810.68,48.97,25.5,2.97,0.0
20150630:1010,54220.68,944.81,57.24,27.16,3.38,0.0
20150630:1110,57054.79,1009.8,62.94,28.5,3.31,0.0
20150630:1210,56970.54,1016.36,64.11,29.6,3.17,0.0
20150630:1310,53184.65,945.84,60.18,30.48,3.1,0.0
20150630:1410,46401.46,816.69,52.81,31.11,3.1,0.0
20150630:1510,35824.04,626.43,43.75,31.5,3.1,0.0
20150630:1610,23152.54,419.12,34.03,31.57,3.1,0.0
20150630:1710,8698.14,197.94,24.18,31.35,3.1,0.0
20150630:1810,2763.52,62.94,14.6,30.74,2.9,0.0
20150630:1910,868.3,27.22,5.59,29.21,2.62,0.0
20150630:2010,0.0,0.0,0.0,27.09,2.97,0.0
20150630:2110,0.0,0.0,0.0,25.65,3.1,0.0
20150630:2210,0.0,0.0,0.0,24.6,3.17,0.0
20150630:2310,0.0,0.0,0.0,23.73,3.24,0.0
20150701:0010,0.0,0.0,0.0,23.07,3.31,0.0
20150701:0110,0.0,0.0,0.0,22.48,3.24,0.0
20150701:0210,0.0,0.0,0.0,21.82,3.03,0.0
20150701:0310,0.0,0.0,0.0,21.15,2.97,0.0
20150701:0410,0.0,0.0,0.0,20.62,3.03,0.0
20150701:0510,2460.68,55.28,10.48,20.88,3.03,0.0
20150701:0610,9031.34,191.49,19.85,22.59,2.76,0.0
20150701:0710,23356.71,408.18,29.62,25.4,2.97,0.0
20150701:0810,36706.0,629.13,39.45,27.97,3.17,0.0
20150701:0910,46453.84,812.54,48.89,30.39,3.24,0.0
20150701:1010,52455.25,937.72,57.17,32.57,3.45,0.0
20150701:1110,55370.57,1002.72,62.87,34.38,3.79,0.0
20150701:1210,55264.31,1002.6,64.05,35.5,4.14,0.0
20150701:1310,52263.22,944.5,60.14,36.23,4.21,0.0
20150701:1410,45339.62,811.39,52.78,36.52,4.14,0.0
20150701:1510,34583.08,615.98,43.74,36.75,4.14,0.0
20150701:1610,21078.95,387.67,34.01,36.72,4.0,0.0
20150701:1710,9467.01,201.48,24.17,36.51,3.59,0.0
20150701:1810,3558.19,78.25,14.58,35.07,3.66,0.0
20150701:1910,893.34,28.07,5.57,32.46,2.0,0.0
20150701:2010,0.0,0.0,0.0,30.61,2.14,0.0
20150701:2110,0.0,0.0,0.0,28.67,2.41,0.0
20150701:2210,0.0,0.0,0.0,27.3,2.76,0.0
20150701:2310,0.0,0.0,0.0,26.33,2.9,0.0
20150702:0010,0.0,0.0,0.0,25.3,2.62,0.0
20150702:0110,0.0,0.0,0.0,24.2,2.41,0.0
20150702:0210,0.0,0.0,0.0,23.05,2.62,0.0
20150702:0310,0.0,0.0,0.0,21.96,2.83,0.0
20150702:0410,0.0,0.0,0.0,21.16,2.97,0.0
20150702:0510,1450.45,37.42,10.4,20.89,2.9,0.0
20150702:0610,5769.92,110.76,19.77,21.71,3.45,0.0
20150702:0710,7515.62,138.61,29.54,22.45,3.31,0.0
20150702:0810,29352.05,492.59,39.37,23.86,3.31,0.0
20150702:0910,36467.67,619.44,48.81,25.71,3.03,0.0
20150702:1010,42985.21,742.19,57.09,27.46,3.1,0.0
20150702:1110,54603.22,966.3,62.79,28.71,3.1,0.0
20150702:1210,55163.36,986.0,63.98,29.98,2.97,0.0
20150702:1310,51064.0,919.17,60.1,30.86,2.21,0.0
20150702:1410,44360.51,790.61,52.75,30.86,1.86,0.0
20150702:1510,25937.31,451.52,43.72,29.95,2.76,0.0
20150702:1610,18755.65,332.74,34.0,28.54,2.14,0.0
20150702:1710,9930.0,201.21,24.15,28.69,2.21,0.0
20150702:1810,4019.66,84.2,14.56,28.58,1.66,0.0
20150702:1910,918.39,28.07,5.54,27.63,3.03,0.0
20150702:2010,0.0,0.0,0.0,26.57,2.9,0.0
20150702:2110,0.0,0.0,0.0,25.67,2.97,0.0
20150702:2210,0.0,0.0,0.0,24.3,3.31,0.0
20150702:2310,0.0,0.0,0.0,22.65,3.93,0.0
20150703:0010,0.0,0.0,0.0,20.95,3.93,0.0
20150703:0110,0.0,0.0,0.0,19.77,3.38,0.0
20150703:0210,0.0,0.0,0.0,19.04,2.9,0.0
20150703:0310,0.0,0.0,0.0,18.59,2.69,0.0
20150703:0410,0.0,0.0,0.0,18.36,2.55,0.0
20150703:0510,2639.8,57.84,10.31,18.47,2.21,0.0
20150703:0610,9237.03,183.59,19.68,19.67,2.41,0.0
20150703:0710,18235.73,310.68,29.46,20.79,3.24,0.0
20150703:0810,29853.75,498.91,39.29,22.87,3.17,0.0
20150703:0910,47379.06,806.29,48.72,24.99,3.24,0.0
20150703:1010,49203.69,854.68,57.0,27.04,3.03,0.0
20150703:1110,56093.14,1002.2,62.7,29.08,2.76,0.0
20150703:1210,55779.67,1003.29,63.91,30.95,2.97,0.0
20150703:1310,50865.9,908.89,60.04,32.47,3.31,0.0
20150703:1410,30725.84,539.87,52.72,33.55,3.86,0.0
20150703:1510,27598.0,486.12,43.69,34.2,4.21,0.0
20150703:1610,22045.16,400.73,33.97,34.41,4.41,0.0
20150703:1710,9715.2,201.85,24.13,34.39,4.48,0.0
20150703:1810,3967.29,85.05,14.53,34.03,4.0,0.0
20150703:1910,891.07,28.07,5.51,33.04,4.21,0.0
20150703:2010,0.0,0.0,0.0,31.27,3.52,0.0
20150703:2110,0.0,0.0,0.0,29.68,3.38,0.0
20150703:2210,0.0,0.0,0.0,28.89,3.31,0.0
20150703:2310,0.0,0.0,0.0,28.09,3.17,0.0
20150704:0010,0.0,0.0,0.0,27.03,3.03,0.0
20150704:0110,0.0,0.0,0.0,26.43,2.97,0.0
20150704:0210,0.0,0.0,0.0,25.36,2.69,0.0
20150704:0310,0.0,0.0,0.0,24.04,2.41,0.0
20150704:0410,0.0,0.0,0.0,23.04,2.55,0.0
20150704:0510,2379.46,54.43,10.22,23.3,2.34,0.0
20150704:0610,8920.53,185.28,19.6,24.71,2.0,0.0
20150704:0710,22279.69,392.6,29.37,26.01,1.93,0.0
20150704:0810,27648.09,476.14,39.2,27.21,2.0,0.0
20150704:0910,43103.61,746.58,48.63,28.36,2.9,0.0
20150704:1010,4103.15,85.72,56.91,29.3,3.31,0.0
20150704:1110,5479.98,109.43,62.61,30.15,2.69,0.0
20150704:1210,23525.2,415.25,63.83,31.06,2.0,0.0
20150704:1310,19872.14,354.89,59.99,31.76,1.38,0.0
20150704:1410,16194.02,292.52,52.68,32.12,1.1,0.0
20150704:1510,27370.3,486.54,43.66,32.47,1.59,0.0
20150704:1610,20947.64,379.62,33.94,32.31,2.14,0.0
20150704:1710,9584.65,202.13,24.1,31.67,2.62,0.0
20150704:1810,4223.08,88.46,14.5,31.05,3.03,0.0
20150704:1910,909.28,28.07,5.47,29.39,2.34,0.0
20150704:2010,0.0,0.0,0.0,27.85,3.1,0.0
20150704:2110,0.0,0.0,0.0,26.38,4.0,0.0
20150704:2210,0.0,0.0,0.0,24.77,4.34,0.0
20150704:2310,0.0,0.0,0.0,23.26,3.93,0.0
20150705:0010,0.0,0.0,0.0,22.11,3.72,0.0
20150705:0110,0.0,0.0,0.0,21.11,3.24,0.0
20150705:0210,0.0,0.0,0.0,20.46,3.17,0.0
20150705:0310,0.0,0.0,0.0,20.02,3.1,0.0
20150705:0410,0.0,0.0,0.0,19.84,2.97,0.0
20150705:0510,111.57,9.36,10.13,19.92,2.41,0.0
20150705:0610,964.69,28.27,19.5,20.9,2.76,0.0
20150705:0710,1792.0,43.77,29.28,21.77,1.38,0.0
20150705:0810,21025.06,360.4,39.11,22.62,0.41,0.0
20150705:0910,12836.97,225.5,48.54,23.75,2.07,0.0
20150705:1010,50689.06,920.19,56.81,24.95,0.28,0.0
20150705:1110,52452.21,906.77,62.52,23.95,2.69,0.0
20150705:1210,48204.09,827.01,63.75,24.32,2.97,0.0
20150705:1310,12474.92,218.86,59.92,24.18,4.28,0.0
20150705:1410,24597.67,411.53,52.63,23.43,4.9,0.0
20150705:1510,24048.92,403.19,43.62,23.27,4.28,0.0
20150705:1610,16857.39,290.31,33.91,23.75,4.34,0.0
20150705:1710,9523.93,200.16,24.06,23.54,4.41,0.0
20150705:1810,4355.9,87.61,14.46,22.91,4.0,0.0
20150705:1910,904.73,27.22,5.42,22.08,2.69,0.0
20150705:2010,0.0,0.0,0.0,20.9,2.48,0.0
20150705:2110,0.0,0.0,0.0,19.71,2.28,0.0
20150705:2210,0.0,0.0,0.0,18.66,2.07,0.0
20150705:2310,0.0,0.0,0.0,17.84,1.93,0.0
20150706:0010,0.0,0.0,0.0,17.22,1.72,0.0
20150706:0110,0.0,0.0,0.0,16.32,1.45,0.0
20150706:0210,0.0,0.0,0.0,16.14,1.17,0.0
20150706:0310,0.0,0.0,0.0,15.75,1.17,0.0
20150706:0410,0.0,0.0,0.0,15.37,1.17,0.0
20150706:0510,2226.15,50.18,10.03,15.27,1.17,0.0
20150706:0610,9034.38,186.9,19.41,17.61,1.31,0.0
20150706:0710,23469.04,400.05,29.18,19.26,2.21,0.0
20150706:0810,37986.43,632.23,39.01,20.92,2.55,0.0
20150706:0910,48002.96,810.16,48.44,22.38,2.83,0.0
20150706:1010,53568.7,920.11,56.71,24.06,3.1,0.0
20150706:1110,57813.79,1007.92,62.41,25.47,3.24,0.0
20150706:1210,57903.35,1015.86,63.66,26.21,3.1,0.0
20150706:1310,54319.35,951.88,59.85,27.22,2.97,0.0
20150706:1410,47513.4,825.99,52.58,27.89,2.76,0.0
20150706:1510,36325.74,627.54,43.58,28.22,2.55,0.0
20150706:1610,23479.67,419.17,33.87,28.26,2.41,0.0
20150706:1710,8882.58,198.54,24.02,28.09,2.14,0.0
20150706:1810,2708.11,61.24,14.42,27.65,1.66,0.0
20150706:1910,837.18,26.37,5.37,27.0,0.83,0.0
20150706:2010,0.0,0.0,0.0,25.23,1.24,0.0
20150706:2110,0.0,0.0,0.0,23.07,1.45,0.0
20150706:2210,0.0,0.0,0.0,22.2,1.38,0.0
20150706:2310,0.0,0.0,0.0,21.48,1.24,0.0
20150707:0010,0.0,0.0,0.0,20.86,1.24,0.0
20150707:0110,0.0,0.0,0.0,20.13,1.31,0.0
20150707:0210,0.0,0.0,0.0,19.77,1.24,0.0
20150707:0310,0.0,0.0,0.0,19.87,1.1,0.0
20150707:0410,0.0,0.0,0.0,19.47,1.1,0.0
20150707:0510,2584.4,56.99,9.93,18.68,1.38,0.0
20150707:0610,8648.8,186.97,19.31,21.37,1.59,0.0
20150707:0710,21346.12,370.7,29.08,23.49,2.14,0.0
20150707:0810,26704.66,452.11,38.91,25.23,3.17,0.0
20150707:0910,45070.94,767.54,48.34,26.38,3.72,0.0
20150707:1010,11001.7,197.89,56.6,26.94,3.79,0.0
20150707:1110,19307.44,333.31,62.3,27.46,4.69,0.0
20150707:1210,11428.26,205.18,63.56,27.93,5.31,0.0
20150707:1310,6324.75,122.2,59.78,28.23,5.38,0.0
20150707:1410,21740.04,372.52,52.52,27.98,5.72,0.0
20150707:1510,20960.54,358.62,43.53,27.68,6.34,0.0
20150707:1610,17264.97,298.4,33.82,25.72,6.41,0.0
20150707:1710,10229.8,202.48,23.98,23.21,5.93,0.0
20150707:1810,3512.65,73.15,14.37,21.41,4.14,0.0
20150707:1910,578.36,20.41,5.32,20.26,4.62,0.0
20150707:2010,0.0,0.0,0.0,18.84,4.21,0.0
20150707:2110,0.0,0.0,0.0,18.02,4.34,0.0
20150707:2210,0.0,0.0,0.0,17.32,3.86,0.0
20150707:2310,0.0,0.0,0.0,16.75,3.59,0.0
20150708:0010,0.0,0.0,0.0,16.37,3.59,0.0
20150708:0110,0.0,0.0,0.0,16.09,3.72,0.0
20150708:0210,0.0,0.0,0.0,15.34,3.66,0.0
20150708:0310,0.0,0.0,0.0,14.8,3.79,0.0
20150708:0410,0.0,0.0,0.0,14.4,3.93,0.0
20150708:0510,2543.41,55.28,9.82,14.61,4.14,0.0
20150708:0610,6095.53,113.34,19.2,15.44,4.69,0.0
20150708:0710,23959.35,396.07,28.98,15.94,5.86,0.0
20150708:0810,36521.56,583.43,38.81,17.22,6.41,0.0
20150708:0910,20307.8,333.56,48.23,18.52,6.34,0.0
20150708:1010,12248.74,209.74,56.49,19.04,6.21,0.0
20150708:1110,7546.74,136.79,62.19,19.33,6.28,0.0
20150708:1210,14561.42,246.22,63.45,19.7,6.62,0.0
20150708:1310,13314.38,227.07,59.69,19.82,6.21,0.0
20150708:1410,4925.91,95.75,52.46,20.33,6.28,0.0
20150708:1510,17002.36,284.98,43.47,20.32,6.14,0.0
20150708:1610,9186.94,163.1,33.77,20.22,6.0,0.0
20150708:1710,7762.29,141.46,23.93,19.87,5.59,0.0
20150708:1810,2384.02,53.58,14.31,19.3,5.17,0.0
20150708:1910,667.92,22.11,5.25,18.18,4.48,0.0
20150708:2010,0.0,0.0,0.0,17.69,4.0,0.0
20150708:2110,0.0,0.0,0.0,17.16,3.93,0.0
20150708:2210,0.0,0.0,0.0,16.56,3.86,0.0
20150708:2310,0.0,0.0,0.0,15.92,3.86,0.0
20150709:0010,0.0,0.0,0.0,15.4,3.79,0.0
20150709:0110,0.0,0.0,0.0,14.73,3.59,0.0
20150709:0210,0.0,0.0,0.0,14.28,3.38,0.0
20150709:0310,0.0,0.0,0.0,13.95,3.17,0.0
20150709:0410,0.0,0.0,0.0,13.57,2.97,0.0
20150709:0510,2448.53,53.58,9.71,13.79,2.48,0.0
20150709:0610,9071.57,181.07,19.1,14.64,3.03,0.0
20150709:0710,20824.68,345.59,28.87,15.82,3.86,0.0
20150709:0810,36899.54,597.19,38.7,16.92,3.59,0.0
20150709:0910,36225.55,589.56,48.12,17.96,3.59,0.0
20150709:1010,38592.11,631.77,56.37,18.57,3.66,0.0
20150709:1110,38654.35,635.51,62.07,19.21,3.72,0.0
20150709:1210,43228.84,716.5,63.34,19.82,3.52,0.0
20150709:1310,48255.7,805.52,59.6,20.42,3.45,0.0
20150709:1410,46623.09,776.35,52.38,21.18,3.52,0.0
20150709:1510,37430.08,619.92,43.41,21.51,3.66,0.0
20150709:1610,24268.27,415.82,33.72,21.42,3.52,0.0
20150709:1710,9562.64,200.28,23.87,21.11,3.31,0.0
20150709:1810,3218.92,68.04,14.25,20.52,3.17,0.0
20150709:1910,872.85,26.37,5.19,19.88,2.41,0.0
20150709:2010,0.0,0.0,0.0,18.27,2.34,0.0
20150709:2110,0.0,0.0,0.0,16.89,2.41,0.0
20150709:2210,0.0,0.0,0.0,15.74,2.41,0.0
20150709:2310,0.0,0.0,0.0,14.76,2.34,0.0
20150710:0010,0.0,0.0,0.0,13.87,2.21,0.0
20150710:0110,0.0,0.0,0.0,13.05,2.21,0.0
20150710:0210,0.0,0.0,0.0,12.44,2.34,0.0
20150710:0310,0.0,0.0,0.0,11.95,2.34,0.0
20150710:0410,0.0,0.0,0.0,11.5,2.28,0.0
20150710:0510,1766.95,41.68,9.59,11.78,2.14,0.0
20150710:0610,8840.83,183.13,18.98,14.02,2.28,0.0
20150710:0710,23690.67,397.69,28.76,16.17,2.48,0.0
20150710:0810,38093.45,626.04,38.59,18.49,2.62,0.0
20150710:0910,48786.24,812.77,48.0,20.5,3.17,0.0
20150710:1010,55125.41,935.08,56.25,22.03,3.38,0.0
20150710:1110,58285.89,1002.8,61.94,23.42,3.45,0.0
20150710:1210,58043.77,1005.27,63.22,24.68,3.45,0.0
20150710:1310,54506.07,943.18,59.51,25.67,3.31,0.0
20150710:1410,47589.3,815.46,52.31,26.44,3.38,0.0
20150710:1510,36778.86,625.93,43.35,26.86,3.52,0.0
20150710:1610,23898.63,420.75,33.66,26.96,3.66,0.0
20150710:1710,9104.21,199.77,23.81,26.69,3.72,0.0
20150710:1810,2686.86,60.39,14.18,26.01,3.38,0.0
20150710:1910,806.06,25.52,5.11,24.87,2.62,0.0
20150710:2010,0.0,0.0,0.0,22.82,2.69,0.0
20150710:2110,0.0,0.0,0.0,21.15,2.76,0.0
20150710:2210,0.0,0.0,0.0,19.99,2.55,0.0
20150710:2310,0.0,0.0,0.0,18.64,2.14,0.0
20150711:0010,0.0,0.0,0.0,17.2,2.07,0.0
20150711:0110,0.0,0.0,0.0,16.0,2.14,0.0
20150711:0210,0.0,0.0,0.0,16.11,1.45,0.0
20150711:0310,0.0,0.0,0.0,17.69,0.48,0.0
20150711:0410,0.0,0.0,0.0,15.88,1.24,0.0
20150711:0510,2445.5,53.58,9.48,13.94,1.93,0.0
20150711:0610,8836.28,174.71,18.87,17.61,2.07,0.0
20150711:0710,21236.82,361.34,28.65,20.31,3.24,0.0
20150711:0810,35161.43,581.01,38.47,22.12,4.28,0.0
20150711:0910,47827.63,798.35,47.89,23.65,4.62,0.0
20150711:1010,54793.73,930.58,56.12,25.0,4.69,0.0
20150711:1110,58346.61,1003.18,61.81,26.0,4.69,0.0
20150711:1210,57963.31,999.78,63.1,26.65,4.69,0.0
20150711:1310,54982.72,943.61,59.4,27.02,4.76,0.0
20150711:1410,47965.76,815.88,52.22,27.19,4.62,0.0
20150711:1510,36273.37,614.54,43.28,27.15,4.41,0.0
20150711:1610,23837.91,417.81,33.59,26.8,4.34,0.0
20150711:1710,9152.78,199.91,23.74,26.11,4.34,0.0
20150711:1810,2752.89,61.24,14.11,24.95,4.14,0.0
20150711:1910,815.17,25.52,5.03,23.04,3.45,0.0
20150711:2010,0.0,0.0,0.0,21.48,2.9,0.0
20150711:2110,0.0,0.0,0.0,20.07,2.76,0.0
20150711:2210,0.0,0.0,0.0,18.8,2.69,0.0
20150711:2310,0.0,0.0,0.0,17.68,2.41,0.0
20150712:0010,0.0,0.0,0.0,16.65,1.79,0.0
20150712:0110,0.0,0.0,0.0,15.45,1.24,0.0
20150712:0210,0.0,0.0,0.0,14.89,1.17,0.0
20150712:0310,0.0,0.0,0.0,14.37,1.17,0.0
20150712:0410,0.0,0.0,0.0,13.33,1.45,0.0
20150712:0510,1994.65,45.93,9.35,13.69,1.17,0.0
20150712:0610,7724.34,143.64,18.75,15.96,1.31,0.0
20150712:0710,13812.28,235.78,28.53,17.19,1.59,0.0
20150712:0810,33203.21,549.68,38.36,18.76,1.79,0.0
20150712:0910,37430.08,623.95,47.76,20.27,2.14,0.0
20150712:1010,44878.15,757.22,55.99,21.8,2.69,0.0
20150712:1110,40479.75,678.69,61.67,23.56,4.14,0.0
20150712:1210,22632.62,382.59,62.97,24.16,4.21,0.0
20150712:1310,25089.5,423.36,59.29,24.68,4.28,0.0
20150712:1410,11308.34,200.62,52.13,24.73,4.48,0.0
20150712:1510,4942.61,97.58,43.2,23.83,4.14,0.0
20150712:1610,8012.76,146.82,33.51,23.07,3.79,0.0
20150712:1710,8371.77,153.9,23.66,22.11,3.52,0.0
20150712:1810,4128.2,83.35,14.03,21.3,3.17,0.0
20150712:1910,740.78,23.82,4.95,20.69,1.93,0.0
20150712:2010,0.0,0.0,0.0,20.25,1.17,0.0
20150712:2110,0.0,0.0,0.0,20.0,0.34,0.0
20150712:2210,0.0,0.0,0.0,19.7,1.17,0.0
20150712:2310,0.0,0.0,0.0,19.44,1.45,0.0
20150713:0010,0.0,0.0,0.0,19.33,1.66,0.0
20150713:0110,0.0,0.0,0.0,19.25,1.79,0.0
20150713:0210,0.0,0.0,0.0,19.19,1.86,0.0
20150713:0310,0.0,0.0,0.0,19.12,2.34,0.0
20150713:0410,0.0,0.0,0.0,18.96,2.83,0.0
20150713:0510,2242.09,51.03,9.23,18.45,2.76,0.0
20150713:0610,7306.89,137.07,18.63,18.84,3.93,0.0
20150713:0710,11599.04,201.29,28.41,19.58,4.14,0.0
20150713:0810,21298.3,354.22,38.24,20.64,4.0,0.0
20150713:0910,31637.4,522.46,47.64,21.4,3.93,0.0
20150713:1010,20990.9,352.07,55.85,22.09,4.34,0.0
20150713:1110,15982.26,272.38,61.53,22.12,4.48,0.0
20150713:1210,24701.66,412.3,62.83,22.51,4.69,0.0
20150713:1310,15141.29,260.16,59.18,23.13,4.62,0.0
20150713:1410,7375.2,136.79,52.04,23.56,4.48,0.0
20150713:1510,26932.36,450.18,43.11,23.9,4.83,0.0
20150713:1610,14668.43,254.6,33.44,23.97,4.34,0.0
20150713:1710,10148.59,191.41,23.58,24.49,4.14,0.0
20150713:1810,3604.49,75.7,13.95,24.6,3.52,0.0
20150713:1910,771.14,24.67,4.86,23.38,3.31,0.0
20150713:2010,0.0,0.0,0.0,22.16,2.62,0.0
20150713:2110,0.0,0.0,0.0,20.94,2.28,0.0
20150713:2210,0.0,0.0,0.0,20.16,2.34,0.0
20150713:2310,0.0,0.0,0.0,19.44,2.48,0.0
20150714:0010,0.0,0.0,0.0,18.92,2.55,0.0
20150714:0110,0.0,0.0,0.0,18.33,2.69,0.0
20150714:0210,0.0,0.0,0.0,17.67,2.76,0.0
20150714:0310,0.0,0.0,0.0,17.42,2.62,0.0
20150714:0410,0.0,0.0,0.0,17.49,2.62,0.0
20150714:0510,1618.19,39.98,9.1,17.67,2.83,0.0
20150714:0610,5975.61,113.04,18.5,18.07,3.45,0.0
20150714:0710,17759.84,300.67,28.29,18.91,3.24,0.0
20150714:0810,34687.06,570.14,38.11,19.57,3.17,0.0
20150714:0910,37969.73,627.62,47.51,20.53,3.24,0.0
20150714:1010,37837.67,629.14,55.71,21.51,3.45,0.0
20150714:1110,18945.4,320.93,61.38,22.44,3.59,0.0
20150714:1210,30045.77,502.6,62.69,22.8,3.59,0.0
20150714:1310,39093.81,657.38,59.05,23.86,3.72,0.0
20150714:1410,20789.01,353.89,51.94,24.72,3.66,0.0
20150714:1510,24930.87,422.19,43.02,25.14,3.66,0.0
20150714:1610,18386.78,319.01,33.35,25.35,3.59,0.0
20150714:1710,9910.26,200.93,23.5,25.5,3.45,0.0
20150714:1810,4100.88,84.2,13.86,25.06,3.17,0.0
20150714:1910,730.16,23.82,4.76,23.28,2.69,0.0
20150714:2010,0.0,0.0,0.0,21.81,2.34,0.0
20150714:2110,0.0,0.0,0.0,20.57,2.14,0.0
20150714:2210,0.0,0.0,0.0,19.55,1.86,0.0
20150714:2310,0.0,0.0,0.0,18.6,1.31,0.0
20150715:0010,0.0,0.0,0.0,17.7,1.31,0.0
20150715:0110,0.0,0.0,0.0,16.92,1.59,0.0
20150715:0210,0.0,0.0,0.0,16.37,1.66,0.0
20150715:0310,0.0,0.0,0.0,15.88,1.66,0.0
20150715:0410,0.0,0.0,0.0,15.76,1.59,0.0
20150715:0510,2021.22,46.78,8.97,15.95,1.59,0.0
20150715:0610,8450.71,165.58,18.38,18.55,1.72,0.0
20150715:0710,22429.97,385.71,28.16,20.28,1.79,0.0
20150715:0810,36888.92,620.16,37.98,22.23,2.14,0.0
20150715:0910,46678.5,797.74,47.37,23.56,2.21,0.0
20150715:1010,50057.57,869.4,55.57,25.47,2.48,0.0
20150715:1110,56510.59,998.17,61.22,26.68,2.69,0.0
20150715:1210,50825.68,892.14,62.54,27.38,2.76,0.0
20150715:1310,44033.38,765.12,58.92,27.77,2.83,0.0
20150715:1410,42362.83,732.83,51.83,28.19,2.97,0.0
20150715:1510,34438.11,594.57,42.93,28.48,2.69,0.0
20150715:1610,23009.08,409.93,33.26,28.56,2.34,0.0
20150715:1710,9035.14,199.84,23.41,28.68,2.07,0.0
20150715:1810,2941.88,65.49,13.76,28.25,1.66,0.0
20150715:1910,711.18,23.82,4.65,27.57,1.24,0.0
20150715:2010,0.0,0.0,0.0,25.11,2.83,0.0
20150715:2110,0.0,0.0,0.0,23.0,3.66,0.0
20150715:2210,0.0,0.0,0.0,21.29,3.79,0.0
20150715:2310,0.0,0.0,0.0,20.24,3.17,0.0
20150716:0010,0.0,0.0,0.0,19.55,2.69,0.0
20150716:0110,0.0,0.0,0.0,19.0,2.55,0.0
20150716:0210,0.0,0.0,0.0,18.48,2.41,0.0
20150716:0310,0.0,0.0,0.0,18.01,2.21,0.0
20150716:0410,0.0,0.0,0.0,17.61,2.07,0.0
20150716:0510,1858.03,44.23,8.83,17.65,2.0,0.0
20150716:0610,8382.4,175.13,18.24,19.25,2.07,0.0
20150716:0710,22423.9,386.45,28.03,21.25,2.28,0.0
20150716:0810,36341.68,615.39,37.85,23.74,2.14,0.0
20150716:0910,46248.91,801.91,47.23,26.23,2.14,0.0
20150716:1010,52614.64,934.81,55.42,28.56,2.34,0.0
20150716:1110,55970.18,1003.88,61.06,30.58,3.03,0.0
20150716:1210,55764.49,1001.65,62.38,32.1,3.52,0.0
20150716:1310,51932.3,924.95,58.79,33.24,4.07,0.0
20150716:1410,3382.86,74.78,51.71,34.1,4.48,0.0
20150716:1510,32158.07,564.79,42.83,34.61,4.69,0.0
20150716:1610,21101.72,382.54,33.16,34.9,4.69,0.0
20150716:1710,8326.23,162.82,23.31,34.83,4.14,0.0
20150716:1810,283.11,14.46,13.66,33.83,3.86,0.0
20150716:1910,576.08,21.26,4.54,32.12,3.38,0.0
20150716:2010,0.0,0.0,0.0,30.5,3.79,0.0
20150716:2110,0.0,0.0,0.0,29.38,3.72,0.0
20150716:2210,0.0,0.0,0.0,28.25,4.21,0.0
20150716:2310,0.0,0.0,0.0,26.69,4.76,0.0
20150717:0010,0.0,0.0,0.0,25.05,4.41,0.0
20150717:0110,0.0,0.0,0.0,23.56,4.28,0.0
20150717:0210,0.0,0.0,0.0,22.31,3.93,0.0
20150717:0310,0.0,0.0,0.0,21.18,3.52,0.0
20150717:0410,0.0,0.0,0.0,20.19,3.1,0.0
20150717:0510,2080.42,48.48,8.69,19.78,2.76,0.0
20150717:0610,5119.46,99.87,18.11,20.52,2.83,0.0
20150717:0710,8424.14,152.44,27.9,21.24,3.17,0.0
20150717:0810,15555.7,265.94,37.72,22.05,3.24,0.0
20150717:0910,18340.48,311.97,47.09,23.22,3.45,0.0
20150717:1010,51602.89,879.86,55.27,24.24,3.59,0.0
20150717:1110,57183.82,992.29,60.9,25.93,3.72,0.0
20150717:1210,57388.75,1002.45,62.22,27.38,3.86,0.0
20150717:1310,54468.12,946.47,58.65,28.54,4.28,0.0
20150717:1410,47656.85,818.55,51.59,29.33,4.76,0.0
20150717:1510,36653.63,625.65,42.72,29.52,5.1,0.0
20150717:1610,23217.81,409.62,33.06,29.49,5.59,0.0
20150717:1710,9257.52,199.67,23.21,28.86,5.31,0.0
20150717:1810,2758.96,62.09,13.55,27.99,4.62,0.0
20150717:1910,635.28,22.11,4.43,26.66,3.86,0.0
20150717:2010,0.0,0.0,0.0,25.31,3.66,0.0
20150717:2110,0.0,0.0,0.0,23.76,3.59,0.0
20150717:2210,0.0,0.0,0.0,22.13,3.17,0.0
20150717:2310,0.0,0.0,0.0,20.86,2.69,0.0
20150718:0010,0.0,0.0,0.0,20.0,2.41,0.0
20150718:0110,0.0,0.0,0.0,19.45,2.14,0.0
20150718:0210,0.0,0.0,0.0,19.19,2.0,0.0
20150718:0310,0.0,0.0,0.0,18.96,1.79,0.0
20150718:0410,0.0,0.0,0.0,18.75,1.72,0.0
20150718:0510,2091.04,48.48,8.55,18.65,1.93,0.0
20150718:0610,6793.81,128.7,17.97,18.59,2.0,0.0
20150718:0710,21342.32,366.03,27.77,19.11,1.17,0.0
20150718:0810,34837.34,587.14,37.58,20.29,0.97,0.0
20150718:0910,43234.92,744.75,46.95,21.3,0.69,0.0
20150718:1010,48573.72,862.19,55.11,22.72,0.41,0.0
20150718:1110,54233.59,992.02,60.73,23.94,0.28,0.0
20150718:1210,54308.73,989.94,62.05,25.77,0.76,0.0
20150718:1310,50131.19,902.75,58.5,26.86,0.97,0.0
20150718:1410,42032.66,743.11,51.46,27.44,1.03,0.0
20150718:1510,30272.72,526.36,42.6,27.55,1.31,0.0
20150718:1610,19897.19,353.11,32.95,28.02,1.59,0.0
20150718:1710,8911.42,169.42,23.1,27.96,2.07,0.0
20150718:1810,3256.87,70.59,13.44,27.27,3.1,0.0
20150718:1910,597.33,21.26,4.31,26.26,3.03,0.0
20150718:2010,0.0,0.0,0.0,24.36,2.41,0.0
20150718:2110,0.0,0.0,0.0,21.9,2.41,0.0
20150718:2210,0.0,0.0,0.0,20.56,2.62,0.0
20150718:2310,0.0,0.0,0.0,20.1,2.21,0.0
20150719:0010,0.0,0.0,0.0,19.42,2.76,0.0
20150719:0110,0.0,0.0,0.0,19.0,1.93,0.0
20150719:0210,0.0,0.0,0.0,18.88,0.83,0.0
20150719:0310,0.0,0.0,0.0,18.79,1.1,0.0
20150719:0410,0.0,0.0,0.0,18.55,1.52,0.0
20150719:0510,1237.17,33.17,8.4,18.36,1.59,0.0
20150719:0610,3313.79,69.31,17.83,19.14,1.72,0.0
20150719:0710,15363.68,262.36,27.63,19.0,2.55,0.0
20150719:0810,14631.24,248.96,37.44,20.88,4.97,0.0
20150719:0910,31315.58,517.62,46.8,22.23,4.48,0.0
20150719:1010,7312.21,135.88,54.95,23.88,5.03,0.0
20150719:1110,3985.51,82.07,60.55,24.92,5.59,0.0
20150719:1210,27142.6,455.68,61.87,25.44,6.14,0.0
20150719:1310,34721.97,579.44,58.34,25.33,6.21,0.0
20150719:1410,35879.45,600.38,51.33,26.13,6.0,0.0
20150719:1510,12979.66,228.46,42.48,26.31,5.66,0.0
20150719:1610,9801.73,177.42,32.84,25.99,4.97,0.0
20150719:1710,6708.04,127.6,22.99,25.37,4.28,0.0
20150719:1810,2850.04,62.94,13.32,24.74,2.41,0.0
20150719:1910,566.97,20.41,4.18,23.56,1.86,0.0
20150719:2010,0.0,0.0,0.0,22.98,1.93,0.0
20150719:2110,0.0,0.0,0.0,22.33,2.07,0.0
20150719:2210,0.0,0.0,0.0,21.68,2.48,0.0
20150719:2310,0.0,0.0,0.0,21.27,2.9,0.0
20150720:0010,0.0,0.0,0.0,21.1,2.83,0.0
20150720:0110,0.0,0.0,0.0,20.87,2.83,0.0
20150720:0210,0.0,0.0,0.0,20.65,2.76,0.0
20150720:0310,0.0,0.0,0.0,20.39,2.69,0.0
20150720:0410,0.0,0.0,0.0,20.36,2.76,0.0
20150720:0510,701.32,22.96,8.25,20.2,2.97,0.0
20150720:0610,4354.38,86.89,17.69,19.94,3.17,0.0
20150720:0710,9572.51,170.12,27.49,20.46,3.52,0.0
20150720:0810,5805.59,110.34,37.3,20.98,3.86,0.0
20150720:0910,14651.74,250.47,46.65,21.38,4.14,0.0
20150720:1010,4713.39,93.02,54.78,21.74,3.93,0.0
20150720:1110,5319.83,103.05,60.37,22.28,4.34,0.0
20150720:1210,10661.67,188.77,61.69,22.98,4.55,0.0
20150720:1310,9342.53,168.71,58.18,24.3,4.83,0.0
20150720:1410,22739.64,384.19,51.19,24.65,4.48,0.0
20150720:1510,14362.56,249.89,42.36,25.09,4.41,0.0
20150720:1610,14181.92,248.48,32.72,25.6,4.48,0.0
20150720:1710,9690.15,183.65,22.87,25.83,4.14,0.0
20150720:1810,3086.09,67.19,13.2,25.61,3.24,0.0
20150720:1910,301.32,14.46,4.05,24.62,2.83,0.0
20150720:2010,0.0,0.0,0.0,24.03,2.69,0.0
20150720:2110,0.0,0.0,0.0,23.5,2.83,0.0
20150720:2210,0.0,0.0,0.0,22.76,2.9,0.0
20150720:2310,0.0,0.0,0.0,22.18,2.97,0.0
20150721:0010,0.0,0.0,0.0,21.51,2.97,0.0
20150721:0110,0.0,0.0,0.0,20.79,2.83,0.0
20150721:0210,0.0,0.0,0.0,19.96,2.69,0.0
20150721:0310,0.0,0.0,0.0,19.29,2.55,0.0
20150721:0410,0.0,0.0,0.0,18.78,2.41,0.0
20150721:0510,1421.61,36.57,8.1,18.59,2.34,0.0
20150721:0610,7945.21,171.86,17.54,19.55,2.9,0.0
20150721:0710,12670.75,220.34,27.34,21.02,3.31,0.0
20150721:0810,14310.95,246.35,37.15,22.02,2.97,0.0
20150721:0910,26152.1,439.16,46.49,23.22,2.97,0.0
20150721:1010,44976.06,766.25,54.61,24.14,2.9,0.0
20150721:1110,31762.63,538.37,60.19,24.63,2.83,0.0
20150721:1210,51949.76,905.08,61.5,25.51,2.69,0.0
20150721:1310,50588.87,881.82,58.01,26.42,2.69,0.0
20150721:1410,45218.18,778.97,51.04,27.08,3.03,0.0
20150721:1510,36407.71,621.78,42.23,27.42,3.38,0.0
20150721:1610,22981.0,404.95,32.6,27.77,3.52,0.0
20150721:1710,9785.79,195.82,22.74,27.71,3.38,0.0
20150721:1810,3355.54,72.3,13.07,27.26,2.97,0.0
20150721:1910,479.69,18.71,3.91,26.51,2.69,0.0
20150721:2010,0.0,0.0,0.0,24.77,2.48,0.0
20150721:2110,0.0,0.0,0.0,23.73,2.14,0.0
20150721:2210,0.0,0.0,0.0,22.67,2.07,0.0
20150721:2310,0.0,0.0,0.0,21.5,2.28,0.0
20150722:0010,0.0,0.0,0.0,20.62,2.34,0.0
20150722:0110,0.0,0.0,0.0,19.68,2.07,0.0
20150722:0210,0.0,0.0,0.0,19.0,1.86,0.0
20150722:0310,0.0,0.0,0.0,18.57,2.0,0.0
20150722:0410,0.0,0.0,0.0,18.11,2.14,0.0
20150722:0510,389.37,16.16,7.94,17.87,2.0,0.0
20150722:0610,4584.36,90.23,17.39,18.24,2.55,0.0
20150722:0710,17797.79,302.25,27.2,18.71,2.55,0.0
20150722:0810,24001.86,398.21,37.0,19.32,2.14,0.0
20150722:0910,44499.41,751.72,46.34,20.57,1.72,0.0
20150722:1010,49081.49,850.3,54.44,21.77,1.31,0.0
20150722:1110,50607.08,893.75,59.99,23.13,1.03,0.0
20150722:1210,46241.32,813.21,61.31,24.33,1.1,0.0
20150722:1310,42519.18,732.92,57.84,25.41,2.28,0.0
20150722:1410,36954.95,628.9,50.89,25.89,3.03,0.0
20150722:1510,28573.31,485.76,42.09,26.65,3.66,0.0
20150722:1610,22261.47,388.97,32.46,26.85,4.0,0.0
20150722:1710,9300.03,197.52,22.61,26.44,3.86,0.0
20150722:1810,3401.84,72.3,12.93,24.75,4.0,0.0
20150722:1910,453.88,17.86,3.76,22.41,4.0,0.0
20150722:2010,0.0,0.0,0.0,21.19,3.24,0.0
20150722:2110,0.0,0.0,0.0,20.52,2.55,0.0
20150722:2210,0.0,0.0,0.0,19.97,2.21,0.0
20150722:2310,0.0,0.0,0.0,19.45,2.0,0.0
20150723:0010,0.0,0.0,0.0,19.12,2.14,0.0
20150723:0110,0.0,0.0,0.0,18.5,2.34,0.0
20150723:0210,0.0,0.0,0.0,18.02,2.69,0.0
20150723:0310,0.0,0.0,0.0,17.32,2.83,0.0
20150723:0410,0.0,0.0,0.0,16.78,2.69,0.0
20150723:0510,1392.01,35.72,7.79,16.28,2.48,0.0
20150723:0610,5950.56,112.86,17.24,16.5,2.41,0.0
20150723:0710,20443.67,345.13,27.05,17.13,2.14,0.0
20150723:0810,35093.12,580.16,36.85,18.09,1.66,0.0
20150723:0910,45025.4,761.65,46.18,19.48,1.31,0.0
20150723:1010,52952.39,924.54,54.26,20.71,1.03,0.0
20150723:1110,38960.99,667.39,59.8,21.96,1.1,0.0
20150723:1210,29240.48,497.14,61.11,23.08,1.52,0.0
20150723:1310,33553.87,571.4,57.66,24.14,2.0,0.0
20150723:1410,27218.5,462.57,50.73,24.52,2.21,0.0
20150723:1510,22514.98,384.45,41.95,24.67,2.14,0.0
20150723:1610,20649.35,359.11,32.33,24.39,2.07,0.0
20150723:1710,9680.29,184.42,22.47,24.22,1.86,0.0
20150723:1810,2567.7,57.84,12.79,23.77,1.93,0.0
20150723:1910,415.17,17.01,3.61,22.5,2.28,0.0
20150723:2010,0.0,0.0,0.0,20.81,2.9,0.0
20150723:2110,0.0,0.0,0.0,19.6,3.24,0.0
20150723:2210,0.0,0.0,0.0,18.68,3.24,0.0
20150723:2310,0.0,0.0,0.0,17.93,3.03,0.0
20150724:0010,0.0,0.0,0.0,17.44,2.83,0.0
20150724:0110,0.0,0.0,0.0,17.06,2.62,0.0
20150724:0210,0.0,0.0,0.0,16.99,2.34,0.0
20150724:0310,0.0,0.0,0.0,16.81,2.21,0.0
20150724:0410,0.0,0.0,0.0,16.42,2.21,0.0
20150724:0510,1773.02,42.53,7.62,16.35,2.07,0.0
20150724:0610,7991.51,162.16,17.09,16.76,2.21,0.0
20150724:0710,18201.58,309.86,26.89,18.86,2.21,0.0
20150724:0810,30684.85,511.6,36.69,21.25,2.28,0.0
20150724:0910,32327.33,543.76,46.01,23.54,2.62,0.0
20150724:1010,19487.32,334.97,54.08,25.62,3.03,0.0
20150724:1110,35695.77,608.58,59.6,27.27,4.0,0.0
20150724:1210,12949.3,230.72,60.91,28.47,4.69,0.0
20150724:1310,23677.0,406.82,57.47,28.75,5.03,0.0
20150724:1410,6396.09,123.11,50.57,27.73,5.45,0.0
20150724:1510,3946.04,82.07,41.8,26.83,5.31,0.0
20150724:1610,4453.81,90.28,32.18,26.13,6.0,0.0
20150724:1710,9217.3,195.98,22.33,24.48,5.24,0.0
20150724:1810,3087.61,66.34,12.64,22.54,4.14,0.0
20150724:1910,413.66,17.01,3.46,23.27,4.34,0.0
20150724:2010,0.0,0.0,0.0,21.37,4.28,0.0
20150724:2110,0.0,0.0,0.0,19.93,4.41,0.0
20150724:2210,0.0,0.0,0.0,19.38,5.38,0.0
20150724:2310,0.0,0.0,0.0,19.3,6.28,0.0
20150725:0010,0.0,0.0,0.0,18.9,6.97,0.0
20150725:0110,0.0,0.0,0.0,17.74,7.03,0.0
20150725:0210,0.0,0.0,0.0,17.06,7.24,0.0
20150725:0310,0.0,0.0,0.0,16.05,7.59,0.0
20150725:0410,0.0,0.0,0.0,15.63,7.66,0.0
20150725:0510,809.09,24.67,7.46,15.14,7.79,0.0
20150725:0610,4937.3,94.51,16.93,14.98,7.31,0.0
20150725:0710,12172.84,205.83,26.74,15.31,6.97,0.0
20150725:0810,25382.48,406.2,36.54,15.74,6.55,0.0
20150725:0910,40523.77,645.82,45.84,16.67,6.21,0.0
20150725:1010,36498.79,586.76,53.9,18.44,6.9,0.0
20150725:1110,35573.57,577.2,59.39,19.92,6.76,0.0
20150725:1210,44016.69,718.02,60.7,20.78,6.76,0.0
20150725:1310,17997.41,301.28,57.28,20.84,6.41,0.0
20150725:1410,38312.8,622.94,50.4,20.1,5.79,0.0
20150725:1510,22348.76,368.82,41.64,20.22,5.45,0.0
20150725:1610,20351.07,342.26,32.04,20.11,5.24,0.0
20150725:1710,9680.29,179.06,22.18,19.86,4.76,0.0
20150725:1810,3653.07,74.85,12.49,19.37,4.28,0.0
20150725:1910,387.09,16.16,3.3,18.85,2.9,0.0
20150725:2010,0.0,0.0,0.0,17.59,2.48,0.0
20150725:2110,0.0,0.0,0.0,16.28,2.14,0.0
20150725:2210,0.0,0.0,0.0,15.38,1.79,0.0
20150725:2310,0.0,0.0,0.0,14.15,1.24,0.0
20150726:0010,0.0,0.0,0.0,14.83,0.41,0.0
20150726:0110,0.0,0.0,0.0,14.33,0.48,0.0
20150726:0210,0.0,0.0,0.0,12.57,1.17,0.0
20150726:0310,0.0,0.0,0.0,12.09,1.24,0.0
20150726:0410,0.0,0.0,0.0,11.43,1.45,0.0
20150726:0510,292.22,13.61,7.29,10.79,1.79,0.0
20150726:0610,1300.93,33.74,16.77,13.77,1.93,0.0
20150726:0710,2985.15,62.92,26.58,15.75,2.48,0.0
20150726:0810,13373.58,227.15,36.38,18.21,3.66,0.0
20150726:0910,19286.19,320.39,45.67,19.36,4.28,0.0
20150726:1010,10433.97,182.38,53.71,19.6,4.69,0.0
20150726:1110,9999.83,175.09,59.18,18.86,4.48,0.0
20150726:1210,7290.2,132.23,60.48,17.82,3.93,0.0
20150726:1310,4898.59,93.93,57.08,16.32,3.59,0.0
20150726:1410,2922.91,62.01,50.22,16.47,4.07,0.0
20150726:1510,5351.71,101.22,41.48,16.83,4.62,0.0
20150726:1610,5481.5,103.05,31.88,16.45,5.31,0.0
20150726:1710,8541.79,153.45,22.03,16.37,5.31,0.0
20150726:1810,3500.51,71.45,12.33,16.43,5.52,0.0
20150726:1910,318.02,14.46,3.13,16.35,5.31,0.0
20150726:2010,0.0,0.0,0.0,16.57,5.03,0.0
20150726:2110,0.0,0.0,0.0,16.73,4.62,0.0
20150726:2210,0.0,0.0,0.0,16.71,4.34,0.0
20150726:2310,0.0,0.0,0.0,16.8,4.48,0.0
20150727:0010,0.0,0.0,0.0,16.69,5.03,0.0
20150727:0110,0.0,0.0,0.0,16.06,5.1,0.0
20150727:0210,0.0,0.0,0.0,15.81,4.9,0.0
20150727:0310,0.0,0.0,0.0,15.63,5.03,0.0
20150727:0410,0.0,0.0,0.0,15.13,5.24,0.0
20150727:0510,896.38,26.37,7.13,15.28,5.1,0.0
20150727:0610,5602.18,106.41,16.61,15.62,5.24,0.0
20150727:0710,10394.5,179.18,26.42,16.24,6.41,0.0
20150727:0810,6226.08,114.9,36.21,17.19,7.52,0.0
20150727:0910,28717.52,461.92,45.5,18.39,7.59,0.0
20150727:1010,7036.69,128.58,53.51,19.08,7.03,0.0
20150727:1110,42658.08,690.88,58.97,20.15,7.52,0.0
20150727:1210,5602.94,106.7,60.26,20.73,7.52,0.0
20150727:1310,8586.57,154.12,56.87,21.18,7.45,0.0
20150727:1410,28303.11,463.23,50.04,21.56,7.38,0.0
20150727:1510,16605.4,280.12,41.31,21.7,6.69,0.0
20150727:1610,14941.67,255.25,31.72,21.5,6.41,0.0
20150727:1710,9829.05,189.72,21.87,20.88,5.38,0.0
20150727:1810,3280.4,68.89,12.17,20.18,5.03,0.0
20150727:1910,275.52,13.61,2.96,19.67,4.55,0.0
20150727:2010,0.0,0.0,0.0,18.69,4.41,0.0
20150727:2110,0.0,0.0,0.0,17.96,4.55,0.0
20150727:2210,0.0,0.0,0.0,17.17,4.62,0.0
20150727:2310,0.0,0.0,0.0,16.48,4.76,0.0
20150728:0010,0.0,0.0,0.0,15.63,4.55,0.0
20150728:0110,0.0,0.0,0.0,14.86,4.48,0.0
20150728:0210,0.0,0.0,0.0,14.23,4.28,0.0
20150728:0310,0.0,0.0,0.0,13.72,4.14,0.0
20150728:0410,0.0,0.0,0.0,13.72,4.14,0.0
20150728:0510,116.89,9.36,6.95,13.98,4.21,0.0
20150728:0610,2023.49,46.51,16.44,14.62,4.07,0.0
20150728:0710,11120.87,189.96,26.26,15.19,5.03,0.0
20150728:0810,17187.56,282.5,36.05,16.38,5.86,0.0
20150728:0910,15488.91,258.08,45.32,17.48,5.93,0.0
20150728:1010,7461.73,134.96,53.32,18.36,5.72,0.0
20150728:1110,9209.71,162.32,58.75,18.56,5.66,0.0
20150728:1210,10969.83,189.68,60.03,18.63,5.72,0.0
20150728:1310,13684.77,231.63,56.66,18.48,5.72,0.0
20150728:1410,12424.83,212.48,49.85,18.86,5.66,0.0
20150728:1510,7795.69,140.44,41.14,18.68,5.24,0.0
20150728:1610,5561.95,104.87,31.56,17.63,4.76,0.0
20150728:1710,2594.26,56.54,21.7,16.4,3.72,0.0
20150728:1810,1537.73,38.27,12.0,15.93,3.1,0.0
20150728:1910,0.0,1.7,2.78,14.84,2.76,0.0
20150728:2010,0.0,0.0,0.0,14.45,2.62,0.0
20150728:2110,0.0,0.0,0.0,14.24,2.62,0.0
20150728:2210,0.0,0.0,0.0,14.06,2.55,0.0
20150728:2310,0.0,0.0,0.0,13.93,2.41,0.0
20150729:0010,0.0,0.0,0.0,13.79,2.41,0.0
20150729:0110,0.0,0.0,0.0,13.75,2.41,0.0
20150729:0210,0.0,0.0,0.0,13.5,2.28,0.0
20150729:0310,0.0,0.0,0.0,13.04,2.34,0.0
20150729:0410,0.0,0.0,0.0,12.44,2.34,0.0
20150729:0510,1376.83,34.87,6.78,11.92,2.34,0.0
20150729:0610,7754.7,161.96,16.28,12.56,2.48,0.0
20150729:0710,22478.54,373.18,26.1,14.11,3.17,0.0
20150729:0810,37666.13,605.32,35.88,15.38,3.45,0.0
20150729:0910,46012.86,745.62,45.14,16.78,3.86,0.0
20150729:1010,28987.73,471.01,53.12,18.11,4.62,0.0
20150729:1110,54902.27,905.97,58.53,19.09,4.83,0.0
20150729:1210,36299.18,593.3,59.8,19.65,4.83,0.0
20150729:1310,38978.44,638.42,56.44,19.91,4.62,0.0
20150729:1410,20681.23,343.44,49.65,20.04,4.48,0.0
20150729:1510,22476.27,371.89,40.96,20.2,4.41,0.0
20150729:1610,16984.14,287.4,31.38,19.84,4.34,0.0
20150729:1710,9713.68,184.78,21.53,19.21,3.86,0.0
20150729:1810,3353.26,69.74,11.82,18.68,3.52,0.0
20150729:1910,144.21,10.21,2.59,17.87,2.9,0.0
20150729:2010,0.0,0.0,0.0,16.6,2.69,0.0
20150729:2110,0.0,0.0,0.0,15.82,2.48,0.0
20150729:2210,0.0,0.0,0.0,15.09,2.21,0.0
20150729:2310,0.0,0.0,0.0,14.44,2.07,0.0
20150730:0010,0.0,0.0,0.0,13.71,2.14,0.0
20150730:0110,0.0,0.0,0.0,12.9,2.14,0.0
20150730:0210,0.0,0.0,0.0,12.03,2.28,0.0
20150730:0310,0.0,0.0,0.0,11.52,2.34,0.0
20150730:0410,0.0,0.0,0.0,11.14,2.34,0.0
20150730:0510,1288.78,33.17,6.6,10.88,2.28,0.0
20150730:0610,7684.12,160.62,16.11,12.23,2.34,0.0
20150730:0710,22694.86,377.68,25.93,14.15,2.83,0.0
20150730:0810,35492.36,571.88,35.71,15.69,3.24,0.0
20150730:0910,43370.78,705.36,44.96,17.03,3.38,0.0
20150730:1010,51659.06,854.57,52.91,18.19,3.45,0.0
20150730:1110,51309.16,852.59,58.3,19.2,3.72,0.0
20150730:1210,18339.72,306.81,59.56,19.55,3.86,0.0
20150730:1310,39140.11,643.84,56.22,19.67,3.79,0.0
20150730:1410,33977.39,558.06,49.45,19.86,3.66,0.0
20150730:1510,32063.96,526.71,40.77,19.99,3.72,0.0
20150730:1610,16761.0,284.28,31.21,19.83,3.72,0.0
20150730:1710,9029.06,191.07,21.36,19.51,3.79,0.0
20150730:1810,3349.47,69.74,11.64,18.93,3.72,0.0
20150730:1910,113.09,9.36,2.4,18.02,3.31,0.0
20150730:2010,0.0,0.0,0.0,16.23,3.17,0.0
20150730:2110,0.0,0.0,0.0,14.96,2.97,0.0
20150730:2210,0.0,0.0,0.0,13.87,2.62,0.0
20150730:2310,0.0,0.0,0.0,12.87,2.34,0.0
20150731:0010,0.0,0.0,0.0,11.98,2.21,0.0
20150731:0110,0.0,0.0,0.0,11.21,2.14,0.0
20150731:0210,0.0,0.0,0.0,10.4,2.0,0.0
20150731:0310,0.0,0.0,0.0,9.58,1.86,0.0
20150731:0410,0.0,0.0,0.0,8.82,1.72,0.0
20150731:0510,1256.9,32.32,6.43,8.54,1.86,0.0
20150731:0610,6180.54,115.69,15.94,10.99,1.79,0.0
20150731:0710,15106.38,252.63,25.76,13.66,2.21,0.0
20150731:0810,27229.13,440.95,35.54,15.7,2.76,0.0
20150731:0910,32362.24,526.75,44.77,17.41,2.97,0.0
20150731:1010,55454.82,930.87,52.7,18.78,2.9,0.0
20150731:1110,57447.95,975.64,58.06,19.78,2.9,0.0
20150731:1210,57409.24,980.22,59.32,20.74,2.9,0.0
20150731:1310,51719.78,876.47,55.99,21.54,2.97,0.0
20150731:1410,46519.87,782.95,49.25,22.09,2.9,0.0
20150731:1510,34096.56,569.23,40.58,22.42,3.03,0.0
20150731:1610,14675.27,254.08,31.02,22.44,3.03,0.0
20150731:1710,4752.86,93.93,21.18,22.2,2.9,0.0
20150731:1810,1771.51,43.38,11.45,21.67,2.28,0.0
20150731:1910,5.31,5.95,2.21,20.38,2.07,0.0
20150731:2010,0.0,0.0,0.0,19.06,2.41,0.0
20150731:2110,0.0,0.0,0.0,18.18,2.69,0.0
20150731:2210,0.0,0.0,0.0,17.26,2.9,0.0
20150731:2310,0.0,0.0,0.0,16.65,3.03,0.0
20150801:0010,0.0,0.0,0.0,15.95,2.97,0.0
20150801:0110,0.0,0.0,0.0,15.22,2.69,0.0
20150801:0210,0.0,0.0,0.0,14.52,2.48,0.0
20150801:0310,0.0,0.0,0.0,13.83,2.62,0.0
20150801:0410,0.0,0.0,0.0,13.29,2.55,0.0
20150801:0510,1181.76,31.47,6.25,12.82,2.41,0.0
20150801:0610,7498.92,156.34,15.76,13.72,2.14,0.0
20150801:0710,20511.22,344.3,25.59,15.65,2.21,0.0
20150801:0810,36354.58,595.54,35.36,18.09,2.62,0.0
20150801:0910,47154.39,782.56,44.59,20.24,3.24,0.0
20150801:1010,55682.52,945.03,52.49,21.71,3.24,0.0
20150801:1110,58517.38,1011.55,57.83,22.75,2.9,0.0
20150801:1210,51617.31,889.21,59.07,23.57,2.69,0.0
20150801:1310,54812.7,947.83,55.76,24.21,2.83,0.0
20150801:1410,34091.24,575.15,49.03,24.49,3.03,0.0
20150801:1510,21418.98,364.04,40.39,24.46,3.1,0.0
20150801:1610,10810.44,192.86,30.84,24.12,3.1,0.0
20150801:1710,9147.47,186.37,20.99,23.61,3.31,0.0
20150801:1810,2484.21,56.14,11.26,22.86,3.1,0.0
20150801:1910,0.0,0.0,0.0,21.71,2.62,0.0
20150801:2010,0.0,0.0,0.0,19.82,2.83,0.0
20150801:2110,0.0,0.0,0.0,18.4,3.1,0.0
20150801:2210,0.0,0.0,0.0,17.1,3.03,0.0
20150801:2310,0.0,0.0,0.0,15.96,2.69,0.0
20150802:0010,0.0,0.0,0.0,14.97,2.34,0.0
20150802:0110,0.0,0.0,0.0,14.09,2.07,0.0
20150802:0210,0.0,0.0,0.0,13.21,2.0,0.0
20150802:0310,0.0,0.0,0.0,12.35,1.93,0.0
20150802:0410,0.0,0.0,0.0,11.57,1.86,0.0
20150802:0510,1239.45,32.32,6.06,11.09,1.72,0.0
20150802:0610,7424.54,157.75,15.59,13.24,1.24,0.0
20150802:0710,22075.52,374.57,25.42,16.62,1.52,0.0
20150802:0810,36387.98,605.61,35.18,19.54,1.72,0.0
20150802:0910,46825.75,796.38,44.39,22.34,2.07,0.0
20150802:1010,54378.56,945.71,52.28,24.36,2.41,0.0
20150802:1110,57552.69,1017.63,57.59,25.7,2.41,0.0
20150802:1210,58307.9,1033.96,58.82,26.8,2.69,0.0
20150802:1310,54830.16,964.39,55.52,27.72,2.97,0.0
20150802:1410,47149.08,817.38,48.81,28.35,3.17,0.0
20150802:1510,36945.84,635.62,40.19,28.76,3.24,0.0
20150802:1610,22806.43,405.56,30.64,28.86,3.24,0.0
20150802:1710,8167.6,186.75,20.8,28.65,3.17,0.0
20150802:1810,2900.14,64.64,11.06,27.96,2.41,0.0
20150802:1910,0.0,0.0,0.0,26.46,2.48,0.0
20150802:2010,0.0,0.0,0.0,24.54,2.83,0.0
20150802:2110,0.0,0.0,0.0,23.36,3.03,0.0
20150802:2210,0.0,0.0,0.0,22.57,3.17,0.0
20150802:2310,0.0,0.0,0.0,21.87,3.1,0.0
20150803:0010,0.0,0.0,0.0,21.23,3.17,0.0
20150803:0110,0.0,0.0,0.0,20.7,3.17,0.0
20150803:0210,0.0,0.0,0.0,20.2,3.1,0.0
20150803:0310,0.0,0.0,0.0,19.55,2.9,0.0
20150803:0410,0.0,0.0,0.0,18.71,2.62,0.0
20150803:0510,1014.02,28.92,5.88,17.96,2.48,0.0
20150803:0610,7120.94,160.17,15.41,18.98,2.14,0.0
20150803:0710,22155.21,383.46,25.25,21.53,2.34,0.0
20150803:0810,35865.03,604.98,35.0,23.7,2.41,0.0
20150803:0910,46265.6,796.95,44.2,25.77,2.41,0.0
20150803:1010,54186.53,957.07,52.06,27.45,2.48,0.0
20150803:1110,51845.01,923.04,57.34,28.82,2.41,0.0
20150803:1210,56283.64,1016.71,58.56,30.09,2.48,0.0
20150803:1310,48289.86,861.25,55.27,31.16,2.62,0.0
20150803:1410,42881.98,755.96,48.59,31.99,3.03,0.0
20150803:1510,31708.74,554.34,39.98,32.46,3.52,0.0
20150803:1610,20086.94,361.65,30.44,32.45,3.66,0.0
20150803:1710,8515.22,170.64,20.6,32.18,3.17,0.0
20150803:1810,2138.1,51.88,10.86,31.44,1.66,0.0
20150803:1910,0.0,0.0,0.0,29.75,2.28,0.0
20150803:2010,0.0,0.0,0.0,27.31,3.24,0.0
20150803:2110,0.0,0.0,0.0,25.72,3.86,0.0
20150803:2210,0.0,0.0,0.0,24.03,3.79,0.0
20150803:2310,0.0,0.0,0.0,22.6,2.97,0.0
20150804:0010,0.0,0.0,0.0,21.46,2.0,0.0
20150804:0110,0.0,0.0,0.0,20.8,0.97,0.0
20150804:0210,0.0,0.0,0.0,20.25,2.21,0.0
20150804:0310,0.0,0.0,0.0,19.54,2.62,0.0
20150804:0410,0.0,0.0,0.0,18.86,2.62,0.0
20150804:0510,504.74,18.71,5.69,18.16,2.83,0.0
20150804:0610,6990.39,143.06,15.23,18.08,3.31,0.0
20150804:0710,6370.29,117.77,25.07,17.52,3.24,0.0
20150804:0810,19536.66,323.13,34.82,17.85,2.9,0.0
20150804:0910,18577.28,310.39,44.0,19.12,2.76,0.0
20150804:1010,29308.78,485.09,51.84,20.62,3.17,0.0
20150804:1110,21196.59,356.48,57.09,22.23,3.66,0.0
20150804:1210,34344.75,574.1,58.3,23.25,3.86,0.0
20150804:1310,40192.09,674.7,55.02,23.9,3.93,0.0
20150804:1410,39620.56,665.29,48.36,24.51,3.93,0.0
20150804:1510,35388.38,593.97,39.76,24.73,3.86,0.0
20150804:1610,20213.69,350.47,30.24,24.83,3.66,0.0
20150804:1710,8075.0,153.63,20.39,24.43,3.03,0.0
20150804:1810,1892.19,45.93,10.65,23.86,2.21,0.0
20150804:1910,0.0,0.0,0.0,22.66,1.24,0.0
20150804:2010,0.0,0.0,0.0,21.31,0.76,0.0
20150804:2110,0.0,0.0,0.0,19.58,1.24,0.0
20150804:2210,0.0,0.0,0.0,18.1,1.52,0.0
20150804:2310,0.0,0.0,0.0,16.87,2.0,0.0
20150805:0010,0.0,0.0,0.0,16.05,2.14,0.0
20150805:0110,0.0,0.0,0.0,15.29,2.21,0.0
20150805:0210,0.0,0.0,0.0,14.6,2.14,0.0
20150805:0310,0.0,0.0,0.0,14.06,2.07,0.0
20150805:0410,0.0,0.0,0.0,13.66,2.14,0.0
20150805:0510,0.0,0.0,0.0,13.53,2.14,0.0
20150805:0610,7156.61,157.16,15.05,15.43,1.79,0.0
20150805:0710,22095.25,377.89,24.89,18.4,1.72,0.0
20150805:0810,36134.47,603.77,34.64,20.99,2.0,0.0
20150805:0910,46293.69,786.65,43.8,23.35,2.48,0.0
20150805:1010,53460.17,922.68,51.61,25.06,3.1,0.0
20150805:1110,56751.95,993.08,56.84,26.24,3.17,0.0
20150805:1210,57674.13,1016.0,58.03,27.35,3.24,0.0
20150805:1310,47052.69,817.86,54.76,28.29,3.31,0.0
20150805:1410,40295.31,695.53,48.12,29.0,3.38,0.0
20150805:1510,26385.88,455.61,39.54,29.37,3.31,0.0
20150805:1610,21849.33,389.87,30.03,29.67,3.17,0.0
20150805:1710,8292.08,182.63,20.18,29.64,2.69,0.0
20150805:1810,2116.85,51.03,10.44,29.17,1.52,0.0
20150805:1910,0.0,0.0,0.0,27.5,1.1,0.0
20150805:2010,0.0,0.0,0.0,24.79,1.72,0.0
20150805:2110,0.0,0.0,0.0,23.02,2.28,0.0
20150805:2210,0.0,0.0,0.0,21.83,2.14,0.0
20150805:2310,0.0,0.0,0.0,20.74,1.66,0.0
20150806:0010,0.0,0.0,0.0,22.09,0.76,0.0
20150806:0110,0.0,0.0,0.0,21.76,0.69,0.0
20150806:0210,0.0,0.0,0.0,19.0,2.28,0.0
20150806:0310,0.0,0.0,0.0,19.01,3.17,0.0
20150806:0410,0.0,0.0,0.0,18.61,3.52,0.0
20150806:0510,925.98,27.22,5.31,17.92,3.17,0.0
20150806:0610,6772.56,138.33,14.87,18.24,2.9,0.0
20150806:0710,9926.2,175.31,24.71,19.47,3.24,0.0
20150806:0810,33935.65,560.3,34.45,20.74,3.17,0.0
20150806:0910,46809.05,786.17,43.6,22.39,3.1,0.0
20150806:1010,54351.23,934.61,51.39,23.97,3.03,0.0
20150806:1110,58225.17,1018.73,56.58,25.42,3.03,0.0
20150806:1210,57913.98,1022.28,57.76,26.7,2.9,0.0
20150806:1310,38949.6,673.09,54.5,27.69,2.69,0.0
20150806:1410,45944.55,802.23,47.88,28.37,2.48,0.0
20150806:1510,27701.98,480.23,39.32,28.64,2.07,0.0
20150806:1610,22499.8,404.34,29.81,28.7,1.59,0.0
20150806:1710,8480.31,172.29,19.97,28.43,1.1,0.0
20150806:1810,2365.04,55.28,10.22,28.04,0.9,0.0
20150806:1910,0.0,0.0,0.0,27.09,2.07,0.0
20150806:2010,0.0,0.0,0.0,25.3,2.76,0.0
20150806:2110,0.0,0.0,0.0,23.87,3.59,0.0
20150806:2210,0.0,0.0,0.0,21.88,3.79,0.0
20150806:2310,0.0,0.0,0.0,20.64,3.52,0.0
20150807:0010,0.0,0.0,0.0,19.75,3.1,0.0
20150807:0110,0.0,0.0,0.0,19.02,3.03,0.0
20150807:0210,0.0,0.0,0.0,18.51,3.03,0.0
20150807:0310,0.0,0.0,0.0,17.98,3.1,0.0
20150807:0410,0.0,0.0,0.0,17.17,2.9,0.0
20150807:0510,888.03,26.37,5.12,16.75,2.62,0.0
20150807:0610,7012.4,154.06,14.69,17.48,2.62,0.0
20150807:0710,21865.27,372.16,24.53,18.48,2.55,0.0
20150807:0810,31671.55,525.16,34.26,20.64,2.48,0.0
20150807:0910,13728.03,238.17,43.4,22.7,2.62,0.0
20150807:1010,16945.43,292.49,51.16,24.59,2.55,0.0
20150807:1110,49318.3,861.82,56.32,26.27,2.41,0.0
20150807:1210,55570.19,985.04,57.48,27.57,2.69,0.0
20150807:1310,8392.26,156.85,54.24,28.44,2.62,0.0
20150807:1410,29594.93,512.94,47.64,28.71,2.14,0.0
20150807:1510,2025.77,49.24,39.09,28.72,2.41,0.0
20150807:1610,9095.86,168.61,29.59,28.52,2.62,0.0
20150807:1710,5160.44,103.62,19.75,28.03,2.34,0.0
20150807:1810,2570.73,58.69,10.0,27.34,3.03,0.0
20150807:1910,0.0,0.0,0.0,26.1,4.21,0.0
20150807:2010,0.0,0.0,0.0,24.26,5.17,0.0
20150807:2110,0.0,0.0,0.0,22.25,4.55,0.0
20150807:2210,0.0,0.0,0.0,21.05,3.45,0.0
20150807:2310,0.0,0.0,0.0,20.69,2.83,0.0
20150808:0010,0.0,0.0,0.0,20.16,2.69,0.0
20150808:0110,0.0,0.0,0.0,19.76,2.41,0.0
20150808:0210,0.0,0.0,0.0,19.44,1.93,0.0
20150808:0310,0.0,0.0,0.0,18.9,1.72,0.0
20150808:0410,0.0,0.0,0.0,18.69,1.93,0.0
20150808:0510,143.45,10.21,4.92,18.34,2.07,0.0
20150808:0610,2396.92,53.8,14.5,18.92,2.0,0.0
20150808:0710,7731.93,140.43,24.34,19.34,2.83,0.0
20150808:0810,17287.74,291.68,34.07,20.92,3.17,0.0
20150808:0910,42930.56,720.43,43.19,22.78,3.03,0.0
20150808:1010,26920.21,454.4,50.92,24.63,3.31,0.0
20150808:1110,18022.46,311.28,56.05,26.16,3.59,0.0
20150808:1210,14537.13,255.74,57.2,27.03,3.45,0.0
20150808:1310,16797.43,293.53,53.96,27.52,3.17,0.0
20150808:1410,14668.43,258.98,47.38,27.88,3.1,0.0
20150808:1510,30870.81,529.29,38.85,28.33,3.31,0.0
20150808:1610,13895.77,247.81,29.36,28.26,3.66,0.0
20150808:1710,8125.1,160.53,19.53,27.75,4.07,0.0
20150808:1810,1541.53,39.98,9.77,26.83,3.86,0.0
20150808:1910,0.0,0.0,0.0,25.04,3.66,0.0
20150808:2010,0.0,0.0,0.0,24.12,3.52,0.0
20150808:2110,0.0,0.0,0.0,23.37,3.24,0.0
20150808:2210,0.0,0.0,0.0,22.79,3.03,0.0
20150808:2310,0.0,0.0,0.0,22.23,2.9,0.0
20150809:0010,0.0,0.0,0.0,21.74,2.97,0.0
20150809:0110,0.0,0.0,0.0,21.23,2.97,0.0
20150809:0210,0.0,0.0,0.0,20.75,2.83,0.0
20150809:0310,0.0,0.0,0.0,20.3,2.69,0.0
20150809:0410,0.0,0.0,0.0,19.74,2.9,0.0
20150809:0510,241.36,12.76,4.73,19.45,2.76,0.0
20150809:0610,697.52,22.8,14.31,19.15,2.14,0.0
20150809:0710,3812.46,77.51,24.16,19.22,2.55,0.0
20150809:0810,4197.27,83.9,33.88,19.57,2.76,0.0
20150809:0910,6277.69,117.64,42.98,20.14,2.83,0.0
20150809:1010,24529.36,407.61,50.68,20.48,2.97,0.0
20150809:1110,29229.85,485.27,55.78,20.66,2.9,0.0
20150809:1210,24580.97,410.08,56.91,20.95,2.9,0.0
20150809:1310,39971.98,669.83,53.69,21.94,2.9,0.0
20150809:1410,27579.78,461.91,47.13,22.91,3.03,0.0
20150809:1510,25664.83,431.93,38.61,23.5,2.9,0.0
20150809:1610,14742.82,257.24,29.13,23.71,2.83,0.0
20150809:1710,7579.37,145.43,19.3,23.71,2.62,0.0
20150809:1810,2375.67,54.43,9.53,23.55,2.14,0.0
20150809:1910,0.0,0.0,0.0,23.42,2.07,0.0
20150809:2010,0.0,0.0,0.0,22.4,2.21,0.0
20150809:2110,0.0,0.0,0.0,21.44,2.48,0.0
20150809:2210,0.0,0.0,0.0,20.36,2.55,0.0
20150809:2310,0.0,0.0,0.0,19.69,2.48,0.0
20150810:0010,0.0,0.0,0.0,18.74,2.41,0.0
20150810:0110,0.0,0.0,0.0,17.75,2.34,0.0
20150810:0210,0.0,0.0,0.0,16.77,2.62,0.0
20150810:0310,0.0,0.0,0.0,15.94,2.55,0.0
20150810:0410,0.0,0.0,0.0,15.31,2.14,0.0
20150810:0510,680.82,22.11,4.53,14.81,2.07,0.0
20150810:0610,5955.87,118.13,14.12,15.48,2.07,0.0
20150810:0710,19193.59,326.06,23.97,17.61,1.86,0.0
20150810:0810,28921.7,479.54,33.69,19.44,1.72,0.0
20150810:0910,36384.18,611.66,42.77,21.41,1.66,0.0
20150810:1010,46358.2,800.01,50.44,23.22,1.66,0.0
20150810:1110,56770.16,1006.82,55.51,24.87,1.93,0.0
20150810:1210,57583.05,1022.85,56.62,26.46,2.41,0.0
20150810:1310,53602.1,945.59,53.4,27.48,2.55,0.0
20150810:1410,45808.69,794.23,46.86,27.9,2.83,0.0
20150810:1510,35957.62,615.41,38.37,27.9,3.31,0.0
20150810:1610,22608.33,400.51,28.89,27.69,3.45,0.0
20150810:1710,8030.22,174.03,19.06,26.93,3.59,0.0
20150810:1810,1730.52,43.38,9.29,26.19,3.17,0.0
20150810:1910,0.0,0.0,0.0,25.16,2.55,0.0
20150810:2010,0.0,0.0,0.0,23.65,2.34,0.0
20150810:2110,0.0,0.0,0.0,22.48,2.34,0.0
20150810:2210,0.0,0.0,0.0,21.5,2.34,0.0
20150810:2310,0.0,0.0,0.0,20.61,2.21,0.0
20150811:0010,0.0,0.0,0.0,19.82,2.0,0.0
20150811:0110,0.0,0.0,0.0,19.03,1.86,0.0
20150811:0210,0.0,0.0,0.0,18.38,1.93,0.0
20150811:0310,0.0,0.0,0.0,17.86,2.07,0.0
20150811:0410,0.0,0.0,0.0,17.7,2.14,0.0
20150811:0510,629.21,21.26,4.33,17.39,2.21,0.0
20150811:0610,4361.97,87.96,13.93,18.41,2.21,0.0
20150811:0710,10903.04,191.52,23.78,19.8,2.69,0.0
20150811:0810,23241.34,389.06,33.49,22.15,2.83,0.0
20150811:0910,46349.09,785.78,42.55,24.17,3.03,0.0
20150811:1010,53742.51,929.2,50.2,25.98,3.38,0.0
20150811:1110,57455.54,1006.72,55.23,27.32,3.59,0.0
20150811:1210,50003.68,871.77,56.33,27.94,3.38,0.0
20150811:1310,49261.38,857.55,53.12,28.23,3.38,0.0
20150811:1410,36394.05,625.23,46.6,28.84,3.52,0.0
20150811:1510,17428.92,305.58,38.12,29.33,3.52,0.0
20150811:1610,19774.99,350.92,28.65,29.19,3.93,0.0
20150811:1710,7439.72,146.23,18.82,27.68,4.07,0.0
20150811:1810,1958.98,47.63,9.05,26.79,3.93,0.0
20150811:1910,0.0,0.0,0.0,25.22,5.03,0.0
20150811:2010,0.0,0.0,0.0,24.23,4.9,0.0
20150811:2110,0.0,0.0,0.0,23.36,4.69,0.0
20150811:2210,0.0,0.0,0.0,22.73,4.34,0.0
20150811:2310,0.0,0.0,0.0,22.37,3.93,0.0
20150812:0010,0.0,0.0,0.0,22.19,3.45,0.0
20150812:0110,0.0,0.0,0.0,21.74,2.97,0.0
20150812:0210,0.0,0.0,0.0,21.23,2.76,0.0
20150812:0310,0.0,0.0,0.0,20.94,2.62,0.0
20150812:0410,0.0,0.0,0.0,20.57,2.55,0.0
20150812:0510,459.95,17.86,4.13,20.21,2.55,0.0
20150812:0610,6503.87,140.61,13.74,20.92,2.41,0.0
20150812:0710,18790.56,324.41,23.59,22.17,3.17,0.0
20150812:0810,32945.15,552.32,33.29,24.07,3.24,0.0
20150812:0910,43638.71,742.91,42.34,26.02,3.31,0.0
20150812:1010,52830.95,923.19,49.95,28.02,3.31,0.0
20150812:1110,55513.26,986.52,54.95,29.77,3.31,0.0
20150812:1210,57039.61,1022.83,56.03,30.91,3.31,0.0
20150812:1310,48647.35,862.77,52.82,31.56,3.24,0.0
20150812:1410,32047.26,561.87,46.32,32.33,2.97,0.0
20150812:1510,23732.41,418.45,37.86,32.71,2.83,0.0
20150812:1610,11032.06,204.61,28.41,32.55,2.69,0.0
20150812:1710,3949.08,84.41,18.58,32.4,2.48,0.0
20150812:1810,1769.99,45.08,8.8,31.55,2.14,0.0
20150812:1910,0.0,0.0,0.0,29.44,2.97,0.0
20150812:2010,0.0,0.0,0.0,27.82,3.52,0.0
20150812:2110,0.0,0.0,0.0,26.59,3.86,0.0
20150812:2210,0.0,0.0,0.0,25.84,3.86,0.0
20150812:2310,0.0,0.0,0.0,25.27,3.45,0.0
20150813:0010,0.0,0.0,0.0,24.81,3.17,0.0
20150813:0110,0.0,0.0,0.0,24.19,3.1,0.0
20150813:0210,0.0,0.0,0.0,23.67,3.38,0.0
20150813:0310,0.0,0.0,0.0,23.27,3.38,0.0
20150813:0410,0.0,0.0,0.0,22.92,3.17,0.0
20150813:0510,305.12,14.46,3.93,22.7,3.1,0.0
20150813:0610,6276.17,136.6,13.55,23.41,2.97,0.0
20150813:0710,14888.54,262.13,23.4,24.98,3.24,0.0
20150813:0810,17822.08,308.18,33.09,26.67,3.03,0.0
20150813:0910,31364.16,538.65,42.12,27.96,2.55,0.0
20150813:1010,37430.08,654.71,49.7,29.18,2.0,0.0
20150813:1110,25490.26,447.01,54.67,29.85,1.66,0.0
20150813:1210,17242.96,306.79,55.73,30.19,1.59,0.0
20150813:1310,17000.84,296.39,52.53,27.47,3.52,0.0
20150813:1410,27099.34,459.48,46.04,26.26,3.72,0.0
20150813:1510,35036.96,589.46,37.6,25.55,4.07,0.0
20150813:1610,2122.92,50.16,28.15,24.59,3.1,0.0
20150813:1710,6197.99,120.52,18.33,24.04,2.62,0.0
20150813:1810,52.37,7.65,8.55,23.56,2.62,0.0
20150813:1910,0.0,0.0,0.0,21.47,2.28,0.0
20150813:2010,0.0,0.0,0.0,20.72,2.48,0.0
20150813:2110,0.0,0.0,0.0,20.22,2.34,0.0
20150813:2210,0.0,0.0,0.0,19.79,2.55,0.0
20150813:2310,0.0,0.0,0.0,19.57,2.69,0.0
20150814:0010,0.0,0.0,0.0,19.18,2.69,0.0
20150814:0110,0.0,0.0,0.0,18.91,2.69,0.0
20150814:0210,0.0,0.0,0.0,18.65,2.69,0.0
20150814:0310,0.0,0.0,0.0,18.24,2.83,0.0
20150814:0410,0.0,0.0,0.0,17.92,2.83,0.0
20150814:0510,466.79,17.86,3.72,17.73,2.83,0.0
20150814:0610,1829.95,43.77,13.35,18.02,3.17,0.0
20150814:0710,12233.56,211.14,23.21,17.96,2.97,0.0
20150814:0810,20844.42,344.66,32.89,18.69,2.9,0.0
20150814:0910,20593.19,342.1,41.9,19.35,2.9,0.0
20150814:1010,36834.27,609.47,49.45,20.69,3.24,0.0
20150814:1110,33566.78,556.99,54.38,22.23,4.07,0.0
20150814:1210,55396.37,937.99,55.42,23.86,4.76,0.0
20150814:1310,43690.32,733.69,52.22,24.34,4.41,0.0
20150814:1410,24105.84,406.86,45.76,25.1,4.28,0.0
20150814:1510,20941.57,353.97,37.33,24.31,4.41,0.0
20150814:1610,7281.85,134.07,27.9,21.36,4.34,0.0
20150814:1710,1351.02,35.57,18.07,20.83,3.52,0.0
20150814:1810,2031.08,47.63,8.29,19.8,2.76,0.0
20150814:1910,0.0,0.0,0.0,20.76,2.21,0.0
20150814:2010,0.0,0.0,0.0,19.29,2.28,0.0
20150814:2110,0.0,0.0,0.0,18.59,2.62,0.0
20150814:2210,0.0,0.0,0.0,17.78,3.38,0.0
20150814:2310,0.0,0.0,0.0,17.09,3.72,0.0
20150815:0010,0.0,0.0,0.0,16.73,4.41,0.0
20150815:0110,0.0,0.0,0.0,16.46,4.9,0.0
20150815:0210,0.0,0.0,0.0,16.11,4.97,0.0
20150815:0310,0.0,0.0,0.0,15.9,4.62,0.0
20150815:0410,0.0,0.0,0.0,15.73,4.41,0.0
20150815:0510,179.12,11.06,3.52,15.51,4.41,0.0
20150815:0610,449.33,17.33,13.16,15.3,4.34,0.0
20150815:0710,2393.13,52.89,23.01,15.28,4.62,0.0
20150815:0810,6322.47,115.81,32.69,15.4,4.34,0.0
20150815:0910,9492.05,165.06,41.67,15.9,4.48,0.0
20150815:1010,11939.83,203.36,49.19,16.78,4.76,0.0
20150815:1110,12166.77,207.92,54.09,17.86,4.55,0.0
20150815:1210,15237.68,257.13,55.11,19.08,4.21,0.0
20150815:1310,19044.07,318.28,51.92,20.06,3.93,0.0
20150815:1410,35423.29,582.97,45.47,20.7,3.79,0.0
20150815:1510,26086.07,431.49,37.06,21.05,3.86,0.0
20150815:1610,20749.54,354.61,27.63,21.0,3.93,0.0
20150815:1710,7479.95,165.64,17.81,20.51,3.86,0.0
20150815:1810,1937.73,45.93,8.03,19.56,3.66,0.0
20150815:1910,0.0,0.0,0.0,18.44,3.17,0.0
20150815:2010,0.0,0.0,0.0,17.73,3.17,0.0
20150815:2110,0.0,0.0,0.0,16.84,2.83,0.0
20150815:2210,0.0,0.0,0.0,16.08,2.48,0.0
20150815:2310,0.0,0.0,0.0,15.11,2.34,0.0
20150816:0010,0.0,0.0,0.0,14.52,2.28,0.0
20150816:0110,0.0,0.0,0.0,14.05,2.21,0.0
20150816:0210,0.0,0.0,0.0,13.41,2.14,0.0
20150816:0310,0.0,0.0,0.0,12.82,2.07,0.0
20150816:0410,0.0,0.0,0.0,12.45,1.93,0.0
20150816:0510,365.08,15.31,3.31,12.05,1.79,0.0
20150816:0610,6575.22,140.06,12.96,12.85,1.66,0.0
20150816:0710,21318.03,357.81,22.81,14.52,1.52,0.0
20150816:0810,35286.67,576.25,32.48,16.19,1.79,0.0
20150816:0910,31777.81,519.91,41.45,17.59,2.21,0.0
20150816:1010,23426.54,388.29,48.93,18.77,2.14,0.0
20150816:1110,37090.81,618.38,53.79,19.77,2.07,0.0
20150816:1210,28190.02,470.39,54.79,20.18,1.86,0.0
20150816:1310,11257.49,196.98,51.61,20.17,1.86,0.0
20150816:1410,18436.11,311.25,45.18,20.39,1.93,0.0
20150816:1510,16719.25,283.83,36.78,20.41,1.79,0.0
20150816:1610,9640.82,171.78,27.37,20.37,1.79,0.0
20150816:1710,2169.98,50.16,17.55,20.24,1.86,0.0
20150816:1810,619.34,21.26,7.76,19.93,1.79,0.0
20150816:1910,0.0,0.0,0.0,19.19,1.72,0.0
20150816:2010,0.0,0.0,0.0,18.57,1.86,0.0
20150816:2110,0.0,0.0,0.0,18.07,1.93,0.0
20150816:2210,0.0,0.0,0.0,17.5,2.07,0.0
20150816:2310,0.0,0.0,0.0,17.24,2.41,0.0
20150817:0010,0.0,0.0,0.0,16.75,2.69,0.0
20150817:0110,0.0,0.0,0.0,16.16,2.76,0.0
20150817:0210,0.0,0.0,0.0,15.81,2.76,0.0
20150817:0310,0.0,0.0,0.0,15.18,2.55,0.0
20150817:0410,0.0,0.0,0.0,14.74,2.62,0.0
20150817:0510,116.89,9.36,3.11,14.23,2.48,0.0
20150817:0610,4405.24,88.26,12.76,14.24,2.48,0.0
20150817:0710,7972.54,141.81,22.61,15.25,2.97,0.0
20150817:0810,11910.23,203.02,32.27,16.53,3.17,0.0
20150817:0910,16371.63,273.18,41.22,17.5,3.17,0.0
20150817:1010,53391.86,890.84,48.67,18.4,2.97,0.0
20150817:1110,52267.78,877.3,53.49,19.52,3.03,0.0
20150817:1210,48012.82,802.63,54.47,20.44,3.31,0.0
20150817:1310,46900.13,781.41,51.29,21.26,3.79,0.0
20150817:1410,4111.5,82.99,44.88,21.25,4.0,0.0
20150817:1510,3514.93,72.95,36.5,20.66,4.14,0.0
20150817:1610,11233.2,196.13,27.1,20.06,4.0,0.0
20150817:1710,5443.55,105.37,17.28,19.6,3.72,0.0
20150817:1810,706.63,22.96,7.49,19.01,3.1,0.0
20150817:1910,0.0,0.0,0.0,18.37,2.55,0.0
20150817:2010,0.0,0.0,0.0,17.36,2.34,0.0
20150817:2110,0.0,0.0,0.0,16.38,2.07,0.0
20150817:2210,0.0,0.0,0.0,15.67,1.79,0.0
20150817:2310,0.0,0.0,0.0,15.0,1.59,0.0
20150818:0010,0.0,0.0,0.0,14.02,1.38,0.0
20150818:0110,0.0,0.0,0.0,13.57,1.24,0.0
20150818:0210,0.0,0.0,0.0,13.02,1.31,0.0
20150818:0310,0.0,0.0,0.0,12.54,1.24,0.0
20150818:0410,0.0,0.0,0.0,12.07,1.24,0.0
20150818:0510,254.26,12.76,2.9,11.56,1.38,0.0
20150818:0610,3948.32,79.63,12.56,12.49,1.1,0.0
20150818:0710,5028.38,95.75,22.41,15.07,1.31,0.0
20150818:0810,10285.97,178.6,32.06,16.29,1.45,0.0
20150818:0910,15723.44,264.99,40.99,17.79,1.59,0.0
20150818:1010,21491.84,358.16,48.41,19.22,2.07,0.0
20150818:1110,24884.57,413.65,53.19,20.04,2.55,0.0
20150818:1210,38125.33,634.01,54.15,20.4,2.76,0.0
20150818:1310,7810.87,142.26,50.97,20.49,2.62,0.0
20150818:1410,22108.91,369.74,44.58,20.57,2.28,0.0
20150818:1510,20180.29,339.38,36.22,20.75,2.0,0.0
20150818:1610,15871.45,274.28,26.82,20.98,2.07,0.0
20150818:1710,7333.46,156.56,17.01,20.6,1.86,0.0
20150818:1810,1502.82,38.27,7.21,20.05,1.59,0.0
20150818:1910,0.0,0.0,0.0,19.04,1.72,0.0
20150818:2010,0.0,0.0,0.0,18.07,1.86,0.0
20150818:2110,0.0,0.0,0.0,17.02,1.93,0.0
20150818:2210,0.0,0.0,0.0,15.98,1.79,0.0
20150818:2310,0.0,0.0,0.0,15.21,1.66,0.0
20150819:0010,0.0,0.0,0.0,14.58,1.72,0.0
20150819:0110,0.0,0.0,0.0,14.22,1.93,0.0
20150819:0210,0.0,0.0,0.0,13.98,1.93,0.0
20150819:0310,0.0,0.0,0.0,13.97,1.79,0.0
20150819:0410,0.0,0.0,0.0,13.97,1.72,0.0
20150819:0510,0.0,4.25,2.69,13.96,1.72,0.0
20150819:0610,6273.14,135.69,12.36,14.5,1.72,0.0
20150819:0710,13242.27,226.46,22.21,16.09,1.72,0.0
20150819:0810,28237.08,465.83,31.85,18.44,1.66,0.0
20150819:0910,41495.29,697.75,40.75,20.49,1.66,0.0
20150819:1010,53076.11,922.34,48.14,21.98,1.59,0.0
20150819:1110,49672.0,861.15,52.89,22.8,1.72,0.0
20150819:1210,33082.53,561.1,53.82,23.33,1.86,0.0
20150819:1310,40882.02,701.03,50.65,23.8,1.72,0.0
20150819:1410,23411.36,398.51,44.28,24.2,1.86,0.0
20150819:1510,30161.14,513.77,35.93,24.23,1.52,0.0
20150819:1610,15541.28,274.09,26.54,23.97,1.03,0.0
20150819:1710,6957.75,141.58,16.73,23.84,0.83,0.0
20150819:1810,1522.55,39.12,6.93,23.22,0.97,0.0
20150819:1910,0.0,0.0,0.0,22.39,1.24,0.0
20150819:2010,0.0,0.0,0.0,21.27,1.17,0.0
20150819:2110,0.0,0.0,0.0,20.22,1.52,0.0
20150819:2210,0.0,0.0,0.0,19.06,2.0,0.0
20150819:2310,0.0,0.0,0.0,18.08,1.59,0.0
20150820:0010,0.0,0.0,0.0,17.11,1.17,0.0
20150820:0110,0.0,0.0,0.0,17.46,0.41,0.0
20150820:0210,0.0,0.0,0.0,16.94,0.21,0.0
20150820:0310,0.0,0.0,0.0,15.69,0.97,0.0
20150820:0410,0.0,0.0,0.0,16.35,0.48,0.0
20150820:0510,0.0,4.25,2.48,15.82,0.97,0.0
20150820:0610,247.43,12.77,12.16,16.01,0.83,0.0
20150820:0710,3069.4,64.75,22.01,17.1,1.03,0.0
20150820:0810,6169.91,114.9,31.64,17.63,1.66,0.0
20150820:0910,10474.96,182.38,40.52,17.56,2.0,0.0
20150820:1010,17380.34,290.83,47.87,18.08,2.34,0.0
20150820:1110,18819.4,315.03,52.58,19.17,2.55,0.0
20150820:1210,25994.99,431.21,53.49,19.97,2.69,0.0
20150820:1310,12395.23,216.13,50.32,21.58,2.28,0.0
20150820:1410,16430.07,282.17,43.97,22.52,1.72,0.0
20150820:1510,17134.43,294.76,35.63,22.96,1.17,0.0
20150820:1610,17121.52,300.71,26.26,23.1,0.9,0.0
20150820:1710,6994.94,148.21,16.45,23.02,0.62,0.0
20150820:1810,1344.19,35.72,6.65,22.54,1.03,0.0
20150820:1910,0.0,0.0,0.0,21.22,0.76,0.0
20150820:2010,0.0,0.0,0.0,20.24,1.17,0.0
20150820:2110,0.0,0.0,0.0,19.71,1.31,0.0
20150820:2210,0.0,0.0,0.0,19.27,1.45,0.0
20150820:2310,0.0,0.0,0.0,18.87,1.59,0.0
20150821:0010,0.0,0.0,0.0,18.12,1.79,0.0
20150821:0110,0.0,0.0,0.0,17.49,1.86,0.0
20150821:0210,0.0,0.0,0.0,16.82,1.93,0.0
20150821:0310,0.0,0.0,0.0,16.25,1.93,0.0
20150821:0410,0.0,0.0,0.0,15.59,1.79,0.0
20150821:0510,85.77,8.51,2.26,15.09,1.79,0.0
20150821:0610,6207.1,135.95,11.95,15.67,1.38,0.0
20150821:0710,20950.68,357.97,21.81,18.35,1.59,0.0
20150821:0810,35317.03,590.16,31.42,20.57,1.66,0.0
20150821:0910,45828.42,783.18,40.28,22.63,1.72,0.0
20150821:1010,53525.44,940.18,47.6,24.24,1.72,0.0
20150821:1110,54128.84,963.41,52.27,25.56,1.66,0.0
20150821:1210,51398.72,918.76,53.16,26.39,1.38,0.0
20150821:1310,46664.08,827.85,49.99,27.04,1.31,0.0
20150821:1410,41451.27,725.45,43.65,27.53,1.52,0.0
20150821:1510,31537.21,546.6,35.34,27.72,1.59,0.0
20150821:1610,20929.43,376.53,25.97,27.57,1.59,0.0
20150821:1710,6537.27,151.55,16.17,27.39,1.72,0.0
20150821:1810,1226.54,34.02,6.36,26.59,1.79,0.0
20150821:1910,0.0,0.0,0.0,25.01,2.21,0.0
20150821:2010,0.0,0.0,0.0,23.33,2.34,0.0
20150821:2110,0.0,0.0,0.0,22.01,2.48,0.0
20150821:2210,0.0,0.0,0.0,21.0,2.55,0.0
20150821:2310,0.0,0.0,0.0,20.25,2.55,0.0
20150822:0010,0.0,0.0,0.0,19.47,2.41,0.0
20150822:0110,0.0,0.0,0.0,18.68,2.28,0.0
20150822:0210,0.0,0.0,0.0,17.84,2.14,0.0
20150822:0310,0.0,0.0,0.0,17.04,2.07,0.0
20150822:0410,0.0,0.0,0.0,16.36,2.14,0.0
20150822:0510,0.0,0.0,0.0,15.83,2.14,0.0
20150822:0610,6150.94,137.25,11.75,16.5,1.93,0.0
20150822:0710,20839.1,357.46,21.6,19.46,1.79,0.0
20150822:0810,35128.04,588.98,31.2,22.15,2.07,0.0
20150822:0910,45524.06,777.28,40.04,24.7,2.55,0.0
20150822:1010,53478.38,928.03,47.32,26.75,3.38,0.0
20150822:1110,57049.48,997.17,51.95,27.97,4.0,0.0
20150822:1210,56213.82,985.62,52.82,28.74,4.0,0.0
20150822:1310,52601.74,918.69,49.66,29.32,3.93,0.0
20150822:1410,45058.79,779.32,43.33,29.64,3.79,0.0
20150822:1510,35187.24,605.41,35.03,29.74,3.79,0.0
20150822:1610,19883.52,356.74,25.68,29.53,3.72,0.0
20150822:1710,6446.19,137.18,15.88,29.01,3.52,0.0
20150822:1810,1176.45,33.17,6.07,27.68,2.62,0.0
20150822:1910,0.0,0.0,0.0,25.77,3.1,0.0
20150822:2010,0.0,0.0,0.0,24.17,3.17,0.0
20150822:2110,0.0,0.0,0.0,23.03,3.24,0.0
20150822:2210,0.0,0.0,0.0,22.16,3.24,0.0
20150822:2310,0.0,0.0,0.0,21.54,3.45,0.0
20150823:0010,0.0,0.0,0.0,21.05,3.45,0.0
20150823:0110,0.0,0.0,0.0,20.5,3.45,0.0
20150823:0210,0.0,0.0,0.0,19.98,3.52,0.0
20150823:0310,0.0,0.0,0.0,19.36,3.45,0.0
20150823:0410,0.0,0.0,0.0,18.86,3.45,0.0
20150823:0510,0.0,0.0,0.0,18.46,3.38,0.0
20150823:0610,318.78,14.59,11.54,18.77,3.24,0.0
20150823:0710,14969.0,258.75,21.39,20.26,2.34,0.0
20150823:0810,5788.89,110.34,30.99,21.42,3.31,0.0
20150823:0910,13616.46,233.5,39.79,21.0,4.21,0.0
20150823:1010,5382.83,103.05,47.04,19.73,3.45,0.0
20150823:1110,20639.49,342.33,51.64,18.96,3.38,0.0
20150823:1210,52282.2,867.91,52.48,18.37,3.45,0.0
20150823:1310,21733.97,359.22,49.32,18.43,2.97,0.0
20150823:1410,18102.15,303.71,43.01,20.32,3.52,0.0
20150823:1510,9240.07,165.33,34.73,21.32,3.1,0.0
20150823:1610,16748.09,290.28,25.38,21.88,2.9,0.0
20150823:1710,6417.34,145.75,15.58,21.88,2.34,0.0
20150823:1810,1124.84,31.47,5.77,21.69,0.97,0.0
20150823:1910,0.0,0.0,0.0,20.57,1.66,0.0
20150823:2010,0.0,0.0,0.0,19.19,2.14,0.0
20150823:2110,0.0,0.0,0.0,18.47,2.34,0.0
20150823:2210,0.0,0.0,0.0,18.09,2.21,0.0
20150823:2310,0.0,0.0,0.0,17.47,2.41,0.0
20150824:0010,0.0,0.0,0.0,16.94,2.62,0.0
20150824:0110,0.0,0.0,0.0,16.49,2.48,0.0
20150824:0210,0.0,0.0,0.0,16.25,2.69,0.0
20150824:0310,0.0,0.0,0.0,16.22,3.1,0.0
20150824:0410,0.0,0.0,0.0,16.3,3.52,0.0
20150824:0510,0.0,0.0,0.0,16.38,3.72,0.0
20150824:0610,1185.56,31.92,11.34,16.18,3.86,0.0
20150824:0710,12312.5,210.41,21.19,16.3,4.48,0.0
20150824:0810,17764.4,292.36,30.77,17.32,5.1,0.0
20150824:0910,23131.28,375.99,39.55,18.55,6.41,0.0
20150824:1010,24499.76,397.07,46.76,18.96,8.34,0.0
20150824:1110,16501.42,275.9,51.32,20.0,8.21,0.0
20150824:1210,37861.2,611.24,52.13,20.89,9.03,0.0
20150824:1310,22523.32,366.53,48.97,18.78,8.62,0.0
20150824:1410,10554.65,183.3,42.68,19.3,8.28,0.0
20150824:1510,17320.38,286.35,34.42,19.34,10.62,0.0
20150824:1610,6624.55,121.37,25.08,17.71,8.34,0.0
20150824:1710,4215.49,83.71,15.29,17.17,8.55,0.0
20150824:1810,1024.65,28.92,5.47,16.46,8.0,0.0
20150824:1910,0.0,0.0,0.0,15.09,8.41,0.0
20150824:2010,0.0,0.0,0.0,13.9,8.14,0.0
20150824:2110,0.0,0.0,0.0,13.63,7.52,0.0
20150824:2210,0.0,0.0,0.0,13.57,7.03,0.0
20150824:2310,0.0,0.0,0.0,13.67,6.62,0.0
20150825:0010,0.0,0.0,0.0,13.72,6.07,0.0
20150825:0110,0.0,0.0,0.0,13.58,5.52,0.0
20150825:0210,0.0,0.0,0.0,13.18,4.69,0.0
20150825:0310,0.0,0.0,0.0,12.59,4.21,0.0
20150825:0410,0.0,0.0,0.0,12.07,4.0,0.0
20150825:0510,0.0,0.0,0.0,11.67,3.79,0.0
20150825:0610,5704.64,120.08,11.13,11.93,3.59,0.0
20150825:0710,20700.97,341.83,20.98,13.55,3.86,0.0
20150825:0810,34731.08,553.87,30.54,15.36,4.34,0.0
20150825:0910,38290.03,614.57,39.3,17.05,4.69,0.0
20150825:1010,25175.27,410.06,46.48,18.8,5.45,0.0
20150825:1110,23643.61,387.17,50.99,19.7,6.48,0.0
20150825:1210,11727.31,202.45,51.79,19.87,6.0,0.0
20150825:1310,6377.88,118.55,48.63,19.52,5.86,0.0
20150825:1410,4946.4,95.75,42.35,19.51,6.28,0.0
20150825:1510,14283.62,241.33,34.1,19.5,6.34,0.0
20150825:1610,8087.14,145.5,24.78,19.46,6.48,0.0
20150825:1710,4366.53,87.54,14.98,19.71,6.07,0.0
20150825:1810,829.59,25.52,5.17,20.07,5.52,0.0
20150825:1910,0.0,0.0,0.0,19.28,4.76,0.0
20150825:2010,0.0,0.0,0.0,19.51,4.83,0.0
20150825:2110,0.0,0.0,0.0,19.56,4.83,0.0
20150825:2210,0.0,0.0,0.0,19.4,4.76,0.0
20150825:2310,0.0,0.0,0.0,19.25,4.62,0.0
20150826:0010,0.0,0.0,0.0,18.7,4.14,0.0
20150826:0110,0.0,0.0,0.0,18.06,3.72,0.0
20150826:0210,0.0,0.0,0.0,17.3,3.72,0.0
20150826:0310,0.0,0.0,0.0,16.77,3.79,0.0
20150826:0410,0.0,0.0,0.0,16.62,3.93,0.0
20150826:0510,0.0,0.0,0.0,16.35,3.79,0.0
20150826:0610,5719.82,125.62,10.92,16.56,3.66,0.0
20150826:0710,18216.76,307.23,20.77,18.29,5.03,0.0
20150826:0810,33406.63,541.7,30.32,19.74,5.24,0.0
20150826:0910,41493.77,681.57,39.05,21.46,4.62,0.0
20150826:1010,52947.08,887.17,46.19,23.57,5.1,0.0
20150826:1110,50308.04,847.03,50.67,25.57,5.79,0.0
20150826:1210,56902.99,967.08,51.44,27.15,6.55,0.0
20150826:1310,37058.18,623.26,48.28,28.4,7.24,0.0
20150826:1410,19316.55,332.68,42.02,29.21,7.79,0.0
20150826:1510,10143.28,184.52,33.78,28.96,8.0,0.0
20150826:1610,3302.41,71.13,24.47,26.88,6.48,0.0
20150826:1710,3278.88,70.77,14.68,26.24,5.59,0.0
20150826:1810,0.0,3.4,4.86,24.84,4.83,0.0
20150826:1910,0.0,0.0,0.0,23.3,4.83,0.0
20150826:2010,0.0,0.0,0.0,22.11,5.1,0.0
20150826:2110,0.0,0.0,0.0,20.84,5.03,0.0
20150826:2210,0.0,0.0,0.0,19.62,4.83,0.0
20150826:2310,0.0,0.0,0.0,18.92,4.76,0.0
20150827:0010,0.0,0.0,0.0,18.7,4.76,0.0
20150827:0110,0.0,0.0,0.0,18.46,4.21,0.0
20150827:0210,0.0,0.0,0.0,18.21,4.34,0.0
20150827:0310,0.0,0.0,0.0,17.8,4.14,0.0
20150827:0410,0.0,0.0,0.0,17.15,3.45,0.0
20150827:0510,0.0,0.0,0.0,16.74,3.1,0.0
20150827:0610,1184.8,31.92,10.71,16.22,3.03,0.0
20150827:0710,2009.83,46.51,20.55,15.82,3.66,0.0
20150827:0810,2226.15,50.16,30.09,15.56,3.52,0.0
20150827:0910,3103.55,64.75,38.8,15.4,3.31,0.0
20150827:1010,7892.08,140.44,45.91,15.48,2.97,0.0
20150827:1110,7124.73,128.58,50.34,15.46,2.62,0.0
20150827:1210,7061.74,127.67,51.08,15.48,2.34,0.0
20150827:1310,6640.49,121.29,47.93,15.71,2.0,0.0
20150827:1410,4446.98,86.63,41.68,15.59,1.79,0.0
20150827:1510,3372.24,69.31,33.46,15.57,1.38,0.0
20150827:1610,4610.17,89.37,24.16,15.53,0.69,0.0
20150827:1710,3446.62,70.78,14.37,15.55,0.76,0.0
20150827:1810,720.29,22.96,4.55,15.4,0.9,0.0
20150827:1910,0.0,0.0,0.0,14.56,0.28,0.0
20150827:2010,0.0,0.0,0.0,14.55,0.41,0.0
20150827:2110,0.0,0.0,0.0,14.52,0.48,0.0
20150827:2210,0.0,0.0,0.0,14.47,0.69,0.0
20150827:2310,0.0,0.0,0.0,14.4,0.55,0.0
20150828:0010,0.0,0.0,0.0,14.39,0.48,0.0
20150828:0110,0.0,0.0,0.0,14.42,0.48,0.0
20150828:0210,0.0,0.0,0.0,14.42,0.28,0.0
20150828:0310,0.0,0.0,0.0,14.48,0.48,0.0
20150828:0410,0.0,0.0,0.0,14.46,0.83,0.0
20150828:0510,0.0,0.0,0.0,14.36,1.1,0.0
20150828:0610,3924.03,82.5,10.5,14.48,1.03,0.0
20150828:0710,10960.72,189.35,20.34,15.0,1.52,0.0
20150828:0810,20829.24,342.18,29.87,16.17,1.59,0.0
20150828:0910,30568.72,503.54,38.55,17.34,1.17,0.0
20150828:1010,33871.13,565.8,45.62,18.19,0.76,0.0
20150828:1110,26895.92,451.84,50.01,18.82,0.34,0.0
20150828:1210,40485.82,693.56,50.73,19.65,0.41,0.0
20150828:1310,26983.97,453.82,47.57,20.27,0.83,0.0
20150828:1410,23958.59,401.93,41.34,20.45,1.17,0.0
20150828:1510,20331.33,342.86,33.13,20.69,1.31,0.0
20150828:1610,13821.39,241.58,23.84,20.55,1.45,0.0
20150828:1710,5646.2,117.04,14.06,20.22,1.59,0.0
20150828:1810,539.65,19.56,4.24,19.73,1.79,0.0
20150828:1910,0.0,0.0,0.0,19.39,1.52,0.0
20150828:2010,0.0,0.0,0.0,18.43,1.79,0.0
20150828:2110,0.0,0.0,0.0,17.75,1.93,0.0
20150828:2210,0.0,0.0,0.0,17.38,1.93,0.0
20150828:2310,0.0,0.0,0.0,17.11,1.93,0.0
20150829:0010,0.0,0.0,0.0,16.6,2.0,0.0
20150829:0110,0.0,0.0,0.0,16.2,1.93,0.0
20150829:0210,0.0,0.0,0.0,16.17,1.79,0.0
20150829:0310,0.0,0.0,0.0,15.93,1.79,0.0
20150829:0410,0.0,0.0,0.0,15.62,1.79,0.0
20150829:0510,0.0,0.0,0.0,15.21,1.86,0.0
20150829:0610,5023.06,108.3,10.29,15.59,1.59,0.0
20150829:0710,9941.38,175.07,20.12,17.47,1.66,0.0
20150829:0810,28384.32,470.24,29.64,19.77,1.79,0.0
20150829:0910,45590.85,773.9,38.29,21.88,1.86,0.0
20150829:1010,50675.39,878.25,45.32,23.75,2.0,0.0
20150829:1110,55784.22,985.82,49.67,25.16,2.07,0.0
20150829:1210,54773.24,970.78,50.37,26.5,2.21,0.0
20150829:1310,50680.71,889.73,47.21,27.26,2.41,0.0
20150829:1410,43796.58,760.07,40.99,28.13,2.55,0.0
20150829:1510,33896.18,584.7,32.81,28.74,2.76,0.0
20150829:1610,19228.51,348.24,23.52,29.0,2.76,0.0
20150829:1710,5209.02,131.4,13.75,28.76,2.14,0.0
20150829:1810,514.6,19.56,3.92,27.65,1.66,0.0
20150829:1910,0.0,0.0,0.0,25.69,2.48,0.0
20150829:2010,0.0,0.0,0.0,24.54,2.41,0.0
20150829:2110,0.0,0.0,0.0,23.55,2.41,0.0
20150829:2210,0.0,0.0,0.0,22.57,2.41,0.0
20150829:2310,0.0,0.0,0.0,21.85,2.28,0.0
20150830:0010,0.0,0.0,0.0,21.31,2.14,0.0
20150830:0110,0.0,0.0,0.0,20.64,2.07,0.0
20150830:0210,0.0,0.0,0.0,20.08,2.21,0.0
20150830:0310,0.0,0.0,0.0,19.8,2.28,0.0
20150830:0410,0.0,0.0,0.0,19.66,2.41,0.0
20150830:0510,0.0,0.0,0.0,19.57,2.55,0.0
20150830:0610,5386.62,121.67,10.07,19.98,2.41,0.0
20150830:0710,19557.91,338.26,19.91,21.46,1.93,0.0
20150830:0810,34379.66,579.79,29.41,23.79,2.21,0.0
20150830:0910,43445.16,745.88,38.04,25.64,2.28,0.0
20150830:1010,52184.29,917.31,45.03,27.44,2.55,0.0
20150830:1110,53833.59,957.23,49.34,29.04,2.76,0.0
20150830:1210,52802.87,941.03,50.01,29.98,2.83,0.0
20150830:1310,50099.31,888.57,46.85,30.74,2.97,0.0
20150830:1410,43834.53,768.1,40.65,31.3,3.17,0.0
20150830:1510,32293.17,563.63,32.47,31.38,2.9,0.0
20150830:1610,17076.74,312.47,23.2,31.15,2.48,0.0
20150830:1710,5174.1,117.63,13.43,30.28,1.72,0.0
20150830:1810,436.42,17.86,3.6,28.66,1.93,0.0
20150830:1910,0.0,0.0,0.0,26.8,2.0,0.0
20150830:2010,0.0,0.0,0.0,25.12,2.07,0.0
20150830:2110,0.0,0.0,0.0,23.56,2.07,0.0
20150830:2210,0.0,0.0,0.0,22.22,2.07,0.0
20150830:2310,0.0,0.0,0.0,21.32,2.0,0.0
20150831:0010,0.0,0.0,0.0,20.63,2.07,0.0
20150831:0110,0.0,0.0,0.0,20.09,2.07,0.0
20150831:0210,0.0,0.0,0.0,19.39,2.0,0.0
20150831:0310,0.0,0.0,0.0,18.94,1.66,0.0
20150831:0410,0.0,0.0,0.0,19.15,1.31,0.0
20150831:0510,0.0,0.0,0.0,18.33,1.45,0.0
20150831:0610,4931.22,109.56,9.86,18.79,1.24,0.0
20150831:0710,18952.23,327.46,19.69,21.66,2.34,0.0
20150831:0810,33591.82,562.24,29.18,23.63,2.97,0.0
20150831:0910,40242.94,676.43,37.78,25.31,3.93,0.0
20150831:1010,51335.72,875.93,44.73,25.9,4.21,0.0
20150831:1110,8716.36,159.59,49.0,25.15,3.52,0.0
20150831:1210,47442.81,805.04,49.64,24.69,3.86,0.0
20150831:1310,18906.69,322.78,46.48,24.96,4.07,0.0
20150831:1410,6725.5,127.67,40.29,25.93,4.28,0.0
20150831:1510,24673.57,413.47,32.14,24.02,4.28,0.0
20150831:1610,15569.37,273.16,22.87,23.21,3.72,0.0
20150831:1710,910.04,27.36,13.11,22.49,2.69,0.0
20150831:1810,0.0,4.25,3.28,21.75,2.48,0.0
20150831:1910,0.0,0.0,0.0,20.76,2.83,0.0
20150831:2010,0.0,0.0,0.0,20.08,3.1,0.0
20150831:2110,0.0,0.0,0.0,19.44,3.38,0.0
20150831:2210,0.0,0.0,0.0,18.77,2.9,0.0
20150831:2310,0.0,0.0,0.0,18.18,2.69,0.0
20150901:0010,0.0,0.0,0.0,17.52,3.17,0.0
20150901:0110,0.0,0.0,0.0,16.83,2.9,0.0
20150901:0210,0.0,0.0,0.0,16.41,2.9,0.0
20150901:0310,0.0,0.0,0.0,16.27,3.03,0.0
20150901:0410,0.0,0.0,0.0,16.11,3.38,0.0
20150901:0510,0.0,0.0,0.0,15.98,3.59,0.0
20150901:0610,1489.16,37.39,9.64,15.89,3.72,0.0
20150901:0710,1849.68,43.77,19.47,16.06,3.86,0.0
20150901:0810,9970.22,172.59,28.94,16.17,3.93,0.0
20150901:0910,15996.68,265.97,37.52,17.02,3.93,0.0
20150901:1010,17118.49,284.57,44.43,17.8,4.07,0.0
20150901:1110,25497.85,416.13,48.66,18.37,4.41,0.0
20150901:1210,50685.26,832.93,49.28,18.88,4.55,0.0
20150901:1310,45034.51,735.71,46.12,19.28,4.69,0.0
20150901:1410,31836.26,517.37,39.94,19.27,4.62,0.0
20150901:1510,13899.57,235.7,31.8,19.15,4.55,0.0
20150901:1610,9689.39,171.19,22.55,18.73,4.07,0.0
20150901:1710,4805.23,98.8,12.78,18.42,3.59,0.0
20150901:1810,56.17,7.65,2.95,17.81,2.62,0.0
20150901:1910,0.0,0.0,0.0,17.05,2.55,0.0
20150901:2010,0.0,0.0,0.0,16.24,2.14,0.0
20150901:2110,0.0,0.0,0.0,15.18,2.07,0.0
20150901:2210,0.0,0.0,0.0,14.44,2.07,0.0
20150901:2310,0.0,0.0,0.0,13.6,2.21,0.0
20150902:0010,0.0,0.0,0.0,12.84,2.21,0.0
20150902:0110,0.0,0.0,0.0,12.2,2.14,0.0
20150902:0210,0.0,0.0,0.0,11.58,2.0,0.0
20150902:0310,0.0,0.0,0.0,10.98,1.86,0.0
20150902:0410,0.0,0.0,0.0,10.28,1.72,0.0
20150902:0510,0.0,0.0,0.0,9.67,1.72,0.0
20150902:0610,5834.43,128.15,9.43,9.8,1.45,0.0
20150902:0710,22089.18,368.11,19.25,13.0,1.24,0.0
20150902:0810,35631.26,579.96,28.71,15.07,1.52,0.0
20150902:0910,42929.8,707.87,37.25,16.76,1.79,0.0
20150902:1010,40872.91,675.86,44.13,18.07,2.14,0.0
20150902:1110,59058.55,1008.36,48.31,19.04,2.48,0.0
20150902:1210,51190.0,860.88,48.91,19.76,2.83,0.0
20150902:1310,32422.96,535.54,45.75,20.23,2.9,0.0
20150902:1410,17516.2,293.99,39.58,19.84,3.17,0.0
20150902:1510,29575.95,483.94,31.46,18.99,3.52,0.0
20150902:1610,18864.95,323.5,22.22,18.17,3.72,0.0
20150902:1710,4937.3,104.2,12.46,17.5,3.17,0.0
20150902:1810,177.61,11.06,2.62,16.84,2.21,0.0
20150902:1910,0.0,0.0,0.0,16.01,2.0,0.0
20150902:2010,0.0,0.0,0.0,15.31,2.21,0.0
20150902:2110,0.0,0.0,0.0,14.89,2.28,0.0
20150902:2210,0.0,0.0,0.0,14.68,2.14,0.0
20150902:2310,0.0,0.0,0.0,14.14,2.21,0.0
20150903:0010,0.0,0.0,0.0,13.56,2.28,0.0
20150903:0110,0.0,0.0,0.0,12.75,2.07,0.0
20150903:0210,0.0,0.0,0.0,12.13,1.86,0.0
20150903:0310,0.0,0.0,0.0,11.44,1.79,0.0
20150903:0410,0.0,0.0,0.0,10.71,1.79,0.0
20150903:0510,0.0,0.0,0.0,9.94,1.86,0.0
20150903:0610,5740.32,125.84,9.21,9.75,1.72,0.0
20150903:0710,22092.21,364.85,19.03,12.08,1.93,0.0
20150903:0810,38088.9,614.52,28.47,14.26,2.14,0.0
20150903:0910,42732.46,694.91,36.99,16.14,2.69,0.0
20150903:1010,32762.24,532.66,43.82,17.23,2.97,0.0
20150903:1110,50545.61,838.1,47.97,17.78,3.03,0.0
20150903:1210,41067.97,671.82,48.54,18.06,3.45,0.0
20150903:1310,53569.46,885.15,45.37,18.04,3.66,0.0
20150903:1410,24061.06,392.61,39.22,17.61,3.52,0.0
20150903:1510,11311.38,194.64,31.11,17.63,3.52,0.0
20150903:1610,18156.04,310.08,21.88,16.97,3.45,0.0
20150903:1710,4481.9,93.0,12.13,16.64,3.38,0.0
20150903:1810,85.01,8.51,2.29,16.05,2.76,0.0
20150903:1910,0.0,0.0,0.0,15.38,2.48,0.0
20150903:2010,0.0,0.0,0.0,14.79,2.34,0.0
20150903:2110,0.0,0.0,0.0,14.16,2.07,0.0
20150903:2210,0.0,0.0,0.0,13.52,2.0,0.0
20150903:2310,0.0,0.0,0.0,12.91,1.93,0.0
20150904:0010,0.0,0.0,0.0,12.32,2.0,0.0
20150904:0110,0.0,0.0,0.0,11.83,2.0,0.0
20150904:0210,0.0,0.0,0.0,11.23,2.14,0.0
20150904:0310,0.0,0.0,0.0,10.73,2.14,0.0
20150904:0410,0.0,0.0,0.0,10.33,2.07,0.0
20150904:0510,0.0,0.0,0.0,9.87,2.0,0.0
20150904:0610,5874.66,130.77,8.99,9.91,1.72,0.0
20150904:0710,21565.47,356.12,18.81,12.11,1.93,0.0
20150904:0810,35723.85,573.84,28.23,13.69,2.14,0.0
20150904:0910,41879.34,675.48,36.72,14.95,2.83,0.0
20150904:1010,24208.3,392.87,43.51,15.77,2.97,0.0
20150904:1110,30678.02,498.08,47.62,16.53,2.9,0.0
20150904:1210,44739.26,735.78,48.16,17.13,2.76,0.0
20150904:1310,24587.05,401.96,45.0,17.15,2.83,0.0
20150904:1410,10856.74,187.42,38.86,16.98,2.9,0.0
20150904:1510,12221.42,208.27,30.77,16.71,2.69,0.0
20150904:1610,8875.75,157.26,21.55,16.5,2.55,0.0
20150904:1710,3948.32,81.82,11.8,15.93,2.14,0.0
20150904:1810,0.0,0.0,0.0,15.4,2.07,0.0
20150904:1910,0.0,0.0,0.0,14.39,1.66,0.0
20150904:2010,0.0,0.0,0.0,14.05,1.66,0.0
20150904:2110,0.0,0.0,0.0,13.59,1.79,0.0
20150904:2210,0.0,0.0,0.0,12.9,2.0,0.0
20150904:2310,0.0,0.0,0.0,12.47,2.0,0.0
20150905:0010,0.0,0.0,0.0,11.77,2.07,0.0
20150905:0110,0.0,0.0,0.0,11.04,2.07,0.0
20150905:0210,0.0,0.0,0.0,10.52,2.0,0.0
20150905:0310,0.0,0.0,0.0,10.0,1.93,0.0
20150905:0410,0.0,0.0,0.0,10.19,1.66,0.0
20150905:0510,0.0,0.0,0.0,10.08,1.72,0.0
20150905:0610,1957.46,45.45,8.78,10.81,1.59,0.0
20150905:0710,8010.49,140.92,18.59,11.89,1.72,0.0
20150905:0810,13386.48,222.93,27.99,13.19,1.93,0.0
20150905:0910,8663.98,152.29,36.45,15.11,2.41,0.0
20150905:1010,5707.68,106.7,43.2,16.05,2.69,0.0
20150905:1110,14088.56,237.44,47.27,16.99,3.24,0.0
20150905:1210,47099.74,772.24,47.79,17.74,3.66,0.0
20150905:1310,22868.67,374.22,44.62,17.54,3.59,0.0
20150905:1410,17067.63,283.55,38.5,17.45,3.45,0.0
20150905:1510,14231.25,239.68,30.42,17.59,3.52,0.0
20150905:1610,7421.5,134.64,21.21,17.62,3.52,0.0
20150905:1710,4161.6,88.09,11.46,17.25,3.17,0.0
20150905:1810,0.0,0.0,0.0,16.4,2.76,0.0
20150905:1910,0.0,0.0,0.0,15.07,2.55,0.0
20150905:2010,0.0,0.0,0.0,14.52,2.55,0.0
20150905:2110,0.0,0.0,0.0,14.19,2.69,0.0
20150905:2210,0.0,0.0,0.0,13.9,2.9,0.0
20150905:2310,0.0,0.0,0.0,13.68,2.97,0.0
20150906:0010,0.0,0.0,0.0,13.44,2.76,0.0
20150906:0110,0.0,0.0,0.0,13.05,2.41,0.0
20150906:0210,0.0,0.0,0.0,12.8,2.28,0.0
20150906:0310,0.0,0.0,0.0,12.31,2.28,0.0
20150906:0410,0.0,0.0,0.0,12.04,2.41,0.0
20150906:0510,0.0,0.0,0.0,11.5,2.34,0.0
20150906:0610,5240.9,115.27,8.56,10.98,2.34,0.0
20150906:0710,21885.77,358.83,18.36,11.46,2.69,0.0
20150906:0810,33835.46,536.29,27.75,12.57,3.03,0.0
20150906:0910,27453.03,438.43,36.18,13.84,3.1,0.0
20150906:1010,30138.37,484.03,42.89,14.58,2.9,0.0
20150906:1110,50752.81,832.8,46.92,15.3,2.83,0.0
20150906:1210,26911.1,436.43,47.41,15.9,2.9,0.0
20150906:1310,41931.71,681.92,44.24,16.23,2.97,0.0
20150906:1410,15372.79,256.47,38.13,16.52,3.17,0.0
20150906:1510,8121.3,144.48,30.06,16.48,3.38,0.0
20150906:1610,15340.15,262.23,20.86,16.18,3.52,0.0
20150906:1710,3824.6,80.41,11.12,15.78,3.38,0.0
20150906:1810,0.0,0.0,0.0,15.25,2.9,0.0
20150906:1910,0.0,0.0,0.0,14.65,2.34,0.0
20150906:2010,0.0,0.0,0.0,13.92,2.48,0.0
20150906:2110,0.0,0.0,0.0,13.23,2.55,0.0
20150906:2210,0.0,0.0,0.0,12.45,2.34,0.0
20150906:2310,0.0,0.0,0.0,11.48,2.14,0.0
20150907:0010,0.0,0.0,0.0,10.69,2.0,0.0
20150907:0110,0.0,0.0,0.0,9.83,1.72,0.0
20150907:0210,0.0,0.0,0.0,9.03,1.66,0.0
20150907:0310,0.0,0.0,0.0,8.48,1.79,0.0
20150907:0410,0.0,0.0,0.0,8.07,1.79,0.0
20150907:0510,0.0,0.0,0.0,7.76,1.59,0.0
20150907:0610,5229.51,114.22,8.34,8.15,1.38,0.0
20150907:0710,21335.49,351.52,18.14,10.98,1.38,0.0
20150907:0810,37357.22,602.52,27.51,13.65,1.79,0.0
20150907:0910,49507.29,815.17,35.91,15.89,2.21,0.0
20150907:1010,50312.59,833.55,42.58,17.8,2.9,0.0
20150907:1110,46179.84,761.54,46.56,19.01,3.59,0.0
20150907:1210,6090.22,113.99,47.03,19.03,3.66,0.0
20150907:1310,10673.06,186.03,43.86,19.03,3.52,0.0
20150907:1410,13109.45,223.88,37.76,18.81,3.17,0.0
20150907:1510,22523.32,371.07,29.71,18.71,3.17,0.0
20150907:1610,12146.28,212.18,20.52,18.51,3.1,0.0
20150907:1710,3900.5,85.0,10.79,18.0,2.83,0.0
20150907:1810,0.0,0.0,0.0,17.27,2.69,0.0
20150907:1910,0.0,0.0,0.0,15.67,2.48,0.0
20150907:2010,0.0,0.0,0.0,14.66,2.69,0.0
20150907:2110,0.0,0.0,0.0,14.21,2.9,0.0
20150907:2210,0.0,0.0,0.0,13.72,2.97,0.0
20150907:2310,0.0,0.0,0.0,13.13,2.9,0.0
20150908:0010,0.0,0.0,0.0,12.63,2.62,0.0
20150908:0110,0.0,0.0,0.0,12.23,2.41,0.0
20150908:0210,0.0,0.0,0.0,12.04,2.34,0.0
20150908:0310,0.0,0.0,0.0,11.52,2.41,0.0
20150908:0410,0.0,0.0,0.0,11.44,2.55,0.0
20150908:0510,0.0,0.0,0.0,11.38,2.55,0.0
20150908:0610,2144.18,49.51,8.11,11.7,2.55,0.0
20150908:0710,7499.68,133.19,17.91,13.04,4.14,0.0
20150908:0810,15936.72,261.16,27.26,14.36,4.14,0.0
20150908:0910,26133.89,419.65,35.63,15.8,4.14,0.0
20150908:1010,9322.04,163.23,42.26,16.97,4.28,0.0
20150908:1110,17642.96,292.78,46.21,17.89,4.28,0.0
20150908:1210,11646.1,200.62,46.65,18.55,4.07,0.0
20150908:1310,15535.21,261.12,43.48,18.54,3.79,0.0
20150908:1410,18732.12,310.73,37.39,18.82,3.79,0.0
20150908:1510,19790.93,327.21,29.35,18.67,3.72,0.0
20150908:1610,14087.04,244.53,20.18,18.54,3.79,0.0
20150908:1710,3951.35,102.17,10.44,18.18,3.24,0.0
20150908:1810,0.0,0.0,0.0,17.46,2.83,0.0
20150908:1910,0.0,0.0,0.0,16.3,3.1,0.0
20150908:2010,0.0,0.0,0.0,15.25,3.24,0.0
20150908:2110,0.0,0.0,0.0,14.62,3.31,0.0
20150908:2210,0.0,0.0,0.0,13.94,3.17,0.0
20150908:2310,0.0,0.0,0.0,13.44,3.03,0.0
20150909:0010,0.0,0.0,0.0,12.86,3.03,0.0
20150909:0110,0.0,0.0,0.0,12.5,2.97,0.0
20150909:0210,0.0,0.0,0.0,12.16,2.83,0.0
20150909:0310,0.0,0.0,0.0,11.75,2.76,0.0
20150909:0410,0.0,0.0,0.0,11.3,2.83,0.0
20150909:0510,0.0,0.0,0.0,10.97,2.83,0.0
20150909:0610,5022.3,111.38,7.89,10.9,2.76,0.0
20150909:0710,21375.72,351.98,17.68,12.49,2.76,0.0
20150909:0810,37637.29,601.02,27.02,14.67,3.52,0.0
20150909:0910,50015.82,813.08,35.35,16.73,3.72,0.0
20150909:1010,58991.0,981.53,41.95,18.66,3.93,0.0
20150909:1110,63238.36,1067.39,45.85,20.31,4.21,0.0
20150909:1210,62711.62,1060.41,46.26,21.44,4.48,0.0
20150909:1310,56851.38,955.45,43.09,22.18,4.41,0.0
20150909:1410,47613.59,790.34,37.02,22.35,4.34,0.0
20150909:1510,34159.55,565.54,28.99,22.4,4.34,0.0
20150909:1610,18883.92,334.4,19.83,22.06,4.14,0.0
20150909:1710,3697.09,98.43,10.1,21.29,3.45,0.0
20150909:1810,0.0,0.0,0.0,19.58,3.1,0.0
20150909:1910,0.0,0.0,0.0,17.91,3.1,0.0
20150909:2010,0.0,0.0,0.0,16.78,3.24,0.0
20150909:2110,0.0,0.0,0.0,15.92,3.17,0.0
20150909:2210,0.0,0.0,0.0,15.19,3.1,0.0
20150909:2310,0.0,0.0,0.0,14.55,3.1,0.0
20150910:0010,0.0,0.0,0.0,14.0,3.1,0.0
20150910:0110,0.0,0.0,0.0,13.5,3.03,0.0
20150910:0210,0.0,0.0,0.0,13.01,3.03,0.0
20150910:0310,0.0,0.0,0.0,12.62,3.03,0.0
20150910:0410,0.0,0.0,0.0,12.23,3.03,0.0
20150910:0510,0.0,0.0,0.0,11.87,3.03,0.0
20150910:0610,4931.22,110.79,7.67,11.81,2.97,0.0
20150910:0710,21471.35,354.36,17.45,12.86,2.62,0.0
20150910:0810,37477.14,600.15,26.77,15.07,3.38,0.0
20150910:0910,49793.44,812.5,35.08,17.1,3.52,0.0
20150910:1010,57906.39,967.44,41.63,18.93,3.59,0.0
20150910:1110,62080.13,1055.71,45.49,20.51,3.59,0.0
20150910:1210,61726.43,1054.29,45.88,21.66,3.66,0.0
20150910:1310,56222.17,952.66,42.7,22.32,3.66,0.0
20150910:1410,46847.76,782.36,36.64,22.48,3.66,0.0
20150910:1510,33827.11,562.1,28.63,22.3,3.66,0.0
20150910:1610,18513.53,328.38,19.48,21.77,3.66,0.0
20150910:1710,3517.96,95.64,9.76,20.77,3.24,0.0
20150910:1810,0.0,0.0,0.0,18.97,3.1,0.0
20150910:1910,0.0,0.0,0.0,17.45,2.97,0.0
20150910:2010,0.0,0.0,0.0,16.22,2.83,0.0
20150910:2110,0.0,0.0,0.0,15.14,2.62,0.0
20150910:2210,0.0,0.0,0.0,14.18,2.48,0.0
20150910:2310,0.0,0.0,0.0,13.33,2.48,0.0
20150911:0010,0.0,0.0,0.0,12.53,2.41,0.0
20150911:0110,0.0,0.0,0.0,11.77,2.28,0.0
20150911:0210,0.0,0.0,0.0,10.88,2.07,0.0
20150911:0310,0.0,0.0,0.0,10.02,1.93,0.0
20150911:0410,0.0,0.0,0.0,9.39,2.0,0.0
20150911:0510,0.0,0.0,0.0,8.89,2.07,0.0
20150911:0610,4920.6,109.32,7.44,8.74,1.86,0.0
20150911:0710,21359.02,352.61,17.22,11.21,1.17,0.0
20150911:0810,36885.12,599.27,26.52,13.8,1.17,0.0
20150911:0910,48022.69,806.46,34.79,15.96,0.9,0.0
20150911:1010,54402.84,945.67,41.31,17.84,0.69,0.0
20150911:1110,58779.24,1053.06,45.13,19.31,0.48,0.0
20150911:1210,57940.54,1052.91,45.49,20.53,0.21,0.0
20150911:1310,52831.71,937.89,42.31,21.33,0.48,0.0
20150911:1410,44940.39,779.16,36.26,21.93,0.62,0.0
20150911:1510,24832.2,422.16,28.27,22.13,0.62,0.0
20150911:1610,11398.66,205.84,19.13,22.03,0.62,0.0
20150911:1710,2721.02,62.54,9.41,21.61,0.69,0.0
20150911:1810,0.0,0.0,0.0,20.48,1.38,0.0
20150911:1910,0.0,0.0,0.0,19.23,2.14,0.0
20150911:2010,0.0,0.0,0.0,18.87,2.28,0.0
20150911:2110,0.0,0.0,0.0,18.37,2.41,0.0
20150911:2210,0.0,0.0,0.0,17.66,2.62,0.0
20150911:2310,0.0,0.0,0.0,17.81,2.76,0.0
20150912:0010,0.0,0.0,0.0,17.81,2.9,0.0
20150912:0110,0.0,0.0,0.0,17.76,2.9,0.0
20150912:0210,0.0,0.0,0.0,17.04,2.55,0.0
20150912:0310,0.0,0.0,0.0,16.72,2.48,0.0
20150912:0410,0.0,0.0,0.0,16.26,2.34,0.0
20150912:0510,0.0,0.0,0.0,15.97,2.21,0.0
20150912:0610,18.98,6.38,7.22,15.99,2.69,0.0
20150912:0710,1845.89,43.77,16.99,16.4,3.03,0.0
20150912:0810,3410.19,70.22,26.27,17.07,3.59,0.0
20150912:0910,6669.33,122.2,34.51,17.22,3.86,0.0
20150912:1010,5564.23,104.87,40.98,17.3,3.66,0.0
20150912:1110,6956.24,126.76,44.77,17.33,3.79,0.0
20150912:1210,5744.11,107.61,45.1,17.08,3.72,0.0
20150912:1310,9872.31,172.35,41.92,17.23,2.9,0.0
20150912:1410,25922.13,422.73,35.88,17.65,2.9,0.0
20150912:1510,6616.2,122.2,27.91,18.43,2.55,0.0
20150912:1610,835.66,25.53,18.77,18.85,2.14,0.0
20150912:1710,1174.17,31.92,9.06,17.81,2.07,0.0
20150912:1810,0.0,0.0,0.0,16.93,2.21,0.0
20150912:1910,0.0,0.0,0.0,16.34,1.86,0.0
20150912:2010,0.0,0.0,0.0,15.61,1.72,0.0
20150912:2110,0.0,0.0,0.0,14.82,1.66,0.0
20150912:2210,0.0,0.0,0.0,14.12,1.52,0.0
20150912:2310,0.0,0.0,0.0,13.87,1.59,0.0
20150913:0010,0.0,0.0,0.0,13.03,1.93,0.0
20150913:0110,0.0,0.0,0.0,12.66,2.0,0.0
20150913:0210,0.0,0.0,0.0,12.57,1.86,0.0
20150913:0310,0.0,0.0,0.0,12.66,2.0,0.0
20150913:0410,0.0,0.0,0.0,12.69,2.28,0.0
20150913:0510,0.0,0.0,0.0,12.9,2.21,0.0
20150913:0610,4837.11,110.76,6.99,13.41,2.76,0.0
20150913:0710,1294.1,33.74,16.75,14.77,3.03,0.0
20150913:0810,4684.55,90.28,26.01,15.65,3.52,0.0
20150913:0910,8384.67,148.64,34.23,16.75,3.93,0.0
20150913:1010,5204.46,99.4,40.66,17.95,4.0,0.0
20150913:1110,10854.46,188.77,44.4,19.48,5.03,0.0
20150913:1210,7399.49,134.05,44.72,18.52,6.0,0.0
20150913:1310,37095.37,594.62,41.53,17.65,5.79,0.0
20150913:1410,26647.73,429.53,35.5,17.1,4.69,0.0
20150913:1510,17169.34,283.94,27.54,17.15,4.14,0.0
20150913:1610,10727.71,188.11,18.42,16.3,3.59,0.0
20150913:1710,247.43,12.77,8.72,15.71,2.69,0.0
20150913:1810,0.0,0.0,0.0,14.85,1.52,0.0
20150913:1910,0.0,0.0,0.0,16.05,0.62,0.0
20150913:2010,0.0,0.0,0.0,15.09,1.79,0.0
20150913:2110,0.0,0.0,0.0,14.9,2.34,0.0
20150913:2210,0.0,0.0,0.0,14.61,2.62,0.0
20150913:2310,0.0,0.0,0.0,14.6,2.83,0.0
20150914:0010,0.0,0.0,0.0,14.7,3.24,0.0
20150914:0110,0.0,0.0,0.0,14.57,3.52,0.0
20150914:0210,0.0,0.0,0.0,14.6,3.79,0.0
20150914:0310,0.0,0.0,0.0,14.59,4.07,0.0
20150914:0410,0.0,0.0,0.0,14.33,4.14,0.0
20150914:0510,0.0,0.0,0.0,14.1,4.21,0.0
20150914:0610,582.91,20.06,6.77,14.15,4.34,0.0
20150914:0710,537.37,19.15,16.52,14.58,6.41,0.0
20150914:0810,2792.36,59.28,25.76,14.23,5.86,0.0
20150914:0910,41093.78,649.24,33.94,14.21,4.97,0.0
20150914:1010,41149.94,653.13,40.33,15.55,5.79,0.0
20150914:1110,9114.07,159.59,44.03,17.06,7.1,0.0
20150914:1210,39981.84,637.33,44.33,18.08,8.07,0.0
20150914:1310,46231.45,735.02,41.14,17.89,8.48,0.0
20150914:1410,25301.27,406.66,35.12,18.05,8.0,0.0
20150914:1510,34692.37,554.61,27.18,17.92,7.79,0.0
20150914:1610,14925.74,258.19,18.07,16.97,6.69,0.0
20150914:1710,2896.34,70.78,8.37,16.39,6.55,0.0
20150914:1810,0.0,0.0,0.0,15.41,6.0,0.0
20150914:1910,0.0,0.0,0.0,14.15,4.9,0.0
20150914:2010,0.0,0.0,0.0,13.38,5.03,0.0
20150914:2110,0.0,0.0,0.0,13.13,5.24,0.0
20150914:2210,0.0,0.0,0.0,12.8,5.45,0.0
20150914:2310,0.0,0.0,0.0,12.67,5.59,0.0
20150915:0010,0.0,0.0,0.0,12.61,5.79,0.0
20150915:0110,0.0,0.0,0.0,12.46,6.0,0.0
20150915:0210,0.0,0.0,0.0,12.39,6.41,0.0
20150915:0310,0.0,0.0,0.0,12.57,6.76,0.0
20150915:0410,0.0,0.0,0.0,12.36,6.55,0.0
20150915:0510,0.0,0.0,0.0,12.0,6.69,0.0
20150915:0610,3961.98,90.27,6.54,11.52,6.28,0.0
20150915:0710,21303.61,346.41,16.28,11.92,5.59,0.0
20150915:0810,36185.33,566.14,25.5,13.09,5.79,0.0
20150915:0910,35565.98,559.42,33.66,14.53,6.07,0.0
20150915:1010,44719.52,710.02,40.0,15.89,6.34,0.0
20150915:1110,47529.34,759.24,43.67,17.25,7.1,0.0
20150915:1210,51212.77,824.27,43.93,18.15,6.97,0.0
20150915:1310,52785.41,853.66,40.74,18.38,6.21,0.0
20150915:1410,37093.09,595.34,34.74,18.55,6.0,0.0
20150915:1510,32334.16,523.38,26.81,18.07,4.83,0.0
20150915:1610,6985.84,128.39,17.71,17.93,4.69,0.0
20150915:1710,2780.98,74.8,8.01,17.31,3.24,0.0
20150915:1810,0.0,0.0,0.0,16.33,2.55,0.0
20150915:1910,0.0,0.0,0.0,15.67,3.1,0.0
20150915:2010,0.0,0.0,0.0,15.17,3.52,0.0
20150915:2110,0.0,0.0,0.0,14.5,3.59,0.0
20150915:2210,0.0,0.0,0.0,14.25,3.59,0.0
20150915:2310,0.0,0.0,0.0,14.23,4.14,0.0
20150916:0010,0.0,0.0,0.0,14.28,4.48,0.0
20150916:0110,0.0,0.0,0.0,14.86,4.69,0.0
20150916:0210,0.0,0.0,0.0,16.21,5.72,0.0
20150916:0310,0.0,0.0,0.0,17.18,6.0,0.0
20150916:0410,0.0,0.0,0.0,17.38,6.0,0.0
20150916:0510,0.0,0.0,0.0,17.38,6.07,0.0
20150916:0610,444.02,17.33,6.31,17.36,6.48,0.0
20150916:0710,1277.4,33.74,16.05,17.4,6.0,0.0
20150916:0810,2578.32,56.54,25.25,17.82,5.86,0.0
20150916:0910,2412.86,53.8,33.37,18.14,5.79,0.0
20150916:1010,15295.37,255.1,39.67,17.73,5.93,0.0
20150916:1110,2581.36,56.54,43.3,17.64,6.21,0.0
20150916:1210,19106.31,313.15,43.54,17.49,6.28,0.0
20150916:1310,3119.49,65.66,40.35,18.2,6.07,0.0
20150916:1410,16882.44,281.06,34.36,18.95,4.97,0.0
20150916:1510,5630.26,106.7,26.44,19.54,6.14,0.0
20150916:1610,5103.52,98.67,17.35,19.8,5.86,0.0
20150916:1710,2579.08,74.17,7.66,19.39,5.38,0.0
20150916:1810,0.0,0.0,0.0,18.93,6.0,0.0
20150916:1910,0.0,0.0,0.0,18.5,7.59,0.0
20150916:2010,0.0,0.0,0.0,18.24,7.86,0.0
20150916:2110,0.0,0.0,0.0,17.56,7.38,0.0
20150916:2210,0.0,0.0,0.0,16.79,6.83,0.0
20150916:2310,0.0,0.0,0.0,16.3,6.62,0.0
20150917:0010,0.0,0.0,0.0,16.13,6.69,0.0
20150917:0110,0.0,0.0,0.0,16.06,6.83,0.0
20150917:0210,0.0,0.0,0.0,16.05,6.69,0.0
20150917:0310,0.0,0.0,0.0,15.99,6.55,0.0
20150917:0410,0.0,0.0,0.0,15.48,6.69,0.0
20150917:0510,0.0,0.0,0.0,14.72,4.83,0.0
20150917:0610,4547.93,106.31,6.08,14.36,3.72,0.0
20150917:0710,11249.9,192.54,15.81,14.31,4.07,0.0
20150917:0810,19378.79,312.66,24.99,14.74,4.97,0.0
20150917:0910,14828.58,245.22,33.08,15.39,5.31,0.0
20150917:1010,6286.04,115.81,39.34,16.57,4.34,0.0
20150917:1110,20919.56,342.34,42.93,17.13,4.0,0.0
20150917:1210,30419.2,491.88,43.15,17.4,4.07,0.0
20150917:1310,5156.65,98.49,39.95,17.59,4.14,0.0
20150917:1410,23790.86,387.64,33.97,18.16,4.07,0.0
20150917:1510,8845.39,156.9,26.07,18.49,3.72,0.0
20150917:1610,7359.26,134.16,16.99,16.78,3.72,0.0
20150917:1710,1716.1,42.93,7.31,15.82,2.69,0.0
20150917:1810,0.0,0.0,0.0,15.4,1.86,0.0
20150917:1910,0.0,0.0,0.0,14.48,2.07,0.0
20150917:2010,0.0,0.0,0.0,14.0,2.14,0.0
20150917:2110,0.0,0.0,0.0,13.8,2.28,0.0
20150917:2210,0.0,0.0,0.0,13.42,2.55,0.0
20150917:2310,0.0,0.0,0.0,12.87,2.83,0.0
20150918:0010,0.0,0.0,0.0,12.45,3.1,0.0
20150918:0110,0.0,0.0,0.0,12.2,3.24,0.0
20150918:0210,0.0,0.0,0.0,11.96,3.24,0.0
20150918:0310,0.0,0.0,0.0,11.35,3.17,0.0
20150918:0410,0.0,0.0,0.0,10.9,3.17,0.0
20150918:0510,0.0,0.0,0.0,10.64,3.24,0.0
20150918:0610,1333.56,35.42,5.85,10.71,3.45,0.0
20150918:0710,5887.56,107.93,15.57,11.98,3.24,0.0
20150918:0810,16128.75,262.61,24.73,13.8,4.9,0.0
20150918:0910,8221.49,145.0,32.78,15.4,5.66,0.0
20150918:1010,16398.2,270.55,39.01,16.69,6.07,0.0
20150918:1110,46731.63,751.52,42.56,17.21,5.66,0.0
20150918:1210,9482.19,165.97,42.75,17.73,5.66,0.0
20150918:1310,34407.75,553.13,39.56,18.23,5.66,0.0
20150918:1410,2637.52,57.45,33.59,17.44,5.38,0.0
20150918:1510,17533.66,287.13,25.7,15.73,4.97,0.0
20150918:1610,5043.56,96.04,16.63,15.37,4.55,0.0
20150918:1710,1992.38,50.02,6.96,15.22,4.21,0.0
20150918:1810,0.0,0.0,0.0,13.41,3.38,0.0
20150918:1910,0.0,0.0,0.0,13.48,2.97,0.0
20150918:2010,0.0,0.0,0.0,12.88,2.48,0.0
20150918:2110,0.0,0.0,0.0,12.36,2.21,0.0
20150918:2210,0.0,0.0,0.0,12.18,2.07,0.0
20150918:2310,0.0,0.0,0.0,11.74,2.07,0.0
20150919:0010,0.0,0.0,0.0,11.49,2.07,0.0
20150919:0110,0.0,0.0,0.0,11.33,2.07,0.0
20150919:0210,0.0,0.0,0.0,11.09,2.07,0.0
20150919:0310,0.0,0.0,0.0,11.03,2.07,0.0
20150919:0410,0.0,0.0,0.0,10.76,2.07,0.0
20150919:0510,0.0,0.0,0.0,10.51,2.07,0.0
20150919:0610,1676.63,43.01,5.62,10.42,2.0,0.0
20150919:0710,5963.46,109.15,15.33,11.9,2.55,0.0
20150919:0810,4731.61,90.28,24.47,13.56,3.24,0.0
20150919:0910,26391.19,423.04,32.49,14.88,3.17,0.0
20150919:1010,16978.07,280.69,38.68,16.15,3.1,0.0
20150919:1110,35528.79,575.8,42.18,17.25,3.45,0.0
20150919:1210,15517.0,260.57,42.36,18.32,3.72,0.0
20150919:1310,46799.18,768.45,39.16,18.85,3.72,0.0
20150919:1410,42391.67,690.85,33.2,18.96,3.93,0.0
20150919:1510,27504.64,449.8,25.33,18.6,3.66,0.0
20150919:1610,12605.47,224.0,16.27,18.11,3.17,0.0
20150919:1710,1199.22,32.32,6.6,17.34,2.97,0.0
20150919:1810,0.0,0.0,0.0,16.11,2.83,0.0
20150919:1910,0.0,0.0,0.0,15.18,2.69,0.0
20150919:2010,0.0,0.0,0.0,14.1,2.76,0.0
20150919:2110,0.0,0.0,0.0,13.2,2.62,0.0
20150919:2210,0.0,0.0,0.0,12.3,2.34,0.0
20150919:2310,0.0,0.0,0.0,11.42,2.14,0.0
20150920:0010,0.0,0.0,0.0,10.57,2.07,0.0
20150920:0110,0.0,0.0,0.0,9.81,2.0,0.0
20150920:0210,0.0,0.0,0.0,9.1,1.79,0.0
20150920:0310,0.0,0.0,0.0,8.43,1.93,0.0
20150920:0410,0.0,0.0,0.0,7.97,2.0,0.0
20150920:0510,0.0,0.0,0.0,7.55,1.86,0.0
20150920:0610,3366.92,80.44,5.39,7.3,1.59,0.0
20150920:0710,20823.17,340.38,15.09,9.27,1.24,0.0
20150920:0810,36008.48,577.76,24.2,12.4,1.52,0.0
20150920:0910,48183.6,782.32,32.19,14.18,2.41,0.0
20150920:1010,55237.74,918.52,38.34,15.31,2.21,0.0
20150920:1110,29109.93,473.34,41.81,15.8,1.93,0.0
20150920:1210,37795.16,619.67,41.96,16.22,1.72,0.0
20150920:1310,34463.91,565.94,38.76,16.77,1.45,0.0
20150920:1410,27834.05,456.71,32.82,16.86,1.17,0.0
20150920:1510,19944.24,331.6,24.96,17.06,0.97,0.0
20150920:1610,13860.86,247.09,15.91,16.88,1.03,0.0
20150920:1710,1388.97,35.72,6.25,16.54,1.03,0.0
20150920:1810,0.0,0.0,0.0,15.97,0.9,0.0
20150920:1910,0.0,0.0,0.0,15.5,1.24,0.0
20150920:2010,0.0,0.0,0.0,15.12,1.31,0.0
20150920:2110,0.0,0.0,0.0,14.31,1.52,0.0
20150920:2210,0.0,0.0,0.0,13.69,1.52,0.0
20150920:2310,0.0,0.0,0.0,13.23,1.45,0.0
20150921:0010,0.0,0.0,0.0,13.09,1.38,0.0
20150921:0110,0.0,0.0,0.0,12.79,1.45,0.0
20150921:0210,0.0,0.0,0.0,12.65,1.38,0.0
20150921:0310,0.0,0.0,0.0,12.69,1.24,0.0
20150921:0410,0.0,0.0,0.0,12.0,1.24,0.0
20150921:0510,0.0,0.0,0.0,11.72,1.17,0.0
20150921:0610,870.57,25.52,5.16,11.15,1.24,0.0
20150921:0710,20095.28,331.38,14.85,10.94,1.17,0.0
20150921:0810,29777.09,478.51,23.94,13.28,1.45,0.0
20150921:0910,44610.23,728.43,31.9,15.05,1.93,0.0
20150921:1010,41710.84,681.76,38.0,16.13,2.21,0.0
20150921:1110,55054.06,924.7,41.44,16.86,2.21,0.0
20150921:1210,47006.39,783.51,41.57,17.63,2.0,0.0
20150921:1310,45761.63,761.28,38.36,18.32,2.14,0.0
20150921:1410,38060.06,624.46,32.43,18.89,2.69,0.0
20150921:1510,12994.84,221.93,24.58,18.87,3.03,0.0
20150921:1610,7309.93,135.28,15.55,18.37,2.41,0.0
20150921:1710,883.48,26.37,5.89,17.6,2.55,0.0
20150921:1810,0.0,0.0,0.0,16.64,2.83,0.0
20150921:1910,0.0,0.0,0.0,16.57,3.17,0.0
20150921:2010,0.0,0.0,0.0,16.36,3.38,0.0
20150921:2110,0.0,0.0,0.0,15.98,3.59,0.0
20150921:2210,0.0,0.0,0.0,15.68,3.72,0.0
20150921:2310,0.0,0.0,0.0,15.5,3.86,0.0
20150922:0010,0.0,0.0,0.0,15.12,3.79,0.0
20150922:0110,0.0,0.0,0.0,14.81,3.59,0.0
20150922:0210,0.0,0.0,0.0,14.5,3.31,0.0
20150922:0310,0.0,0.0,0.0,14.25,3.24,0.0
20150922:0410,0.0,0.0,0.0,13.91,3.24,0.0
20150922:0510,0.0,0.0,0.0,13.39,3.1,0.0
20150922:0610,440.98,17.01,4.92,12.92,3.45,0.0
20150922:0710,4724.02,90.01,14.6,12.9,4.0,0.0
20150922:0810,12613.82,209.24,23.67,13.41,5.93,0.0
20150922:0910,7612.77,134.96,31.6,14.3,6.0,0.0
20150922:1010,10418.03,176.91,37.67,13.27,6.14,0.0
20150922:1110,34360.69,539.08,41.06,13.15,5.86,0.0
20150922:1210,58547.74,940.73,41.17,13.82,4.97,0.0
20150922:1310,30878.4,489.25,37.97,15.27,6.07,0.0
20150922:1410,14103.74,234.26,32.04,15.84,6.69,0.0
20150922:1510,22106.63,355.92,24.21,15.73,6.62,0.0
20150922:1610,9246.9,164.48,15.19,14.61,6.0,0.0
20150922:1710,1043.62,28.92,5.54,13.04,5.59,0.0
20150922:1810,0.0,0.0,0.0,12.58,5.38,0.0
20150922:1910,0.0,0.0,0.0,11.61,4.97,0.0
20150922:2010,0.0,0.0,0.0,11.42,5.03,0.0
20150922:2110,0.0,0.0,0.0,11.34,4.76,0.0
20150922:2210,0.0,0.0,0.0,10.86,4.48,0.0
20150922:2310,0.0,0.0,0.0,10.59,4.14,0.0
20150923:0010,0.0,0.0,0.0,10.43,3.66,0.0
20150923:0110,0.0,0.0,0.0,10.36,3.38,0.0
20150923:0210,0.0,0.0,0.0,10.34,3.24,0.0
20150923:0310,0.0,0.0,0.0,10.48,3.03,0.0
20150923:0410,0.0,0.0,0.0,10.76,2.83,0.0
20150923:0510,0.0,0.0,0.0,10.9,2.69,0.0
20150923:0610,740.03,22.96,4.69,10.83,2.62,0.0
20150923:0710,19963.22,327.65,14.36,11.58,2.69,0.0
20150923:0810,35394.45,556.58,23.41,12.69,4.21,0.0
20150923:0910,38661.18,611.24,31.3,13.89,4.28,0.0
20150923:1010,24665.98,394.72,37.33,14.58,4.21,0.0
20150923:1110,30144.44,483.39,40.69,15.88,4.14,0.0
20150923:1210,28767.62,462.92,40.77,16.67,4.41,0.0
20150923:1310,18921.87,310.61,37.57,17.19,4.48,0.0
20150923:1410,43805.69,704.88,31.66,16.9,4.34,0.0
20150923:1510,8373.29,148.28,23.84,16.55,3.79,0.0
20150923:1610,14116.64,251.25,14.83,16.64,3.66,0.0
20150923:1710,981.39,28.07,5.19,15.79,2.28,0.0
20150923:1810,0.0,0.0,0.0,14.46,2.0,0.0
20150923:1910,0.0,0.0,0.0,13.56,1.79,0.0
20150923:2010,0.0,0.0,0.0,12.72,1.79,0.0
20150923:2110,0.0,0.0,0.0,11.73,2.0,0.0
20150923:2210,0.0,0.0,0.0,10.99,2.21,0.0
20150923:2310,0.0,0.0,0.0,10.96,2.21,0.0
20150924:0010,0.0,0.0,0.0,10.87,2.34,0.0
20150924:0110,0.0,0.0,0.0,10.69,2.48,0.0
20150924:0210,0.0,0.0,0.0,10.66,2.62,0.0
20150924:0310,0.0,0.0,0.0,10.53,2.62,0.0
20150924:0410,0.0,0.0,0.0,9.98,2.69,0.0
20150924:0510,0.0,0.0,0.0,9.57,2.69,0.0
20150924:0610,746.86,22.96,4.45,9.3,2.76,0.0
20150924:0710,18363.25,300.5,14.11,10.42,2.76,0.0
20150924:0810,13785.72,226.25,23.14,11.95,3.38,0.0
20150924:0910,14298.8,235.29,31.0,12.9,3.59,0.0
20150924:1010,18168.18,295.0,36.99,13.79,3.79,0.0
20150924:1110,16417.17,269.45,40.31,14.86,4.83,0.0
20150924:1210,16346.58,269.04,40.38,15.41,4.83,0.0
20150924:1310,14253.26,237.86,37.17,16.0,4.48,0.0
20150924:1410,19352.22,315.56,31.27,16.34,4.28,0.0
20150924:1510,5240.9,99.4,23.47,16.36,3.17,0.0
20150924:1610,6163.84,115.46,14.47,16.13,3.1,0.0
20150924:1710,719.53,22.96,4.83,15.85,2.69,0.0
20150924:1810,0.0,0.0,0.0,15.57,2.28,0.0
20150924:1910,0.0,0.0,0.0,15.1,2.34,0.0
20150924:2010,0.0,0.0,0.0,14.84,2.21,0.0
20150924:2110,0.0,0.0,0.0,14.65,2.0,0.0
20150924:2210,0.0,0.0,0.0,14.46,1.72,0.0
20150924:2310,0.0,0.0,0.0,14.21,1.52,0.0
20150925:0010,0.0,0.0,0.0,13.89,1.52,0.0
20150925:0110,0.0,0.0,0.0,13.54,1.59,0.0
20150925:0210,0.0,0.0,0.0,13.26,1.59,0.0
20150925:0310,0.0,0.0,0.0,12.27,1.72,0.0
20150925:0410,0.0,0.0,0.0,11.53,1.72,0.0
20150925:0510,0.0,0.0,0.0,10.69,1.79,0.0
20150925:0610,657.29,21.26,4.22,9.88,1.72,0.0
20150925:0710,18837.62,309.94,13.86,10.55,1.52,0.0
20150925:0810,31269.28,498.54,22.87,12.29,1.79,0.0
20150925:0910,38367.45,619.62,30.7,14.42,1.93,0.0
20150925:1010,32158.07,522.87,36.65,15.93,1.79,0.0
20150925:1110,44150.27,731.83,39.93,16.82,1.72,0.0
20150925:1210,32148.2,527.08,39.98,17.46,1.86,0.0
20150925:1310,38227.79,628.27,36.77,17.76,2.07,0.0
20150925:1410,3505.82,72.04,30.88,17.76,2.34,0.0
20150925:1510,4522.88,88.46,23.09,17.47,2.41,0.0
20150925:1610,6499.32,121.92,14.11,17.15,2.28,0.0
20150925:1710,590.5,20.41,4.48,16.57,1.86,0.0
20150925:1810,0.0,0.0,0.0,15.51,1.86,0.0
20150925:1910,0.0,0.0,0.0,15.03,2.07,0.0
20150925:2010,0.0,0.0,0.0,14.55,2.21,0.0
20150925:2110,0.0,0.0,0.0,14.17,2.34,0.0
20150925:2210,0.0,0.0,0.0,13.53,2.48,0.0
20150925:2310,0.0,0.0,0.0,12.88,2.55,0.0
20150926:0010,0.0,0.0,0.0,12.35,2.48,0.0
20150926:0110,0.0,0.0,0.0,11.85,2.41,0.0
20150926:0210,0.0,0.0,0.0,11.15,2.34,0.0
20150926:0310,0.0,0.0,0.0,10.55,2.28,0.0
20150926:0410,0.0,0.0,0.0,10.12,2.28,0.0
20150926:0510,0.0,0.0,0.0,10.07,2.28,0.0
20150926:0610,573.05,19.56,3.98,9.59,2.34,0.0
20150926:0710,11436.61,193.15,13.62,10.6,2.48,0.0
20150926:0810,35240.37,556.34,22.6,12.32,3.24,0.0
20150926:0910,47746.41,764.42,30.39,14.09,3.59,0.0
20150926:1010,53208.18,861.4,36.3,15.57,4.21,0.0
20150926:1110,24264.47,391.92,39.56,16.62,4.69,0.0
20150926:1210,29295.88,472.04,39.58,17.2,4.48,0.0
20150926:1310,23841.71,386.44,36.37,17.15,4.28,0.0
20150926:1410,26940.7,433.79,30.49,17.01,4.28,0.0
20150926:1510,17211.08,284.15,22.72,16.88,4.34,0.0
20150926:1610,8021.11,147.1,13.75,16.41,3.72,0.0
20150926:1710,635.28,21.26,4.12,15.81,3.52,0.0
20150926:1810,0.0,0.0,0.0,15.08,3.59,0.0
20150926:1910,0.0,0.0,0.0,14.55,3.93,0.0
20150926:2010,0.0,0.0,0.0,14.26,4.07,0.0
20150926:2110,0.0,0.0,0.0,13.81,3.86,0.0
20150926:2210,0.0,0.0,0.0,13.43,3.86,0.0
20150926:2310,0.0,0.0,0.0,12.71,3.79,0.0
20150927:0010,0.0,0.0,0.0,12.1,3.66,0.0
20150927:0110,0.0,0.0,0.0,11.64,3.59,0.0
20150927:0210,0.0,0.0,0.0,10.98,3.45,0.0
20150927:0310,0.0,0.0,0.0,10.38,3.38,0.0
20150927:0410,0.0,0.0,0.0,9.81,3.24,0.0
20150927:0510,0.0,0.0,0.0,9.38,3.24,0.0
20150927:0610,491.83,17.86,3.74,9.15,3.31,0.0
20150927:0710,18662.29,304.29,13.37,10.09,3.24,0.0
20150927:0810,34945.88,548.07,22.33,11.96,4.0,0.0
20150927:0910,46843.96,742.66,30.09,13.89,4.55,0.0
20150927:1010,54641.17,881.04,35.96,15.57,4.83,0.0
20150927:1110,56715.52,923.16,39.18,17.02,5.1,0.0
20150927:1210,56208.5,917.29,39.18,18.14,5.38,0.0
20150927:1310,52216.16,847.99,35.98,18.86,5.66,0.0
20150927:1410,41987.88,676.41,30.11,19.11,5.72,0.0
20150927:1510,29099.3,473.14,22.35,18.97,5.66,0.0
20150927:1610,13432.78,243.48,13.39,18.31,4.9,0.0
20150927:1710,548.76,19.56,3.77,17.08,4.48,0.0
20150927:1810,0.0,0.0,0.0,15.61,4.28,0.0
20150927:1910,0.0,0.0,0.0,14.77,4.34,0.0
20150927:2010,0.0,0.0,0.0,13.98,4.28,0.0
20150927:2110,0.0,0.0,0.0,13.26,4.14,0.0
20150927:2210,0.0,0.0,0.0,12.57,3.93,0.0
20150927:2310,0.0,0.0,0.0,11.88,3.79,0.0
20150928:0010,0.0,0.0,0.0,11.28,3.86,0.0
20150928:0110,0.0,0.0,0.0,10.73,3.79,0.0
20150928:0210,0.0,0.0,0.0,10.28,3.72,0.0
20150928:0310,0.0,0.0,0.0,9.9,3.59,0.0
20150928:0410,0.0,0.0,0.0,9.52,3.59,0.0
20150928:0510,0.0,0.0,0.0,9.2,3.52,0.0
20150928:0610,451.61,17.01,3.51,8.94,3.52,0.0
20150928:0710,18984.87,308.6,13.12,9.73,3.52,0.0
20150928:0810,35227.47,550.52,22.05,11.47,4.21,0.0
20150928:0910,47669.75,752.76,29.78,13.28,4.76,0.0
20150928:1010,55630.91,894.49,35.62,14.92,4.9,0.0
20150928:1110,57598.99,935.43,38.8,16.29,5.03,0.0
20150928:1210,55779.67,906.82,38.79,17.19,5.17,0.0
20150928:1310,53319.75,865.3,35.58,17.73,5.1,0.0
20150928:1410,43562.05,700.33,29.72,17.94,5.17,0.0
20150928:1510,30121.67,487.64,21.98,17.81,5.31,0.0
20150928:1610,13514.75,244.69,13.03,17.27,4.83,0.0
20150928:1710,393.92,16.16,3.42,16.1,4.34,0.0
20150928:1810,0.0,0.0,0.0,14.84,4.34,0.0
20150928:1910,0.0,0.0,0.0,14.17,4.48,0.0
20150928:2010,0.0,0.0,0.0,13.5,4.28,0.0
20150928:2110,0.0,0.0,0.0,12.9,4.14,0.0
20150928:2210,0.0,0.0,0.0,12.34,4.07,0.0
20150928:2310,0.0,0.0,0.0,11.77,3.93,0.0
20150929:0010,0.0,0.0,0.0,11.13,3.86,0.0
20150929:0110,0.0,0.0,0.0,10.67,3.86,0.0
20150929:0210,0.0,0.0,0.0,10.24,4.0,0.0
20150929:0310,0.0,0.0,0.0,9.91,4.14,0.0
20150929:0410,0.0,0.0,0.0,9.68,4.34,0.0
20150929:0510,0.0,0.0,0.0,9.51,4.48,0.0
20150929:0610,371.15,15.31,3.27,9.37,4.62,0.0
20150929:0710,18596.26,302.21,12.86,10.22,4.69,0.0
20150929:0810,34876.81,543.89,21.78,11.77,4.9,0.0
20150929:0910,47029.16,737.4,29.48,13.43,5.93,0.0
20150929:1010,55151.22,876.23,35.27,14.94,6.48,0.0
20150929:1110,57239.23,917.27,38.42,16.27,6.76,0.0
20150929:1210,56554.61,910.02,38.39,17.27,6.76,0.0
20150929:1310,52780.86,847.33,35.18,17.9,6.76,0.0
20150929:1410,43256.17,690.48,29.34,18.15,6.69,0.0
20150929:1510,28942.95,467.5,21.61,18.01,6.48,0.0
20150929:1610,12325.4,223.82,12.68,17.48,5.59,0.0
20150929:1710,393.16,16.16,3.07,16.42,4.9,0.0
20150929:1810,0.0,0.0,0.0,15.18,4.55,0.0
20150929:1910,0.0,0.0,0.0,14.52,4.48,0.0
20150929:2010,0.0,0.0,0.0,13.6,4.14,0.0
20150929:2110,0.0,0.0,0.0,12.8,4.0,0.0
20150929:2210,0.0,0.0,0.0,12.19,4.07,0.0
20150929:2310,0.0,0.0,0.0,11.77,4.14,0.0
20150930:0010,0.0,0.0,0.0,11.39,4.0,0.0
20150930:0110,0.0,0.0,0.0,10.98,3.93,0.0
20150930:0210,0.0,0.0,0.0,10.54,3.86,0.0
20150930:0310,0.0,0.0,0.0,10.11,3.86,0.0
20150930:0410,0.0,0.0,0.0,9.75,3.93,0.0
20150930:0510,0.0,0.0,0.0,9.48,3.93,0.0
20150930:0610,333.2,14.46,3.03,9.27,3.93,0.0
20150930:0710,17817.53,289.94,12.61,9.75,4.14,0.0
20150930:0810,34359.17,535.65,21.5,11.3,4.48,0.0
20150930:0910,46534.29,729.35,29.17,12.85,5.45,0.0
20150930:1010,54410.43,865.46,34.93,14.15,5.59,0.0
20150930:1110,0.0,0.0,0.0,15.34,5.38,0.0
20150930:1210,56019.51,906.34,37.99,16.36,5.24,0.0
20150930:1310,51825.28,836.99,34.79,17.1,5.1,0.0
20150930:1410,42030.38,674.37,28.95,17.55,5.03,0.0
20150930:1510,28299.32,458.88,21.24,17.59,4.97,0.0
20150930:1610,12562.97,229.14,12.32,17.21,4.48,0.0
20150930:1710,282.35,13.61,2.72,16.05,3.86,0.0
20150930:1810,0.0,0.0,0.0,14.57,3.66,0.0
20150930:1910,0.0,0.0,0.0,13.72,3.86,0.0
20150930:2010,0.0,0.0,0.0,12.96,4.0,0.0
20150930:2110,0.0,0.0,0.0,12.28,3.93,0.0
20150930:2210,0.0,0.0,0.0,11.62,3.79,0.0
20150930:2310,0.0,0.0,0.0,10.98,3.72,0.0
20151001:0010,0.0,0.0,0.0,10.46,3.79,0.0
20151001:0110,0.0,0.0,0.0,10.02,3.79,0.0
20151001:0210,0.0,0.0,0.0,9.61,3.79,0.0
20151001:0310,0.0,0.0,0.0,9.18,3.72,0.0
20151001:0410,0.0,0.0,0.0,8.75,3.59,0.0
20151001:0510,0.0,0.0,0.0,8.3,3.52,0.0
20151001:0610,224.66,11.91,2.79,7.94,3.52,0.0
20151001:0710,0.0,0.0,0.0,8.5,3.86,0.0
20151001:0810,35091.61,544.77,21.23,10.1,4.21,0.0
20151001:0910,48638.24,760.1,28.86,11.63,5.17,0.0
20151001:1010,58165.21,924.28,34.58,12.9,5.38,0.0
20151001:1110,60676.74,975.46,37.67,14.0,5.24,0.0
20151001:1210,61198.17,988.0,37.6,14.92,5.31,0.0
20151001:1310,54674.56,874.8,34.39,15.57,5.66,0.0
20151001:1410,45149.12,715.76,28.57,15.87,5.93,0.0
20151001:1510,31226.02,500.01,20.87,15.84,5.93,0.0
20151001:1610,12715.53,230.66,11.97,15.56,5.31,0.0
20151001:1710,180.64,11.06,2.37,14.83,4.34,0.0
20151001:1810,0.0,0.0,0.0,13.68,3.86,0.0
20151001:1910,0.0,0.0,0.0,13.04,4.0,0.0
20151001:2010,0.0,0.0,0.0,12.19,3.93,0.0
20151001:2110,0.0,0.0,0.0,11.62,3.79,0.0
20151001:2210,0.0,0.0,0.0,11.02,3.66,0.0
20151001:2310,0.0,0.0,0.0,10.56,3.45,0.0
20151002:0010,0.0,0.0,0.0,10.02,3.1,0.0
20151002:0110,0.0,0.0,0.0,9.49,2.9,0.0
20151002:0210,0.0,0.0,0.0,8.96,2.9,0.0
20151002:0310,0.0,0.0,0.0,8.49,2.97,0.0
20151002:0410,0.0,0.0,0.0,8.09,2.9,0.0
20151002:0510,0.0,0.0,0.0,7.71,2.83,0.0
20151002:0610,190.51,11.06,2.54,7.41,2.9,0.0
20151002:0710,19374.99,313.49,12.1,8.02,2.62,0.0
20151002:0810,35243.41,552.69,20.95,10.18,2.69,0.0
20151002:0910,47914.91,764.82,28.55,12.32,2.97,0.0
20151002:1010,55558.04,906.8,34.24,14.31,3.1,0.0
20151002:1110,58559.89,972.29,37.29,16.06,3.03,0.0
20151002:1210,57526.13,961.8,37.2,17.41,2.9,0.0
20151002:1310,52448.42,871.51,34.0,18.3,2.9,0.0
20151002:1410,43338.9,710.72,28.19,18.74,3.03,0.0
20151002:1510,29686.01,488.47,20.51,18.67,3.1,0.0
20151002:1610,12398.27,229.86,11.61,18.09,2.69,0.0
20151002:1710,114.61,9.36,2.03,16.54,2.34,0.0
20151002:1810,0.0,0.0,0.0,14.65,2.55,0.0
20151002:1910,0.0,0.0,0.0,13.73,2.28,0.0
20151002:2010,0.0,0.0,0.0,12.4,2.07,0.0
20151002:2110,0.0,0.0,0.0,10.99,1.86,0.0
20151002:2210,0.0,0.0,0.0,9.8,1.79,0.0
20151002:2310,0.0,0.0,0.0,9.09,1.66,0.0
20151003:0010,0.0,0.0,0.0,9.36,1.31,0.0
20151003:0110,0.0,0.0,0.0,10.07,0.9,0.0
20151003:0210,0.0,0.0,0.0,9.44,1.24,0.0
20151003:0310,0.0,0.0,0.0,9.86,1.17,0.0
20151003:0410,0.0,0.0,0.0,9.93,0.62,0.0
20151003:0510,0.0,0.0,0.0,9.95,0.41,0.0
20151003:0610,61.48,7.65,2.3,9.67,0.69,0.0
20151003:0710,6335.37,114.47,11.85,9.32,0.55,0.0
20151003:0810,13992.92,231.61,20.67,11.64,0.07,0.0
20151003:0910,17165.54,283.22,28.24,13.91,0.28,0.0
20151003:1010,52329.26,904.43,33.89,15.73,0.21,0.0
20151003:1110,56154.62,984.55,36.91,17.32,0.48,0.0
20151003:1210,56420.27,980.5,36.81,18.41,1.03,0.0
20151003:1310,50339.16,860.02,33.6,19.02,1.17,0.0
20151003:1410,41223.57,696.57,27.81,19.3,0.76,0.0
20151003:1510,25497.85,430.0,20.14,19.28,0.41,0.0
20151003:1610,11630.92,218.75,11.26,19.02,1.1,0.0
20151003:1710,0.0,0.0,0.0,17.68,2.0,0.0
20151003:1810,0.0,0.0,0.0,15.98,1.86,0.0
20151003:1910,0.0,0.0,0.0,14.81,2.21,0.0
20151003:2010,0.0,0.0,0.0,13.66,2.0,0.0
20151003:2110,0.0,0.0,0.0,12.57,1.66,0.0
20151003:2210,0.0,0.0,0.0,12.18,1.31,0.0
20151003:2310,0.0,0.0,0.0,12.22,1.03,0.0
20151004:0010,0.0,0.0,0.0,10.98,1.17,0.0
20151004:0110,0.0,0.0,0.0,9.73,1.38,0.0
20151004:0210,0.0,0.0,0.0,8.94,1.45,0.0
20151004:0310,0.0,0.0,0.0,8.76,1.24,0.0
20151004:0410,0.0,0.0,0.0,9.17,0.83,0.0
20151004:0510,0.0,0.0,0.0,8.15,0.76,0.0
20151004:0610,0.0,0.0,0.0,7.79,0.62,0.0
20151004:0710,17414.5,285.73,11.59,8.98,1.38,0.0
20151004:0810,32876.08,521.51,20.39,9.5,0.97,0.0
20151004:0910,44677.02,733.58,27.93,10.63,0.21,0.0
20151004:1010,49842.01,827.86,33.55,13.16,0.97,0.0
20151004:1110,48799.15,809.5,36.54,15.17,1.59,0.0
20151004:1210,36406.95,595.14,36.42,16.88,2.0,0.0
20151004:1310,16473.34,275.04,33.21,17.94,2.62,0.0
20151004:1410,17809.18,295.29,27.43,18.56,3.31,0.0
20151004:1510,9499.64,167.05,19.78,18.51,3.66,0.0
20151004:1610,3868.62,79.2,10.91,17.86,3.24,0.0
20151004:1710,0.0,0.0,0.0,16.91,3.52,0.0
20151004:1810,0.0,0.0,0.0,15.82,3.45,0.0
20151004:1910,0.0,0.0,0.0,14.9,2.62,0.0
20151004:2010,0.0,0.0,0.0,14.57,2.83,0.0
20151004:2110,0.0,0.0,0.0,14.44,3.1,0.0
20151004:2210,0.0,0.0,0.0,13.97,3.52,0.0
20151004:2310,0.0,0.0,0.0,13.67,3.59,0.0
20151005:0010,0.0,0.0,0.0,13.59,3.59,0.0
20151005:0110,0.0,0.0,0.0,13.72,3.59,0.0
20151005:0210,0.0,0.0,0.0,13.87,3.45,0.0
20151005:0310,0.0,0.0,0.0,13.78,3.1,0.0
20151005:0410,0.0,0.0,0.0,13.48,3.03,0.0
20151005:0510,0.0,0.0,0.0,13.15,2.76,0.0
20151005:0610,0.0,0.0,0.0,12.94,2.69,0.0
20151005:0710,12494.66,212.97,11.34,14.11,2.76,0.0
20151005:0810,25198.04,404.99,20.11,15.17,2.76,0.0
20151005:0910,13204.32,221.8,27.62,16.38,3.66,0.0
20151005:1010,5794.96,108.52,33.2,17.48,4.34,0.0
20151005:1110,9271.19,163.23,36.16,17.62,3.03,0.0
20151005:1210,6422.66,118.55,36.03,17.23,2.41,0.0
20151005:1310,3357.82,69.31,32.82,16.76,2.83,0.0
20151005:1410,5697.81,106.7,27.05,16.54,3.17,0.0
20151005:1510,2322.54,51.98,19.42,16.42,3.1,0.0
20151005:1610,1135.46,31.01,10.56,16.3,2.28,0.0
20151005:1710,0.0,0.0,0.0,16.25,2.0,0.0
20151005:1810,0.0,0.0,0.0,16.11,3.17,0.0
20151005:1910,0.0,0.0,0.0,16.06,3.86,0.0
20151005:2010,0.0,0.0,0.0,15.86,4.0,0.0
20151005:2110,0.0,0.0,0.0,15.8,3.45,0.0
20151005:2210,0.0,0.0,0.0,16.0,3.03,0.0
20151005:2310,0.0,0.0,0.0,16.21,2.62,0.0
20151006:0010,0.0,0.0,0.0,16.27,2.41,0.0
20151006:0110,0.0,0.0,0.0,16.36,2.83,0.0
20151006:0210,0.0,0.0,0.0,16.19,2.97,0.0
20151006:0310,0.0,0.0,0.0,15.72,3.03,0.0
20151006:0410,0.0,0.0,0.0,15.54,3.1,0.0
20151006:0510,0.0,0.0,0.0,15.25,3.24,0.0
20151006:0610,0.0,0.0,0.0,15.12,3.66,0.0
20151006:0710,3237.14,67.15,11.08,15.74,3.79,0.0
20151006:0810,7295.51,131.03,19.83,16.06,4.0,0.0
20151006:0910,22819.34,368.77,27.31,17.02,4.21,0.0
20151006:1010,35398.24,572.48,32.85,18.41,4.07,0.0
20151006:1110,17220.19,287.12,35.78,19.61,4.83,0.0
20151006:1210,4705.8,91.19,35.63,17.57,5.72,0.0
20151006:1310,53961.11,873.49,32.43,18.14,5.66,0.0
20151006:1410,38882.05,627.51,26.68,18.66,4.69,0.0
20151006:1510,4103.91,82.07,19.06,19.05,4.97,0.0
20151006:1610,6771.8,130.82,10.21,18.58,4.9,0.0
20151006:1710,0.0,0.0,0.0,17.95,5.1,0.0
20151006:1810,0.0,0.0,0.0,17.47,5.31,0.0
20151006:1910,0.0,0.0,0.0,16.11,5.03,0.0
20151006:2010,0.0,0.0,0.0,15.79,5.31,0.0
20151006:2110,0.0,0.0,0.0,15.52,5.52,0.0
20151006:2210,0.0,0.0,0.0,15.35,5.72,0.0
20151006:2310,0.0,0.0,0.0,15.13,5.66,0.0
20151007:0010,0.0,0.0,0.0,14.96,5.66,0.0
20151007:0110,0.0,0.0,0.0,14.81,5.79,0.0
20151007:0210,0.0,0.0,0.0,14.48,5.79,0.0
20151007:0310,0.0,0.0,0.0,14.01,5.59,0.0
20151007:0410,0.0,0.0,0.0,13.54,5.24,0.0
20151007:0510,0.0,0.0,0.0,13.24,4.9,0.0
20151007:0610,0.0,0.0,0.0,13.09,4.69,0.0
20151007:0710,18088.49,298.72,10.82,13.21,4.76,0.0
20151007:0810,31933.41,501.65,19.55,13.33,4.9,0.0
20151007:0910,36524.6,573.61,26.99,13.73,4.97,0.0
20151007:1010,42337.78,666.44,32.51,14.9,6.41,0.0
20151007:1110,27379.41,435.5,35.41,15.58,5.93,0.0
20151007:1210,16452.08,270.47,35.25,15.97,5.45,0.0
20151007:1310,3593.86,72.95,32.05,16.39,5.1,0.0
20151007:1410,4847.73,93.02,26.3,16.23,4.55,0.0
20151007:1510,9426.78,164.07,18.7,15.82,3.52,0.0
20151007:1610,6657.95,127.82,9.87,15.44,2.83,0.0
20151007:1710,0.0,0.0,0.0,14.87,2.41,0.0
20151007:1810,0.0,0.0,0.0,14.31,2.07,0.0
20151007:1910,0.0,0.0,0.0,13.01,2.07,0.0
20151007:2010,0.0,0.0,0.0,12.36,2.14,0.0
20151007:2110,0.0,0.0,0.0,11.65,2.21,0.0
20151007:2210,0.0,0.0,0.0,11.13,2.14,0.0
20151007:2310,0.0,0.0,0.0,10.54,2.14,0.0
20151008:0010,0.0,0.0,0.0,9.82,2.14,0.0
20151008:0110,0.0,0.0,0.0,9.49,2.14,0.0
20151008:0210,0.0,0.0,0.0,9.28,2.07,0.0
20151008:0310,0.0,0.0,0.0,9.02,2.07,0.0
20151008:0410,0.0,0.0,0.0,9.4,1.86,0.0
20151008:0510,0.0,0.0,0.0,9.46,1.79,0.0
20151008:0610,0.0,0.0,0.0,9.32,1.66,0.0
20151008:0710,9765.29,167.71,10.56,9.79,1.52,0.0
20151008:0810,23059.94,367.58,19.27,11.73,1.79,0.0
20151008:0910,22990.87,368.73,26.68,13.23,1.93,0.0
20151008:1010,38309.01,617.36,32.16,14.46,2.21,0.0
20151008:1110,27570.68,445.35,35.03,15.01,2.0,0.0
20151008:1210,12592.57,213.09,34.86,15.28,1.86,0.0
20151008:1310,7177.86,129.49,31.66,15.31,1.86,0.0
20151008:1410,15402.39,255.18,25.93,15.27,2.14,0.0
20151008:1510,19340.84,317.25,18.34,14.84,2.28,0.0
20151008:1610,4059.13,82.39,9.52,14.5,2.14,0.0
20151008:1710,0.0,0.0,0.0,13.99,1.93,0.0
20151008:1810,0.0,0.0,0.0,13.26,1.86,0.0
20151008:1910,0.0,0.0,0.0,12.77,1.79,0.0
20151008:2010,0.0,0.0,0.0,12.4,1.72,0.0
20151008:2110,0.0,0.0,0.0,11.78,1.86,0.0
20151008:2210,0.0,0.0,0.0,11.51,1.86,0.0
20151008:2310,0.0,0.0,0.0,11.34,1.86,0.0
20151009:0010,0.0,0.0,0.0,11.5,1.93,0.0
20151009:0110,0.0,0.0,0.0,11.3,2.0,0.0
20151009:0210,0.0,0.0,0.0,11.22,2.07,0.0
20151009:0310,0.0,0.0,0.0,10.65,2.21,0.0
20151009:0410,0.0,0.0,0.0,10.64,2.21,0.0
20151009:0510,0.0,0.0,0.0,10.3,2.21,0.0
20151009:0610,0.0,0.0,0.0,10.4,2.21,0.0
20151009:0710,16730.64,275.63,10.3,9.79,1.93,0.0
20151009:0810,32706.07,515.71,18.98,10.8,2.21,0.0
20151009:0910,45404.14,724.54,26.37,12.09,2.55,0.0
20151009:1010,53193.0,862.29,31.81,13.33,2.9,0.0
20151009:1110,53873.06,876.46,34.66,14.01,3.1,0.0
20151009:1210,40133.64,643.13,34.47,14.46,3.1,0.0
20151009:1310,44701.31,718.93,31.28,14.69,3.17,0.0
20151009:1410,10012.73,172.24,25.56,14.94,3.38,0.0
20151009:1510,11943.62,202.14,17.99,15.0,3.31,0.0
20151009:1610,5632.54,110.33,9.18,14.76,2.97,0.0
20151009:1710,0.0,0.0,0.0,14.13,2.76,0.0
20151009:1810,0.0,0.0,0.0,13.25,2.69,0.0
20151009:1910,0.0,0.0,0.0,12.13,2.55,0.0
20151009:2010,0.0,0.0,0.0,11.46,2.62,0.0
20151009:2110,0.0,0.0,0.0,10.92,2.69,0.0
20151009:2210,0.0,0.0,0.0,10.8,2.69,0.0
20151009:2310,0.0,0.0,0.0,10.4,2.76,0.0
20151010:0010,0.0,0.0,0.0,10.17,2.76,0.0
20151010:0110,0.0,0.0,0.0,9.98,2.69,0.0
20151010:0210,0.0,0.0,0.0,9.87,2.69,0.0
20151010:0310,0.0,0.0,0.0,9.49,2.76,0.0
20151010:0410,0.0,0.0,0.0,9.21,2.83,0.0
20151010:0510,0.0,0.0,0.0,8.78,2.83,0.0
20151010:0610,0.0,0.0,0.0,8.34,2.83,0.0
20151010:0710,16056.65,263.51,10.04,9.37,3.17,0.0
20151010:0810,32591.46,507.25,18.7,10.34,3.86,0.0
20151010:0910,46407.54,727.7,26.05,11.53,4.28,0.0
20151010:1010,54512.14,867.34,31.47,12.73,4.55,0.0
20151010:1110,56742.08,913.19,34.29,14.13,4.55,0.0
20151010:1210,57956.48,938.57,34.09,15.27,4.62,0.0
20151010:1310,37813.38,603.44,30.89,16.14,4.48,0.0
20151010:1410,22610.61,364.74,25.19,16.42,4.28,0.0
20151010:1510,13277.95,223.74,17.63,16.61,4.28,0.0
20151010:1610,7536.87,145.38,8.84,16.13,3.52,0.0
20151010:1710,0.0,0.0,0.0,15.01,3.24,0.0
20151010:1810,0.0,0.0,0.0,13.74,3.03,0.0
20151010:1910,0.0,0.0,0.0,12.97,2.97,0.0
20151010:2010,0.0,0.0,0.0,12.16,3.03,0.0
20151010:2110,0.0,0.0,0.0,11.56,3.03,0.0
20151010:2210,0.0,0.0,0.0,11.11,3.03,0.0
20151010:2310,0.0,0.0,0.0,10.93,3.1,0.0
20151011:0010,0.0,0.0,0.0,10.58,3.03,0.0
20151011:0110,0.0,0.0,0.0,10.16,2.97,0.0
20151011:0210,0.0,0.0,0.0,9.81,2.97,0.0
20151011:0310,0.0,0.0,0.0,9.34,2.9,0.0
20151011:0410,0.0,0.0,0.0,9.04,2.83,0.0
20151011:0510,0.0,0.0,0.0,8.69,2.76,0.0
20151011:0610,0.0,0.0,0.0,8.73,2.83,0.0
20151011:0710,13380.41,221.8,9.78,8.75,3.1,0.0
20151011:0810,23958.59,374.88,18.42,10.01,3.66,0.0
20151011:0910,40941.22,638.6,25.74,11.07,4.14,0.0
20151011:1010,49275.8,780.72,31.12,11.8,3.79,0.0
20151011:1110,50489.44,807.39,33.92,12.82,3.66,0.0
20151011:1210,53380.47,858.88,33.7,13.73,3.86,0.0
20151011:1310,48531.22,778.91,30.51,14.63,3.79,0.0
20151011:1410,40579.18,648.03,24.82,15.11,3.72,0.0
20151011:1510,24744.16,402.05,17.28,15.5,3.59,0.0
20151011:1610,6615.44,129.02,8.51,15.3,2.76,0.0
20151011:1710,0.0,0.0,0.0,14.5,2.55,0.0
20151011:1810,0.0,0.0,0.0,13.69,2.83,0.0
20151011:1910,0.0,0.0,0.0,13.16,2.83,0.0
20151011:2010,0.0,0.0,0.0,13.04,2.76,0.0
20151011:2110,0.0,0.0,0.0,12.87,2.62,0.0
20151011:2210,0.0,0.0,0.0,12.57,2.69,0.0
20151011:2310,0.0,0.0,0.0,12.32,2.76,0.0
20151012:0010,0.0,0.0,0.0,12.2,2.69,0.0
20151012:0110,0.0,0.0,0.0,11.89,2.69,0.0
20151012:0210,0.0,0.0,0.0,11.47,2.69,0.0
20151012:0310,0.0,0.0,0.0,10.92,2.62,0.0
20151012:0410,0.0,0.0,0.0,10.36,2.62,0.0
20151012:0510,0.0,0.0,0.0,9.86,2.55,0.0
20151012:0610,0.0,0.0,0.0,9.02,2.55,0.0
20151012:0710,3731.24,73.23,9.52,8.15,2.48,0.0
20151012:0810,6729.29,118.81,18.13,8.85,2.83,0.0
20151012:0910,10292.04,172.72,25.43,9.85,2.97,0.0
20151012:1010,15318.14,248.78,30.77,11.07,3.03,0.0
20151012:1110,40105.56,635.22,33.54,12.16,3.1,0.0
20151012:1210,54341.36,878.3,33.32,13.22,3.31,0.0
20151012:1310,46592.73,746.96,30.14,14.11,3.38,0.0
20151012:1410,37562.91,599.07,24.46,14.46,3.24,0.0
20151012:1510,18196.27,298.25,16.94,14.51,3.1,0.0
20151012:1610,7679.56,147.92,8.17,14.1,2.76,0.0
20151012:1710,0.0,0.0,0.0,12.73,2.69,0.0
20151012:1810,0.0,0.0,0.0,11.37,2.62,0.0
20151012:1910,0.0,0.0,0.0,10.37,2.41,0.0
20151012:2010,0.0,0.0,0.0,9.61,2.48,0.0
20151012:2110,0.0,0.0,0.0,9.14,2.62,0.0
20151012:2210,0.0,0.0,0.0,8.55,2.76,0.0
20151012:2310,0.0,0.0,0.0,8.02,2.83,0.0
20151013:0010,0.0,0.0,0.0,7.52,2.9,0.0
20151013:0110,0.0,0.0,0.0,7.24,2.9,0.0
20151013:0210,0.0,0.0,0.0,7.25,2.83,0.0
20151013:0310,0.0,0.0,0.0,7.03,2.76,0.0
20151013:0410,0.0,0.0,0.0,6.94,2.9,0.0
20151013:0510,0.0,0.0,0.0,7.06,2.9,0.0
20151013:0610,0.0,0.0,0.0,6.92,2.9,0.0
20151013:0710,5760.05,104.49,9.25,7.1,2.97,0.0
20151013:0810,30685.61,475.28,17.85,8.56,3.24,0.0
20151013:0910,26578.66,412.21,25.11,10.08,4.9,0.0
20151013:1010,22249.33,350.01,30.43,10.58,4.34,0.0
20151013:1110,32936.05,513.4,33.18,11.25,4.62,0.0
20151013:1210,56165.24,889.69,32.94,11.68,4.76,0.0
20151013:1310,31948.59,497.92,29.76,11.6,4.83,0.0
20151013:1410,36469.19,567.69,24.1,11.66,4.97,0.0
20151013:1510,21381.03,341.18,16.59,11.37,4.83,0.0
20151013:1610,8060.58,152.98,7.84,10.82,4.34,0.0
20151013:1710,0.0,0.0,0.0,9.57,3.59,0.0
20151013:1810,0.0,0.0,0.0,8.98,3.52,0.0
20151013:1910,0.0,0.0,0.0,8.18,3.93,0.0
20151013:2010,0.0,0.0,0.0,7.41,3.79,0.0
20151013:2110,0.0,0.0,0.0,7.05,3.72,0.0
20151013:2210,0.0,0.0,0.0,6.78,3.52,0.0
20151013:2310,0.0,0.0,0.0,6.53,3.31,0.0
20151014:0010,0.0,0.0,0.0,6.36,3.31,0.0
20151014:0110,0.0,0.0,0.0,6.01,3.38,0.0
20151014:0210,0.0,0.0,0.0,5.63,3.86,0.0
20151014:0310,0.0,0.0,0.0,5.3,4.07,0.0
20151014:0410,0.0,0.0,0.0,5.0,4.14,0.0
20151014:0510,0.0,0.0,0.0,4.73,3.66,0.0
20151014:0610,0.0,0.0,0.0,4.57,3.31,0.0
20151014:0710,14727.64,238.56,8.99,4.48,2.62,0.0
20151014:0810,25067.49,384.64,17.56,5.19,2.76,0.0
20151014:0910,12690.48,204.94,24.8,6.59,3.52,0.0
20151014:1010,12204.72,199.5,30.09,7.95,3.66,0.0
20151014:1110,2579.84,54.72,32.81,9.06,3.38,0.0
20151014:1210,3713.03,72.95,32.56,9.57,3.1,0.0
20151014:1310,4642.8,87.54,29.39,9.63,2.41,0.0
20151014:1410,8912.18,152.58,23.74,9.6,1.31,0.0
20151014:1510,9816.15,166.72,16.25,9.96,1.45,0.0
20151014:1610,1777.58,42.14,7.52,9.87,1.66,0.0
20151014:1710,0.0,0.0,0.0,9.17,1.59,0.0
20151014:1810,0.0,0.0,0.0,8.72,2.14,0.0
20151014:1910,0.0,0.0,0.0,8.85,2.97,0.0
20151014:2010,0.0,0.0,0.0,8.52,3.93,0.0
20151014:2110,0.0,0.0,0.0,7.71,4.62,0.0
20151014:2210,0.0,0.0,0.0,6.59,4.48,0.0
20151014:2310,0.0,0.0,0.0,5.87,3.79,0.0
20151015:0010,0.0,0.0,0.0,5.27,4.0,0.0
20151015:0110,0.0,0.0,0.0,4.87,4.07,0.0
20151015:0210,0.0,0.0,0.0,4.56,4.28,0.0
20151015:0310,0.0,0.0,0.0,4.11,4.34,0.0
20151015:0410,0.0,0.0,0.0,4.18,5.66,0.0
20151015:0510,0.0,0.0,0.0,4.31,5.52,0.0
20151015:0610,0.0,0.0,0.0,4.48,5.17,0.0
20151015:0710,5546.77,100.04,8.73,4.64,5.93,0.0
20151015:0810,1366.2,33.74,17.28,4.84,5.52,0.0
20151015:0910,3440.55,67.48,24.48,5.49,5.17,0.0
20151015:1010,41319.2,628.69,29.74,6.37,4.76,0.0
20151015:1110,4477.34,83.9,32.44,6.86,4.41,0.0
20151015:1210,6626.83,116.73,32.19,7.48,3.79,0.0
20151015:1310,5464.8,99.4,29.02,7.83,3.24,0.0
20151015:1410,2261.82,49.24,23.39,7.69,3.45,0.0
20151015:1510,939.64,26.45,15.91,7.57,3.45,0.0
20151015:1610,1417.81,35.27,7.19,7.2,3.31,0.0
20151015:1710,0.0,0.0,0.0,6.94,2.62,0.0
20151015:1810,0.0,0.0,0.0,6.57,2.07,0.0
20151015:1910,0.0,0.0,0.0,5.65,1.72,0.0
20151015:2010,0.0,0.0,0.0,5.51,1.66,0.0
20151015:2110,0.0,0.0,0.0,5.39,1.45,0.0
20151015:2210,0.0,0.0,0.0,4.84,1.59,0.0
20151015:2310,0.0,0.0,0.0,4.01,1.79,0.0
20151016:0010,0.0,0.0,0.0,3.39,1.86,0.0
20151016:0110,0.0,0.0,0.0,3.6,1.86,0.0
20151016:0210,0.0,0.0,0.0,4.36,1.93,0.0
20151016:0310,0.0,0.0,0.0,4.87,2.07,0.0
20151016:0410,0.0,0.0,0.0,4.99,2.28,0.0
20151016:0510,0.0,0.0,0.0,5.09,2.28,0.0
20151016:0610,0.0,0.0,0.0,5.26,2.28,0.0
20151016:0710,3861.03,74.49,8.47,5.07,2.62,0.0
20151016:0810,2626.9,54.72,16.99,5.35,2.34,0.0
20151016:0910,3545.29,69.31,24.17,5.79,2.41,0.0
20151016:1010,4059.13,77.51,29.4,6.62,2.48,0.0
20151016:1110,4465.96,83.9,32.08,6.96,2.48,0.0
20151016:1210,2885.72,59.28,31.81,7.3,2.55,0.0
20151016:1310,2944.92,60.19,28.65,7.14,2.41,0.0
20151016:1410,2041.71,45.6,23.03,7.44,2.07,0.0
20151016:1510,3165.79,63.83,15.58,7.55,1.72,0.0
20151016:1610,1764.68,41.65,6.87,7.64,1.38,0.0
20151016:1710,0.0,0.0,0.0,7.53,0.97,0.0
20151016:1810,0.0,0.0,0.0,7.3,0.83,0.0
20151016:1910,0.0,0.0,0.0,6.98,0.62,0.0
20151016:2010,0.0,0.0,0.0,6.97,0.62,0.0
20151016:2110,0.0,0.0,0.0,6.98,0.41,0.0
20151016:2210,0.0,0.0,0.0,7.0,0.48,0.0
20151016:2310,0.0,0.0,0.0,7.03,0.97,0.0
20151017:0010,0.0,0.0,0.0,7.09,0.9,0.0
20151017:0110,0.0,0.0,0.0,7.22,0.9,0.0
20151017:0210,0.0,0.0,0.0,7.36,0.97,0.0
20151017:0310,0.0,0.0,0.0,7.37,1.1,0.0
20151017:0410,0.0,0.0,0.0,7.52,1.1,0.0
20151017:0510,0.0,0.0,0.0,7.59,1.31,0.0
20151017:0610,0.0,0.0,0.0,7.75,1.52,0.0
20151017:0710,2886.48,59.78,8.2,7.89,1.31,0.0
20151017:0810,6481.86,115.09,16.71,8.59,1.59,0.0
20151017:0910,5873.9,106.7,23.86,9.94,1.93,0.0
20151017:1010,25148.71,397.83,29.06,11.14,2.28,0.0
20151017:1110,8913.7,154.35,31.71,12.37,2.14,0.0
20151017:1210,14071.1,232.87,31.44,12.99,2.14,0.0
20151017:1310,3301.65,67.48,28.29,13.3,2.07,0.0
20151017:1410,14758.0,242.89,22.68,13.14,1.86,0.0
20151017:1510,4641.28,88.6,15.24,12.61,2.28,0.0
20151017:1610,1136.98,30.89,6.55,11.95,1.86,0.0
20151017:1710,0.0,0.0,0.0,11.47,1.66,0.0
20151017:1810,0.0,0.0,0.0,11.09,1.59,0.0
20151017:1910,0.0,0.0,0.0,10.73,1.24,0.0
20151017:2010,0.0,0.0,0.0,10.39,1.38,0.0
20151017:2110,0.0,0.0,0.0,10.07,1.38,0.0
20151017:2210,0.0,0.0,0.0,9.0,1.93,0.0
20151017:2310,0.0,0.0,0.0,8.71,2.0,0.0
20151018:0010,0.0,0.0,0.0,8.84,2.21,0.0
20151018:0110,0.0,0.0,0.0,8.61,2.34,0.0
20151018:0210,0.0,0.0,0.0,8.49,2.34,0.0
20151018:0310,0.0,0.0,0.0,8.28,2.28,0.0
20151018:0410,0.0,0.0,0.0,7.98,2.07,0.0
20151018:0510,0.0,0.0,0.0,7.89,2.14,0.0
20151018:0610,0.0,0.0,0.0,7.59,2.21,0.0
20151018:0710,2799.95,58.39,7.94,8.05,2.41,0.0
20151018:0810,3910.37,75.69,16.42,8.27,2.76,0.0
20151018:0910,4079.63,78.43,23.54,8.6,2.83,0.0
20151018:1010,7831.36,135.88,28.72,9.12,2.69,0.0
20151018:1110,5060.25,93.93,31.35,9.48,2.55,0.0
20151018:1210,12062.79,199.82,31.08,10.01,2.34,0.0
20151018:1310,17869.14,286.51,27.93,10.54,2.34,0.0
20151018:1410,3115.7,63.83,22.34,10.91,2.48,0.0
20151018:1510,7402.53,130.44,14.91,10.96,2.69,0.0
20151018:1610,2000.72,46.93,6.24,10.75,2.62,0.0
20151018:1710,0.0,0.0,0.0,10.33,2.62,0.0
20151018:1810,0.0,0.0,0.0,10.08,2.76,0.0
20151018:1910,0.0,0.0,0.0,9.3,2.34,0.0
20151018:2010,0.0,0.0,0.0,9.07,2.21,0.0
20151018:2110,0.0,0.0,0.0,8.61,2.14,0.0
20151018:2210,0.0,0.0,0.0,8.45,2.07,0.0
20151018:2310,0.0,0.0,0.0,8.1,1.86,0.0
20151019:0010,0.0,0.0,0.0,7.41,1.79,0.0
20151019:0110,0.0,0.0,0.0,6.7,1.79,0.0
20151019:0210,0.0,0.0,0.0,6.15,1.66,0.0
20151019:0310,0.0,0.0,0.0,5.24,1.72,0.0
20151019:0410,0.0,0.0,0.0,4.75,1.66,0.0
20151019:0510,0.0,0.0,0.0,4.27,1.72,0.0
20151019:0610,0.0,0.0,0.0,4.03,1.66,0.0
20151019:0710,6922.08,121.71,7.67,4.45,1.1,0.0
20151019:0810,9291.68,156.31,16.13,7.31,0.97,0.0
20151019:0910,8748.99,149.58,23.23,8.89,1.38,0.0
20151019:1010,13864.65,227.38,28.38,10.66,1.72,0.0
20151019:1110,15504.09,253.74,31.0,12.17,1.93,0.0
20151019:1210,9054.11,157.1,30.71,13.44,2.48,0.0
20151019:1310,4541.1,87.54,27.57,14.11,2.41,0.0
20151019:1410,4084.18,80.25,21.99,14.03,2.48,0.0
20151019:1510,6581.29,119.39,14.59,13.8,2.28,0.0
20151019:1610,2251.95,52.56,5.93,13.63,2.41,0.0
20151019:1710,0.0,0.0,0.0,12.96,2.62,0.0
20151019:1810,0.0,0.0,0.0,12.37,2.76,0.0
20151019:1910,0.0,0.0,0.0,11.36,2.14,0.0
20151019:2010,0.0,0.0,0.0,11.13,2.21,0.0
20151019:2110,0.0,0.0,0.0,10.96,2.21,0.0
20151019:2210,0.0,0.0,0.0,10.64,2.07,0.0
20151019:2310,0.0,0.0,0.0,10.42,1.93,0.0
20151020:0010,0.0,0.0,0.0,10.39,1.86,0.0
20151020:0110,0.0,0.0,0.0,10.2,1.79,0.0
20151020:0210,0.0,0.0,0.0,9.61,1.79,0.0
20151020:0310,0.0,0.0,0.0,9.33,1.79,0.0
20151020:0410,0.0,0.0,0.0,8.88,1.79,0.0
20151020:0510,0.0,0.0,0.0,8.73,1.66,0.0
20151020:0610,0.0,0.0,0.0,8.56,1.66,0.0
20151020:0710,2978.32,61.55,7.41,8.61,1.38,0.0
20151020:0810,4875.82,91.13,15.85,9.5,1.31,0.0
20151020:0910,4045.47,78.43,22.92,9.93,1.38,0.0
20151020:1010,8512.94,147.21,28.04,10.45,1.59,0.0
20151020:1110,16479.41,267.22,30.64,10.87,1.59,0.0
20151020:1210,22099.8,352.57,30.35,11.58,2.07,0.0
20151020:1310,11772.85,196.94,27.21,12.06,2.34,0.0
20151020:1410,4002.97,78.43,21.65,12.35,2.41,0.0
20151020:1510,2865.98,60.19,14.27,12.57,2.69,0.0
20151020:1610,1777.58,43.55,5.62,12.09,2.28,0.0
20151020:1710,0.0,0.0,0.0,11.13,2.34,0.0
20151020:1810,0.0,0.0,0.0,10.6,2.28,0.0
20151020:1910,0.0,0.0,0.0,10.31,2.28,0.0
20151020:2010,0.0,0.0,0.0,10.15,2.14,0.0
20151020:2110,0.0,0.0,0.0,9.79,2.14,0.0
20151020:2210,0.0,0.0,0.0,9.31,2.14,0.0
20151020:2310,0.0,0.0,0.0,8.82,2.0,0.0
20151021:0010,0.0,0.0,0.0,8.07,1.93,0.0
20151021:0110,0.0,0.0,0.0,7.82,1.86,0.0
20151021:0210,0.0,0.0,0.0,7.39,1.93,0.0
20151021:0310,0.0,0.0,0.0,6.53,1.86,0.0
20151021:0410,0.0,0.0,0.0,6.19,1.52,0.0
20151021:0510,0.0,0.0,0.0,5.38,1.52,0.0
20151021:0610,0.0,0.0,0.0,5.16,1.24,0.0
20151021:0710,1920.27,43.52,7.15,5.83,0.83,0.0
20151021:0810,11669.62,191.52,15.56,7.34,0.69,0.0
20151021:0910,22971.89,362.54,22.61,8.59,0.83,0.0
20151021:1010,30594.53,484.49,27.71,10.04,1.1,0.0
20151021:1110,21126.01,339.22,30.28,11.72,1.38,0.0
20151021:1210,24979.45,399.84,29.99,12.9,1.79,0.0
20151021:1310,22915.73,366.84,26.86,13.36,2.41,0.0
20151021:1410,1875.49,43.77,21.32,13.28,2.48,0.0
20151021:1510,7089.06,126.84,13.95,12.77,1.86,0.0
20151021:1610,3974.12,85.84,5.32,12.08,1.72,0.0
20151021:1710,0.0,0.0,0.0,11.58,1.93,0.0
20151021:1810,0.0,0.0,0.0,11.27,2.28,0.0
20151021:1910,0.0,0.0,0.0,11.14,2.48,0.0
20151021:2010,0.0,0.0,0.0,10.96,2.97,0.0
20151021:2110,0.0,0.0,0.0,10.66,3.24,0.0
20151021:2210,0.0,0.0,0.0,10.44,3.38,0.0
20151021:2310,0.0,0.0,0.0,10.36,3.45,0.0
20151022:0010,0.0,0.0,0.0,10.33,3.52,0.0
20151022:0110,0.0,0.0,0.0,10.33,3.45,0.0
20151022:0210,0.0,0.0,0.0,10.47,3.38,0.0
20151022:0310,0.0,0.0,0.0,10.72,3.31,0.0
20151022:0410,0.0,0.0,0.0,11.0,3.31,0.0
20151022:0510,0.0,0.0,0.0,11.3,3.24,0.0
20151022:0610,0.0,0.0,0.0,11.63,3.17,0.0
20151022:0710,4283.04,83.5,6.88,11.53,2.9,0.0
20151022:0810,5024.58,94.14,15.28,12.09,3.1,0.0
20151022:0910,5627.23,103.96,22.3,12.74,3.03,0.0
20151022:1010,5664.42,104.87,27.37,13.85,4.41,0.0
20151022:1110,7706.13,136.79,29.93,14.52,4.07,0.0
20151022:1210,2667.13,57.45,29.63,15.05,3.79,0.0
20151022:1310,9700.78,167.71,26.51,15.23,3.45,0.0
20151022:1410,11436.61,193.82,20.98,15.2,2.83,0.0
20151022:1510,4228.39,82.88,13.63,15.03,2.9,0.0
20151022:1610,1596.18,41.0,5.02,14.65,2.62,0.0
20151022:1710,0.0,0.0,0.0,14.18,2.48,0.0
20151022:1810,0.0,0.0,0.0,13.78,2.48,0.0
20151022:1910,0.0,0.0,0.0,13.0,2.34,0.0
20151022:2010,0.0,0.0,0.0,12.59,2.41,0.0
20151022:2110,0.0,0.0,0.0,12.23,2.28,0.0
20151022:2210,0.0,0.0,0.0,11.88,2.0,0.0
20151022:2310,0.0,0.0,0.0,11.45,1.72,0.0
20151023:0010,0.0,0.0,0.0,11.17,1.59,0.0
20151023:0110,0.0,0.0,0.0,11.07,1.38,0.0
20151023:0210,0.0,0.0,0.0,10.79,1.24,0.0
20151023:0310,0.0,0.0,0.0,10.37,1.24,0.0
20151023:0410,0.0,0.0,0.0,10.09,1.24,0.0
20151023:0510,0.0,0.0,0.0,9.65,1.45,0.0
20151023:0610,0.0,0.0,0.0,9.33,1.52,0.0
20151023:0710,2487.24,53.87,6.62,9.89,0.76,0.0
20151023:0810,5605.22,102.84,14.99,10.59,0.41,0.0
20151023:0910,4226.87,82.07,21.99,12.08,0.55,0.0
20151023:1010,7633.26,135.4,27.04,13.03,1.17,0.0
20151023:1110,14430.87,238.8,29.58,13.26,1.59,0.0
20151023:1210,12805.09,214.48,29.28,13.57,1.59,0.0
20151023:1310,6937.26,124.93,26.16,13.73,1.79,0.0
20151023:1410,4141.86,81.16,20.66,13.84,1.86,0.0
20151023:1510,4958.55,94.14,13.32,13.79,1.79,0.0
20151023:1610,1061.08,30.33,4.72,13.47,0.97,0.0
20151023:1710,0.0,0.0,0.0,12.86,0.48,0.0
20151023:1810,0.0,0.0,0.0,12.88,0.34,0.0
20151023:1910,0.0,0.0,0.0,11.74,1.72,0.0
20151023:2010,0.0,0.0,0.0,11.47,1.72,0.0
20151023:2110,0.0,0.0,0.0,11.18,1.59,0.0
20151023:2210,0.0,0.0,0.0,11.04,1.31,0.0
20151023:2310,0.0,0.0,0.0,11.0,1.59,0.0
20151024:0010,0.0,0.0,0.0,10.94,1.72,0.0
20151024:0110,0.0,0.0,0.0,10.68,1.66,0.0
20151024:0210,0.0,0.0,0.0,10.08,1.79,0.0
20151024:0310,0.0,0.0,0.0,9.75,1.86,0.0
20151024:0410,0.0,0.0,0.0,9.38,1.93,0.0
20151024:0510,0.0,0.0,0.0,9.12,1.93,0.0
20151024:0610,0.0,0.0,0.0,8.84,2.07,0.0
20151024:0710,9786.55,168.41,6.35,8.93,2.14,0.0
20151024:0810,6383.19,113.84,14.71,9.61,2.07,0.0
20151024:0910,16803.5,269.68,21.68,10.79,2.48,0.0
20151024:1010,30842.72,485.54,26.71,12.18,3.1,0.0
20151024:1110,45548.35,727.73,29.23,13.38,3.24,0.0
20151024:1210,44732.42,717.7,28.92,14.3,3.17,0.0
20151024:1310,12184.23,205.25,25.82,15.16,3.17,0.0
20151024:1410,17029.68,278.4,20.33,15.36,3.17,0.0
20151024:1510,2609.44,56.54,13.01,15.11,2.48,0.0
20151024:1610,597.33,20.41,4.43,14.71,2.34,0.0
20151024:1710,0.0,0.0,0.0,13.68,2.48,0.0
20151024:1810,0.0,0.0,0.0,12.55,2.69,0.0
20151024:1910,0.0,0.0,0.0,12.15,2.9,0.0
20151024:2010,0.0,0.0,0.0,12.02,3.03,0.0
20151024:2110,0.0,0.0,0.0,12.01,2.97,0.0
20151024:2210,0.0,0.0,0.0,11.93,2.97,0.0
20151024:2310,0.0,0.0,0.0,12.48,2.9,0.0
20151025:0010,0.0,0.0,0.0,12.8,2.9,0.0
20151025:0110,0.0,0.0,0.0,13.02,3.03,0.0
20151025:0210,0.0,0.0,0.0,12.84,3.1,0.0
20151025:0310,0.0,0.0,0.0,12.01,2.97,0.0
20151025:0410,0.0,0.0,0.0,11.42,3.17,0.0
20151025:0510,0.0,0.0,0.0,11.07,3.24,0.0
20151025:0610,0.0,0.0,0.0,10.64,2.76,0.0
20151025:0710,3751.74,74.67,6.09,10.13,2.55,0.0
20151025:0810,4931.22,92.05,14.43,10.45,2.69,0.0
20151025:0910,4906.94,92.1,21.38,11.04,3.03,0.0
20151025:1010,20914.25,333.29,26.38,11.64,2.41,0.0
20151025:1110,3718.34,73.87,28.89,12.2,2.21,0.0
20151025:1210,7028.34,125.85,28.58,12.94,2.14,0.0
20151025:1310,18457.36,299.05,25.48,13.15,1.79,0.0
20151025:1410,11530.73,194.06,20.01,13.27,1.72,0.0
20151025:1510,5057.98,95.55,12.71,13.27,1.72,0.0
20151025:1610,687.65,22.11,4.14,13.05,1.31,0.0
20151025:1710,0.0,0.0,0.0,12.57,1.38,0.0
20151025:1810,0.0,0.0,0.0,12.17,1.59,0.0
20151025:1910,0.0,0.0,0.0,10.67,2.07,0.0
20151025:2010,0.0,0.0,0.0,9.91,2.21,0.0
20151025:2110,0.0,0.0,0.0,9.78,2.28,0.0
20151025:2210,0.0,0.0,0.0,10.04,2.21,0.0
20151025:2310,0.0,0.0,0.0,10.55,2.28,0.0
20151026:0010,0.0,0.0,0.0,10.73,2.28,0.0
20151026:0110,0.0,0.0,0.0,10.73,2.34,0.0
20151026:0210,0.0,0.0,0.0,10.72,2.41,0.0
20151026:0310,0.0,0.0,0.0,10.34,2.55,0.0
20151026:0410,0.0,0.0,0.0,9.99,2.76,0.0
20151026:0510,0.0,0.0,0.0,9.6,2.97,0.0
20151026:0610,0.0,0.0,0.0,9.3,2.97,0.0
20151026:0710,2639.8,56.42,5.83,9.6,2.9,0.0
20151026:0810,6323.99,112.92,14.14,10.0,3.31,0.0
20151026:0910,5905.78,107.38,21.07,11.05,3.52,0.0
20151026:1010,13862.38,227.55,26.05,12.32,3.45,0.0
20151026:1110,8281.45,145.41,28.55,14.18,3.72,0.0
20151026:1210,17569.33,287.95,28.23,16.19,3.52,0.0
20151026:1310,33862.79,545.93,25.15,17.23,3.17,0.0
20151026:1410,34119.33,551.96,19.69,17.68,3.17,0.0
20151026:1510,19946.52,332.25,12.41,17.66,3.1,0.0
20151026:1610,550.28,19.56,3.86,16.6,2.76,0.0
20151026:1710,0.0,0.0,0.0,14.8,2.97,0.0
20151026:1810,0.0,0.0,0.0,13.76,3.1,0.0
20151026:1910,0.0,0.0,0.0,12.5,2.9,0.0
20151026:2010,0.0,0.0,0.0,11.95,2.9,0.0
20151026:2110,0.0,0.0,0.0,11.6,2.97,0.0
20151026:2210,0.0,0.0,0.0,11.32,2.97,0.0
20151026:2310,0.0,0.0,0.0,11.11,2.9,0.0
20151027:0010,0.0,0.0,0.0,10.91,2.76,0.0
20151027:0110,0.0,0.0,0.0,10.73,2.69,0.0
20151027:0210,0.0,0.0,0.0,10.44,2.62,0.0
20151027:0310,0.0,0.0,0.0,10.48,2.62,0.0
20151027:0410,0.0,0.0,0.0,10.55,2.69,0.0
20151027:0510,0.0,0.0,0.0,10.62,2.76,0.0
20151027:0610,0.0,0.0,0.0,10.36,2.83,0.0
20151027:0710,3907.33,77.48,5.57,10.54,2.83,0.0
20151027:0810,31188.83,491.43,13.86,11.75,2.9,0.0
20151027:0910,35760.29,566.41,20.77,13.45,2.97,0.0
20151027:1010,41310.09,661.09,25.73,15.33,3.52,0.0
20151027:1110,43677.41,706.58,28.21,17.28,3.79,0.0
20151027:1210,49381.3,809.81,27.89,18.69,3.79,0.0
20151027:1310,43001.14,703.27,24.82,19.49,3.59,0.0
20151027:1410,26385.12,431.55,19.38,19.88,3.24,0.0
20151027:1510,4950.96,96.29,12.12,19.63,2.55,0.0
20151027:1610,465.27,17.86,3.58,18.31,2.21,0.0
20151027:1710,0.0,0.0,0.0,16.6,2.48,0.0
20151027:1810,0.0,0.0,0.0,15.71,2.41,0.0
20151027:1910,0.0,0.0,0.0,15.15,2.69,0.0
20151027:2010,0.0,0.0,0.0,14.52,2.76,0.0
20151027:2110,0.0,0.0,0.0,14.17,2.97,0.0
20151027:2210,0.0,0.0,0.0,13.89,2.97,0.0
20151027:2310,0.0,0.0,0.0,13.67,2.55,0.0
20151028:0010,0.0,0.0,0.0,13.33,2.48,0.0
20151028:0110,0.0,0.0,0.0,13.06,2.55,0.0
20151028:0210,0.0,0.0,0.0,13.02,2.55,0.0
20151028:0310,0.0,0.0,0.0,13.19,2.55,0.0
20151028:0410,0.0,0.0,0.0,13.31,2.48,0.0
20151028:0510,0.0,0.0,0.0,13.35,2.34,0.0
20151028:0610,0.0,0.0,0.0,13.15,1.86,0.0
20151028:0710,923.7,26.83,5.3,12.99,1.93,0.0
20151028:0810,9800.97,167.1,13.58,12.88,1.72,0.0
20151028:0910,5199.15,97.58,20.46,13.1,1.93,0.0
20151028:1010,10109.12,173.05,25.4,13.25,1.52,0.0
20151028:1110,1507.37,37.39,27.87,13.4,1.66,0.0
20151028:1210,21960.91,352.66,27.56,13.98,2.69,0.0
20151028:1310,12773.97,213.57,24.49,14.5,2.83,0.0
20151028:1410,26659.12,426.6,19.07,14.57,2.62,0.0
20151028:1510,15266.53,255.28,11.83,14.44,1.93,0.0
20151028:1610,249.71,12.76,3.31,14.11,1.52,0.0
20151028:1710,0.0,0.0,0.0,13.08,1.79,0.0
20151028:1810,0.0,0.0,0.0,12.06,2.07,0.0
20151028:1910,0.0,0.0,0.0,11.3,2.41,0.0
20151028:2010,0.0,0.0,0.0,10.49,2.41,0.0
20151028:2110,0.0,0.0,0.0,10.02,2.0,0.0
20151028:2210,0.0,0.0,0.0,9.4,1.93,0.0
20151028:2310,0.0,0.0,0.0,8.74,2.07,0.0
20151029:0010,0.0,0.0,0.0,8.5,2.14,0.0
20151029:0110,0.0,0.0,0.0,8.08,2.34,0.0
20151029:0210,0.0,0.0,0.0,7.88,2.48,0.0
20151029:0310,0.0,0.0,0.0,7.76,2.48,0.0
20151029:0410,0.0,0.0,0.0,7.97,2.48,0.0
20151029:0510,0.0,0.0,0.0,8.05,2.41,0.0
20151029:0610,0.0,0.0,0.0,8.58,2.34,0.0
20151029:0710,81.21,8.21,5.04,9.04,2.28,0.0
20151029:0810,7180.14,125.65,13.3,10.09,3.72,0.0
20151029:0910,7302.34,128.29,20.16,10.86,3.93,0.0
20151029:1010,5722.86,104.87,25.08,11.67,4.0,0.0
20151029:1110,6878.06,123.11,27.54,12.71,3.93,0.0
20151029:1210,11429.02,192.45,27.22,13.57,3.66,0.0
20151029:1310,28800.26,456.45,24.17,14.13,3.59,0.0
20151029:1410,22873.98,366.22,18.76,14.59,3.38,0.0
20151029:1510,6716.39,122.03,11.54,14.59,2.97,0.0
20151029:1610,360.52,15.31,3.04,14.09,2.83,0.0
20151029:1710,0.0,0.0,0.0,12.76,3.17,0.0
20151029:1810,0.0,0.0,0.0,12.13,3.52,0.0
20151029:1910,0.0,0.0,0.0,12.57,3.52,0.0
20151029:2010,0.0,0.0,0.0,12.15,3.1,0.0
20151029:2110,0.0,0.0,0.0,11.41,3.1,0.0
20151029:2210,0.0,0.0,0.0,10.73,3.1,0.0
20151029:2310,0.0,0.0,0.0,10.22,3.1,0.0
20151030:0010,0.0,0.0,0.0,9.85,3.1,0.0
20151030:0110,0.0,0.0,0.0,9.49,3.31,0.0
20151030:0210,0.0,0.0,0.0,9.24,3.17,0.0
20151030:0310,0.0,0.0,0.0,8.87,2.76,0.0
20151030:0410,0.0,0.0,0.0,8.51,2.83,0.0
20151030:0510,0.0,0.0,0.0,8.21,3.03,0.0
20151030:0610,0.0,0.0,0.0,7.97,3.17,0.0
20151030:0710,1029.2,28.27,4.78,7.72,3.17,0.0
20151030:0810,7888.29,135.51,13.02,8.62,2.76,0.0
20151030:0910,10934.15,181.96,19.86,10.36,2.9,0.0
20151030:1010,32370.59,509.22,24.76,12.05,2.97,0.0
20151030:1110,34488.96,547.37,27.21,13.56,2.97,0.0
20151030:1210,47773.74,772.44,26.89,14.79,2.97,0.0
20151030:1310,39927.95,641.74,23.85,15.61,2.97,0.0
20151030:1410,29293.6,470.24,18.46,15.99,3.03,0.0
20151030:1510,16597.81,277.07,11.26,15.77,2.97,0.0
20151030:1610,284.62,13.61,2.77,14.64,2.69,0.0
20151030:1710,0.0,0.0,0.0,12.96,2.83,0.0
20151030:1810,0.0,0.0,0.0,11.93,2.97,0.0
20151030:1910,0.0,0.0,0.0,11.45,3.17,0.0
20151030:2010,0.0,0.0,0.0,11.04,3.1,0.0
20151030:2110,0.0,0.0,0.0,10.54,2.97,0.0
20151030:2210,0.0,0.0,0.0,10.05,2.83,0.0
20151030:2310,0.0,0.0,0.0,9.53,2.69,0.0
20151031:0010,0.0,0.0,0.0,9.05,2.62,0.0
20151031:0110,0.0,0.0,0.0,8.57,2.55,0.0
20151031:0210,0.0,0.0,0.0,8.14,2.62,0.0
20151031:0310,0.0,0.0,0.0,7.77,2.62,0.0
20151031:0410,0.0,0.0,0.0,7.45,2.55,0.0
20151031:0510,0.0,0.0,0.0,7.15,2.48,0.0
20151031:0610,0.0,0.0,0.0,6.89,2.48,0.0
20151031:0710,844.77,24.82,4.52,7.07,2.0,0.0
20151031:0810,4816.61,89.47,12.75,8.19,1.79,0.0
20151031:0910,7402.53,129.49,19.57,9.82,2.14,0.0
20151031:1010,36947.36,584.2,24.45,11.6,2.28,0.0
20151031:1110,44709.65,719.29,26.89,13.59,2.48,0.0
20151031:1210,47565.01,775.51,26.57,15.23,2.41,0.0
20151031:1310,40815.98,663.46,23.54,16.34,2.28,0.0
20151031:1410,31812.73,516.13,18.17,16.96,2.21,0.0
20151031:1510,17759.84,298.49,10.99,16.93,1.86,0.0
20151031:1610,212.52,11.91,2.51,15.82,2.14,0.0
20151031:1710,0.0,0.0,0.0,13.95,2.48,0.0
20151031:1810,0.0,0.0,0.0,12.65,2.41,0.0
20151031:1910,0.0,0.0,0.0,11.81,2.55,0.0
20151031:2010,0.0,0.0,0.0,11.2,2.48,0.0
20151031:2110,0.0,0.0,0.0,10.57,2.34,0.0
20151031:2210,0.0,0.0,0.0,9.91,2.28,0.0
20151031:2310,0.0,0.0,0.0,9.24,2.21,0.0
20151101:0010,0.0,0.0,0.0,8.57,2.14,0.0
20151101:0110,0.0,0.0,0.0,7.95,2.07,0.0
20151101:0210,0.0,0.0,0.0,7.34,2.0,0.0
20151101:0310,0.0,0.0,0.0,6.76,1.86,0.0
20151101:0410,0.0,0.0,0.0,6.33,1.66,0.0
20151101:0510,0.0,0.0,0.0,5.86,1.72,0.0
20151101:0610,0.0,0.0,0.0,5.23,1.86,0.0
20151101:0710,8976.69,155.35,4.27,5.43,1.1,0.0
20151101:0810,31089.4,486.62,12.47,6.84,0.9,0.0
20151101:0910,43121.07,687.45,19.27,8.15,0.76,0.0
20151101:1010,50667.8,830.4,24.14,9.56,0.62,0.0
20151101:1110,50275.4,835.13,26.56,11.37,0.48,0.0
20151101:1210,51182.41,858.74,26.25,13.13,0.55,0.0
20151101:1310,46779.45,778.5,23.23,14.71,0.76,0.0
20151101:1410,36912.45,605.84,17.88,15.76,0.97,0.0
20151101:1510,19765.88,331.17,10.71,15.94,1.03,0.0
20151101:1610,115.37,9.36,2.26,15.32,0.9,0.0
20151101:1710,0.0,0.0,0.0,13.54,0.83,0.0
20151101:1810,0.0,0.0,0.0,11.7,1.17,0.0
20151101:1910,0.0,0.0,0.0,9.19,2.14,0.0
20151101:2010,0.0,0.0,0.0,8.37,2.14,0.0
20151101:2110,0.0,0.0,0.0,7.65,2.07,0.0
20151101:2210,0.0,0.0,0.0,7.05,2.0,0.0
20151101:2310,0.0,0.0,0.0,6.63,1.86,0.0
20151102:0010,0.0,0.0,0.0,6.18,1.86,0.0
20151102:0110,0.0,0.0,0.0,5.78,1.72,0.0
20151102:0210,0.0,0.0,0.0,5.23,1.45,0.0
20151102:0310,0.0,0.0,0.0,5.15,1.45,0.0
20151102:0410,0.0,0.0,0.0,5.27,1.31,0.0
20151102:0510,0.0,0.0,0.0,5.41,1.24,0.0
20151102:0610,0.0,0.0,0.0,5.37,1.17,0.0
20151102:0710,1336.6,33.79,4.01,5.71,1.45,0.0
20151102:0810,5480.74,99.09,12.2,7.02,1.52,0.0
20151102:0910,3328.97,66.57,18.98,8.08,1.59,0.0
20151102:1010,5412.43,99.4,23.83,9.34,1.66,0.0
20151102:1110,6683.0,119.46,26.24,10.69,1.79,0.0
20151102:1210,5166.51,96.66,25.93,12.07,1.86,0.0
20151102:1310,8308.77,145.58,22.93,13.36,1.79,0.0
20151102:1410,5716.03,106.12,17.59,14.54,1.79,0.0
20151102:1510,10731.5,185.21,10.45,14.92,2.07,0.0
20151102:1610,0.0,0.0,0.0,13.73,2.55,0.0
20151102:1710,0.0,0.0,0.0,12.23,3.1,0.0
20151102:1810,0.0,0.0,0.0,11.59,3.45,0.0
20151102:1910,0.0,0.0,0.0,10.4,3.45,0.0
20151102:2010,0.0,0.0,0.0,10.31,3.45,0.0
20151102:2110,0.0,0.0,0.0,10.29,3.52,0.0
20151102:2210,0.0,0.0,0.0,10.23,3.52,0.0
20151102:2310,0.0,0.0,0.0,10.16,3.52,0.0
20151103:0010,0.0,0.0,0.0,10.12,3.38,0.0
20151103:0110,0.0,0.0,0.0,10.16,3.31,0.0
20151103:0210,0.0,0.0,0.0,10.2,3.31,0.0
20151103:0310,0.0,0.0,0.0,10.34,3.45,0.0
20151103:0410,0.0,0.0,0.0,10.67,3.52,0.0
20151103:0510,0.0,0.0,0.0,10.99,3.45,0.0
20151103:0610,0.0,0.0,0.0,11.03,3.17,0.0
20151103:0710,372.67,15.5,3.75,12.49,4.34,0.0
20151103:0810,5922.48,107.76,11.92,12.46,3.66,0.0
20151103:0910,10308.74,174.22,18.69,12.97,3.86,0.0
20151103:1010,10402.85,176.58,23.52,13.86,4.76,0.0
20151103:1110,15709.78,256.17,25.93,14.32,5.24,0.0
20151103:1210,17110.14,277.13,25.62,14.35,5.1,0.0
20151103:1310,2629.94,56.54,22.63,13.94,5.24,0.0
20151103:1410,674.75,21.89,17.31,13.73,5.1,0.0
20151103:1510,1354.82,34.65,10.19,13.49,4.48,0.0
20151103:1610,0.0,0.0,0.0,13.3,4.0,0.0
20151103:1710,0.0,0.0,0.0,12.61,3.52,0.0
20151103:1810,0.0,0.0,0.0,11.79,3.1,0.0
20151103:1910,0.0,0.0,0.0,11.25,2.55,0.0
20151103:2010,0.0,0.0,0.0,10.94,2.48,0.0
20151103:2110,0.0,0.0,0.0,11.07,2.69,0.0
20151103:2210,0.0,0.0,0.0,11.47,3.03,0.0
20151103:2310,0.0,0.0,0.0,11.98,3.59,0.0
20151104:0010,0.0,0.0,0.0,12.43,4.07,0.0
20151104:0110,0.0,0.0,0.0,12.68,4.28,0.0
20151104:0210,0.0,0.0,0.0,12.94,4.69,0.0
20151104:0310,0.0,0.0,0.0,13.36,5.03,0.0
20151104:0410,0.0,0.0,0.0,13.64,5.31,0.0
20151104:0510,0.0,0.0,0.0,13.5,5.31,0.0
20151104:0610,0.0,0.0,0.0,13.33,4.55,0.0
20151104:0710,0.0,2.74,3.5,13.42,4.28,0.0
20151104:0810,8332.3,144.58,11.65,13.55,4.48,0.0
20151104:0910,3014.75,62.92,18.4,14.04,4.14,0.0
20151104:1010,10298.87,175.96,23.22,14.77,3.72,0.0
20151104:1110,21545.73,346.4,25.62,15.34,3.86,0.0
20151104:1210,29333.83,468.57,25.31,16.09,3.79,0.0
20151104:1310,15158.75,250.44,22.33,16.31,3.86,0.0
20151104:1410,6932.71,125.31,17.04,16.08,3.79,0.0
20151104:1510,3480.02,71.09,9.93,15.64,3.17,0.0
20151104:1610,0.0,0.0,0.0,14.92,2.69,0.0
20151104:1710,0.0,0.0,0.0,13.9,2.34,0.0
20151104:1810,0.0,0.0,0.0,13.17,2.21,0.0
20151104:1910,0.0,0.0,0.0,13.38,2.34,0.0
20151104:2010,0.0,0.0,0.0,12.76,2.41,0.0
20151104:2110,0.0,0.0,0.0,12.55,2.21,0.0
20151104:2210,0.0,0.0,0.0,12.24,2.14,0.0
20151104:2310,0.0,0.0,0.0,12.04,2.14,0.0
20151105:0010,0.0,0.0,0.0,12.11,2.21,0.0
20151105:0110,0.0,0.0,0.0,11.99,2.34,0.0
20151105:0210,0.0,0.0,0.0,11.95,2.34,0.0
20151105:0310,0.0,0.0,0.0,11.72,2.28,0.0
20151105:0410,0.0,0.0,0.0,11.61,2.34,0.0
20151105:0510,0.0,0.0,0.0,11.72,2.41,0.0
20151105:0610,0.0,0.0,0.0,11.79,2.62,0.0
20151105:0710,2076.62,48.07,3.24,12.3,2.97,0.0
20151105:0810,18719.98,300.42,11.38,12.86,3.17,0.0
20151105:0910,33924.26,537.53,18.11,14.05,3.1,0.0
20151105:1010,48046.22,773.06,22.92,15.56,3.72,0.0
20151105:1110,54046.87,880.03,25.31,16.92,4.14,0.0
20151105:1210,48555.51,787.09,25.01,17.68,4.28,0.0
20151105:1310,27387.0,440.61,22.04,17.95,4.21,0.0
20151105:1410,5838.23,109.16,16.76,17.71,3.52,0.0
20151105:1510,7631.75,137.97,9.68,17.03,3.17,0.0
20151105:1610,0.0,0.0,0.0,16.21,3.17,0.0
20151105:1710,0.0,0.0,0.0,15.57,3.31,0.0
20151105:1810,0.0,0.0,0.0,15.23,3.66,0.0
20151105:1910,0.0,0.0,0.0,14.71,3.66,0.0
20151105:2010,0.0,0.0,0.0,14.88,3.72,0.0
20151105:2110,0.0,0.0,0.0,14.69,3.52,0.0
20151105:2210,0.0,0.0,0.0,14.54,4.0,0.0
20151105:2310,0.0,0.0,0.0,14.46,4.14,0.0
20151106:0010,0.0,0.0,0.0,14.48,4.07,0.0
20151106:0110,0.0,0.0,0.0,14.73,3.79,0.0
20151106:0210,0.0,0.0,0.0,14.76,3.52,0.0
20151106:0310,0.0,0.0,0.0,14.87,3.24,0.0
20151106:0410,0.0,0.0,0.0,14.86,3.03,0.0
20151106:0510,0.0,0.0,0.0,14.85,2.97,0.0
20151106:0610,0.0,0.0,0.0,14.82,3.03,0.0
20151106:0710,6420.38,120.97,2.99,14.79,3.38,0.0
20151106:0810,11833.57,198.51,11.11,15.07,3.72,0.0
20151106:0910,41565.12,663.03,17.83,15.52,3.79,0.0
20151106:1010,2273.2,51.07,22.62,16.27,4.9,0.0
20151106:1110,4956.27,94.84,25.01,16.59,5.03,0.0
20151106:1210,3251.56,67.48,24.71,16.69,4.21,0.0
20151106:1310,7343.33,132.49,21.76,17.25,4.07,0.0
20151106:1410,1579.48,39.21,16.5,17.38,4.34,0.0
20151106:1510,1681.94,41.04,9.43,17.39,4.62,0.0
20151106:1610,0.0,0.0,0.0,17.46,4.69,0.0
20151106:1710,0.0,0.0,0.0,17.46,4.55,0.0
20151106:1810,0.0,0.0,0.0,17.46,4.28,0.0
20151106:1910,0.0,0.0,0.0,17.3,4.41,0.0
20151106:2010,0.0,0.0,0.0,17.19,4.14,0.0
20151106:2110,0.0,0.0,0.0,16.98,3.79,0.0
20151106:2210,0.0,0.0,0.0,16.72,3.59,0.0
20151106:2310,0.0,0.0,0.0,16.55,3.17,0.0
20151107:0010,0.0,0.0,0.0,16.4,3.03,0.0
20151107:0110,0.0,0.0,0.0,16.27,2.97,0.0
20151107:0210,0.0,0.0,0.0,16.1,2.97,0.0
20151107:0310,0.0,0.0,0.0,16.09,2.76,0.0
20151107:0410,0.0,0.0,0.0,15.98,2.41,0.0
20151107:0510,0.0,0.0,0.0,15.79,2.41,0.0
20151107:0610,0.0,0.0,0.0,15.24,2.62,0.0
20151107:0710,4692.9,93.33,2.74,15.42,2.69,0.0
20151107:0810,16933.29,277.01,10.85,15.42,2.69,0.0
20151107:0910,14593.29,241.25,17.55,16.39,3.66,0.0
20151107:1010,8541.79,151.13,22.32,17.73,4.21,0.0
20151107:1110,11359.19,195.34,24.71,19.14,4.97,0.0
20151107:1210,41098.33,664.01,24.41,19.96,5.45,0.0
20151107:1310,39863.44,646.05,21.48,20.4,5.03,0.0
20151107:1410,18905.17,311.92,16.24,20.67,5.52,0.0
20151107:1510,4720.98,92.94,9.19,20.29,4.07,0.0
20151107:1610,0.0,0.0,0.0,19.4,3.79,0.0
20151107:1710,0.0,0.0,0.0,18.85,3.66,0.0
20151107:1810,0.0,0.0,0.0,18.28,3.38,0.0
20151107:1910,0.0,0.0,0.0,16.93,2.9,0.0
20151107:2010,0.0,0.0,0.0,16.05,2.76,0.0
20151107:2110,0.0,0.0,0.0,15.59,2.41,0.0
20151107:2210,0.0,0.0,0.0,15.25,2.21,0.0
20151107:2310,0.0,0.0,0.0,14.73,2.14,0.0
20151108:0010,0.0,0.0,0.0,14.35,1.72,0.0
20151108:0110,0.0,0.0,0.0,13.4,1.38,0.0
20151108:0210,0.0,0.0,0.0,12.49,1.52,0.0
20151108:0310,0.0,0.0,0.0,12.02,1.79,0.0
20151108:0410,0.0,0.0,0.0,11.7,2.07,0.0
20151108:0510,0.0,0.0,0.0,11.37,2.07,0.0
20151108:0610,0.0,0.0,0.0,11.23,2.14,0.0
20151108:0710,217.07,11.91,2.49,13.02,2.14,0.0
20151108:0810,6155.49,112.03,10.59,13.92,2.48,0.0
20151108:0910,18369.32,296.24,17.27,14.7,3.59,0.0
20151108:1010,40632.31,646.22,22.03,15.77,4.41,0.0
20151108:1110,43724.47,701.1,24.41,16.85,4.48,0.0
20151108:1210,43488.42,698.81,24.12,18.32,5.24,0.0
20151108:1310,32712.14,525.61,21.2,19.09,5.1,0.0
20151108:1410,29634.4,479.68,15.98,19.36,4.48,0.0
20151108:1510,16461.19,279.45,8.96,19.09,3.86,0.0
20151108:1610,0.0,0.0,0.0,18.15,3.79,0.0
20151108:1710,0.0,0.0,0.0,17.22,3.86,0.0
20151108:1810,0.0,0.0,0.0,16.44,4.0,0.0
20151108:1910,0.0,0.0,0.0,16.53,4.14,0.0
20151108:2010,0.0,0.0,0.0,16.64,4.48,0.0
20151108:2110,0.0,0.0,0.0,16.28,4.55,0.0
20151108:2210,0.0,0.0,0.0,15.88,4.55,0.0
20151108:2310,0.0,0.0,0.0,15.5,4.48,0.0
20151109:0010,0.0,0.0,0.0,15.23,4.41,0.0
20151109:0110,0.0,0.0,0.0,15.26,4.41,0.0
20151109:0210,0.0,0.0,0.0,15.22,4.34,0.0
20151109:0310,0.0,0.0,0.0,15.3,4.21,0.0
20151109:0410,0.0,0.0,0.0,15.19,3.86,0.0
20151109:0510,0.0,0.0,0.0,15.19,3.86,0.0
20151109:0610,0.0,0.0,0.0,14.98,3.86,0.0
20151109:0710,0.0,5.1,2.24,14.7,3.79,0.0
20151109:0810,1966.57,45.6,10.32,14.98,4.07,0.0
20151109:0910,21844.02,348.83,16.99,15.32,4.48,0.0
20151109:1010,36345.47,575.67,21.75,15.78,4.76,0.0
20151109:1110,53195.27,853.52,24.12,16.2,5.24,0.0
20151109:1210,47602.96,760.34,23.84,16.37,5.17,0.0
20151109:1310,44503.96,710.01,20.93,16.57,4.97,0.0
20151109:1410,33560.7,534.53,15.73,16.44,4.83,0.0
20151109:1510,13913.23,235.42,8.73,16.0,4.21,0.0
20151109:1610,0.0,0.0,0.0,14.92,3.79,0.0
20151109:1710,0.0,0.0,0.0,13.83,3.66,0.0
20151109:1810,0.0,0.0,0.0,13.06,3.59,0.0
20151109:1910,0.0,0.0,0.0,12.19,3.93,0.0
20151109:2010,0.0,0.0,0.0,11.84,4.0,0.0
20151109:2110,0.0,0.0,0.0,11.63,4.07,0.0
20151109:2210,0.0,0.0,0.0,11.5,4.07,0.0
20151109:2310,0.0,0.0,0.0,11.34,4.07,0.0
20151110:0010,0.0,0.0,0.0,11.14,3.86,0.0
20151110:0110,0.0,0.0,0.0,10.81,3.45,0.0
20151110:0210,0.0,0.0,0.0,10.57,3.03,0.0
20151110:0310,0.0,0.0,0.0,10.19,2.83,0.0
20151110:0410,0.0,0.0,0.0,9.91,2.76,0.0
20151110:0510,0.0,0.0,0.0,9.63,2.83,0.0
20151110:0610,0.0,0.0,0.0,9.47,2.83,0.0
20151110:0710,0.0,0.0,0.0,10.33,3.1,0.0
20151110:0810,593.54,20.06,10.07,10.87,2.9,0.0
20151110:0910,10029.43,169.12,16.72,12.0,3.72,0.0
20151110:1010,13432.78,220.78,21.46,12.8,3.72,0.0
20151110:1110,13976.98,229.86,23.84,13.52,3.86,0.0
20151110:1210,13565.61,224.39,23.56,14.32,4.14,0.0
20151110:1310,10889.37,184.51,20.67,14.77,3.93,0.0
20151110:1410,32205.89,513.24,15.49,15.13,3.52,0.0
20151110:1510,17379.58,289.8,8.5,15.04,3.03,0.0
20151110:1610,0.0,0.0,0.0,13.94,2.62,0.0
20151110:1710,0.0,0.0,0.0,12.43,2.62,0.0
20151110:1810,0.0,0.0,0.0,11.68,2.76,0.0
20151110:1910,0.0,0.0,0.0,10.43,2.69,0.0
20151110:2010,0.0,0.0,0.0,9.89,2.55,0.0
20151110:2110,0.0,0.0,0.0,9.72,2.34,0.0
20151110:2210,0.0,0.0,0.0,9.25,2.34,0.0
20151110:2310,0.0,0.0,0.0,9.07,2.34,0.0
20151111:0010,0.0,0.0,0.0,9.03,2.48,0.0
20151111:0110,0.0,0.0,0.0,9.25,2.41,0.0
20151111:0210,0.0,0.0,0.0,9.18,2.34,0.0
20151111:0310,0.0,0.0,0.0,9.48,2.07,0.0
20151111:0410,0.0,0.0,0.0,10.0,1.86,0.0
20151111:0510,0.0,0.0,0.0,10.38,1.79,0.0
20151111:0610,0.0,0.0,0.0,10.54,1.66,0.0
20151111:0710,0.0,0.0,0.0,10.77,1.72,0.0
20151111:0810,18244.08,292.16,9.81,11.11,2.14,0.0
20151111:0910,12408.13,204.51,16.45,11.73,2.55,0.0
20151111:1010,17286.23,278.88,21.19,12.69,2.55,0.0
20151111:1110,14517.39,238.74,23.55,13.68,2.69,0.0
20151111:1210,7901.95,139.99,23.28,14.89,2.9,0.0
20151111:1310,41131.73,661.01,20.41,15.57,2.97,0.0
20151111:1410,6230.63,114.33,15.25,15.82,2.9,0.0
20151111:1510,2943.4,62.38,8.29,15.5,2.14,0.0
20151111:1610,0.0,0.0,0.0,14.9,2.48,0.0
20151111:1710,0.0,0.0,0.0,14.24,2.9,0.0
20151111:1810,0.0,0.0,0.0,13.94,3.24,0.0
20151111:1910,0.0,0.0,0.0,13.53,3.03,0.0
20151111:2010,0.0,0.0,0.0,13.3,2.97,0.0
20151111:2110,0.0,0.0,0.0,13.29,2.9,0.0
20151111:2210,0.0,0.0,0.0,13.12,2.83,0.0
20151111:2310,0.0,0.0,0.0,13.01,2.76,0.0
20151112:0010,0.0,0.0,0.0,13.2,2.69,0.0
20151112:0110,0.0,0.0,0.0,13.09,2.48,0.0
20151112:0210,0.0,0.0,0.0,12.91,2.14,0.0
20151112:0310,0.0,0.0,0.0,12.58,1.79,0.0
20151112:0410,0.0,0.0,0.0,11.96,1.66,0.0
20151112:0510,0.0,0.0,0.0,11.42,1.66,0.0
20151112:0610,0.0,0.0,0.0,11.13,1.59,0.0
20151112:0710,0.0,0.0,0.0,9.75,1.17,0.0
20151112:0810,6324.75,113.06,9.56,10.11,1.03,0.0
20151112:0910,7196.08,126.99,16.19,11.17,1.17,0.0
20151112:1010,7680.32,135.32,20.91,12.34,1.59,0.0
20151112:1110,13819.87,228.34,23.28,13.31,2.07,0.0
20151112:1210,9475.36,163.57,23.02,14.46,3.03,0.0
20151112:1310,4695.93,90.28,20.15,15.01,2.83,0.0
20151112:1410,7413.15,132.29,15.02,15.2,2.34,0.0
20151112:1510,7247.69,131.36,8.07,14.86,1.66,0.0
20151112:1610,0.0,0.0,0.0,13.77,1.93,0.0
20151112:1710,0.0,0.0,0.0,12.6,2.07,0.0
20151112:1810,0.0,0.0,0.0,11.97,2.14,0.0
20151112:1910,0.0,0.0,0.0,11.25,2.28,0.0
20151112:2010,0.0,0.0,0.0,10.71,2.48,0.0
20151112:2110,0.0,0.0,0.0,10.59,2.69,0.0
20151112:2210,0.0,0.0,0.0,10.61,2.9,0.0
20151112:2310,0.0,0.0,0.0,10.61,3.03,0.0
20151113:0010,0.0,0.0,0.0,10.66,3.1,0.0
20151113:0110,0.0,0.0,0.0,10.86,3.1,0.0
20151113:0210,0.0,0.0,0.0,10.88,3.24,0.0
20151113:0310,0.0,0.0,0.0,11.12,3.38,0.0
20151113:0410,0.0,0.0,0.0,11.39,3.52,0.0
20151113:0510,0.0,0.0,0.0,11.74,3.59,0.0
20151113:0610,0.0,0.0,0.0,12.13,3.66,0.0
20151113:0710,0.0,0.0,0.0,12.26,3.79,0.0
20151113:0810,7851.1,136.82,9.31,12.62,3.72,0.0
20151113:0910,21986.71,348.27,15.92,13.19,3.79,0.0
20151113:1010,5018.51,94.84,20.64,13.82,3.72,0.0
20151113:1110,3795.76,75.69,23.01,14.56,4.41,0.0
20151113:1210,19850.89,318.46,22.75,15.07,5.24,0.0
20151113:1310,11150.47,187.87,19.91,14.68,5.17,0.0
20151113:1410,28457.19,448.99,14.79,14.4,5.17,0.0
20151113:1510,14984.94,249.75,7.87,13.9,5.17,0.0
20151113:1610,0.0,0.0,0.0,12.78,4.76,0.0
20151113:1710,0.0,0.0,0.0,11.77,4.55,0.0
20151113:1810,0.0,0.0,0.0,11.13,4.48,0.0
20151113:1910,0.0,0.0,0.0,10.79,3.86,0.0
20151113:2010,0.0,0.0,0.0,10.54,3.79,0.0
20151113:2110,0.0,0.0,0.0,10.05,3.66,0.0
20151113:2210,0.0,0.0,0.0,9.61,3.52,0.0
20151113:2310,0.0,0.0,0.0,9.22,3.52,0.0
20151114:0010,0.0,0.0,0.0,8.85,3.59,0.0
20151114:0110,0.0,0.0,0.0,8.52,3.45,0.0
20151114:0210,0.0,0.0,0.0,8.15,3.38,0.0
20151114:0310,0.0,0.0,0.0,7.96,3.45,0.0
20151114:0410,0.0,0.0,0.0,7.94,3.52,0.0
20151114:0510,0.0,0.0,0.0,7.74,3.66,0.0
20151114:0610,0.0,0.0,0.0,7.85,3.79,0.0
20151114:0710,0.0,0.0,0.0,7.42,3.45,0.0
20151114:0810,17617.15,277.57,9.06,7.92,3.38,0.0
20151114:0910,13713.61,220.64,15.66,8.94,3.31,0.0
20151114:1010,12362.59,202.51,20.37,10.4,4.14,0.0
20151114:1110,21466.04,338.15,22.74,11.44,4.21,0.0
20151114:1210,34996.73,545.6,22.49,12.3,4.62,0.0
20151114:1310,5529.32,102.08,19.67,12.44,4.62,0.0
20151114:1410,9069.29,154.97,14.57,12.21,4.28,0.0
20151114:1510,4678.48,89.25,7.67,11.72,3.86,0.0
20151114:1610,0.0,0.0,0.0,11.41,3.93,0.0
20151114:1710,0.0,0.0,0.0,11.4,4.28,0.0
20151114:1810,0.0,0.0,0.0,11.45,4.9,0.0
20151114:1910,0.0,0.0,0.0,11.44,5.24,0.0
20151114:2010,0.0,0.0,0.0,11.63,5.59,0.0
20151114:2110,0.0,0.0,0.0,11.58,5.72,0.0
20151114:2210,0.0,0.0,0.0,11.26,5.66,0.0
20151114:2310,0.0,0.0,0.0,11.13,5.59,0.0
20151115:0010,0.0,0.0,0.0,10.96,5.52,0.0
20151115:0110,0.0,0.0,0.0,10.67,5.31,0.0
20151115:0210,0.0,0.0,0.0,10.5,5.03,0.0
20151115:0310,0.0,0.0,0.0,10.5,4.9,0.0
20151115:0410,0.0,0.0,0.0,10.48,4.9,0.0
20151115:0510,0.0,0.0,0.0,10.54,4.97,0.0
20151115:0610,0.0,0.0,0.0,10.34,4.83,0.0
20151115:0710,0.0,0.0,0.0,10.78,5.03,0.0
20151115:0810,16831.58,268.74,8.81,11.13,4.97,0.0
20151115:0910,38274.09,595.59,15.41,12.18,4.76,0.0
20151115:1010,48124.4,754.51,20.11,13.27,5.52,0.0
20151115:1110,52174.42,826.5,22.48,14.39,5.52,0.0
20151115:1210,51861.71,825.33,22.24,15.34,5.45,0.0
20151115:1310,45956.69,730.15,19.43,15.79,5.1,0.0
20151115:1410,34280.24,544.62,14.35,15.84,4.76,0.0
20151115:1510,15989.85,267.71,7.47,15.34,4.34,0.0
20151115:1610,0.0,0.0,0.0,14.03,4.07,0.0
20151115:1710,0.0,0.0,0.0,12.82,3.93,0.0
20151115:1810,0.0,0.0,0.0,11.9,3.79,0.0
20151115:1910,0.0,0.0,0.0,10.89,3.66,0.0
20151115:2010,0.0,0.0,0.0,10.25,3.45,0.0
20151115:2110,0.0,0.0,0.0,10.0,3.45,0.0
20151115:2210,0.0,0.0,0.0,9.9,3.52,0.0
20151115:2310,0.0,0.0,0.0,9.8,3.59,0.0
20151116:0010,0.0,0.0,0.0,9.54,3.72,0.0
20151116:0110,0.0,0.0,0.0,9.5,3.86,0.0
20151116:0210,0.0,0.0,0.0,9.4,3.93,0.0
20151116:0310,0.0,0.0,0.0,9.56,4.0,0.0
20151116:0410,0.0,0.0,0.0,9.63,3.93,0.0
20151116:0510,0.0,0.0,0.0,9.79,3.93,0.0
20151116:0610,0.0,0.0,0.0,9.96,3.86,0.0
20151116:0710,0.0,0.0,0.0,9.85,4.07,0.0
20151116:0810,5956.63,107.1,8.57,10.3,4.14,0.0
20151116:0910,2387.81,51.98,15.16,11.19,4.55,0.0
20151116:1010,4594.23,87.54,19.85,12.4,5.72,0.0
20151116:1110,16766.31,269.43,22.22,13.27,6.34,0.0
20151116:1210,30806.29,480.3,21.99,13.88,6.76,0.0
20151116:1310,12642.66,208.96,19.2,13.96,6.41,0.0
20151116:1410,2962.38,62.01,14.14,13.98,5.66,0.0
20151116:1510,410.62,16.41,7.28,14.07,5.38,0.0
20151116:1610,0.0,0.0,0.0,13.98,5.24,0.0
20151116:1710,0.0,0.0,0.0,13.94,5.45,0.0
20151116:1810,0.0,0.0,0.0,14.0,5.66,0.0
20151116:1910,0.0,0.0,0.0,14.21,5.45,0.0
20151116:2010,0.0,0.0,0.0,14.14,5.59,0.0
20151116:2110,0.0,0.0,0.0,14.01,5.52,0.0
20151116:2210,0.0,0.0,0.0,13.93,5.72,0.0
20151116:2310,0.0,0.0,0.0,13.61,5.72,0.0
20151117:0010,0.0,0.0,0.0,13.4,6.21,0.0
20151117:0110,0.0,0.0,0.0,13.19,6.62,0.0
20151117:0210,0.0,0.0,0.0,13.19,7.17,0.0
20151117:0310,0.0,0.0,0.0,13.54,7.31,0.0
20151117:0410,0.0,0.0,0.0,13.87,7.24,0.0
20151117:0510,0.0,0.0,0.0,14.15,7.03,0.0
20151117:0610,0.0,0.0,0.0,14.5,6.69,0.0
20151117:0710,0.0,0.0,0.0,14.55,6.34,0.0
20151117:0810,5801.8,106.53,8.33,14.8,6.14,0.0
20151117:0910,6063.65,110.83,14.91,14.89,6.07,0.0
20151117:1010,8875.75,153.87,19.6,14.95,5.72,0.0
20151117:1110,17140.5,277.23,21.97,15.0,5.79,0.0
20151117:1210,7052.63,126.73,21.75,15.17,5.38,0.0
20151117:1310,3665.97,73.87,18.98,15.61,5.59,0.0
20151117:1410,5191.56,97.73,13.94,15.57,6.62,0.0
20151117:1510,947.23,27.36,7.1,15.55,6.41,0.0
20151117:1610,0.0,0.0,0.0,15.9,6.83,0.0
20151117:1710,0.0,0.0,0.0,16.21,7.17,0.0
20151117:1810,0.0,0.0,0.0,16.48,7.31,0.0
20151117:1910,0.0,0.0,0.0,15.94,7.24,0.0
20151117:2010,0.0,0.0,0.0,15.8,6.9,0.0
20151117:2110,0.0,0.0,0.0,15.58,6.62,0.0
20151117:2210,0.0,0.0,0.0,15.07,6.62,0.0
20151117:2310,0.0,0.0,0.0,14.55,6.34,0.0
20151118:0010,0.0,0.0,0.0,13.94,6.07,0.0
20151118:0110,0.0,0.0,0.0,13.4,5.79,0.0
20151118:0210,0.0,0.0,0.0,13.02,5.52,0.0
20151118:0310,0.0,0.0,0.0,12.57,4.97,0.0
20151118:0410,0.0,0.0,0.0,11.99,4.62,0.0
20151118:0510,0.0,0.0,0.0,11.51,4.21,0.0
20151118:0610,0.0,0.0,0.0,10.86,3.79,0.0
20151118:0710,0.0,0.0,0.0,11.21,4.14,0.0
20151118:0810,12891.62,210.85,8.1,11.27,4.28,0.0
20151118:0910,28019.24,436.78,14.67,11.92,4.28,0.0
20151118:1010,4062.93,79.34,19.35,12.8,5.72,0.0
20151118:1110,13232.41,217.96,21.72,13.86,6.07,0.0
20151118:1210,33000.56,515.4,21.52,14.45,6.62,0.0
20151118:1310,39701.01,618.86,18.76,14.71,7.31,0.0
20151118:1410,30986.18,487.46,13.74,14.81,6.14,0.0
20151118:1510,14204.69,238.52,6.92,14.5,5.59,0.0
20151118:1610,0.0,0.0,0.0,14.19,5.38,0.0
20151118:1710,0.0,0.0,0.0,14.11,5.24,0.0
20151118:1810,0.0,0.0,0.0,14.57,5.31,0.0
20151118:1910,0.0,0.0,0.0,14.7,5.93,0.0
20151118:2010,0.0,0.0,0.0,14.53,5.86,0.0
20151118:2110,0.0,0.0,0.0,13.97,5.72,0.0
20151118:2210,0.0,0.0,0.0,13.72,5.79,0.0
20151118:2310,0.0,0.0,0.0,13.26,5.72,0.0
20151119:0010,0.0,0.0,0.0,13.14,5.72,0.0
20151119:0110,0.0,0.0,0.0,13.08,5.59,0.0
20151119:0210,0.0,0.0,0.0,13.05,5.45,0.0
20151119:0310,0.0,0.0,0.0,13.11,5.31,0.0
20151119:0410,0.0,0.0,0.0,13.02,4.97,0.0
20151119:0510,0.0,0.0,0.0,12.88,4.69,0.0
20151119:0610,0.0,0.0,0.0,12.45,4.55,0.0
20151119:0710,0.0,0.0,0.0,12.68,4.62,0.0
20151119:0810,4324.02,82.99,7.87,12.71,4.83,0.0
20151119:0910,5728.17,105.14,14.43,13.51,5.59,0.0
20151119:1010,4503.15,86.63,19.11,13.94,6.48,0.0
20151119:1110,8626.79,150.3,21.48,15.02,6.41,0.0
20151119:1210,7239.34,129.61,21.29,15.23,4.83,0.0
20151119:1310,4250.4,82.99,18.55,14.87,5.72,0.0
20151119:1410,3656.86,73.37,13.55,14.65,5.86,0.0
20151119:1510,857.67,25.53,6.75,14.38,6.07,0.0
20151119:1610,0.0,0.0,0.0,14.62,6.41,0.0
20151119:1710,0.0,0.0,0.0,14.75,6.41,0.0
20151119:1810,0.0,0.0,0.0,14.59,6.48,0.0
20151119:1910,0.0,0.0,0.0,14.98,6.9,0.0
20151119:2010,0.0,0.0,0.0,14.71,6.9,0.0
20151119:2110,0.0,0.0,0.0,14.39,6.76,0.0
20151119:2210,0.0,0.0,0.0,14.25,6.83,0.0
20151119:2310,0.0,0.0,0.0,14.15,6.76,0.0
20151120:0010,0.0,0.0,0.0,14.09,6.9,0.0
20151120:0110,0.0,0.0,0.0,14.03,6.97,0.0
20151120:0210,0.0,0.0,0.0,13.88,6.48,0.0
20151120:0310,0.0,0.0,0.0,13.7,5.79,0.0
20151120:0410,0.0,0.0,0.0,13.38,4.9,0.0
20151120:0510,0.0,0.0,0.0,13.08,4.48,0.0
20151120:0610,0.0,0.0,0.0,12.87,3.93,0.0
20151120:0710,0.0,0.0,0.0,12.21,1.86,0.0
20151120:0810,1162.79,31.01,7.64,11.78,1.93,0.0
20151120:0910,1684.22,40.12,14.19,11.07,2.76,0.0
20151120:1010,1851.2,42.86,18.87,10.34,2.76,0.0
20151120:1110,1536.98,37.39,21.25,9.83,2.55,0.0
20151120:1210,1383.66,34.65,21.06,9.5,3.72,0.0
20151120:1310,1968.85,44.68,18.34,9.37,3.45,0.0
20151120:1410,3901.26,75.68,13.37,9.31,3.38,0.0
20151120:1510,1325.21,33.65,6.59,9.17,3.66,0.0
20151120:1610,0.0,0.0,0.0,8.93,3.45,0.0
20151120:1710,0.0,0.0,0.0,8.72,3.38,0.0
20151120:1810,0.0,0.0,0.0,8.38,3.86,0.0
20151120:1910,0.0,0.0,0.0,8.27,3.1,0.0
20151120:2010,0.0,0.0,0.0,7.96,3.45,0.0
20151120:2110,0.0,0.0,0.0,7.55,3.52,0.0
20151120:2210,0.0,0.0,0.0,7.54,3.66,0.0
20151120:2310,0.0,0.0,0.0,6.98,3.66,0.0
20151121:0010,0.0,0.0,0.0,6.59,3.45,0.0
20151121:0110,0.0,0.0,0.0,6.12,3.38,0.0
20151121:0210,0.0,0.0,0.0,5.93,3.24,0.0
20151121:0310,0.0,0.0,0.0,5.47,3.79,0.0
20151121:0410,0.0,0.0,0.0,5.38,4.62,0.0
20151121:0510,0.0,0.0,0.0,4.92,5.52,0.0
20151121:0610,0.0,0.0,0.0,4.16,4.9,0.0
20151121:0710,0.0,0.0,0.0,3.66,4.48,0.0
20151121:0810,17716.58,272.9,7.41,3.46,4.9,0.0
20151121:0910,37203.14,556.8,13.96,3.92,4.62,0.0
20151121:1010,16181.88,251.17,18.64,5.03,6.21,0.0
20151121:1110,31648.02,475.13,21.02,5.95,6.83,0.0
20151121:1210,12301.87,197.5,20.85,6.15,6.34,0.0
20151121:1310,3146.81,62.92,18.14,5.75,6.55,0.0
20151121:1410,8293.59,138.94,13.19,5.07,5.45,0.0
20151121:1510,3623.47,70.84,6.43,5.82,7.17,0.0
20151121:1610,0.0,0.0,0.0,6.06,8.48,0.0
20151121:1710,0.0,0.0,0.0,5.69,8.07,0.0
20151121:1810,0.0,0.0,0.0,5.24,7.66,0.0
20151121:1910,0.0,0.0,0.0,4.98,7.24,0.0
20151121:2010,0.0,0.0,0.0,4.68,6.76,0.0
20151121:2110,0.0,0.0,0.0,4.35,6.21,0.0
20151121:2210,0.0,0.0,0.0,4.08,5.72,0.0
20151121:2310,0.0,0.0,0.0,3.69,5.24,0.0
20151122:0010,0.0,0.0,0.0,3.29,4.83,0.0
20151122:0110,0.0,0.0,0.0,2.98,4.34,0.0
20151122:0210,0.0,0.0,0.0,2.5,4.07,0.0
20151122:0310,0.0,0.0,0.0,2.26,3.86,0.0
20151122:0410,0.0,0.0,0.0,2.3,3.59,0.0
20151122:0510,0.0,0.0,0.0,1.98,3.1,0.0
20151122:0610,0.0,0.0,0.0,1.56,2.76,0.0
20151122:0710,0.0,0.0,0.0,1.37,2.48,0.0
20151122:0810,21589.76,328.75,7.19,1.25,2.21,0.0
20151122:0910,36170.9,545.53,13.73,2.65,2.41,0.0
20151122:1010,44925.97,684.4,18.41,3.82,2.76,0.0
20151122:1110,47256.1,724.96,20.79,4.81,2.9,0.0
20151122:1210,48043.18,739.6,20.64,5.32,2.9,0.0
20151122:1310,38518.49,588.17,17.95,5.72,2.97,0.0
20151122:1410,28919.42,442.22,13.02,5.81,3.17,0.0
20151122:1510,8604.02,146.83,6.28,5.46,2.69,0.0
20151122:1610,0.0,0.0,0.0,4.36,2.34,0.0
20151122:1710,0.0,0.0,0.0,3.2,2.41,0.0
20151122:1810,0.0,0.0,0.0,2.5,2.41,0.0
20151122:1910,0.0,0.0,0.0,2.59,2.34,0.0
20151122:2010,0.0,0.0,0.0,2.02,2.48,0.0
20151122:2110,0.0,0.0,0.0,1.55,2.41,0.0
20151122:2210,0.0,0.0,0.0,1.33,2.34,0.0
20151122:2310,0.0,0.0,0.0,1.09,2.28,0.0
20151123:0010,0.0,0.0,0.0,1.16,2.14,0.0
20151123:0110,0.0,0.0,0.0,0.8,2.21,0.0
20151123:0210,0.0,0.0,0.0,0.5,2.21,0.0
20151123:0310,0.0,0.0,0.0,0.34,1.93,0.0
20151123:0410,0.0,0.0,0.0,-0.21,1.79,0.0
20151123:0510,0.0,0.0,0.0,-0.95,1.66,0.0
20151123:0610,0.0,0.0,0.0,-1.15,1.38,0.0
20151123:0710,0.0,0.0,0.0,-0.07,1.1,0.0
20151123:0810,18827.0,289.73,6.98,0.62,0.83,0.0
20151123:0910,32296.97,491.18,13.51,1.56,0.76,0.0
20151123:1010,44946.46,694.99,18.19,2.78,1.1,0.0
20151123:1110,48440.14,760.12,20.58,3.82,0.97,0.0
20151123:1210,48410.54,765.49,20.43,4.57,0.76,0.0
20151123:1310,42296.03,664.87,17.76,5.04,0.55,0.0
20151123:1410,27860.61,434.27,12.85,5.25,0.34,0.0
20151123:1510,15000.88,245.15,6.14,5.04,0.14,0.0
20151123:1610,0.0,0.0,0.0,4.63,0.28,0.0
20151123:1710,0.0,0.0,0.0,4.21,0.55,0.0
20151123:1810,0.0,0.0,0.0,3.1,0.9,0.0
20151123:1910,0.0,0.0,0.0,0.31,1.86,0.0
20151123:2010,0.0,0.0,0.0,-0.51,2.0,0.0
20151123:2110,0.0,0.0,0.0,-0.57,2.07,0.0
20151123:2210,0.0,0.0,0.0,-0.48,2.21,0.0
20151123:2310,0.0,0.0,0.0,-0.67,2.41,0.0
20151124:0010,0.0,0.0,0.0,-0.58,2.55,0.0
20151124:0110,0.0,0.0,0.0,-0.4,2.69,0.0
20151124:0210,0.0,0.0,0.0,-0.07,2.83,0.0
20151124:0310,0.0,0.0,0.0,0.42,2.97,0.0
20151124:0410,0.0,0.0,0.0,0.79,3.24,0.0
20151124:0510,0.0,0.0,0.0,0.98,3.52,0.0
20151124:0610,0.0,0.0,0.0,1.26,3.72,0.0
20151124:0710,0.0,0.0,0.0,1.28,4.07,0.0
20151124:0810,1671.32,38.42,6.76,1.62,3.93,0.0
20151124:0910,4732.37,85.91,13.29,2.23,4.14,0.0
20151124:1010,7995.31,133.65,17.97,2.55,4.28,0.0
20151124:1110,14185.71,221.32,20.37,2.59,4.9,0.0
20151124:1210,4929.71,89.37,20.23,3.0,5.17,0.0
20151124:1310,2541.13,52.89,17.58,3.58,6.14,0.0
20151124:1410,3790.45,72.34,12.7,4.1,6.0,0.0
20151124:1510,3290.27,65.35,6.0,4.59,5.86,0.0
20151124:1610,0.0,0.0,0.0,5.0,5.45,0.0
20151124:1710,0.0,0.0,0.0,5.34,4.83,0.0
20151124:1810,0.0,0.0,0.0,5.72,4.21,0.0
20151124:1910,0.0,0.0,0.0,5.94,3.79,0.0
20151124:2010,0.0,0.0,0.0,6.28,4.0,0.0
20151124:2110,0.0,0.0,0.0,6.58,4.14,0.0
20151124:2210,0.0,0.0,0.0,7.0,4.55,0.0
20151124:2310,0.0,0.0,0.0,7.35,4.62,0.0
20151125:0010,0.0,0.0,0.0,7.56,4.48,0.0
20151125:0110,0.0,0.0,0.0,7.77,4.28,0.0
20151125:0210,0.0,0.0,0.0,7.26,4.0,0.0
20151125:0310,0.0,0.0,0.0,7.15,3.86,0.0
20151125:0410,0.0,0.0,0.0,7.3,4.07,0.0
20151125:0510,0.0,0.0,0.0,7.34,3.79,0.0
20151125:0610,0.0,0.0,0.0,6.78,3.31,0.0
20151125:0710,0.0,0.0,0.0,5.75,2.83,0.0
20151125:0810,12028.63,194.1,6.55,5.69,2.9,0.0
20151125:0910,27978.26,428.81,13.08,6.97,2.97,0.0
20151125:1010,10240.43,169.6,17.76,8.04,3.17,0.0
20151125:1110,5750.94,104.13,20.16,9.21,4.21,0.0
20151125:1210,19291.5,302.93,20.04,9.77,4.41,0.0
20151125:1310,31583.51,486.66,17.41,9.94,4.55,0.0
20151125:1410,738.51,22.8,12.54,9.25,4.48,0.0
20151125:1510,1767.71,41.31,5.87,8.64,4.07,0.0
20151125:1610,0.0,0.0,0.0,7.93,3.79,0.0
20151125:1710,0.0,0.0,0.0,7.28,4.07,0.0
20151125:1810,0.0,0.0,0.0,6.77,3.86,0.0
20151125:1910,0.0,0.0,0.0,6.58,3.93,0.0
20151125:2010,0.0,0.0,0.0,6.2,3.79,0.0
20151125:2110,0.0,0.0,0.0,5.45,3.45,0.0
20151125:2210,0.0,0.0,0.0,5.03,3.31,0.0
20151125:2310,0.0,0.0,0.0,4.54,3.31,0.0
20151126:0010,0.0,0.0,0.0,4.25,3.17,0.0
20151126:0110,0.0,0.0,0.0,3.9,2.97,0.0
20151126:0210,0.0,0.0,0.0,3.57,2.9,0.0
20151126:0310,0.0,0.0,0.0,3.3,2.83,0.0
20151126:0410,0.0,0.0,0.0,3.09,2.76,0.0
20151126:0510,0.0,0.0,0.0,2.97,2.55,0.0
20151126:0610,0.0,0.0,0.0,2.71,2.48,0.0
20151126:0710,0.0,0.0,0.0,3.01,2.41,0.0
20151126:0810,17882.04,277.59,6.35,3.21,2.07,0.0
20151126:0910,12329.2,197.27,12.87,4.68,1.72,0.0
20151126:1010,42885.02,667.22,17.55,6.5,1.79,0.0
20151126:1110,45830.7,718.01,19.96,7.77,2.14,0.0
20151126:1210,39537.83,613.15,19.85,8.79,2.97,0.0
20151126:1310,32840.41,508.94,17.24,9.07,2.76,0.0
20151126:1410,12366.39,201.59,12.4,9.03,2.69,0.0
20151126:1510,14729.91,242.73,5.74,8.65,2.14,0.0
20151126:1610,0.0,0.0,0.0,7.44,1.86,0.0
20151126:1710,0.0,0.0,0.0,6.25,1.79,0.0
20151126:1810,0.0,0.0,0.0,5.01,1.66,0.0
20151126:1910,0.0,0.0,0.0,5.32,1.31,0.0
20151126:2010,0.0,0.0,0.0,6.37,0.69,0.0
20151126:2110,0.0,0.0,0.0,5.95,0.21,0.0
20151126:2210,0.0,0.0,0.0,5.64,0.34,0.0
20151126:2310,0.0,0.0,0.0,4.69,1.03,0.0
20151127:0010,0.0,0.0,0.0,2.95,1.52,0.0
20151127:0110,0.0,0.0,0.0,2.64,1.52,0.0
20151127:0210,0.0,0.0,0.0,2.43,1.59,0.0
20151127:0310,0.0,0.0,0.0,2.28,1.72,0.0
20151127:0410,0.0,0.0,0.0,2.21,1.79,0.0
20151127:0510,0.0,0.0,0.0,2.41,1.79,0.0
20151127:0610,0.0,0.0,0.0,2.14,2.07,0.0
20151127:0710,0.0,0.0,0.0,1.99,2.14,0.0
20151127:0810,6236.7,108.17,6.15,2.65,2.21,0.0
20151127:0910,1530.9,36.48,12.67,3.88,2.21,0.0
20151127:1010,5664.42,101.29,17.35,5.35,2.55,0.0
20151127:1110,3301.65,65.66,19.77,6.52,2.9,0.0
20151127:1210,3873.18,74.78,19.68,7.24,3.17,0.0
20151127:1310,7101.2,123.51,17.08,7.77,3.38,0.0
20151127:1410,3849.65,74.45,12.26,7.91,3.38,0.0
20151127:1510,1026.93,28.07,5.62,7.59,3.17,0.0
20151127:1610,0.0,0.0,0.0,6.94,3.38,0.0
20151127:1710,0.0,0.0,0.0,6.43,3.79,0.0
20151127:1810,0.0,0.0,0.0,6.42,4.07,0.0
20151127:1910,0.0,0.0,0.0,5.78,4.34,0.0
20151127:2010,0.0,0.0,0.0,5.88,4.41,0.0
20151127:2110,0.0,0.0,0.0,6.13,4.48,0.0
20151127:2210,0.0,0.0,0.0,6.44,4.55,0.0
20151127:2310,0.0,0.0,0.0,6.86,4.62,0.0
20151128:0010,0.0,0.0,0.0,7.5,4.69,0.0
20151128:0110,0.0,0.0,0.0,8.24,5.03,0.0
20151128:0210,0.0,0.0,0.0,7.86,5.52,0.0
20151128:0310,0.0,0.0,0.0,6.95,5.66,0.0
20151128:0410,0.0,0.0,0.0,6.1,5.24,0.0
20151128:0510,0.0,0.0,0.0,5.24,4.41,0.0
20151128:0610,0.0,0.0,0.0,4.6,3.59,0.0
20151128:0710,0.0,0.0,0.0,3.99,2.97,0.0
20151128:0810,17324.93,269.32,5.95,3.46,2.62,0.0
20151128:0910,33079.5,502.29,12.47,4.55,2.55,0.0
20151128:1010,42477.44,651.24,17.15,6.22,3.03,0.0
20151128:1110,46585.14,717.84,19.58,7.35,3.66,0.0
20151128:1210,45728.99,704.01,19.5,8.3,4.28,0.0
20151128:1310,41363.22,635.42,16.93,8.86,4.48,0.0
20151128:1410,23896.36,369.99,12.13,8.82,4.62,0.0
20151128:1510,1165.06,30.62,5.51,8.26,4.76,0.0
20151128:1610,0.0,0.0,0.0,7.69,4.97,0.0
20151128:1710,0.0,0.0,0.0,7.51,5.31,0.0
20151128:1810,0.0,0.0,0.0,7.21,5.52,0.0
20151128:1910,0.0,0.0,0.0,7.07,6.07,0.0
20151128:2010,0.0,0.0,0.0,7.11,6.41,0.0
20151128:2110,0.0,0.0,0.0,7.53,6.62,0.0
20151128:2210,0.0,0.0,0.0,7.8,6.76,0.0
20151128:2310,0.0,0.0,0.0,7.73,6.9,0.0
20151129:0010,0.0,0.0,0.0,7.94,7.1,0.0
20151129:0110,0.0,0.0,0.0,8.31,7.31,0.0
20151129:0210,0.0,0.0,0.0,8.67,7.31,0.0
20151129:0310,0.0,0.0,0.0,9.05,6.97,0.0
20151129:0410,0.0,0.0,0.0,9.42,6.62,0.0
20151129:0510,0.0,0.0,0.0,9.6,6.34,0.0
20151129:0610,0.0,0.0,0.0,9.81,6.21,0.0
20151129:0710,0.0,0.0,0.0,10.01,6.55,0.0
20151129:0810,8730.02,148.26,5.76,10.22,6.34,0.0
20151129:0910,5148.3,94.83,12.28,10.42,6.41,0.0
20151129:1010,5889.08,106.57,16.96,10.94,7.03,0.0
20151129:1110,20078.59,314.43,19.4,11.33,7.38,0.0
20151129:1210,3112.66,63.83,19.34,11.66,7.45,0.0
20151129:1310,6496.28,116.01,16.79,11.81,7.93,0.0
20151129:1410,6689.07,118.69,12.0,11.82,6.9,0.0
20151129:1510,1097.51,29.77,5.41,11.71,6.62,0.0
20151129:1610,0.0,0.0,0.0,11.56,6.55,0.0
20151129:1710,0.0,0.0,0.0,11.44,6.48,0.0
20151129:1810,0.0,0.0,0.0,11.29,6.55,0.0
20151129:1910,0.0,0.0,0.0,11.08,6.9,0.0
20151129:2010,0.0,0.0,0.0,10.96,6.9,0.0
20151129:2110,0.0,0.0,0.0,10.8,6.9,0.0
20151129:2210,0.0,0.0,0.0,10.7,6.9,0.0
20151129:2310,0.0,0.0,0.0,10.65,6.76,0.0
20151130:0010,0.0,0.0,0.0,11.03,6.76,0.0
20151130:0110,0.0,0.0,0.0,11.21,6.62,0.0
20151130:0210,0.0,0.0,0.0,11.19,6.34,0.0
20151130:0310,0.0,0.0,0.0,11.04,6.07,0.0
20151130:0410,0.0,0.0,0.0,10.79,5.79,0.0
20151130:0510,0.0,0.0,0.0,10.44,5.59,0.0
20151130:0610,0.0,0.0,0.0,10.12,5.45,0.0
20151130:0710,0.0,0.0,0.0,10.09,5.86,0.0
20151130:0810,2277.76,49.72,5.58,10.03,5.79,0.0
20151130:0910,4526.68,85.38,12.1,10.45,5.93,0.0
20151130:1010,10221.45,170.86,16.78,11.16,5.38,0.0
20151130:1110,10792.98,179.83,19.23,12.08,7.93,0.0
20151130:1210,11693.91,193.39,19.18,12.27,6.55,0.0
20151130:1310,7211.26,127.21,16.65,12.73,7.24,0.0
20151130:1410,7748.63,134.98,11.89,12.78,6.9,0.0
20151130:1510,364.32,15.31,5.31,12.38,6.55,0.0
20151130:1610,0.0,0.0,0.0,12.07,6.28,0.0
20151130:1710,0.0,0.0,0.0,11.94,6.21,0.0
20151130:1810,0.0,0.0,0.0,11.88,6.14,0.0
20151130:1910,0.0,0.0,0.0,11.69,6.62,0.0
20151130:2010,0.0,0.0,0.0,11.18,6.48,0.0
20151130:2110,0.0,0.0,0.0,11.23,6.55,0.0
20151130:2210,0.0,0.0,0.0,11.24,6.41,0.0
20151130:2310,0.0,0.0,0.0,11.03,6.21,0.0
20151201:0010,0.0,0.0,0.0,10.8,6.0,0.0
20151201:0110,0.0,0.0,0.0,10.78,5.93,0.0
20151201:0210,0.0,0.0,0.0,10.86,5.66,0.0
20151201:0310,0.0,0.0,0.0,10.97,5.38,0.0
20151201:0410,0.0,0.0,0.0,11.11,5.17,0.0
20151201:0510,0.0,0.0,0.0,11.18,5.03,0.0
20151201:0610,0.0,0.0,0.0,11.11,4.83,0.0
20151201:0710,0.0,0.0,0.0,11.32,4.62,0.0
20151201:0810,5530.07,101.08,5.4,11.32,4.41,0.0
20151201:0910,4006.0,77.78,11.92,11.57,4.41,0.0
20151201:1010,5220.4,96.94,16.6,11.78,4.07,0.0
20151201:1110,7152.06,126.47,19.06,12.11,4.83,0.0
20151201:1210,4584.36,87.54,19.03,12.77,5.38,0.0
20151201:1310,2475.86,53.8,16.52,13.05,4.9,0.0
20151201:1410,2203.38,49.24,11.78,12.88,3.66,0.0
20151201:1510,1000.36,28.07,5.22,12.37,2.9,0.0
20151201:1610,0.0,0.0,0.0,11.95,2.69,0.0
20151201:1710,0.0,0.0,0.0,11.3,2.62,0.0
20151201:1810,0.0,0.0,0.0,10.62,2.62,0.0
20151201:1910,0.0,0.0,0.0,10.28,2.76,0.0
20151201:2010,0.0,0.0,0.0,9.68,2.62,0.0
20151201:2110,0.0,0.0,0.0,9.1,2.48,0.0
20151201:2210,0.0,0.0,0.0,8.25,2.41,0.0
20151201:2310,0.0,0.0,0.0,7.71,2.28,0.0
20151202:0010,0.0,0.0,0.0,7.45,2.28,0.0
20151202:0110,0.0,0.0,0.0,7.17,2.34,0.0
20151202:0210,0.0,0.0,0.0,7.38,2.28,0.0
20151202:0310,0.0,0.0,0.0,7.36,2.21,0.0
20151202:0410,0.0,0.0,0.0,7.66,2.07,0.0
20151202:0510,0.0,0.0,0.0,7.22,2.07,0.0
20151202:0610,0.0,0.0,0.0,7.53,2.14,0.0
20151202:0710,0.0,0.0,0.0,7.42,1.93,0.0
20151202:0810,3776.02,72.81,5.22,6.79,2.21,0.0
20151202:0910,7446.55,128.19,11.74,7.8,2.14,0.0
20151202:1010,13653.65,220.83,16.43,9.59,2.41,0.0
20151202:1110,18266.85,290.55,18.9,10.71,2.55,0.0
20151202:1210,17734.79,283.36,18.88,11.44,2.76,0.0
20151202:1310,22672.09,357.54,16.39,11.71,2.9,0.0
20151202:1410,9095.86,155.13,11.67,11.68,2.55,0.0
20151202:1510,1053.49,28.92,5.13,11.0,1.86,0.0
20151202:1610,0.0,0.0,0.0,9.49,2.21,0.0
20151202:1710,0.0,0.0,0.0,8.0,2.34,0.0
20151202:1810,0.0,0.0,0.0,6.95,2.34,0.0
20151202:1910,0.0,0.0,0.0,6.43,2.28,0.0
20151202:2010,0.0,0.0,0.0,5.66,2.34,0.0
20151202:2110,0.0,0.0,0.0,5.1,2.34,0.0
20151202:2210,0.0,0.0,0.0,4.65,2.34,0.0
20151202:2310,0.0,0.0,0.0,4.22,2.28,0.0
20151203:0010,0.0,0.0,0.0,3.8,2.21,0.0
20151203:0110,0.0,0.0,0.0,3.34,2.14,0.0
20151203:0210,0.0,0.0,0.0,3.02,2.07,0.0
20151203:0310,0.0,0.0,0.0,2.63,2.07,0.0
20151203:0410,0.0,0.0,0.0,2.33,2.14,0.0
20151203:0510,0.0,0.0,0.0,2.08,2.07,0.0
20151203:0610,0.0,0.0,0.0,1.96,2.14,0.0
20151203:0710,0.0,0.0,0.0,2.29,2.28,0.0
20151203:0810,1788.2,40.48,5.05,2.58,2.34,0.0
20151203:0910,6825.69,117.34,11.57,4.31,2.14,0.0
20151203:1010,39096.09,601.17,16.27,6.61,2.55,0.0
20151203:1110,47090.64,735.83,18.75,8.51,2.83,0.0
20151203:1210,44563.17,699.58,18.75,9.77,2.69,0.0
20151203:1310,26001.82,406.22,16.27,10.53,2.83,0.0
20151203:1410,27017.36,423.34,11.58,10.62,2.9,0.0
20151203:1510,657.29,21.26,5.06,9.92,2.83,0.0
20151203:1610,0.0,0.0,0.0,8.69,2.9,0.0
20151203:1710,0.0,0.0,0.0,8.04,3.24,0.0
20151203:1810,0.0,0.0,0.0,7.67,3.59,0.0
20151203:1910,0.0,0.0,0.0,7.06,3.79,0.0
20151203:2010,0.0,0.0,0.0,6.95,4.14,0.0
20151203:2110,0.0,0.0,0.0,7.16,4.69,0.0
20151203:2210,0.0,0.0,0.0,7.48,5.03,0.0
20151203:2310,0.0,0.0,0.0,7.94,5.31,0.0
20151204:0010,0.0,0.0,0.0,8.63,5.52,0.0
20151204:0110,0.0,0.0,0.0,9.49,5.86,0.0
20151204:0210,0.0,0.0,0.0,10.76,6.48,0.0
20151204:0310,0.0,0.0,0.0,11.23,6.21,0.0
20151204:0410,0.0,0.0,0.0,11.38,5.72,0.0
20151204:0510,0.0,0.0,0.0,11.72,5.24,0.0
20151204:0610,0.0,0.0,0.0,11.38,5.1,0.0
20151204:0710,0.0,0.0,0.0,10.75,4.34,0.0
20151204:0810,1116.49,29.89,4.88,10.12,4.07,0.0
20151204:0910,26853.42,416.08,11.41,9.69,3.45,0.0
20151204:1010,16656.26,264.82,16.11,9.79,2.83,0.0
20151204:1110,45130.9,708.49,18.6,10.21,2.97,0.0
20151204:1210,47062.55,742.32,18.62,10.4,2.83,0.0
20151204:1310,40721.11,638.84,16.16,10.66,2.76,0.0
20151204:1410,28897.41,453.47,11.49,10.56,2.48,0.0
20151204:1510,656.54,21.26,4.99,9.93,1.86,0.0
20151204:1610,0.0,0.0,0.0,8.64,2.0,0.0
20151204:1710,0.0,0.0,0.0,7.16,2.34,0.0
20151204:1810,0.0,0.0,0.0,6.05,2.48,0.0
20151204:1910,0.0,0.0,0.0,4.97,2.28,0.0
20151204:2010,0.0,0.0,0.0,4.12,2.34,0.0
20151204:2110,0.0,0.0,0.0,3.61,2.48,0.0
20151204:2210,0.0,0.0,0.0,3.39,2.62,0.0
20151204:2310,0.0,0.0,0.0,3.29,2.69,0.0
20151205:0010,0.0,0.0,0.0,3.13,2.69,0.0
20151205:0110,0.0,0.0,0.0,2.94,2.76,0.0
20151205:0210,0.0,0.0,0.0,2.81,2.83,0.0
20151205:0310,0.0,0.0,0.0,2.7,2.9,0.0
20151205:0410,0.0,0.0,0.0,2.6,3.03,0.0
20151205:0510,0.0,0.0,0.0,2.55,3.03,0.0
20151205:0610,0.0,0.0,0.0,2.44,3.03,0.0
20151205:0710,0.0,0.0,0.0,2.76,3.45,0.0
20151205:0810,13718.17,216.34,4.72,3.0,3.59,0.0
20151205:0910,29632.88,446.07,11.25,4.2,3.86,0.0
20151205:1010,19407.63,298.81,15.96,5.64,3.93,0.0
20151205:1110,43141.56,654.98,18.46,6.73,4.9,0.0
20151205:1210,40789.42,620.01,18.49,7.47,5.1,0.0
20151205:1310,34322.74,523.08,16.06,8.03,4.83,0.0
20151205:1410,22295.62,345.83,11.4,8.26,4.07,0.0
20151205:1510,887.27,25.52,4.92,7.87,3.52,0.0
20151205:1610,0.0,0.0,0.0,6.59,3.38,0.0
20151205:1710,0.0,0.0,0.0,5.71,3.66,0.0
20151205:1810,0.0,0.0,0.0,5.39,4.07,0.0
20151205:1910,0.0,0.0,0.0,5.39,4.28,0.0
20151205:2010,0.0,0.0,0.0,5.05,4.21,0.0
20151205:2110,0.0,0.0,0.0,4.73,4.07,0.0
20151205:2210,0.0,0.0,0.0,4.59,4.07,0.0
20151205:2310,0.0,0.0,0.0,4.7,4.07,0.0
20151206:0010,0.0,0.0,0.0,5.05,4.07,0.0
20151206:0110,0.0,0.0,0.0,5.56,4.21,0.0
20151206:0210,0.0,0.0,0.0,6.07,4.34,0.0
20151206:0310,0.0,0.0,0.0,6.53,4.41,0.0
20151206:0410,0.0,0.0,0.0,6.87,4.34,0.0
20151206:0510,0.0,0.0,0.0,7.37,4.21,0.0
20151206:0610,0.0,0.0,0.0,7.94,4.28,0.0
20151206:0710,0.0,0.0,0.0,8.49,4.55,0.0
20151206:0810,1581.0,37.85,4.57,8.71,4.55,0.0
20151206:0910,4280.76,81.08,11.09,8.87,4.69,0.0
20151206:1010,30662.84,471.46,15.81,9.52,4.34,0.0
20151206:1110,50877.29,791.98,18.33,10.25,4.69,0.0
20151206:1210,17800.83,281.92,18.38,10.76,4.48,0.0
20151206:1310,4295.18,82.53,15.96,11.52,4.55,0.0
20151206:1410,8840.83,150.78,11.33,11.73,4.97,0.0
20151206:1510,650.46,21.26,4.86,11.69,4.34,0.0
20151206:1610,0.0,0.0,0.0,11.44,3.86,0.0
20151206:1710,0.0,0.0,0.0,10.64,3.52,0.0
20151206:1810,0.0,0.0,0.0,10.41,3.45,0.0
20151206:1910,0.0,0.0,0.0,9.29,3.45,0.0
20151206:2010,0.0,0.0,0.0,9.28,3.31,0.0
20151206:2110,0.0,0.0,0.0,8.92,3.17,0.0
20151206:2210,0.0,0.0,0.0,8.69,3.03,0.0
20151206:2310,0.0,0.0,0.0,8.33,2.9,0.0
20151207:0010,0.0,0.0,0.0,7.98,2.62,0.0
20151207:0110,0.0,0.0,0.0,7.71,2.41,0.0
20151207:0210,0.0,0.0,0.0,7.64,2.34,0.0
20151207:0310,0.0,0.0,0.0,7.56,2.48,0.0
20151207:0410,0.0,0.0,0.0,7.51,2.62,0.0
20151207:0510,0.0,0.0,0.0,7.56,2.69,0.0
20151207:0610,0.0,0.0,0.0,7.54,2.69,0.0
20151207:0710,0.0,0.0,0.0,7.4,2.62,0.0
20151207:0810,15624.77,249.32,4.42,7.35,2.62,0.0
20151207:0910,35044.55,541.81,10.95,8.05,2.48,0.0
20151207:1010,43737.38,687.21,15.68,9.61,2.34,0.0
20151207:1110,45182.51,715.84,18.2,10.74,2.34,0.0
20151207:1210,40485.82,639.13,18.27,11.46,2.48,0.0
20151207:1310,36281.72,570.91,15.88,12.02,2.76,0.0
20151207:1410,15835.02,256.18,11.26,12.16,2.55,0.0
20151207:1510,914.6,26.37,4.81,11.52,2.34,0.0
20151207:1610,0.0,0.0,0.0,10.1,2.76,0.0
20151207:1710,0.0,0.0,0.0,9.29,3.03,0.0
20151207:1810,0.0,0.0,0.0,8.89,3.1,0.0
20151207:1910,0.0,0.0,0.0,8.71,3.1,0.0
20151207:2010,0.0,0.0,0.0,8.45,3.1,0.0
20151207:2110,0.0,0.0,0.0,8.25,3.1,0.0
20151207:2210,0.0,0.0,0.0,8.12,3.24,0.0
20151207:2310,0.0,0.0,0.0,8.06,3.31,0.0
20151208:0010,0.0,0.0,0.0,8.01,3.31,0.0
20151208:0110,0.0,0.0,0.0,7.84,3.24,0.0
20151208:0210,0.0,0.0,0.0,7.62,3.31,0.0
20151208:0310,0.0,0.0,0.0,7.35,3.45,0.0
20151208:0410,0.0,0.0,0.0,7.08,3.52,0.0
20151208:0510,0.0,0.0,0.0,6.86,3.59,0.0
20151208:0610,0.0,0.0,0.0,6.72,3.59,0.0
20151208:0710,0.0,0.0,0.0,6.63,3.59,0.0
20151208:0810,12553.86,202.9,4.27,6.73,3.66,0.0
20151208:0910,11876.07,192.01,10.81,7.66,3.72,0.0
20151208:1010,3778.3,73.87,15.54,9.24,3.59,0.0
20151208:1110,12075.69,197.94,18.08,10.33,3.79,0.0
20151208:1210,3688.74,72.95,18.17,11.01,3.86,0.0
20151208:1310,3690.26,72.95,15.79,10.91,3.66,0.0
20151208:1410,4921.36,91.68,11.2,10.72,3.79,0.0
20151208:1510,90.32,8.51,4.77,10.54,3.93,0.0
20151208:1610,0.0,0.0,0.0,10.47,3.79,0.0
20151208:1710,0.0,0.0,0.0,10.42,3.45,0.0
20151208:1810,0.0,0.0,0.0,10.23,3.17,0.0
20151208:1910,0.0,0.0,0.0,9.9,2.9,0.0
20151208:2010,0.0,0.0,0.0,9.34,2.76,0.0
20151208:2110,0.0,0.0,0.0,8.79,2.69,0.0
20151208:2210,0.0,0.0,0.0,8.18,2.76,0.0
20151208:2310,0.0,0.0,0.0,7.34,2.76,0.0
20151209:0010,0.0,0.0,0.0,6.53,2.83,0.0
20151209:0110,0.0,0.0,0.0,5.85,2.9,0.0
20151209:0210,0.0,0.0,0.0,5.35,2.9,0.0
20151209:0310,0.0,0.0,0.0,5.15,2.83,0.0
20151209:0410,0.0,0.0,0.0,4.74,2.69,0.0
20151209:0510,0.0,0.0,0.0,4.3,2.55,0.0
20151209:0610,0.0,0.0,0.0,3.88,2.41,0.0
20151209:0710,0.0,0.0,0.0,3.51,2.28,0.0
20151209:0810,13942.83,220.84,4.13,3.18,2.14,0.0
20151209:0910,30363.8,463.19,10.67,4.17,1.66,0.0
20151209:1010,37591.75,581.87,15.42,6.37,1.59,0.0
20151209:1110,42790.9,672.05,17.97,7.87,1.59,0.0
20151209:1210,45319.13,717.21,18.07,8.96,1.72,0.0
20151209:1310,36727.25,575.91,15.72,9.6,1.86,0.0
20151209:1410,27593.45,433.01,11.14,9.74,1.93,0.0
20151209:1510,746.86,22.96,4.73,9.11,1.93,0.0
20151209:1610,0.0,0.0,0.0,7.56,2.41,0.0
20151209:1710,0.0,0.0,0.0,6.34,2.62,0.0
20151209:1810,0.0,0.0,0.0,5.74,2.76,0.0
20151209:1910,0.0,0.0,0.0,4.71,2.76,0.0
20151209:2010,0.0,0.0,0.0,4.21,2.9,0.0
20151209:2110,0.0,0.0,0.0,3.99,2.9,0.0
20151209:2210,0.0,0.0,0.0,4.07,2.76,0.0
20151209:2310,0.0,0.0,0.0,3.94,2.76,0.0
20151210:0010,0.0,0.0,0.0,3.9,2.97,0.0
20151210:0110,0.0,0.0,0.0,3.74,3.17,0.0
20151210:0210,0.0,0.0,0.0,3.64,3.03,0.0
20151210:0310,0.0,0.0,0.0,3.5,3.45,0.0
20151210:0410,0.0,0.0,0.0,3.28,2.55,0.0
20151210:0510,0.0,0.0,0.0,3.11,2.34,0.0
20151210:0610,0.0,0.0,0.0,3.0,2.41,0.0
20151210:0710,0.0,0.0,0.0,2.96,2.62,0.0
20151210:0810,2069.79,45.11,4.0,2.92,2.9,0.0
20151210:0910,3772.23,71.75,10.55,3.26,2.9,0.0
20151210:1010,6321.71,110.14,15.3,4.0,2.83,0.0
20151210:1110,6051.51,106.81,17.87,4.81,2.9,0.0
20151210:1210,7645.41,130.6,17.99,5.75,2.76,0.0
20151210:1310,11474.56,186.17,15.65,6.31,2.62,0.0
20151210:1410,5294.02,95.89,11.1,6.67,2.41,0.0
20151210:1510,894.86,25.52,4.71,6.27,1.93,0.0
20151210:1610,0.0,0.0,0.0,5.13,2.28,0.0
20151210:1710,0.0,0.0,0.0,4.04,2.55,0.0
20151210:1810,0.0,0.0,0.0,3.28,2.83,0.0
20151210:1910,0.0,0.0,0.0,1.67,2.97,0.0
20151210:2010,0.0,0.0,0.0,1.29,2.97,0.0
20151210:2110,0.0,0.0,0.0,1.05,2.97,0.0
20151210:2210,0.0,0.0,0.0,0.98,3.03,0.0
20151210:2310,0.0,0.0,0.0,1.18,3.24,0.0
20151211:0010,0.0,0.0,0.0,1.37,3.31,0.0
20151211:0110,0.0,0.0,0.0,1.64,3.45,0.0
20151211:0210,0.0,0.0,0.0,1.82,3.45,0.0
20151211:0310,0.0,0.0,0.0,1.99,3.59,0.0
20151211:0410,0.0,0.0,0.0,2.34,3.72,0.0
20151211:0510,0.0,0.0,0.0,3.01,3.72,0.0
20151211:0610,0.0,0.0,0.0,4.28,3.93,0.0
20151211:0710,0.0,0.0,0.0,4.0,3.93,0.0
20151211:0810,7275.02,124.58,3.87,5.19,4.28,0.0
20151211:0910,5023.82,91.32,10.42,6.28,4.69,0.0
20151211:1010,6998.74,121.34,15.19,7.29,4.55,0.0
20151211:1110,4334.65,82.07,17.77,7.94,4.21,0.0
20151211:1210,4675.44,87.54,17.91,8.73,5.1,0.0
20151211:1310,4172.22,79.86,15.59,9.36,5.66,0.0
20151211:1410,6898.55,120.87,11.06,9.84,5.17,0.0
20151211:1510,701.32,22.11,4.68,9.84,4.9,0.0
20151211:1610,0.0,0.0,0.0,9.6,4.83,0.0
20151211:1710,0.0,0.0,0.0,9.47,4.69,0.0
20151211:1810,0.0,0.0,0.0,9.09,4.48,0.0
20151211:1910,0.0,0.0,0.0,8.62,4.34,0.0
20151211:2010,0.0,0.0,0.0,8.83,4.28,0.0
20151211:2110,0.0,0.0,0.0,8.76,4.07,0.0
20151211:2210,0.0,0.0,0.0,8.75,3.93,0.0
20151211:2310,0.0,0.0,0.0,8.52,3.93,0.0
20151212:0010,0.0,0.0,0.0,8.39,3.93,0.0
20151212:0110,0.0,0.0,0.0,8.48,3.86,0.0
20151212:0210,0.0,0.0,0.0,8.44,3.59,0.0
20151212:0310,0.0,0.0,0.0,8.45,3.59,0.0
20151212:0410,0.0,0.0,0.0,8.07,3.52,0.0
20151212:0510,0.0,0.0,0.0,7.95,3.38,0.0
20151212:0610,0.0,0.0,0.0,7.99,3.24,0.0
20151212:0710,0.0,0.0,0.0,8.92,3.03,0.0
20151212:0810,761.28,23.17,3.75,9.04,3.03,0.0
20151212:0910,691.45,21.89,10.31,9.35,3.03,0.0
20151212:1010,1535.46,37.39,15.08,10.09,3.93,0.0
20151212:1110,3927.07,76.6,17.68,10.74,4.55,0.0
20151212:1210,10915.18,181.38,17.84,11.06,4.34,0.0
20151212:1310,2552.52,54.72,15.54,11.2,3.59,0.0
20151212:1410,1269.05,32.83,11.02,11.17,3.24,0.0
20151212:1510,220.11,11.91,4.67,10.75,3.03,0.0
20151212:1610,0.0,0.0,0.0,9.7,2.97,0.0
20151212:1710,0.0,0.0,0.0,8.94,3.17,0.0
20151212:1810,0.0,0.0,0.0,8.48,3.45,0.0
20151212:1910,0.0,0.0,0.0,8.63,3.45,0.0
20151212:2010,0.0,0.0,0.0,8.13,3.24,0.0
20151212:2110,0.0,0.0,0.0,7.73,2.97,0.0
20151212:2210,0.0,0.0,0.0,7.45,2.9,0.0
20151212:2310,0.0,0.0,0.0,7.02,2.83,0.0
20151213:0010,0.0,0.0,0.0,6.64,2.76,0.0
20151213:0110,0.0,0.0,0.0,6.26,2.83,0.0
20151213:0210,0.0,0.0,0.0,6.0,2.83,0.0
20151213:0310,0.0,0.0,0.0,5.74,2.9,0.0
20151213:0410,0.0,0.0,0.0,5.52,2.76,0.0
20151213:0510,0.0,0.0,0.0,5.23,2.41,0.0
20151213:0610,0.0,0.0,0.0,5.1,2.14,0.0
20151213:0710,0.0,0.0,0.0,5.58,2.28,0.0
20151213:0810,1451.21,35.24,3.63,5.53,1.93,0.0
20151213:0910,3630.3,70.28,10.2,5.55,1.52,0.0
20151213:1010,8580.5,144.12,14.99,5.83,1.59,0.0
20151213:1110,7183.94,124.27,17.6,6.17,1.66,0.0
20151213:1210,14613.79,232.47,17.77,6.41,1.72,0.0
20151213:1310,3879.25,74.78,15.5,6.64,1.79,0.0
20151213:1410,1994.65,44.68,11.0,6.65,1.72,0.0
20151213:1510,626.18,20.41,4.66,6.67,1.93,0.0
20151213:1610,0.0,0.0,0.0,6.37,1.93,0.0
20151213:1710,0.0,0.0,0.0,6.28,2.21,0.0
20151213:1810,0.0,0.0,0.0,6.23,2.55,0.0
20151213:1910,0.0,0.0,0.0,5.85,2.48,0.0
20151213:2010,0.0,0.0,0.0,5.89,2.76,0.0
20151213:2110,0.0,0.0,0.0,5.96,2.69,0.0
20151213:2210,0.0,0.0,0.0,5.92,2.07,0.0
20151213:2310,0.0,0.0,0.0,5.7,1.86,0.0
20151214:0010,0.0,0.0,0.0,5.23,1.72,0.0
20151214:0110,0.0,0.0,0.0,4.41,1.86,0.0
20151214:0210,0.0,0.0,0.0,3.49,2.0,0.0
20151214:0310,0.0,0.0,0.0,2.76,2.07,0.0
20151214:0410,0.0,0.0,0.0,2.22,2.14,0.0
20151214:0510,0.0,0.0,0.0,1.94,2.21,0.0
20151214:0610,0.0,0.0,0.0,1.7,2.21,0.0
20151214:0710,0.0,0.0,0.0,2.65,2.48,0.0
20151214:0810,1562.78,36.74,3.52,2.45,2.28,0.0
20151214:0910,4193.48,77.92,10.1,2.7,2.21,0.0
20151214:1010,6233.67,108.7,14.9,3.59,2.41,0.0
20151214:1110,11928.44,191.65,17.52,4.8,2.62,0.0
20151214:1210,23072.08,354.71,17.72,6.12,2.69,0.0
20151214:1310,30551.27,469.59,15.46,7.4,2.69,0.0
20151214:1410,27968.39,433.54,10.98,8.17,2.62,0.0
20151214:1510,796.95,23.82,4.66,7.91,2.34,0.0
20151214:1610,0.0,0.0,0.0,6.97,2.69,0.0
20151214:1710,0.0,0.0,0.0,6.56,2.83,0.0
20151214:1810,0.0,0.0,0.0,6.44,2.9,0.0
20151214:1910,0.0,0.0,0.0,5.81,2.76,0.0
20151214:2010,0.0,0.0,0.0,5.55,2.76,0.0
20151214:2110,0.0,0.0,0.0,5.36,2.76,0.0
20151214:2210,0.0,0.0,0.0,5.89,2.62,0.0
20151214:2310,0.0,0.0,0.0,6.01,2.69,0.0
20151215:0010,0.0,0.0,0.0,5.94,2.69,0.0
20151215:0110,0.0,0.0,0.0,5.8,2.76,0.0
20151215:0210,0.0,0.0,0.0,5.71,2.83,0.0
20151215:0310,0.0,0.0,0.0,5.83,2.83,0.0
20151215:0410,0.0,0.0,0.0,5.81,2.83,0.0
20151215:0510,0.0,0.0,0.0,6.09,2.83,0.0
20151215:0610,0.0,0.0,0.0,6.19,2.97,0.0
20151215:0710,0.0,0.0,0.0,6.76,2.69,0.0
20151215:0810,6434.04,113.22,3.42,6.81,2.97,0.0
20151215:0910,11364.51,184.34,10.0,7.25,3.45,0.0
20151215:1010,7272.74,125.69,14.81,7.8,3.72,0.0
20151215:1110,6534.23,115.45,17.45,8.52,3.45,0.0
20151215:1210,26464.05,409.3,17.67,8.98,3.24,0.0
20151215:1310,20229.63,316.03,15.43,8.92,3.31,0.0
20151215:1410,17947.31,283.1,10.97,9.02,3.31,0.0
20151215:1510,792.4,23.82,4.66,8.95,3.38,0.0
20151215:1610,0.0,0.0,0.0,8.74,3.59,0.0
20151215:1710,0.0,0.0,0.0,8.73,3.66,0.0
20151215:1810,0.0,0.0,0.0,8.87,3.86,0.0
20151215:1910,0.0,0.0,0.0,9.73,3.59,0.0
20151215:2010,0.0,0.0,0.0,10.04,3.66,0.0
20151215:2110,0.0,0.0,0.0,10.27,3.59,0.0
20151215:2210,0.0,0.0,0.0,10.21,3.93,0.0
20151215:2310,0.0,0.0,0.0,10.0,4.07,0.0
20151216:0010,0.0,0.0,0.0,9.68,4.14,0.0
20151216:0110,0.0,0.0,0.0,9.56,4.14,0.0
20151216:0210,0.0,0.0,0.0,9.8,4.07,0.0
20151216:0310,0.0,0.0,0.0,10.2,4.07,0.0
20151216:0410,0.0,0.0,0.0,10.8,4.07,0.0
20151216:0510,0.0,0.0,0.0,11.25,4.07,0.0
20151216:0610,0.0,0.0,0.0,11.66,4.28,0.0
20151216:0710,0.0,0.0,0.0,12.07,4.48,0.0
20151216:0810,3839.02,75.51,3.32,12.49,4.62,0.0
20151216:0910,7652.24,133.34,9.92,12.94,4.76,0.0
20151216:1010,7603.66,133.35,14.74,13.39,4.76,0.0
20151216:1110,18198.54,290.99,17.39,13.65,4.83,0.0
20151216:1210,17259.66,277.36,17.63,13.7,4.48,0.0
20151216:1310,16186.43,261.51,15.41,13.65,3.93,0.0
20151216:1410,6741.44,120.57,10.97,13.7,3.72,0.0
20151216:1510,771.9,23.82,4.67,13.61,3.38,0.0
20151216:1610,0.0,0.0,0.0,13.34,2.83,0.0
20151216:1710,0.0,0.0,0.0,13.03,2.62,0.0
20151216:1810,0.0,0.0,0.0,13.05,2.9,0.0
20151216:1910,0.0,0.0,0.0,12.69,3.17,0.0
20151216:2010,0.0,0.0,0.0,12.88,3.45,0.0
20151216:2110,0.0,0.0,0.0,12.85,3.45,0.0
20151216:2210,0.0,0.0,0.0,12.88,3.52,0.0
20151216:2310,0.0,0.0,0.0,12.75,3.45,0.0
20151217:0010,0.0,0.0,0.0,12.55,3.38,0.0
20151217:0110,0.0,0.0,0.0,12.11,3.24,0.0
20151217:0210,0.0,0.0,0.0,11.38,2.97,0.0
20151217:0310,0.0,0.0,0.0,10.85,2.9,0.0
20151217:0410,0.0,0.0,0.0,10.25,2.9,0.0
20151217:0510,0.0,0.0,0.0,9.68,2.97,0.0
20151217:0610,0.0,0.0,0.0,9.29,2.97,0.0
20151217:0710,0.0,0.0,0.0,10.14,3.31,0.0
20151217:0810,3345.67,67.02,3.23,9.82,3.31,0.0
20151217:0910,25025.75,390.15,9.83,10.42,3.24,0.0
20151217:1010,36538.26,572.21,14.67,11.77,3.1,0.0
20151217:1110,34337.16,540.16,17.34,13.3,3.45,0.0
20151217:1210,43118.79,685.58,17.59,14.49,3.66,0.0
20151217:1310,42010.65,669.93,15.4,15.21,3.59,0.0
20151217:1410,17483.57,283.64,10.97,15.32,3.79,0.0
20151217:1510,766.59,23.82,4.69,14.86,3.93,0.0
20151217:1610,0.0,0.0,0.0,13.86,3.93,0.0
20151217:1710,0.0,0.0,0.0,13.3,3.79,0.0
20151217:1810,0.0,0.0,0.0,12.86,3.66,0.0
20151217:1910,0.0,0.0,0.0,12.94,3.66,0.0
20151217:2010,0.0,0.0,0.0,12.71,3.79,0.0
20151217:2110,0.0,0.0,0.0,12.24,4.0,0.0
20151217:2210,0.0,0.0,0.0,11.53,3.79,0.0
20151217:2310,0.0,0.0,0.0,11.16,3.38,0.0
20151218:0010,0.0,0.0,0.0,10.71,3.17,0.0
20151218:0110,0.0,0.0,0.0,10.04,3.03,0.0
20151218:0210,0.0,0.0,0.0,10.0,2.9,0.0
20151218:0310,0.0,0.0,0.0,10.23,2.62,0.0
20151218:0410,0.0,0.0,0.0,10.57,2.28,0.0
20151218:0510,0.0,0.0,0.0,10.79,2.07,0.0
20151218:0610,0.0,0.0,0.0,10.79,1.93,0.0
20151218:0710,0.0,0.0,0.0,10.17,1.72,0.0
20151218:0810,181.4,10.94,3.15,10.55,1.52,0.0
20151218:0910,4250.4,81.39,9.76,11.01,1.66,0.0
20151218:1010,6267.82,112.78,14.61,11.63,2.28,0.0
20151218:1110,11278.74,188.03,17.3,12.17,2.76,0.0
20151218:1210,17159.47,275.66,17.57,12.58,3.03,0.0
20151218:1310,12911.35,212.59,15.39,12.9,2.97,0.0
20151218:1410,3723.65,73.84,10.98,12.75,2.48,0.0
20151218:1510,522.19,18.71,4.72,12.54,2.48,0.0
20151218:1610,0.0,0.0,0.0,12.3,2.69,0.0
20151218:1710,0.0,0.0,0.0,12.29,2.9,0.0
20151218:1810,0.0,0.0,0.0,12.2,2.76,0.0
20151218:1910,0.0,0.0,0.0,11.69,2.48,0.0
20151218:2010,0.0,0.0,0.0,11.18,2.76,0.0
20151218:2110,0.0,0.0,0.0,10.59,2.83,0.0
20151218:2210,0.0,0.0,0.0,10.15,2.76,0.0
20151218:2310,0.0,0.0,0.0,9.76,2.9,0.0
20151219:0010,0.0,0.0,0.0,9.81,2.83,0.0
20151219:0110,0.0,0.0,0.0,9.74,2.76,0.0
20151219:0210,0.0,0.0,0.0,9.32,2.76,0.0
20151219:0310,0.0,0.0,0.0,9.05,2.69,0.0
20151219:0410,0.0,0.0,0.0,9.12,2.55,0.0
20151219:0510,0.0,0.0,0.0,8.8,2.69,0.0
20151219:0610,0.0,0.0,0.0,8.8,2.83,0.0
20151219:0710,0.0,0.0,0.0,9.09,3.1,0.0
20151219:0810,9335.7,158.06,3.07,9.28,3.17,0.0
20151219:0910,21181.41,331.96,9.69,10.03,2.97,0.0
20151219:1010,34882.88,544.79,14.55,11.07,2.9,0.0
20151219:1110,46155.55,733.07,17.26,12.38,2.97,0.0
20151219:1210,45290.29,721.76,17.55,13.49,3.1,0.0
20151219:1310,37451.34,593.28,15.39,14.15,3.31,0.0
20151219:1410,12151.59,202.31,11.0,14.15,3.24,0.0
20151219:1510,815.17,24.67,4.75,13.64,3.38,0.0
20151219:1610,0.0,0.0,0.0,12.51,3.45,0.0
20151219:1710,0.0,0.0,0.0,11.72,3.52,0.0
20151219:1810,0.0,0.0,0.0,11.17,3.66,0.0
20151219:1910,0.0,0.0,0.0,10.93,3.93,0.0
20151219:2010,0.0,0.0,0.0,10.82,4.07,0.0
20151219:2110,0.0,0.0,0.0,10.99,4.14,0.0
20151219:2210,0.0,0.0,0.0,11.04,4.07,0.0
20151219:2310,0.0,0.0,0.0,11.17,4.28,0.0
20151220:0010,0.0,0.0,0.0,11.21,4.21,0.0
20151220:0110,0.0,0.0,0.0,11.03,4.07,0.0
20151220:0210,0.0,0.0,0.0,11.02,3.93,0.0
20151220:0310,0.0,0.0,0.0,10.86,4.0,0.0
20151220:0410,0.0,0.0,0.0,10.56,4.07,0.0
20151220:0510,0.0,0.0,0.0,10.15,3.93,0.0
20151220:0610,0.0,0.0,0.0,9.6,3.66,0.0
20151220:0710,0.0,0.0,0.0,10.02,4.0,0.0
20151220:0810,2751.38,57.57,2.99,9.99,4.07,0.0
20151220:0910,20128.68,315.81,9.63,10.59,4.07,0.0
20151220:1010,25199.56,392.96,14.51,11.45,4.0,0.0
20151220:1110,13643.78,222.72,17.23,12.42,3.79,0.0
20151220:1210,42015.96,661.43,17.54,13.23,4.0,0.0
20151220:1310,37666.13,593.37,15.4,13.68,3.79,0.0
20151220:1410,4775.63,90.48,11.03,13.69,3.72,0.0
20151220:1510,645.15,21.26,4.79,13.07,3.66,0.0
20151220:1610,0.0,0.0,0.0,12.25,3.66,0.0
20151220:1710,0.0,0.0,0.0,11.96,3.66,0.0
20151220:1810,0.0,0.0,0.0,12.01,3.79,0.0
20151220:1910,0.0,0.0,0.0,12.08,3.66,0.0
20151220:2010,0.0,0.0,0.0,11.9,4.14,0.0
20151220:2110,0.0,0.0,0.0,11.82,4.34,0.0
20151220:2210,0.0,0.0,0.0,11.6,4.28,0.0
20151220:2310,0.0,0.0,0.0,11.29,4.21,0.0
20151221:0010,0.0,0.0,0.0,11.04,4.21,0.0
20151221:0110,0.0,0.0,0.0,10.84,4.48,0.0
20151221:0210,0.0,0.0,0.0,10.62,4.41,0.0
20151221:0310,0.0,0.0,0.0,10.11,4.48,0.0
20151221:0410,0.0,0.0,0.0,9.65,4.69,0.0
20151221:0510,0.0,0.0,0.0,9.12,4.9,0.0
20151221:0610,0.0,0.0,0.0,8.83,5.1,0.0
20151221:0710,0.0,0.0,0.0,8.65,5.31,0.0
20151221:0810,4887.96,90.56,2.93,8.55,5.45,0.0
20151221:0910,16745.06,263.0,9.57,9.04,5.72,0.0
20151221:1010,29705.74,455.75,14.47,10.03,5.52,0.0
20151221:1110,28860.98,445.03,17.21,10.9,5.59,0.0
20151221:1210,30335.71,467.88,17.54,11.64,6.34,0.0
20151221:1310,32211.96,495.17,15.42,12.22,8.07,0.0
20151221:1410,32061.68,496.74,11.06,12.3,6.76,0.0
20151221:1510,736.23,22.96,4.84,11.96,6.41,0.0
20151221:1610,0.0,0.0,0.0,11.85,6.55,0.0
20151221:1710,0.0,0.0,0.0,11.86,6.69,0.0
20151221:1810,0.0,0.0,0.0,12.01,6.83,0.0
20151221:1910,0.0,0.0,0.0,11.78,6.83,0.0
20151221:2010,0.0,0.0,0.0,11.84,6.69,0.0
20151221:2110,0.0,0.0,0.0,11.88,6.55,0.0
20151221:2210,0.0,0.0,0.0,11.92,6.21,0.0
20151221:2310,0.0,0.0,0.0,11.94,5.93,0.0
20151222:0010,0.0,0.0,0.0,11.95,5.79,0.0
20151222:0110,0.0,0.0,0.0,11.87,5.86,0.0
20151222:0210,0.0,0.0,0.0,11.86,5.86,0.0
20151222:0310,0.0,0.0,0.0,11.88,5.79,0.0
20151222:0410,0.0,0.0,0.0,11.88,5.59,0.0
20151222:0510,0.0,0.0,0.0,11.85,5.59,0.0
20151222:0610,0.0,0.0,0.0,11.8,5.66,0.0
20151222:0710,0.0,0.0,0.0,11.37,5.79,0.0
20151222:0810,7571.02,132.51,2.87,11.38,5.86,0.0
20151222:0910,13510.96,218.48,9.53,11.57,5.86,0.0
20151222:1010,24366.18,378.88,14.43,11.94,5.93,0.0
20151222:1110,38993.62,603.99,17.19,12.39,5.79,0.0
20151222:1210,43101.33,669.24,17.54,12.61,5.93,0.0
20151222:1310,36374.32,566.19,15.44,12.69,4.97,0.0
20151222:1410,29011.26,452.36,11.1,12.78,5.93,0.0
20151222:1510,864.5,25.52,4.89,12.78,5.72,0.0
20151222:1610,0.0,0.0,0.0,12.63,5.59,0.0
20151222:1710,0.0,0.0,0.0,12.71,5.66,0.0
20151222:1810,0.0,0.0,0.0,12.75,5.79,0.0
20151222:1910,0.0,0.0,0.0,12.1,5.72,0.0
20151222:2010,0.0,0.0,0.0,12.06,5.79,0.0
20151222:2110,0.0,0.0,0.0,12.03,5.86,0.0
20151222:2210,0.0,0.0,0.0,12.1,6.07,0.0
20151222:2310,0.0,0.0,0.0,12.09,6.28,0.0
20151223:0010,0.0,0.0,0.0,11.92,6.48,0.0
20151223:0110,0.0,0.0,0.0,11.63,6.41,0.0
20151223:0210,0.0,0.0,0.0,11.52,6.34,0.0
20151223:0310,0.0,0.0,0.0,11.79,6.34,0.0
20151223:0410,0.0,0.0,0.0,12.21,6.28,0.0
20151223:0510,0.0,0.0,0.0,12.45,5.93,0.0
20151223:0610,0.0,0.0,0.0,12.51,5.1,0.0
20151223:0710,0.0,0.0,0.0,11.72,4.34,0.0
20151223:0810,3488.36,69.75,2.82,11.22,3.86,0.0
20151223:0910,20675.92,325.58,9.49,11.43,3.72,0.0
20151223:1010,42381.04,664.53,14.41,11.75,3.52,0.0
20151223:1110,41002.7,640.89,17.19,12.06,4.07,0.0
20151223:1210,40881.26,640.69,17.55,12.3,3.86,0.0
20151223:1310,32984.62,516.33,15.47,12.44,3.59,0.0
20151223:1410,15620.98,252.49,11.15,12.37,3.17,0.0
20151223:1510,913.08,26.37,4.95,11.83,2.55,0.0
20151223:1610,0.0,0.0,0.0,10.47,2.41,0.0
20151223:1710,0.0,0.0,0.0,9.45,2.48,0.0
20151223:1810,0.0,0.0,0.0,9.01,2.55,0.0
20151223:1910,0.0,0.0,0.0,8.52,2.48,0.0
20151223:2010,0.0,0.0,0.0,8.23,2.62,0.0
20151223:2110,0.0,0.0,0.0,8.13,2.83,0.0
20151223:2210,0.0,0.0,0.0,8.56,3.03,0.0
20151223:2310,0.0,0.0,0.0,9.2,3.31,0.0
20151224:0010,0.0,0.0,0.0,9.52,3.31,0.0
20151224:0110,0.0,0.0,0.0,9.53,3.38,0.0
20151224:0210,0.0,0.0,0.0,9.73,3.66,0.0
20151224:0310,0.0,0.0,0.0,9.87,4.0,0.0
20151224:0410,0.0,0.0,0.0,9.92,4.14,0.0
20151224:0510,0.0,0.0,0.0,9.51,4.34,0.0
20151224:0610,0.0,0.0,0.0,9.26,4.55,0.0
20151224:0710,0.0,0.0,0.0,9.73,4.69,0.0
20151224:0810,1458.04,35.94,2.77,9.61,5.03,0.0
20151224:0910,8768.73,148.04,9.45,9.99,5.17,0.0
20151224:1010,26879.23,415.59,14.39,10.84,5.03,0.0
20151224:1110,2883.44,60.19,17.19,11.69,5.24,0.0
20151224:1210,10216.9,171.71,17.58,12.26,5.38,0.0
20151224:1310,39248.65,609.81,15.51,12.98,5.79,0.0
20151224:1410,5952.84,108.02,11.2,13.01,6.97,0.0
20151224:1510,908.52,26.37,5.02,12.82,6.48,0.0
20151224:1610,0.0,0.0,0.0,12.47,6.07,0.0
20151224:1710,0.0,0.0,0.0,12.11,5.86,0.0
20151224:1810,0.0,0.0,0.0,12.07,5.79,0.0
20151224:1910,0.0,0.0,0.0,11.88,5.72,0.0
20151224:2010,0.0,0.0,0.0,11.7,5.24,0.0
20151224:2110,0.0,0.0,0.0,11.32,4.41,0.0
20151224:2210,0.0,0.0,0.0,11.21,3.79,0.0
20151224:2310,0.0,0.0,0.0,10.84,3.31,0.0
20151225:0010,0.0,0.0,0.0,10.5,2.83,0.0
20151225:0110,0.0,0.0,0.0,10.36,2.48,0.0
20151225:0210,0.0,0.0,0.0,10.2,1.93,0.0
20151225:0310,0.0,0.0,0.0,9.9,1.1,0.0
20151225:0410,0.0,0.0,0.0,9.76,0.83,0.0
20151225:0510,0.0,0.0,0.0,9.9,1.17,0.0
20151225:0610,0.0,0.0,0.0,10.05,1.86,0.0
20151225:0710,0.0,0.0,0.0,10.2,4.0,0.0
20151225:0810,112.33,9.12,2.73,10.26,4.69,0.0
20151225:0910,377.98,15.5,9.43,10.54,5.1,0.0
20151225:1010,4950.96,92.35,14.38,11.21,5.31,0.0
20151225:1110,21518.41,336.97,17.2,11.64,5.38,0.0
20151225:1210,12872.64,210.36,17.6,11.91,5.38,0.0
20151225:1310,9829.05,165.9,15.56,12.4,4.97,0.0
20151225:1410,6932.71,122.86,11.26,12.66,4.34,0.0
20151225:1510,999.6,28.07,5.09,12.65,4.34,0.0
20151225:1610,0.0,0.0,0.0,12.32,4.28,0.0
20151225:1710,0.0,0.0,0.0,11.78,4.14,0.0
20151225:1810,0.0,0.0,0.0,11.39,4.07,0.0
20151225:1910,0.0,0.0,0.0,10.88,3.72,0.0
20151225:2010,0.0,0.0,0.0,10.52,3.86,0.0
20151225:2110,0.0,0.0,0.0,10.2,4.0,0.0
20151225:2210,0.0,0.0,0.0,10.02,4.0,0.0
20151225:2310,0.0,0.0,0.0,9.81,4.0,0.0
20151226:0010,0.0,0.0,0.0,9.66,3.93,0.0
20151226:0110,0.0,0.0,0.0,9.39,3.72,0.0
20151226:0210,0.0,0.0,0.0,9.08,3.52,0.0
20151226:0310,0.0,0.0,0.0,8.73,3.31,0.0
20151226:0410,0.0,0.0,0.0,8.34,3.24,0.0
20151226:0510,0.0,0.0,0.0,8.08,3.17,0.0
20151226:0610,0.0,0.0,0.0,7.94,3.17,0.0
20151226:0710,0.0,0.0,0.0,8.13,3.52,0.0
20151226:0810,7223.4,125.91,2.7,7.96,3.59,0.0
20151226:0910,31562.26,485.24,9.41,8.42,3.59,0.0
20151226:1010,40957.16,633.95,14.38,9.48,3.59,0.0
20151226:1110,47719.09,745.96,17.21,10.75,4.0,0.0
20151226:1210,47081.53,738.64,17.64,11.69,4.07,0.0
20151226:1310,40061.54,627.22,15.61,12.31,3.93,0.0
20151226:1410,26401.06,415.61,11.33,12.54,3.59,0.0
20151226:1510,735.47,22.96,5.17,12.02,3.31,0.0
20151226:1610,0.0,0.0,0.0,11.09,3.52,0.0
20151226:1710,0.0,0.0,0.0,10.21,3.66,0.0
20151226:1810,0.0,0.0,0.0,9.66,3.72,0.0
20151226:1910,0.0,0.0,0.0,9.21,3.45,0.0
20151226:2010,0.0,0.0,0.0,9.07,3.59,0.0
20151226:2110,0.0,0.0,0.0,8.9,3.72,0.0
20151226:2210,0.0,0.0,0.0,8.85,3.86,0.0
20151226:2310,0.0,0.0,0.0,8.85,3.93,0.0
20151227:0010,0.0,0.0,0.0,8.79,4.0,0.0
20151227:0110,0.0,0.0,0.0,8.63,4.07,0.0
20151227:0210,0.0,0.0,0.0,8.46,4.07,0.0
20151227:0310,0.0,0.0,0.0,8.21,4.07,0.0
20151227:0410,0.0,0.0,0.0,7.99,4.0,0.0
20151227:0510,0.0,0.0,0.0,7.79,3.93,0.0
20151227:0610,0.0,0.0,0.0,7.65,3.86,0.0
20151227:0710,0.0,0.0,0.0,7.86,3.72,0.0
20151227:0810,5771.44,103.96,2.67,7.75,3.79,0.0
20151227:0910,25875.07,398.11,9.39,8.23,3.86,0.0
20151227:1010,43373.81,673.02,14.38,9.35,3.45,0.0
20151227:1110,45335.83,708.21,17.24,10.75,3.79,0.0
20151227:1210,44681.57,701.62,17.68,11.79,3.72,0.0
20151227:1310,37008.08,580.48,15.67,12.47,3.52,0.0
20151227:1410,22697.9,359.87,11.41,12.66,3.03,0.0
20151227:1510,957.1,27.22,5.26,12.04,2.76,0.0
20151227:1610,0.0,0.0,0.0,10.53,2.69,0.0
20151227:1710,0.0,0.0,0.0,9.46,2.62,0.0
20151227:1810,0.0,0.0,0.0,8.73,2.48,0.0
20151227:1910,0.0,0.0,0.0,7.96,2.55,0.0
20151227:2010,0.0,0.0,0.0,7.51,2.41,0.0
20151227:2110,0.0,0.0,0.0,7.05,2.34,0.0
20151227:2210,0.0,0.0,0.0,6.44,2.28,0.0
20151227:2310,0.0,0.0,0.0,5.87,2.28,0.0
20151228:0010,0.0,0.0,0.0,5.52,2.34,0.0
20151228:0110,0.0,0.0,0.0,5.22,2.41,0.0
20151228:0210,0.0,0.0,0.0,5.13,2.62,0.0
20151228:0310,0.0,0.0,0.0,5.01,2.9,0.0
20151228:0410,0.0,0.0,0.0,4.94,3.1,0.0
20151228:0510,0.0,0.0,0.0,4.97,3.24,0.0
20151228:0610,0.0,0.0,0.0,5.06,3.31,0.0
20151228:0710,0.0,0.0,0.0,5.53,3.31,0.0
20151228:0810,5863.28,104.43,2.65,5.38,3.24,0.0
20151228:0910,26746.4,408.3,9.39,6.08,3.24,0.0
20151228:1010,37049.07,569.4,14.4,7.72,3.03,0.0
20151228:1110,46044.74,716.99,17.27,9.38,3.45,0.0
20151228:1210,43650.09,682.35,17.73,10.62,3.45,0.0
20151228:1310,35079.46,548.49,15.74,11.54,3.17,0.0
20151228:1410,26556.65,417.07,11.49,11.81,3.31,0.0
20151228:1510,960.14,27.22,5.35,11.43,3.31,0.0
20151228:1610,0.0,0.0,0.0,10.32,3.66,0.0
20151228:1710,0.0,0.0,0.0,9.69,3.93,0.0
20151228:1810,0.0,0.0,0.0,9.32,3.86,0.0
20151228:1910,0.0,0.0,0.0,8.83,3.72,0.0
20151228:2010,0.0,0.0,0.0,8.78,3.86,0.0
20151228:2110,0.0,0.0,0.0,8.81,3.93,0.0
20151228:2210,0.0,0.0,0.0,9.09,4.07,0.0
20151228:2310,0.0,0.0,0.0,9.19,4.14,0.0
20151229:0010,0.0,0.0,0.0,9.09,4.07,0.0
20151229:0110,0.0,0.0,0.0,9.06,4.0,0.0
20151229:0210,0.0,0.0,0.0,9.32,3.93,0.0
20151229:0310,0.0,0.0,0.0,9.8,3.93,0.0
20151229:0410,0.0,0.0,0.0,10.12,3.72,0.0
20151229:0510,0.0,0.0,0.0,9.97,3.24,0.0
20151229:0610,0.0,0.0,0.0,9.59,2.97,0.0
20151229:0710,0.0,0.0,0.0,9.96,3.59,0.0
20151229:0810,80.45,8.21,2.64,9.95,3.59,0.0
20151229:0910,3383.62,67.47,9.39,9.94,3.86,0.0
20151229:1010,16269.16,257.96,14.42,9.88,4.21,0.0
20151229:1110,38251.32,590.65,17.31,10.48,4.55,0.0
20151229:1210,24459.53,380.2,17.79,10.84,4.76,0.0
20151229:1310,20981.04,329.25,15.82,11.32,4.62,0.0
20151229:1410,24338.85,381.22,11.58,11.45,4.07,0.0
20151229:1510,653.5,21.26,5.45,10.87,3.24,0.0
20151229:1610,0.0,0.0,0.0,9.7,2.83,0.0
20151229:1710,0.0,0.0,0.0,8.48,2.69,0.0
20151229:1810,0.0,0.0,0.0,7.83,2.76,0.0
20151229:1910,0.0,0.0,0.0,7.09,2.97,0.0
20151229:2010,0.0,0.0,0.0,6.67,2.97,0.0
20151229:2110,0.0,0.0,0.0,6.29,2.83,0.0
20151229:2210,0.0,0.0,0.0,6.15,2.9,0.0
20151229:2310,0.0,0.0,0.0,6.06,3.1,0.0
20151230:0010,0.0,0.0,0.0,5.94,3.1,0.0
20151230:0110,0.0,0.0,0.0,5.63,3.17,0.0
20151230:0210,0.0,0.0,0.0,5.55,3.38,0.0
20151230:0310,0.0,0.0,0.0,5.54,3.45,0.0
20151230:0410,0.0,0.0,0.0,5.82,3.38,0.0
20151230:0510,0.0,0.0,0.0,6.23,3.38,0.0
20151230:0610,0.0,0.0,0.0,6.33,3.38,0.0
20151230:0710,0.0,0.0,0.0,6.82,3.38,0.0
20151230:0810,1348.74,33.69,2.63,6.59,3.45,0.0
20151230:0910,6191.16,108.76,9.4,6.86,3.93,0.0
20151230:1010,22082.35,341.02,14.44,8.04,3.86,0.0
20151230:1110,34111.74,523.81,17.36,9.3,4.34,0.0
20151230:1210,26300.87,406.72,17.86,10.16,4.62,0.0
20151230:1310,19595.86,307.78,15.9,10.56,4.55,0.0
20151230:1410,21919.92,342.7,11.68,10.6,4.69,0.0
20151230:1510,1152.92,30.62,5.55,10.21,5.17,0.0
20151230:1610,0.0,0.0,0.0,9.47,5.24,0.0
20151230:1710,0.0,0.0,0.0,8.75,5.17,0.0
20151230:1810,0.0,0.0,0.0,8.23,4.9,0.0
20151230:1910,0.0,0.0,0.0,8.32,4.83,0.0
20151230:2010,0.0,0.0,0.0,8.14,4.83,0.0
20151230:2110,0.0,0.0,0.0,8.42,4.9,0.0
20151230:2210,0.0,0.0,0.0,9.13,4.97,0.0
20151230:2310,0.0,0.0,0.0,10.31,5.03,0.0
20151231:0010,0.0,0.0,0.0,9.74,5.03,0.0
20151231:0110,0.0,0.0,0.0,9.42,5.1,0.0
20151231:0210,0.0,0.0,0.0,10.16,5.1,0.0
20151231:0310,0.0,0.0,0.0,10.3,4.97,0.0
20151231:0410,0.0,0.0,0.0,10.05,4.83,0.0
20151231:0510,0.0,0.0,0.0,9.27,4.69,0.0
20151231:0610,0.0,0.0,0.0,8.28,4.34,0.0
20151231:0710,0.0,0.0,0.0,7.68,3.93,0.0
20151231:0810,8015.8,137.35,2.63,6.95,3.66,0.0
20151231:0910,27300.47,418.22,9.42,7.12,3.45,0.0
20151231:1010,37107.51,571.32,14.48,8.17,3.1,0.0
20151231:1110,44820.47,695.96,17.41,9.29,3.59,0.0
20151231:1210,49369.16,771.87,17.93,10.04,3.79,0.0
20151231:1310,44129.02,687.59,15.99,10.59,3.86,0.0
20151231:1410,29967.6,466.61,11.78,10.73,3.66,0.0
20151231:1510,921.43,26.37,5.67,10.23,3.31,0.0
20151231:1610,0.0,0.0,0.0,9.13,3.38,0.0
20151231:1710,0.0,0.0,0.0,8.11,3.45,0.0
20151231:1810,0.0,0.0,0.0,7.59,3.59,0.0
20151231:1910,0.0,0.0,0.0,7.5,3.79,0.0
20151231:2010,0.0,0.0,0.0,7.1,3.72,0.0
20151231:2110,0.0,0.0,0.0,6.8,3.79,0.0
20151231:2210,0.0,0.0,0.0,6.55,3.72,0.0
20151231:2310,0.0,0.0,0.0,6.53,3.45,0.0
21150101:0009,0.0,0.0,0.0,7.98,1.86,0.0
21150101:0109,0.0,0.0,0.0,7.29,1.72,0.0
21150101:0209,0.0,0.0,0.0,6.79,1.66,0.0
21150101:0309,0.0,0.0,0.0,6.39,1.66,0.0
21150101:0409,0.0,0.0,0.0,6.15,1.72,0.0
21150101:0509,0.0,0.0,0.0,6.0,1.79,0.0
21150101:0609,0.0,0.0,0.0,5.72,1.86,0.0
21150101:0709,0.0,0.0,0.0,5.32,1.66,0.0
21150101:0809,10673.82,186.71,5.79,5.09,1.59,0.0
21150101:0909,29794.54,473.2,15.63,8.34,0.97,0.0
21150101:1009,42548.02,700.32,23.88,12.69,0.41,0.0
21150101:1109,50491.72,850.08,29.85,14.49,0.69,0.0
21150101:1209,55090.5,930.25,32.8,15.49,1.38,0.0
21150101:1309,55602.06,935.17,32.28,16.08,1.79,0.0
21150101:1409,51257.55,850.33,28.36,16.36,2.07,0.0
21150101:1509,42479.71,691.72,21.64,16.21,2.28,0.0
21150101:1609,27963.84,453.55,12.85,15.61,2.28,0.0
21150101:1709,4417.38,90.78,2.64,14.3,2.28,0.0
21150101:1809,0.0,0.0,0.0,12.69,2.55,0.0
21150101:1909,0.0,0.0,0.0,11.89,2.41,0.0
21150101:2009,0.0,0.0,0.0,11.04,2.34,0.0
21150101:2109,0.0,0.0,0.0,10.17,2.21,0.0
21150101:2209,0.0,0.0,0.0,9.19,2.07,0.0
21150101:2309,0.0,0.0,0.0,8.32,2.0,0.0
21150102:0009,0.0,0.0,0.0,7.73,1.93,0.0
21150102:0109,0.0,0.0,0.0,7.28,1.93,0.0
21150102:0209,0.0,0.0,0.0,6.54,1.86,0.0
21150102:0309,0.0,0.0,0.0,5.67,1.72,0.0
21150102:0409,0.0,0.0,0.0,4.91,1.66,0.0
21150102:0509,0.0,0.0,0.0,4.31,1.72,0.0
21150102:0609,0.0,0.0,0.0,4.02,1.93,0.0
21150102:0709,0.0,0.0,0.0,4.31,2.21,0.0
21150102:0809,10479.51,182.87,5.77,4.27,2.14,0.0
21150102:0909,30427.55,477.58,15.63,6.98,1.59,0.0
21150102:1009,43030.75,693.76,23.9,11.08,1.17,0.0
21150102:1109,50719.42,850.21,29.89,13.88,0.76,0.0
21150102:1209,54367.17,939.05,32.88,15.58,0.41,0.0
21150102:1309,54185.77,936.96,32.38,16.57,0.55,0.0
21150102:1409,50008.99,845.89,28.48,16.96,1.03,0.0
21150102:1509,41702.5,689.14,21.77,16.84,1.31,0.0
21150102:1609,27015.85,442.07,12.99,16.31,1.52,0.0
21150102:1709,4733.12,96.27,2.78,15.06,1.86,0.0
21150102:1809,0.0,0.0,0.0,13.45,2.34,0.0
21150102:1909,0.0,0.0,0.0,12.46,2.28,0.0
21150102:2009,0.0,0.0,0.0,11.39,2.21,0.0
21150102:2109,0.0,0.0,0.0,10.17,2.07,0.0
21150102:2209,0.0,0.0,0.0,8.91,2.0,0.0
21150102:2309,0.0,0.0,0.0,8.07,2.07,0.0
21150103:0009,0.0,0.0,0.0,7.58,2.07,0.0
21150103:0109,0.0,0.0,0.0,7.09,1.93,0.0
21150103:0209,0.0,0.0,0.0,6.61,1.86,0.0
21150103:0309,0.0,0.0,0.0,6.32,1.86,0.0
21150103:0409,0.0,0.0,0.0,6.01,1.93,0.0
21150103:0509,0.0,0.0,0.0,5.64,1.93,0.0
21150103:0609,0.0,0.0,0.0,5.24,1.86,0.0
21150103:0709,0.0,0.0,0.0,4.9,1.93,0.0
21150103:0809,10425.62,182.72,5.75,4.78,1.79,0.0
21150103:0909,30217.31,476.7,15.63,7.25,1.17,0.0
21150103:1009,42666.43,694.02,23.93,11.59,0.76,0.0
21150103:1109,49728.92,843.44,29.95,14.3,0.28,0.0
21150103:1209,53504.19,932.0,32.96,16.02,0.14,0.0
21150103:1309,53935.3,931.31,32.49,17.08,0.69,0.0
21150103:1409,50486.4,855.09,28.6,17.52,1.17,0.0
21150103:1509,42159.41,697.11,21.9,17.41,1.52,0.0
21150103:1609,27699.7,454.71,13.12,16.87,1.45,0.0
21150103:1709,4672.4,95.3,2.92,15.8,1.52,0.0
21150103:1809,0.0,0.0,0.0,13.84,1.1,0.0
21150103:1909,0.0,0.0,0.0,11.92,1.24,0.0
21150103:2009,0.0,0.0,0.0,12.12,1.1,0.0
21150103:2109,0.0,0.0,0.0,9.61,1.66,0.0
21150103:2209,0.0,0.0,0.0,7.99,1.79,0.0
21150103:2309,0.0,0.0,0.0,7.15,1.72,0.0
21150104:0009,0.0,0.0,0.0,6.75,1.79,0.0
21150104:0109,0.0,0.0,0.0,6.58,1.93,0.0
21150104:0209,0.0,0.0,0.0,6.61,2.07,0.0
21150104:0309,0.0,0.0,0.0,6.73,2.21,0.0
21150104:0409,0.0,0.0,0.0,6.8,2.34,0.0
21150104:0509,0.0,0.0,0.0,6.72,2.34,0.0
21150104:0609,0.0,0.0,0.0,6.61,2.41,0.0
21150104:0709,0.0,0.0,0.0,6.99,2.41,0.0
21150104:0809,10056.75,178.58,5.74,7.14,2.34,0.0
21150104:0909,30033.63,475.68,15.64,9.2,1.79,0.0
21150104:1009,42649.73,692.68,23.96,13.0,1.31,0.0
21150104:1109,50484.88,843.66,30.01,15.49,1.31,0.0
21150104:1209,55705.29,940.8,33.05,16.75,1.79,0.0
21150104:1309,55262.79,932.86,32.6,17.3,1.93,0.0
21150104:1409,50856.8,848.95,28.74,17.42,2.0,0.0
21150104:1509,42242.14,693.77,22.04,17.12,1.93,0.0
21150104:1609,27403.7,448.02,13.27,16.44,1.66,0.0
21150104:1709,5332.73,106.1,3.06,15.19,1.38,0.0
21150104:1809,0.0,0.0,0.0,13.6,1.24,0.0
21150104:1909,0.0,0.0,0.0,13.32,0.48,0.0
21150104:2009,0.0,0.0,0.0,12.92,0.55,0.0
21150104:2109,0.0,0.0,0.0,10.51,1.31,0.0
21150104:2209,0.0,0.0,0.0,8.53,2.0,0.0
21150104:2309,0.0,0.0,0.0,7.69,1.86,0.0
21150105:0009,0.0,0.0,0.0,7.16,1.72,0.0
21150105:0109,0.0,0.0,0.0,6.77,1.66,0.0
21150105:0209,0.0,0.0,0.0,6.56,1.59,0.0
21150105:0309,0.0,0.0,0.0,6.29,1.52,0.0
21150105:0409,0.0,0.0,0.0,6.09,1.59,0.0
21150105:0509,0.0,0.0,0.0,6.45,1.45,0.0
21150105:0609,0.0,0.0,0.0,6.25,1.59,0.0
21150105:0709,0.0,0.0,0.0,6.77,1.59,0.0
21150105:0809,8879.54,159.76,5.74,7.15,1.59,0.0
21150105:0909,28341.06,451.96,15.66,9.6,1.17,0.0
21150105:1009,42218.62,687.58,24.0,12.84,1.03,0.0
21150105:1109,50271.61,843.75,30.08,14.29,0.76,0.0
21150105:1209,54668.49,933.54,33.15,15.39,0.83,0.0
21150105:1309,54933.38,934.27,32.73,16.02,1.17,0.0
21150105:1409,50082.62,836.78,28.88,16.35,1.52,0.0
21150105:1509,40960.95,670.81,22.19,16.22,1.66,0.0
21150105:1609,28385.84,461.19,13.41,15.62,1.93,0.0
21150105:1709,6367.25,122.75,3.2,14.39,1.86,0.0
21150105:1809,0.0,0.0,0.0,12.67,1.79,0.0
21150105:1909,0.0,0.0,0.0,11.84,1.59,0.0
21150105:2009,0.0,0.0,0.0,10.95,1.03,0.0
21150105:2109,0.0,0.0,0.0,11.54,0.76,0.0
21150105:2209,0.0,0.0,0.0,9.44,1.38,0.0
21150105:2309,0.0,0.0,0.0,8.52,1.66,0.0
21150106:0009,0.0,0.0,0.0,8.37,1.59,0.0
21150106:0109,0.0,0.0,0.0,8.0,1.45,0.0
21150106:0209,0.0,0.0,0.0,8.26,1.52,0.0
21150106:0309,0.0,0.0,0.0,8.78,1.59,0.0
21150106:0409,0.0,0.0,0.0,8.93,1.72,0.0
21150106:0509,0.0,0.0,0.0,9.18,1.79,0.0
21150106:0609,0.0,0.0,0.0,9.45,1.72,0.0
21150106:0709,0.0,0.0,0.0,9.33,1.72,0.0
21150106:0809,10918.22,195.15,5.74,9.33,1.86,0.0
21150106:0909,26354.0,420.21,15.68,10.25,1.59,0.0
21150106:1009,38962.51,626.62,24.04,12.2,1.38,0.0
21150106:1109,15882.08,263.62,30.15,13.98,0.62,0.0
21150106:1209,23103.96,378.52,33.26,15.16,0.83,0.0
21150106:1309,24347.2,397.81,32.86,15.73,1.31,0.0
21150106:1409,20655.43,338.17,29.02,15.84,1.66,0.0
21150106:1509,36698.41,596.35,22.34,15.82,1.72,0.0
21150106:1609,27641.26,449.6,13.57,15.35,1.59,0.0
21150106:1709,5801.8,113.29,3.35,14.43,1.31,0.0
21150106:1809,0.0,0.0,0.0,13.17,1.45,0.0
21150106:1909,0.0,0.0,0.0,12.29,1.59,0.0
21150106:2009,0.0,0.0,0.0,11.2,1.72,0.0
21150106:2109,0.0,0.0,0.0,10.67,1.72,0.0
21150106:2209,0.0,0.0,0.0,10.14,1.72,0.0
21150106:2309,0.0,0.0,0.0,9.35,1.86,0.0
21150107:0009,0.0,0.0,0.0,8.52,1.86,0.0
21150107:0109,0.0,0.0,0.0,8.3,1.86,0.0
21150107:0209,0.0,0.0,0.0,8.12,1.86,0.0
21150107:0309,0.0,0.0,0.0,8.0,1.72,0.0
21150107:0409,0.0,0.0,0.0,7.75,1.79,0.0
21150107:0509,0.0,0.0,0.0,7.48,1.79,0.0
21150107:0609,0.0,0.0,0.0,7.21,1.86,0.0
21150107:0709,0.0,0.0,0.0,6.99,1.86,0.0
21150107:0809,9918.61,176.74,5.75,6.69,1.66,0.0
21150107:0909,28634.03,455.26,15.7,8.63,1.03,0.0
21150107:1009,43000.39,698.88,24.1,12.42,1.1,0.0
21150107:1109,46784.0,760.55,30.24,14.1,2.21,0.0
21150107:1209,42819.74,692.0,33.37,14.88,2.76,0.0
21150107:1309,29100.82,467.97,32.99,15.35,2.9,0.0
21150107:1409,32140.61,516.16,29.17,15.57,2.9,0.0
21150107:1509,24890.65,399.99,22.5,15.49,2.97,0.0
21150107:1609,31090.92,499.68,13.72,15.0,3.03,0.0
21150107:1709,5095.93,100.74,3.51,13.85,2.69,0.0
21150107:1809,0.0,0.0,0.0,12.28,2.62,0.0
21150107:1909,0.0,0.0,0.0,11.51,2.34,0.0
21150107:2009,0.0,0.0,0.0,10.87,2.28,0.0
21150107:2109,0.0,0.0,0.0,10.23,2.14,0.0
21150107:2209,0.0,0.0,0.0,9.61,2.0,0.0
21150107:2309,0.0,0.0,0.0,8.92,1.86,0.0
21150108:0009,0.0,0.0,0.0,8.42,1.86,0.0
21150108:0109,0.0,0.0,0.0,7.92,1.86,0.0
21150108:0209,0.0,0.0,0.0,7.32,1.86,0.0
21150108:0309,0.0,0.0,0.0,6.92,1.72,0.0
21150108:0409,0.0,0.0,0.0,6.64,1.66,0.0
21150108:0509,0.0,0.0,0.0,6.4,1.72,0.0
21150108:0609,0.0,0.0,0.0,6.23,1.93,0.0
21150108:0709,0.0,0.0,0.0,6.14,2.14,0.0
21150108:0809,7404.04,135.23,5.76,6.09,2.0,0.0
21150108:0909,18809.54,300.85,15.74,8.44,1.24,0.0
21150108:1009,28872.36,461.79,24.16,12.14,1.24,0.0
21150108:1109,52610.08,865.68,30.33,13.88,1.93,0.0
21150108:1209,56959.16,944.46,33.49,15.09,2.48,0.0
21150108:1309,57086.67,946.33,33.14,15.96,2.83,0.0
21150108:1409,52368.72,858.69,29.33,16.39,3.1,0.0
21150108:1509,43245.54,698.27,22.66,16.4,3.31,0.0
21150108:1609,28872.36,465.39,13.88,15.89,3.24,0.0
21150108:1709,6943.33,131.57,3.66,14.63,2.9,0.0
21150108:1809,0.0,0.0,0.0,13.01,2.83,0.0
21150108:1909,0.0,0.0,0.0,12.23,2.62,0.0
21150108:2009,0.0,0.0,0.0,11.69,2.48,0.0
21150108:2109,0.0,0.0,0.0,11.23,2.41,0.0
21150108:2209,0.0,0.0,0.0,10.87,2.48,0.0
21150108:2309,0.0,0.0,0.0,10.43,2.62,0.0
21150109:0009,0.0,0.0,0.0,9.9,2.69,0.0
21150109:0109,0.0,0.0,0.0,9.23,2.69,0.0
21150109:0209,0.0,0.0,0.0,8.48,2.55,0.0
21150109:0309,0.0,0.0,0.0,7.84,2.41,0.0
21150109:0409,0.0,0.0,0.0,7.3,2.41,0.0
21150109:0509,0.0,0.0,0.0,6.91,2.55,0.0
21150109:0609,0.0,0.0,0.0,6.61,2.55,0.0
21150109:0709,0.0,0.0,0.0,7.13,2.76,0.0
21150109:0809,11725.03,206.88,5.78,7.43,2.83,0.0
21150109:0909,22201.51,351.33,15.78,9.16,2.69,0.0
21150109:1009,42690.71,680.59,24.22,12.3,2.55,0.0
21150109:1109,48803.7,797.55,30.42,15.39,2.55,0.0
21150109:1209,55721.23,938.23,33.62,17.92,2.34,0.0
21150109:1309,41617.49,694.37,33.29,19.44,1.86,0.0
21150109:1409,17954.9,302.62,29.49,20.16,1.38,0.0
21150109:1509,26069.37,433.39,22.82,20.4,1.24,0.0
21150109:1609,15695.36,265.12,14.05,19.73,1.79,0.0
21150109:1709,7377.48,140.45,3.82,17.89,2.62,0.0
21150109:1809,0.0,0.0,0.0,15.84,2.83,0.0
21150109:1909,0.0,0.0,0.0,14.9,2.41,0.0
21150109:2009,0.0,0.0,0.0,13.77,2.28,0.0
21150109:2109,0.0,0.0,0.0,12.67,2.14,0.0
21150109:2209,0.0,0.0,0.0,11.72,2.14,0.0
21150109:2309,0.0,0.0,0.0,10.76,2.21,0.0
21150110:0009,0.0,0.0,0.0,9.97,2.28,0.0
21150110:0109,0.0,0.0,0.0,9.53,2.41,0.0
21150110:0209,0.0,0.0,0.0,9.28,2.55,0.0
21150110:0309,0.0,0.0,0.0,9.11,2.55,0.0
21150110:0409,0.0,0.0,0.0,8.84,2.48,0.0
21150110:0509,0.0,0.0,0.0,8.39,2.28,0.0
21150110:0609,0.0,0.0,0.0,7.72,2.21,0.0
21150110:0709,0.0,0.0,0.0,7.42,2.41,0.0
21150110:0809,1328.25,33.74,5.8,7.48,2.48,0.0
21150110:0909,28954.33,458.27,15.82,9.49,2.14,0.0
21150110:1009,39767.81,639.88,24.3,12.6,1.59,0.0
21150110:1109,4942.61,94.74,30.53,15.69,1.1,0.0
21150110:1209,53308.37,925.0,33.75,17.84,0.62,0.0
21150110:1309,54174.38,942.6,33.45,19.17,0.9,0.0
21150110:1409,50565.34,863.51,29.66,19.4,1.31,0.0
21150110:1509,42440.24,709.55,23.0,19.02,1.38,0.0
21150110:1609,28794.94,476.49,14.22,18.21,1.17,0.0
21150110:1709,7304.62,138.84,3.99,16.97,1.03,0.0
21150110:1809,0.0,0.0,0.0,15.11,0.83,0.0
21150110:1909,0.0,0.0,0.0,12.85,1.59,0.0
21150110:2009,0.0,0.0,0.0,11.23,2.07,0.0
21150110:2109,0.0,0.0,0.0,9.63,1.72,0.0
21150110:2209,0.0,0.0,0.0,8.79,1.52,0.0
21150110:2309,0.0,0.0,0.0,8.51,1.38,0.0
21150111:0009,0.0,0.0,0.0,8.78,1.31,0.0
21150111:0109,0.0,0.0,0.0,9.27,1.45,0.0
21150111:0209,0.0,0.0,0.0,9.14,1.79,0.0
21150111:0309,0.0,0.0,0.0,8.56,1.93,0.0
21150111:0409,0.0,0.0,0.0,8.08,2.0,0.0
21150111:0509,0.0,0.0,0.0,7.69,1.93,0.0
21150111:0609,0.0,0.0,0.0,7.1,1.86,0.0
21150111:0709,0.0,0.0,0.0,7.44,1.79,0.0
21150111:0809,11701.5,207.32,5.83,7.21,1.59,0.0
21150111:0909,30539.12,493.02,15.87,10.55,0.62,0.0
21150111:1009,36318.15,596.99,24.38,14.21,0.34,0.0
21150111:1109,27367.26,447.3,30.64,15.59,0.9,0.0
21150111:1209,27994.2,455.15,33.89,15.75,1.72,0.0
21150111:1309,26807.12,434.79,33.61,15.49,1.93,0.0
21150111:1409,16330.64,270.51,29.84,15.3,1.72,0.0
21150111:1509,26690.24,432.45,23.17,15.43,1.45,0.0
21150111:1609,8733.81,153.45,14.39,15.42,1.03,0.0
21150111:1709,4185.88,85.36,4.15,14.9,1.17,0.0
21150111:1809,0.0,0.0,0.0,13.91,1.72,0.0
21150111:1909,0.0,0.0,0.0,13.4,1.72,0.0
21150111:2009,0.0,0.0,0.0,12.91,1.66,0.0
21150111:2109,0.0,0.0,0.0,12.41,1.52,0.0
21150111:2209,0.0,0.0,0.0,12.11,1.66,0.0
21150111:2309,0.0,0.0,0.0,11.97,1.93,0.0
21150112:0009,0.0,0.0,0.0,11.83,2.21,0.0
21150112:0109,0.0,0.0,0.0,11.67,2.34,0.0
21150112:0209,0.0,0.0,0.0,11.48,2.28,0.0
21150112:0309,0.0,0.0,0.0,11.21,2.21,0.0
21150112:0409,0.0,0.0,0.0,10.8,2.21,0.0
21150112:0509,0.0,0.0,0.0,10.34,1.93,0.0
21150112:0609,0.0,0.0,0.0,9.7,1.59,0.0
21150112:0709,0.0,0.0,0.0,9.66,1.17,0.0
21150112:0809,4731.61,93.03,5.86,9.02,1.66,0.0
21150112:0909,17123.8,278.63,15.93,11.19,1.31,0.0
21150112:1009,42838.72,704.45,24.46,15.14,1.24,0.0
21150112:1109,50605.57,861.45,30.76,17.53,0.97,0.0
21150112:1209,54550.85,962.92,34.04,19.17,0.41,0.0
21150112:1309,53512.54,946.97,33.78,20.09,0.41,0.0
21150112:1409,49522.47,853.39,30.02,20.42,1.03,0.0
21150112:1509,37933.3,632.87,23.35,20.54,1.66,0.0
21150112:1609,18923.39,316.28,14.57,19.92,1.93,0.0
21150112:1709,5604.46,110.36,4.32,18.35,2.21,0.0
21150112:1809,0.0,0.0,0.0,16.51,2.28,0.0
21150112:1909,0.0,0.0,0.0,16.21,2.0,0.0
21150112:2009,0.0,0.0,0.0,15.35,1.93,0.0
21150112:2109,0.0,0.0,0.0,14.81,1.72,0.0
21150112:2209,0.0,0.0,0.0,14.2,1.52,0.0
21150112:2309,0.0,0.0,0.0,13.91,1.1,0.0
21150113:0009,0.0,0.0,0.0,13.41,0.97,0.0
21150113:0109,0.0,0.0,0.0,12.73,1.31,0.0
21150113:0209,0.0,0.0,0.0,12.57,1.52,0.0
21150113:0309,0.0,0.0,0.0,12.79,1.72,0.0
21150113:0409,0.0,0.0,0.0,12.8,1.79,0.0
21150113:0509,0.0,0.0,0.0,12.77,1.72,0.0
21150113:0609,0.0,0.0,0.0,12.57,1.72,0.0
21150113:0709,0.0,0.0,0.0,12.99,1.1,0.0
21150113:0809,5917.16,114.69,5.9,12.88,1.45,0.0
21150113:0909,6582.81,120.0,16.0,14.55,0.97,0.0
21150113:1009,9265.87,164.66,24.56,18.36,0.41,0.0
21150113:1109,42318.04,727.89,30.88,20.65,0.41,0.0
21150113:1209,20661.5,347.9,34.2,20.85,1.31,0.0
21150113:1309,11274.95,196.97,33.96,19.88,1.93,0.0
21150113:1409,8117.51,146.33,30.21,18.7,1.86,0.0
21150113:1509,7762.29,140.31,23.54,18.09,1.59,0.0
21150113:1609,3174.14,66.6,14.75,17.44,1.45,0.0
21150113:1709,797.71,24.86,4.49,16.74,1.45,0.0
21150113:1809,0.0,0.0,0.0,16.09,1.52,0.0
21150113:1909,0.0,0.0,0.0,15.65,1.1,0.0
21150113:2009,0.0,0.0,0.0,15.46,1.1,0.0
21150113:2109,0.0,0.0,0.0,15.28,1.17,0.0
21150113:2209,0.0,0.0,0.0,14.91,1.17,0.0
21150113:2309,0.0,0.0,0.0,14.32,1.17,0.0
21150114:0009,0.0,0.0,0.0,13.52,1.31,0.0
21150114:0109,0.0,0.0,0.0,12.74,1.72,0.0
21150114:0209,0.0,0.0,0.0,12.26,1.72,0.0
21150114:0309,0.0,0.0,0.0,11.94,1.79,0.0
21150114:0409,0.0,0.0,0.0,11.56,1.86,0.0
21150114:0509,0.0,0.0,0.0,11.09,1.79,0.0
21150114:0609,0.0,0.0,0.0,10.75,1.72,0.0
21150114:0709,0.0,0.0,0.0,10.94,1.66,0.0
21150114:0809,9087.51,166.95,5.95,10.8,1.52,0.0
21150114:0909,12023.32,202.75,16.07,12.69,0.62,0.0
21150114:1009,42702.86,716.57,24.65,15.13,0.14,0.0
21150114:1109,13490.47,229.06,31.01,16.5,0.9,0.0
21150114:1209,14550.03,245.7,34.36,17.16,1.72,0.0
21150114:1309,44723.32,736.96,34.14,17.44,2.41,0.0
21150114:1409,39622.08,646.96,30.4,17.6,2.62,0.0
21150114:1509,20103.63,329.83,23.73,17.61,2.62,0.0
21150114:1609,27679.21,450.96,14.93,17.33,2.48,0.0
21150114:1709,8002.9,148.83,4.67,16.45,2.14,0.0
21150114:1809,0.0,0.0,0.0,14.84,2.07,0.0
21150114:1909,0.0,0.0,0.0,14.17,2.0,0.0
21150114:2009,0.0,0.0,0.0,13.33,1.86,0.0
21150114:2109,0.0,0.0,0.0,12.72,1.72,0.0
21150114:2209,0.0,0.0,0.0,12.01,1.52,0.0
21150114:2309,0.0,0.0,0.0,11.75,1.31,0.0
21150115:0009,0.0,0.0,0.0,11.3,1.31,0.0
21150115:0109,0.0,0.0,0.0,10.38,1.45,0.0
21150115:0209,0.0,0.0,0.0,9.74,1.45,0.0
21150115:0309,0.0,0.0,0.0,9.67,1.59,0.0
21150115:0409,0.0,0.0,0.0,9.63,1.45,0.0
21150115:0509,0.0,0.0,0.0,9.68,1.45,0.0
21150115:0609,0.0,0.0,0.0,9.66,1.52,0.0
21150115:0709,0.0,0.0,0.0,10.47,1.38,0.0
21150115:0809,4918.32,96.93,6.0,10.98,1.52,0.0
21150115:0909,18637.25,303.85,16.14,12.53,1.31,0.0
21150115:1009,41226.6,677.25,24.76,14.35,0.9,0.0
21150115:1109,51326.62,864.79,31.15,15.88,1.1,0.0
21150115:1209,51155.08,863.34,34.53,17.09,1.45,0.0
21150115:1309,42670.22,705.7,34.33,17.73,2.0,0.0
21150115:1409,46314.18,765.44,30.6,18.05,2.48,0.0
21150115:1509,41633.43,680.97,23.93,17.78,2.55,0.0
21150115:1609,28630.24,464.92,15.12,16.98,2.69,0.0
21150115:1709,8574.42,157.4,4.85,15.8,2.28,0.0
21150115:1809,0.0,0.0,0.0,14.25,1.86,0.0
21150115:1909,0.0,0.0,0.0,13.52,1.59,0.0
21150115:2009,0.0,0.0,0.0,12.68,1.93,0.0
21150115:2109,0.0,0.0,0.0,12.51,2.28,0.0
21150115:2209,0.0,0.0,0.0,12.35,2.48,0.0
21150115:2309,0.0,0.0,0.0,12.32,2.97,0.0
21150116:0009,0.0,0.0,0.0,12.24,3.24,0.0
21150116:0109,0.0,0.0,0.0,12.17,3.45,0.0
21150116:0209,0.0,0.0,0.0,11.95,3.66,0.0
21150116:0309,0.0,0.0,0.0,11.75,4.0,0.0
21150116:0409,0.0,0.0,0.0,11.61,4.28,0.0
21150116:0509,0.0,0.0,0.0,11.66,4.48,0.0
21150116:0609,0.0,0.0,0.0,11.78,4.76,0.0
21150116:0709,0.0,0.0,0.0,11.71,3.45,0.0
21150116:0809,4640.53,92.49,6.06,11.75,2.28,0.0
21150116:0909,3096.72,63.78,16.23,11.74,2.55,0.0
21150116:1009,7804.8,136.99,24.87,11.83,3.03,0.0
21150116:1109,12794.46,212.86,31.3,12.34,3.03,0.0
21150116:1209,6014.32,109.75,34.71,12.19,3.31,0.0
21150116:1309,13344.74,221.33,34.53,12.44,3.24,0.0
21150116:1409,32926.94,521.03,30.8,12.9,3.31,0.0
21150116:1509,15810.73,257.6,24.13,13.01,3.45,0.0
21150116:1609,9767.57,166.7,15.31,12.83,3.03,0.0
21150116:1709,4116.06,82.56,5.03,12.49,2.83,0.0
21150116:1809,0.0,0.0,0.0,11.61,2.69,0.0
21150116:1909,0.0,0.0,0.0,11.4,2.69,0.0
21150116:2009,0.0,0.0,0.0,10.63,2.34,0.0
21150116:2109,0.0,0.0,0.0,10.32,1.79,0.0
21150116:2209,0.0,0.0,0.0,9.6,1.45,0.0
21150116:2309,0.0,0.0,0.0,9.09,1.45,0.0
21150117:0009,0.0,0.0,0.0,8.78,1.45,0.0
21150117:0109,0.0,0.0,0.0,8.22,1.59,0.0
21150117:0209,0.0,0.0,0.0,8.03,1.38,0.0
21150117:0309,0.0,0.0,0.0,7.61,1.1,0.0
21150117:0409,0.0,0.0,0.0,6.89,1.52,0.0
21150117:0509,0.0,0.0,0.0,6.91,1.79,0.0
21150117:0609,0.0,0.0,0.0,7.23,1.86,0.0
21150117:0709,0.0,0.0,0.0,6.77,1.86,0.0
21150117:0809,6440.87,120.03,6.13,6.29,2.07,0.0
21150117:0909,29941.03,472.59,16.32,8.21,1.79,0.0
21150117:1009,44721.8,713.3,24.99,10.17,1.79,0.0
21150117:1109,53902.66,880.39,31.45,11.36,1.72,0.0
21150117:1209,39385.27,636.17,34.89,12.36,1.38,0.0
21150117:1309,38595.15,623.19,34.73,13.0,1.59,0.0
21150117:1409,36123.85,580.16,31.01,13.33,1.86,0.0
21150117:1509,46065.23,749.23,24.33,13.02,1.52,0.0
21150117:1609,19004.6,308.44,15.5,12.83,1.24,0.0
21150117:1709,7678.04,140.75,5.21,12.38,0.76,0.0
21150117:1809,0.0,0.0,0.0,11.26,0.55,0.0
21150117:1909,0.0,0.0,0.0,10.17,1.24,0.0
21150117:2009,0.0,0.0,0.0,10.13,1.03,0.0
21150117:2109,0.0,0.0,0.0,10.17,0.97,0.0
21150117:2209,0.0,0.0,0.0,7.74,1.93,0.0
21150117:2309,0.0,0.0,0.0,7.39,2.0,0.0
21150118:0009,0.0,0.0,0.0,7.2,2.14,0.0
21150118:0109,0.0,0.0,0.0,7.59,2.34,0.0
21150118:0209,0.0,0.0,0.0,7.87,2.55,0.0
21150118:0309,0.0,0.0,0.0,8.28,2.69,0.0
21150118:0409,0.0,0.0,0.0,8.74,2.9,0.0
21150118:0509,0.0,0.0,0.0,9.01,3.1,0.0
21150118:0609,0.0,0.0,0.0,9.27,3.45,0.0
21150118:0709,0.0,0.0,0.0,9.82,4.0,0.0
21150118:0809,2442.46,53.9,6.2,9.32,4.9,0.0
21150118:0909,20121.09,317.45,16.41,9.34,5.45,0.0
21150118:1009,15925.34,254.85,25.12,9.9,5.93,0.0
21150118:1109,9811.59,165.96,31.61,10.53,5.59,0.0
21150118:1209,10536.44,177.28,35.08,11.23,6.14,0.0
21150118:1309,20127.92,319.71,34.94,11.75,6.69,0.0
21150118:1409,2810.58,59.09,31.23,12.06,6.83,0.0
21150118:1509,4580.57,87.24,24.54,12.11,7.17,0.0
21150118:1609,5095.93,95.1,15.7,11.88,6.41,0.0
21150118:1709,617.83,20.64,5.4,12.13,6.14,0.0
21150118:1809,0.0,0.0,0.0,11.78,4.76,0.0
21150118:1909,0.0,0.0,0.0,11.92,3.66,0.0
21150118:2009,0.0,0.0,0.0,12.04,3.38,0.0
21150118:2109,0.0,0.0,0.0,12.12,3.59,0.0
21150118:2209,0.0,0.0,0.0,12.0,3.86,0.0
21150118:2309,0.0,0.0,0.0,12.01,3.86,0.0
21150119:0009,0.0,0.0,0.0,11.96,4.14,0.0
21150119:0109,0.0,0.0,0.0,11.84,4.41,0.0
21150119:0209,0.0,0.0,0.0,11.67,5.17,0.0
21150119:0309,0.0,0.0,0.0,11.39,5.93,0.0
21150119:0409,0.0,0.0,0.0,11.27,6.41,0.0
21150119:0509,0.0,0.0,0.0,11.44,6.41,0.0
21150119:0609,0.0,0.0,0.0,11.13,6.69,0.0
21150119:0709,0.0,0.0,0.0,10.72,7.52,0.0
21150119:0809,10777.8,193.8,6.27,10.6,6.97,0.0
21150119:0909,11931.48,197.43,16.51,11.01,6.0,0.0
21150119:1009,42022.79,651.92,25.25,11.5,5.86,0.0
21150119:1109,44027.31,685.38,31.78,11.92,6.0,0.0
21150119:1209,40423.58,631.57,35.28,12.49,5.86,0.0
21150119:1309,20199.27,321.34,35.16,11.91,6.21,0.0
21150119:1409,29931.17,467.34,31.45,12.14,5.86,0.0
21150119:1509,18997.01,302.73,24.76,12.13,5.38,0.0
21150119:1609,9631.71,163.6,15.9,11.9,4.76,0.0
21150119:1709,12732.98,219.29,5.59,11.46,3.86,0.0
21150119:1809,0.0,0.0,0.0,10.7,3.38,0.0
21150119:1909,0.0,0.0,0.0,10.48,2.34,0.0
21150119:2009,0.0,0.0,0.0,10.08,1.72,0.0
21150119:2109,0.0,0.0,0.0,9.23,1.52,0.0
21150119:2209,0.0,0.0,0.0,8.46,1.45,0.0
21150119:2309,0.0,0.0,0.0,8.36,1.45,0.0
21150120:0009,0.0,0.0,0.0,8.45,1.66,0.0
21150120:0109,0.0,0.0,0.0,8.41,1.93,0.0
21150120:0209,0.0,0.0,0.0,8.67,2.34,0.0
21150120:0309,0.0,0.0,0.0,8.88,2.62,0.0
21150120:0409,0.0,0.0,0.0,8.78,2.83,0.0
21150120:0509,0.0,0.0,0.0,8.77,2.9,0.0
21150120:0609,0.0,0.0,0.0,8.83,2.9,0.0
21150120:0709,0.0,0.0,0.0,8.82,2.83,0.0
21150120:0809,10816.51,194.26,6.35,8.95,3.03,0.0
21150120:0909,29516.75,464.94,16.62,9.7,3.17,0.0
21150120:1009,41611.42,652.14,25.39,11.1,3.79,0.0
21150120:1109,54458.25,865.39,31.95,12.07,4.28,0.0
21150120:1209,59734.82,956.65,35.48,13.18,4.97,0.0
21150120:1309,49824.56,790.95,35.38,14.25,5.52,0.0
21150120:1409,22408.72,357.48,31.67,14.16,5.79,0.0
21150120:1509,2959.34,61.91,24.97,13.57,5.66,0.0
21150120:1609,7070.84,125.24,16.11,11.98,5.38,0.0
21150120:1709,0.0,5.63,5.78,10.94,5.52,0.0
21150120:1809,0.0,0.0,0.0,10.27,4.21,0.0
21150120:1909,0.0,0.0,0.0,10.45,4.0,0.0
21150120:2009,0.0,0.0,0.0,9.86,4.28,0.0
21150120:2109,0.0,0.0,0.0,9.63,3.72,0.0
21150120:2209,0.0,0.0,0.0,9.52,2.9,0.0
21150120:2309,0.0,0.0,0.0,9.14,3.03,0.0
21150121:0009,0.0,0.0,0.0,8.86,2.69,0.0
21150121:0109,0.0,0.0,0.0,8.37,1.86,0.0
21150121:0209,0.0,0.0,0.0,8.25,1.38,0.0
21150121:0309,0.0,0.0,0.0,7.82,1.31,0.0
21150121:0409,0.0,0.0,0.0,7.12,1.86,0.0
21150121:0509,0.0,0.0,0.0,6.63,2.34,0.0
21150121:0609,0.0,0.0,0.0,6.84,2.48,0.0
21150121:0709,0.0,0.0,0.0,7.47,1.93,0.0
21150121:0809,7774.44,143.01,6.44,7.62,1.72,0.0
21150121:0909,7095.13,124.83,16.73,8.79,1.45,0.0
21150121:1009,31030.96,490.63,25.53,10.47,1.72,0.0
21150121:1109,45132.42,724.49,32.13,11.64,2.07,0.0
21150121:1209,42305.14,675.84,35.69,12.65,2.83,0.0
21150121:1309,55240.78,891.13,35.61,13.11,3.66,0.0
21150121:1409,46329.36,735.1,31.9,13.13,4.14,0.0
21150121:1509,44359.76,699.27,25.19,12.82,4.28,0.0
21150121:1609,34025.21,537.28,16.31,12.66,3.79,0.0
21150121:1709,13328.8,228.95,5.97,12.09,2.83,0.0
21150121:1809,0.0,0.0,0.0,11.15,2.48,0.0
21150121:1909,0.0,0.0,0.0,10.84,2.62,0.0
21150121:2009,0.0,0.0,0.0,10.57,3.03,0.0
21150121:2109,0.0,0.0,0.0,10.45,3.31,0.0
21150121:2209,0.0,0.0,0.0,10.23,3.52,0.0
21150121:2309,0.0,0.0,0.0,10.13,3.72,0.0
21150122:0009,0.0,0.0,0.0,10.17,3.72,0.0
21150122:0109,0.0,0.0,0.0,9.78,3.66,0.0
21150122:0209,0.0,0.0,0.0,9.75,3.24,0.0
21150122:0309,0.0,0.0,0.0,9.81,3.03,0.0
21150122:0409,0.0,0.0,0.0,9.87,2.97,0.0
21150122:0509,0.0,0.0,0.0,10.05,3.03,0.0
21150122:0609,0.0,0.0,0.0,10.06,3.03,0.0
21150122:0709,0.0,0.0,0.0,10.61,3.1,0.0
21150122:0809,1710.03,41.11,6.53,10.96,2.9,0.0
21150122:0909,14591.78,238.96,16.85,11.39,2.83,0.0
21150122:1009,31234.37,491.75,25.68,12.25,3.59,0.0
21150122:1109,25395.38,403.1,32.31,12.77,3.79,0.0
21150122:1209,46579.83,740.43,35.9,13.21,4.21,0.0
21150122:1309,16121.16,264.09,35.84,13.73,4.14,0.0
21150122:1409,6816.58,122.88,32.13,13.95,4.07,0.0
21150122:1509,26146.03,414.36,25.42,13.39,3.79,0.0
21150122:1609,13952.7,229.98,16.52,13.65,3.79,0.0
21150122:1709,9198.32,163.51,6.17,13.05,3.38,0.0
21150122:1809,0.0,0.0,0.0,12.39,2.76,0.0
21150122:1909,0.0,0.0,0.0,12.23,2.48,0.0
21150122:2009,0.0,0.0,0.0,11.9,2.14,0.0
21150122:2109,0.0,0.0,0.0,11.84,1.93,0.0
21150122:2209,0.0,0.0,0.0,11.71,2.0,0.0
21150122:2309,0.0,0.0,0.0,11.48,2.07,0.0
21150123:0009,0.0,0.0,0.0,11.49,1.86,0.0
21150123:0109,0.0,0.0,0.0,11.41,1.79,0.0
21150123:0209,0.0,0.0,0.0,11.28,1.86,0.0
21150123:0309,0.0,0.0,0.0,11.19,1.72,0.0
21150123:0409,0.0,0.0,0.0,11.01,1.66,0.0
21150123:0509,0.0,0.0,0.0,10.03,1.52,0.0
21150123:0609,0.0,0.0,0.0,9.91,1.1,0.0
21150123:0709,0.0,0.0,0.0,9.9,1.1,0.0
21150123:0809,2452.33,54.39,6.63,10.61,0.69,0.0
21150123:0909,11966.39,201.17,16.97,11.45,0.28,0.0
21150123:1009,25098.61,409.38,25.84,14.39,0.48,0.0
21150123:1109,23899.39,388.39,32.5,14.01,1.03,0.0
21150123:1209,49800.27,824.2,36.12,14.55,1.66,0.0
21150123:1309,55103.4,911.91,36.08,15.13,2.48,0.0
21150123:1409,29267.8,470.54,32.37,15.28,2.83,0.0
21150123:1509,38592.87,619.8,25.65,15.13,2.83,0.0
21150123:1609,11044.97,187.73,16.74,14.77,2.48,0.0
21150123:1709,6868.95,127.17,6.37,14.16,1.93,0.0
21150123:1809,0.0,0.0,0.0,12.94,1.66,0.0
21150123:1909,0.0,0.0,0.0,12.13,1.38,0.0
21150123:2009,0.0,0.0,0.0,11.22,1.1,0.0
21150123:2109,0.0,0.0,0.0,10.94,1.03,0.0
21150123:2209,0.0,0.0,0.0,10.21,1.03,0.0
21150123:2309,0.0,0.0,0.0,9.22,1.24,0.0
21150124:0009,0.0,0.0,0.0,8.61,1.45,0.0
21150124:0109,0.0,0.0,0.0,8.37,1.66,0.0
21150124:0209,0.0,0.0,0.0,8.36,1.79,0.0
21150124:0309,0.0,0.0,0.0,8.8,1.72,0.0
21150124:0409,0.0,0.0,0.0,8.49,1.86,0.0
21150124:0509,0.0,0.0,0.0,8.35,1.86,0.0
21150124:0609,0.0,0.0,0.0,8.24,1.79,0.0
21150124:0709,0.0,0.0,0.0,8.44,2.0,0.0
21150124:0809,7514.1,139.06,6.73,8.64,1.86,0.0
21150124:0909,28048.09,447.09,17.1,10.07,1.66,0.0
21150124:1009,34532.22,554.72,26.0,12.23,1.17,0.0
21150124:1109,25096.34,406.35,32.7,14.02,1.38,0.0
21150124:1209,12696.55,214.48,36.35,14.94,2.28,0.0
21150124:1309,36326.5,585.89,36.32,15.45,2.83,0.0
21150124:1409,36387.98,584.73,32.62,15.47,3.1,0.0
21150124:1509,44473.6,715.3,25.88,15.26,3.31,0.0
21150124:1609,4600.3,88.64,16.95,14.72,3.31,0.0
21150124:1709,6367.25,118.65,6.56,13.9,2.97,0.0
21150124:1809,0.0,0.0,0.0,12.49,2.97,0.0
21150124:1909,0.0,0.0,0.0,11.79,2.69,0.0
21150124:2009,0.0,0.0,0.0,11.07,2.55,0.0
21150124:2109,0.0,0.0,0.0,10.48,2.28,0.0
21150124:2209,0.0,0.0,0.0,9.89,2.21,0.0
21150124:2309,0.0,0.0,0.0,9.38,2.34,0.0
21150125:0009,0.0,0.0,0.0,9.07,2.48,0.0
21150125:0109,0.0,0.0,0.0,8.66,2.41,0.0
21150125:0209,0.0,0.0,0.0,8.14,2.34,0.0
21150125:0309,0.0,0.0,0.0,7.75,2.41,0.0
21150125:0409,0.0,0.0,0.0,7.45,2.28,0.0
21150125:0509,0.0,0.0,0.0,7.16,2.28,0.0
21150125:0609,0.0,0.0,0.0,6.91,2.21,0.0
21150125:0709,0.0,0.0,0.0,6.37,1.86,0.0
21150125:0809,10574.39,188.37,6.84,5.85,1.59,0.0
21150125:0909,30323.57,483.17,17.24,8.52,0.97,0.0
21150125:1009,44571.52,721.93,26.17,11.64,1.24,0.0
21150125:1109,53193.76,880.04,32.9,13.46,1.59,0.0
21150125:1209,57747.0,973.88,36.59,14.77,1.59,0.0
21150125:1309,58804.28,992.16,36.57,15.63,1.93,0.0
21150125:1409,54470.39,904.26,32.86,15.91,2.34,0.0
21150125:1509,46660.28,762.51,26.11,15.7,2.28,0.0
21150125:1609,33081.02,535.58,17.17,15.19,1.93,0.0
21150125:1709,13773.57,238.47,6.76,14.25,1.52,0.0
21150125:1809,0.0,0.0,0.0,12.85,1.72,0.0
21150125:1909,0.0,0.0,0.0,11.43,1.72,0.0
21150125:2009,0.0,0.0,0.0,10.29,1.45,0.0
21150125:2109,0.0,0.0,0.0,10.43,0.9,0.0
21150125:2209,0.0,0.0,0.0,9.15,1.17,0.0
21150125:2309,0.0,0.0,0.0,6.91,2.0,0.0
21150126:0009,0.0,0.0,0.0,6.53,2.07,0.0
21150126:0109,0.0,0.0,0.0,6.29,2.07,0.0
21150126:0209,0.0,0.0,0.0,5.9,2.0,0.0
21150126:0309,0.0,0.0,0.0,5.54,1.86,0.0
21150126:0409,0.0,0.0,0.0,5.36,1.86,0.0
21150126:0509,0.0,0.0,0.0,5.27,1.72,0.0
21150126:0609,0.0,0.0,0.0,5.27,1.72,0.0
21150126:0709,0.0,0.0,0.0,5.41,1.79,0.0
21150126:0809,11193.73,198.32,6.96,5.48,1.66,0.0
21150126:0909,30746.33,488.14,17.38,8.01,1.1,0.0
21150126:1009,44162.42,723.17,26.34,11.56,0.55,0.0
21150126:1109,51936.09,887.65,33.11,13.8,0.14,0.0
21150126:1209,56315.52,976.07,36.83,15.35,0.48,0.0
21150126:1309,57369.77,987.93,36.83,16.3,1.03,0.0
21150126:1409,53543.66,906.78,33.12,16.76,1.38,0.0
21150126:1509,46291.41,766.71,26.35,16.7,1.66,0.0
21150126:1609,33115.93,539.27,17.39,16.13,1.79,0.0
21150126:1709,14156.11,245.2,6.97,15.02,1.59,0.0
21150126:1809,0.0,0.0,0.0,13.4,1.79,0.0
21150126:1909,0.0,0.0,0.0,12.07,1.24,0.0
21150126:2009,0.0,0.0,0.0,12.04,0.76,0.0
21150126:2109,0.0,0.0,0.0,11.86,0.55,0.0
21150126:2209,0.0,0.0,0.0,10.02,1.17,0.0
21150126:2309,0.0,0.0,0.0,7.23,2.07,0.0
21150127:0009,0.0,0.0,0.0,6.51,1.93,0.0
21150127:0109,0.0,0.0,0.0,6.43,1.86,0.0
21150127:0209,0.0,0.0,0.0,6.14,1.79,0.0
21150127:0309,0.0,0.0,0.0,5.68,1.79,0.0
21150127:0409,0.0,0.0,0.0,5.42,1.72,0.0
21150127:0509,0.0,0.0,0.0,5.39,1.66,0.0
21150127:0609,0.0,0.0,0.0,5.14,1.59,0.0
21150127:0709,0.0,0.0,0.0,5.56,1.79,0.0
21150127:0809,9234.75,165.8,7.08,5.86,1.79,0.0
21150127:0909,29458.31,468.29,17.53,8.82,1.31,0.0
21150127:1009,44541.92,724.31,26.52,12.2,1.17,0.0
21150127:1109,52061.33,877.15,33.33,14.08,0.76,0.0
21150127:1209,56124.26,955.95,37.07,15.27,1.1,0.0
21150127:1309,56881.74,967.34,37.09,16.0,1.45,0.0
21150127:1409,53977.8,910.61,33.37,16.36,1.52,0.0
21150127:1509,46923.66,776.6,26.59,16.36,1.66,0.0
21150127:1609,33160.71,538.75,17.61,15.93,1.93,0.0
21150127:1709,14686.65,253.46,7.17,14.97,1.72,0.0
21150127:1809,0.0,0.0,0.0,13.38,1.86,0.0
21150127:1909,0.0,0.0,0.0,12.46,1.59,0.0
21150127:2009,0.0,0.0,0.0,12.06,0.83,0.0
21150127:2109,0.0,0.0,0.0,12.27,0.34,0.0
21150127:2209,0.0,0.0,0.0,9.23,1.52,0.0
21150127:2309,0.0,0.0,0.0,7.36,1.79,0.0
21150128:0009,0.0,0.0,0.0,6.62,1.72,0.0
21150128:0109,0.0,0.0,0.0,6.36,1.79,0.0
21150128:0209,0.0,0.0,0.0,6.19,1.79,0.0
21150128:0309,0.0,0.0,0.0,5.95,1.72,0.0
21150128:0409,0.0,0.0,0.0,6.12,1.79,0.0
21150128:0509,0.0,0.0,0.0,6.21,2.0,0.0
21150128:0609,0.0,0.0,0.0,6.12,2.0,0.0
21150128:0709,0.0,0.0,0.0,7.15,2.0,0.0
21150128:0809,5746.39,108.92,7.21,7.66,1.93,0.0
21150128:0909,15830.46,256.59,17.68,9.32,1.52,0.0
21150128:1009,21201.91,341.96,26.71,12.04,1.1,0.0
21150128:1109,45216.67,744.9,33.55,14.05,1.17,0.0
21150128:1209,52767.2,882.26,37.32,15.07,1.59,0.0
21150128:1309,36181.53,588.61,37.35,15.49,1.93,0.0
21150128:1409,44651.21,732.07,33.63,15.77,2.07,0.0
21150128:1509,38371.25,622.13,26.84,15.71,2.14,0.0
21150128:1609,30974.03,500.79,17.84,15.28,2.0,0.0
21150128:1709,12273.03,213.69,7.38,14.53,1.52,0.0
21150128:1809,0.0,0.0,0.0,13.34,1.38,0.0
21150128:1909,0.0,0.0,0.0,12.1,0.83,0.0
21150128:2009,0.0,0.0,0.0,12.28,0.48,0.0
21150128:2109,0.0,0.0,0.0,11.56,0.83,0.0
21150128:2209,0.0,0.0,0.0,11.11,0.97,0.0
21150128:2309,0.0,0.0,0.0,9.03,1.31,0.0
21150129:0009,0.0,0.0,0.0,7.57,1.93,0.0
21150129:0109,0.0,0.0,0.0,7.31,1.59,0.0
21150129:0209,0.0,0.0,0.0,7.34,1.45,0.0
21150129:0309,0.0,0.0,0.0,7.15,1.45,0.0
21150129:0409,0.0,0.0,0.0,7.36,1.66,0.0
21150129:0509,0.0,0.0,0.0,7.97,1.72,0.0
21150129:0609,0.0,0.0,0.0,8.41,1.79,0.0
21150129:0709,0.0,0.0,0.0,8.59,1.79,0.0
21150129:0809,4829.52,94.18,7.34,9.13,1.79,0.0
21150129:0909,19573.09,314.9,17.84,10.92,2.14,0.0
21150129:1009,17604.25,285.69,26.9,12.37,2.14,0.0
21150129:1109,44100.94,718.05,33.78,13.53,1.66,0.0
21150129:1209,55801.68,930.76,37.58,14.18,1.79,0.0
21150129:1309,55095.81,919.27,37.62,14.9,1.93,0.0
21150129:1409,48087.96,788.96,33.9,15.06,2.14,0.0
21150129:1509,47246.99,769.27,27.08,14.96,2.34,0.0
21150129:1609,32265.85,519.33,18.06,14.73,2.28,0.0
21150129:1709,16244.12,276.97,7.58,14.05,2.0,0.0
21150129:1809,0.0,0.0,0.0,13.07,1.66,0.0
21150129:1909,0.0,0.0,0.0,12.81,1.38,0.0
21150129:2009,0.0,0.0,0.0,12.24,1.72,0.0
21150129:2109,0.0,0.0,0.0,11.9,1.93,0.0
21150129:2209,0.0,0.0,0.0,11.76,2.14,0.0
21150129:2309,0.0,0.0,0.0,11.55,2.34,0.0
21150130:0009,0.0,0.0,0.0,11.52,2.62,0.0
21150130:0109,0.0,0.0,0.0,11.4,2.69,0.0
21150130:0209,0.0,0.0,0.0,11.36,2.69,0.0
21150130:0309,0.0,0.0,0.0,11.34,3.03,0.0
21150130:0409,0.0,0.0,0.0,11.44,3.17,0.0
21150130:0509,0.0,0.0,0.0,11.7,3.24,0.0
21150130:0609,0.0,0.0,0.0,11.86,3.31,0.0
21150130:0709,0.0,0.0,0.0,12.2,3.24,0.0
21150130:0809,10035.5,183.78,7.48,12.45,3.03,0.0
21150130:0909,19767.4,320.11,18.01,13.05,2.76,0.0
21150130:1009,26011.69,415.4,27.1,14.19,3.38,0.0
21150130:1109,23895.6,385.02,34.01,15.02,3.45,0.0
21150130:1209,15132.94,252.15,37.84,16.06,3.72,0.0
21150130:1309,15648.3,260.73,37.9,16.66,3.79,0.0
21150130:1409,39556.04,637.76,34.17,16.5,3.66,0.0
21150130:1509,28306.91,454.7,27.33,16.32,3.59,0.0
21150130:1609,27484.91,442.12,18.29,15.93,3.31,0.0
21150130:1709,14471.09,248.92,7.79,15.45,2.76,0.0
21150130:1809,0.0,0.0,0.0,14.59,2.41,0.0
21150130:1909,0.0,0.0,0.0,14.43,2.34,0.0
21150130:2009,0.0,0.0,0.0,14.15,2.41,0.0
21150130:2109,0.0,0.0,0.0,13.92,2.48,0.0
21150130:2209,0.0,0.0,0.0,13.73,2.62,0.0
21150130:2309,0.0,0.0,0.0,13.8,2.83,0.0
21150131:0009,0.0,0.0,0.0,13.77,3.03,0.0
21150131:0109,0.0,0.0,0.0,13.67,3.03,0.0
21150131:0209,0.0,0.0,0.0,13.69,3.1,0.0
21150131:0309,0.0,0.0,0.0,13.75,3.24,0.0
21150131:0409,0.0,0.0,0.0,13.86,3.31,0.0
21150131:0509,0.0,0.0,0.0,13.91,3.38,0.0
21150131:0609,0.0,0.0,0.0,14.01,3.59,0.0
21150131:0709,0.0,0.0,0.0,14.37,4.34,0.0
21150131:0809,3113.42,66.21,7.62,14.19,4.55,0.0
21150131:0909,11902.64,200.55,18.18,14.57,4.55,0.0
21150131:1009,12088.59,203.75,27.3,15.35,5.45,0.0
21150131:1109,45041.34,715.7,34.25,15.65,5.79,0.0
21150131:1209,27693.63,442.41,38.11,16.2,6.34,0.0
21150131:1309,25840.16,414.41,38.18,16.56,6.48,0.0
21150131:1409,31720.89,504.82,34.44,16.36,6.0,0.0
21150131:1509,19240.65,311.89,27.58,15.81,5.38,0.0
21150131:1609,6502.35,118.33,18.52,15.19,5.66,0.0
21150131:1709,1403.39,35.64,8.0,14.27,5.17,0.0
21150131:1809,0.0,0.0,0.0,13.52,4.48,0.0
21150131:1909,0.0,0.0,0.0,13.33,4.0,0.0
21150131:2009,0.0,0.0,0.0,12.94,3.93,0.0
21150131:2109,0.0,0.0,0.0,12.38,4.07,0.0
21150131:2209,0.0,0.0,0.0,12.26,3.86,0.0
21150131:2309,0.0,0.0,0.0,12.15,3.38,0.0
21150201:0009,0.0,0.0,0.0,12.08,2.9,0.0
21150201:0109,0.0,0.0,0.0,11.82,2.62,0.0
21150201:0209,0.0,0.0,0.0,11.45,2.34,0.0
21150201:0309,0.0,0.0,0.0,10.98,2.14,0.0
21150201:0409,0.0,0.0,0.0,10.66,2.14,0.0
21150201:0509,0.0,0.0,0.0,10.5,2.14,0.0
21150201:0609,0.0,0.0,0.0,10.29,2.28,0.0
21150201:0709,0.0,0.0,0.0,9.75,2.34,0.0
21150201:0809,10269.27,185.35,7.77,9.37,2.21,0.0
21150201:0909,18896.82,304.99,18.35,11.04,1.93,0.0
21150201:1009,35134.11,554.68,27.51,12.07,3.1,0.0
21150201:1109,32177.05,509.68,34.5,12.6,3.24,0.0
21150201:1209,56364.86,914.7,38.39,12.87,3.24,0.0
21150201:1309,51090.57,823.64,38.46,13.15,3.31,0.0
21150201:1409,51366.08,826.52,34.72,12.93,3.24,0.0
21150201:1509,47615.87,761.18,27.84,13.01,3.17,0.0
21150201:1609,33233.57,526.89,18.75,12.72,3.03,0.0
21150201:1709,14420.24,244.06,8.21,12.17,2.69,0.0
21150201:1809,0.0,0.0,0.0,10.87,2.34,0.0
21150201:1909,0.0,0.0,0.0,10.09,2.69,0.0
21150201:2009,0.0,0.0,0.0,9.38,2.69,0.0
21150201:2109,0.0,0.0,0.0,8.94,2.62,0.0
21150201:2209,0.0,0.0,0.0,8.44,2.55,0.0
21150201:2309,0.0,0.0,0.0,8.04,2.41,0.0
21150202:0009,0.0,0.0,0.0,7.46,2.21,0.0
21150202:0109,0.0,0.0,0.0,6.71,2.07,0.0
21150202:0209,0.0,0.0,0.0,6.17,2.07,0.0
21150202:0309,0.0,0.0,0.0,5.82,2.21,0.0
21150202:0409,0.0,0.0,0.0,5.56,2.48,0.0
21150202:0509,0.0,0.0,0.0,5.48,2.55,0.0
21150202:0609,0.0,0.0,0.0,5.64,2.48,0.0
21150202:0709,0.0,0.0,0.0,6.02,2.34,0.0
21150202:0809,6620.0,122.11,7.92,6.27,2.21,0.0
21150202:0909,12156.14,200.18,18.53,8.27,1.79,0.0
21150202:1009,12830.14,212.73,27.73,10.85,1.52,0.0
21150202:1109,13675.66,228.7,34.75,12.51,0.41,0.0
21150202:1209,16594.78,273.91,38.66,13.41,1.24,0.0
21150202:1309,17441.06,287.02,38.75,14.04,1.79,0.0
21150202:1409,17603.49,288.68,35.0,14.17,2.28,0.0
21150202:1509,13374.34,223.28,28.1,14.01,2.34,0.0
21150202:1609,12814.96,213.92,18.98,13.6,2.07,0.0
21150202:1709,14390.64,245.09,8.42,12.86,1.59,0.0
21150202:1809,0.0,0.0,0.0,11.72,1.45,0.0
21150202:1909,0.0,0.0,0.0,11.07,1.31,0.0
21150202:2009,0.0,0.0,0.0,10.32,1.03,0.0
21150202:2109,0.0,0.0,0.0,9.92,0.97,0.0
21150202:2209,0.0,0.0,0.0,8.93,1.59,0.0
21150202:2309,0.0,0.0,0.0,8.84,1.86,0.0
21150203:0009,0.0,0.0,0.0,8.49,2.0,0.0
21150203:0109,0.0,0.0,0.0,8.02,2.21,0.0
21150203:0209,0.0,0.0,0.0,7.87,2.41,0.0
21150203:0309,0.0,0.0,0.0,7.5,2.55,0.0
21150203:0409,0.0,0.0,0.0,7.41,2.55,0.0
21150203:0509,0.0,0.0,0.0,7.49,2.62,0.0
21150203:0609,0.0,0.0,0.0,7.75,2.76,0.0
21150203:0709,0.0,0.0,0.0,8.77,2.9,0.0
21150203:0809,8414.27,153.34,8.08,9.11,2.9,0.0
21150203:0909,20285.03,324.5,18.72,10.55,2.69,0.0
21150203:1009,15753.8,257.6,27.95,12.69,2.83,0.0
21150203:1109,22383.67,360.42,35.0,13.7,2.97,0.0
21150203:1209,23891.04,384.48,38.95,14.24,3.38,0.0
21150203:1309,10521.26,180.1,39.05,14.38,3.59,0.0
21150203:1409,14656.29,243.11,35.28,14.52,3.59,0.0
21150203:1509,13508.68,224.95,28.36,14.21,3.31,0.0
21150203:1609,20393.57,328.95,19.22,14.02,2.9,0.0
21150203:1709,7078.43,128.98,8.63,13.68,2.41,0.0
21150203:1809,0.0,0.0,0.0,13.05,2.34,0.0
21150203:1909,0.0,0.0,0.0,12.61,2.28,0.0
21150203:2009,0.0,0.0,0.0,12.28,2.41,0.0
21150203:2109,0.0,0.0,0.0,11.78,2.62,0.0
21150203:2209,0.0,0.0,0.0,11.64,2.76,0.0
21150203:2309,0.0,0.0,0.0,11.79,2.9,0.0
21150204:0009,0.0,0.0,0.0,11.81,3.17,0.0
21150204:0109,0.0,0.0,0.0,11.59,3.38,0.0
21150204:0209,0.0,0.0,0.0,11.34,3.66,0.0
21150204:0309,0.0,0.0,0.0,11.42,3.93,0.0
21150204:0409,0.0,0.0,0.0,11.4,4.34,0.0
21150204:0509,0.0,0.0,0.0,11.39,4.9,0.0
21150204:0609,0.0,0.0,0.0,11.44,4.62,0.0
21150204:0709,0.0,0.0,0.0,11.31,5.1,0.0
21150204:0809,2638.28,56.95,8.24,11.09,5.17,0.0
21150204:0909,5924.75,107.85,18.91,11.58,5.52,0.0
21150204:1009,13498.06,221.63,28.17,11.84,5.59,0.0
21150204:1109,18088.49,289.37,35.26,11.31,6.21,0.0
21150204:1209,7646.17,134.14,39.24,11.55,5.1,0.0
21150204:1309,8571.39,148.21,39.35,11.61,4.9,0.0
21150204:1409,16612.23,267.94,35.56,11.14,4.9,0.0
21150204:1509,8206.31,142.58,28.62,11.41,4.83,0.0
21150204:1609,7449.59,130.83,19.45,11.2,4.41,0.0
21150204:1709,6601.02,119.79,8.84,11.26,4.34,0.0
21150204:1809,0.0,0.0,0.0,10.73,3.86,0.0
21150204:1909,0.0,0.0,0.0,10.4,3.72,0.0
21150204:2009,0.0,0.0,0.0,10.07,3.52,0.0
21150204:2109,0.0,0.0,0.0,9.9,3.24,0.0
21150204:2209,0.0,0.0,0.0,9.49,2.97,0.0
21150204:2309,0.0,0.0,0.0,9.18,2.69,0.0
21150205:0009,0.0,0.0,0.0,8.8,2.55,0.0
21150205:0109,0.0,0.0,0.0,8.61,2.62,0.0
21150205:0209,0.0,0.0,0.0,8.42,2.76,0.0
21150205:0309,0.0,0.0,0.0,8.29,2.9,0.0
21150205:0409,0.0,0.0,0.0,8.32,3.03,0.0
21150205:0509,0.0,0.0,0.0,8.17,2.9,0.0
21150205:0609,0.0,0.0,0.0,8.03,2.62,0.0
21150205:0709,0.0,0.0,0.0,7.84,2.14,0.0
21150205:0809,11308.34,200.7,8.41,7.27,1.66,0.0
21150205:0909,27024.2,429.98,19.11,9.37,1.45,0.0
21150205:1009,46208.68,735.07,28.4,10.84,2.48,0.0
21150205:1109,51376.71,826.66,35.53,11.36,2.55,0.0
21150205:1209,55491.25,903.15,39.53,11.86,2.55,0.0
21150205:1309,56094.65,914.83,39.65,12.01,2.55,0.0
21150205:1409,56852.14,927.08,35.85,12.16,2.55,0.0
21150205:1509,46363.52,742.02,28.88,12.0,2.48,0.0
21150205:1609,33451.41,529.84,19.69,11.61,2.41,0.0
21150205:1709,15542.8,260.21,9.05,10.95,2.21,0.0
21150205:1809,0.0,0.0,0.0,9.73,1.86,0.0
21150205:1909,0.0,0.0,0.0,8.82,1.72,0.0
21150205:2009,0.0,0.0,0.0,7.68,1.52,0.0
21150205:2109,0.0,0.0,0.0,7.99,0.97,0.0
21150205:2209,0.0,0.0,0.0,8.75,0.55,0.0
21150205:2309,0.0,0.0,0.0,8.67,0.69,0.0
21150206:0009,0.0,0.0,0.0,8.44,0.69,0.0
21150206:0109,0.0,0.0,0.0,8.24,0.48,0.0
21150206:0209,0.0,0.0,0.0,7.09,0.83,0.0
21150206:0309,0.0,0.0,0.0,4.26,1.38,0.0
21150206:0409,0.0,0.0,0.0,4.15,1.79,0.0
21150206:0509,0.0,0.0,0.0,4.79,2.07,0.0
21150206:0609,0.0,0.0,0.0,5.21,2.41,0.0
21150206:0709,0.0,0.0,0.0,5.47,1.93,0.0
21150206:0809,7355.47,133.55,8.58,5.8,1.66,0.0
21150206:0909,15176.2,244.55,19.31,7.41,1.66,0.0
21150206:1009,5550.57,101.31,28.64,8.69,1.86,0.0
21150206:1109,41066.45,650.83,35.8,9.91,2.14,0.0
21150206:1209,31522.79,499.15,39.83,10.53,2.21,0.0
21150206:1309,5551.33,102.24,39.96,11.15,2.55,0.0
21150206:1409,9558.09,163.21,36.15,11.03,2.83,0.0
21150206:1509,5612.05,103.18,29.15,11.17,2.62,0.0
21150206:1609,2304.32,50.65,19.92,11.05,2.41,0.0
21150206:1709,9699.26,167.74,9.27,10.23,2.21,0.0
21150206:1809,0.0,0.0,0.0,9.66,1.66,0.0
21150206:1909,0.0,0.0,0.0,9.2,1.52,0.0
21150206:2009,0.0,0.0,0.0,8.6,1.52,0.0
21150206:2109,0.0,0.0,0.0,8.2,1.45,0.0
21150206:2209,0.0,0.0,0.0,7.62,1.59,0.0
21150206:2309,0.0,0.0,0.0,7.28,1.79,0.0
21150207:0009,0.0,0.0,0.0,6.93,1.86,0.0
21150207:0109,0.0,0.0,0.0,6.42,1.93,0.0
21150207:0209,0.0,0.0,0.0,5.96,1.93,0.0
21150207:0309,0.0,0.0,0.0,5.68,2.0,0.0
21150207:0409,0.0,0.0,0.0,5.62,2.21,0.0
21150207:0509,0.0,0.0,0.0,5.79,2.34,0.0
21150207:0609,0.0,0.0,0.0,5.47,2.48,0.0
21150207:0709,0.0,0.0,0.0,6.18,2.62,0.0
21150207:0809,11621.81,204.15,8.76,6.07,2.62,0.0
21150207:0909,30139.13,471.42,19.51,7.57,2.62,0.0
21150207:1009,47138.45,745.71,28.88,9.65,2.55,0.0
21150207:1109,53613.48,865.37,36.08,11.13,2.48,0.0
21150207:1209,49804.06,805.81,40.13,12.08,2.41,0.0
21150207:1309,35087.05,560.89,40.27,12.81,2.48,0.0
21150207:1409,55732.61,912.06,36.44,12.93,2.48,0.0
21150207:1509,44221.62,709.51,29.41,12.96,2.48,0.0
21150207:1609,34740.19,551.67,20.16,12.15,2.48,0.0
21150207:1709,15945.07,267.42,9.48,11.66,1.93,0.0
21150207:1809,0.0,0.0,0.0,10.92,1.31,0.0
21150207:1909,0.0,0.0,0.0,9.75,1.24,0.0
21150207:2009,0.0,0.0,0.0,8.46,1.45,0.0
21150207:2109,0.0,0.0,0.0,7.21,1.72,0.0
21150207:2209,0.0,0.0,0.0,6.43,1.79,0.0
21150207:2309,0.0,0.0,0.0,5.99,1.86,0.0
21150208:0009,0.0,0.0,0.0,5.76,1.93,0.0
21150208:0109,0.0,0.0,0.0,5.63,2.0,0.0
21150208:0209,0.0,0.0,0.0,5.31,2.07,0.0
21150208:0309,0.0,0.0,0.0,5.28,2.0,0.0
21150208:0409,0.0,0.0,0.0,5.06,2.0,0.0
21150208:0509,0.0,0.0,0.0,5.0,1.93,0.0
21150208:0609,0.0,0.0,0.0,4.73,1.93,0.0
21150208:0709,0.0,0.0,0.0,4.8,1.79,0.0
21150208:0809,9519.38,168.5,8.95,4.99,1.52,0.0
21150208:0909,27322.48,432.8,19.73,8.23,1.31,0.0
21150208:1009,42806.84,680.94,29.12,10.55,2.07,0.0
21150208:1109,56563.72,919.81,36.36,11.9,2.55,0.0
21150208:1209,61409.17,1013.51,40.44,12.94,2.69,0.0
21150208:1309,38775.03,621.2,40.58,13.53,2.9,0.0
21150208:1409,56427.86,921.99,36.74,14.04,3.1,0.0
21150208:1509,37585.68,600.05,29.68,14.23,3.1,0.0
21150208:1609,30146.72,479.65,20.4,13.93,3.38,0.0
21150208:1709,15441.86,259.79,9.69,13.11,3.24,0.0
21150208:1809,0.0,0.0,0.0,11.57,3.03,0.0
21150208:1909,0.0,0.0,0.0,10.28,2.69,0.0
21150208:2009,0.0,0.0,0.0,9.63,2.41,0.0
21150208:2109,0.0,0.0,0.0,9.07,2.34,0.0
21150208:2209,0.0,0.0,0.0,8.48,2.28,0.0
21150208:2309,0.0,0.0,0.0,7.96,2.14,0.0
21150209:0009,0.0,0.0,0.0,7.29,2.0,0.0
21150209:0109,0.0,0.0,0.0,6.59,1.86,0.0
21150209:0209,0.0,0.0,0.0,6.03,1.72,0.0
21150209:0309,0.0,0.0,0.0,5.47,1.59,0.0
21150209:0409,0.0,0.0,0.0,4.88,1.52,0.0
21150209:0509,0.0,0.0,0.0,4.4,1.59,0.0
21150209:0609,0.0,0.0,0.0,4.22,1.79,0.0
21150209:0709,0.0,0.0,0.0,4.46,1.72,0.0
21150209:0809,13221.78,230.55,9.14,4.86,1.38,0.0
21150209:0909,30216.55,483.87,19.94,8.57,0.48,0.0
21150209:1009,45224.26,744.71,29.37,11.58,0.41,0.0
21150209:1109,54500.0,916.83,36.64,13.18,0.9,0.0
21150209:1209,59691.56,1023.44,40.76,14.64,1.1,0.0
21150209:1309,59750.0,1025.05,40.9,15.52,1.31,0.0
21150209:1409,56732.97,952.3,37.04,15.38,1.86,0.0
21150209:1509,47454.96,773.86,29.95,14.65,2.21,0.0
21150209:1609,7721.31,136.87,20.64,13.76,2.14,0.0
21150209:1709,1784.41,42.21,9.91,13.02,1.79,0.0
21150209:1809,0.0,0.0,0.0,12.12,1.93,0.0
21150209:1909,0.0,0.0,0.0,12.09,1.93,0.0
21150209:2009,0.0,0.0,0.0,11.5,2.0,0.0
21150209:2109,0.0,0.0,0.0,11.21,1.79,0.0
21150209:2209,0.0,0.0,0.0,10.94,1.66,0.0
21150209:2309,0.0,0.0,0.0,10.16,1.24,0.0
21150210:0009,0.0,0.0,0.0,9.49,1.38,0.0
21150210:0109,0.0,0.0,0.0,8.7,1.52,0.0
21150210:0209,0.0,0.0,0.0,8.49,1.66,0.0
21150210:0309,0.0,0.0,0.0,8.59,1.86,0.0
21150210:0409,0.0,0.0,0.0,8.53,1.66,0.0
21150210:0509,0.0,0.0,0.0,8.73,1.45,0.0
21150210:0609,0.0,0.0,0.0,8.61,0.97,0.0
21150210:0709,0.0,0.0,0.0,9.91,0.48,0.0
21150210:0809,8423.38,153.46,9.33,9.65,0.69,0.0
21150210:0909,29591.89,478.52,20.16,11.17,0.69,0.0
21150210:1009,44812.88,736.21,29.63,12.56,0.76,0.0
21150210:1109,53884.45,918.13,36.93,13.51,0.41,0.0
21150210:1209,59007.7,1040.33,41.07,14.65,0.14,0.0
21150210:1309,59227.05,1027.8,41.22,15.53,0.83,0.0
21150210:1409,56350.44,955.01,37.34,16.01,1.52,0.0
21150210:1509,47520.23,782.58,30.22,15.98,2.0,0.0
21150210:1609,33958.42,546.96,20.88,15.26,2.55,0.0
21150210:1709,15750.77,266.86,10.12,14.3,2.14,0.0
21150210:1809,0.0,0.0,0.0,13.05,1.79,0.0
21150210:1909,0.0,0.0,0.0,12.28,1.93,0.0
21150210:2009,0.0,0.0,0.0,11.52,1.72,0.0
21150210:2109,0.0,0.0,0.0,10.47,1.38,0.0
21150210:2209,0.0,0.0,0.0,11.46,0.62,0.0
21150210:2309,0.0,0.0,0.0,10.95,0.62,0.0
21150211:0009,0.0,0.0,0.0,8.39,1.52,0.0
21150211:0109,0.0,0.0,0.0,7.2,1.72,0.0
21150211:0209,0.0,0.0,0.0,6.77,1.72,0.0
21150211:0309,0.0,0.0,0.0,6.68,1.72,0.0
21150211:0409,0.0,0.0,0.0,6.61,2.0,0.0
21150211:0509,0.0,0.0,0.0,6.63,2.0,0.0
21150211:0609,0.0,0.0,0.0,6.45,1.86,0.0
21150211:0709,0.0,0.0,0.0,6.2,1.24,0.0
21150211:0809,11127.7,196.26,9.53,6.55,1.03,0.0
21150211:0909,24361.62,389.86,20.39,9.18,0.69,0.0
21150211:1009,42871.36,705.24,29.89,11.93,0.34,0.0
21150211:1109,45879.27,763.85,37.23,14.13,0.76,0.0
21150211:1209,23637.54,387.09,41.4,15.3,1.38,0.0
21150211:1309,51466.27,859.74,41.55,15.74,1.79,0.0
21150211:1409,52907.61,879.58,37.64,15.34,2.0,0.0
21150211:1509,39248.65,634.83,30.49,14.36,1.93,0.0
21150211:1609,32240.8,519.32,21.12,13.97,1.72,0.0
21150211:1709,14810.37,251.85,10.33,13.79,1.31,0.0
21150211:1809,0.0,0.0,0.0,12.88,1.45,0.0
21150211:1909,0.0,0.0,0.0,12.36,1.66,0.0
21150211:2009,0.0,0.0,0.0,11.39,1.38,0.0
21150211:2109,0.0,0.0,0.0,10.8,0.97,0.0
21150211:2209,0.0,0.0,0.0,11.13,0.55,0.0
21150211:2309,0.0,0.0,0.0,10.88,0.48,0.0
21150212:0009,0.0,0.0,0.0,10.11,0.76,0.0
21150212:0109,0.0,0.0,0.0,9.51,0.83,0.0
21150212:0209,0.0,0.0,0.0,9.61,0.69,0.0
21150212:0309,0.0,0.0,0.0,9.46,0.83,0.0
21150212:0409,0.0,0.0,0.0,9.58,0.76,0.0
21150212:0509,0.0,0.0,0.0,9.52,0.9,0.0
21150212:0609,0.0,0.0,0.0,9.62,0.97,0.0
21150212:0709,0.0,0.0,0.0,9.65,0.69,0.0
21150212:0809,7738.76,141.73,9.73,9.81,0.62,0.0
21150212:0909,19293.02,313.34,20.62,10.98,0.62,0.0
21150212:1009,42962.44,696.66,30.15,11.29,0.97,0.0
21150212:1109,55485.94,930.49,37.53,12.16,0.9,0.0
21150212:1209,55747.79,952.12,41.72,13.77,0.69,0.0
21150212:1309,56009.65,957.82,41.88,14.45,0.83,0.0
21150212:1409,51884.48,867.86,37.95,15.03,1.45,0.0
21150212:1509,48771.82,800.54,30.77,15.15,2.07,0.0
21150212:1609,35603.93,572.72,21.36,14.71,2.48,0.0
21150212:1709,17359.85,292.13,10.55,14.01,2.21,0.0
21150212:1809,0.0,0.0,0.0,13.15,1.59,0.0
21150212:1909,0.0,0.0,0.0,12.18,1.52,0.0
21150212:2009,0.0,0.0,0.0,11.06,1.52,0.0
21150212:2109,0.0,0.0,0.0,10.37,1.59,0.0
21150212:2209,0.0,0.0,0.0,9.88,1.52,0.0
21150212:2309,0.0,0.0,0.0,9.48,1.52,0.0
21150213:0009,0.0,0.0,0.0,9.09,1.52,0.0
21150213:0109,0.0,0.0,0.0,8.76,1.52,0.0
21150213:0209,0.0,0.0,0.0,8.57,1.52,0.0
21150213:0309,0.0,0.0,0.0,8.07,1.45,0.0
21150213:0409,0.0,0.0,0.0,7.84,1.24,0.0
21150213:0509,0.0,0.0,0.0,7.8,1.17,0.0
21150213:0609,0.0,0.0,0.0,7.77,1.17,0.0
21150213:0709,0.0,0.0,0.0,7.75,1.38,0.0
21150213:0809,9220.33,165.23,9.94,8.33,1.03,0.0
21150213:0909,21976.09,354.67,20.85,11.07,0.97,0.0
21150213:1009,35138.66,565.92,30.42,12.53,1.24,0.0
21150213:1109,54537.19,913.23,37.83,13.66,1.24,0.0
21150213:1209,60030.07,1020.85,42.05,14.73,1.52,0.0
21150213:1309,42916.14,704.58,42.21,15.32,1.86,0.0
21150213:1409,35277.56,571.38,38.26,15.43,2.34,0.0
21150213:1509,42151.82,681.38,31.04,15.2,2.69,0.0
21150213:1609,35195.59,564.82,21.6,14.63,2.69,0.0
21150213:1709,16268.41,274.21,10.76,14.1,2.48,0.0
21150213:1809,0.0,0.0,0.0,12.92,2.07,0.0
21150213:1909,0.0,0.0,0.0,11.9,2.0,0.0
21150213:2009,0.0,0.0,0.0,11.23,1.79,0.0
21150213:2109,0.0,0.0,0.0,10.46,1.72,0.0
21150213:2209,0.0,0.0,0.0,9.96,1.59,0.0
21150213:2309,0.0,0.0,0.0,10.42,1.03,0.0
21150214:0009,0.0,0.0,0.0,8.49,1.38,0.0
21150214:0109,0.0,0.0,0.0,7.45,1.52,0.0
21150214:0209,0.0,0.0,0.0,7.32,1.66,0.0
21150214:0309,0.0,0.0,0.0,6.94,1.79,0.0
21150214:0409,0.0,0.0,0.0,6.78,1.86,0.0
21150214:0509,0.0,0.0,0.0,6.98,2.0,0.0
21150214:0609,0.0,0.0,0.0,7.56,1.93,0.0
21150214:0709,0.0,0.0,0.0,8.25,2.07,0.0
21150214:0809,12187.26,214.96,10.15,8.99,2.28,0.0
21150214:0909,30665.88,487.59,21.09,10.31,2.07,0.0
21150214:1009,44673.98,723.57,30.69,12.59,1.66,0.0
21150214:1109,37846.02,623.4,38.14,14.03,0.55,0.0
21150214:1209,47180.2,793.39,42.39,15.03,0.76,0.0
21150214:1309,47624.97,795.24,42.54,15.9,1.45,0.0
21150214:1409,55094.29,924.33,38.57,16.21,2.0,0.0
21150214:1509,47448.88,781.21,31.32,16.26,2.14,0.0
21150214:1609,35594.82,577.02,21.84,15.8,2.21,0.0
21150214:1709,17797.79,299.96,10.97,14.87,2.34,0.0
21150214:1809,0.0,0.0,0.0,13.31,2.0,0.0
21150214:1909,0.0,0.0,0.0,12.22,1.86,0.0
21150214:2009,0.0,0.0,0.0,11.28,1.52,0.0
21150214:2109,0.0,0.0,0.0,10.11,1.66,0.0
21150214:2209,0.0,0.0,0.0,9.07,2.0,0.0
21150214:2309,0.0,0.0,0.0,8.46,2.0,0.0
21150215:0009,0.0,0.0,0.0,8.19,2.21,0.0
21150215:0109,0.0,0.0,0.0,8.19,2.55,0.0
21150215:0209,0.0,0.0,0.0,8.49,2.69,0.0
21150215:0309,0.0,0.0,0.0,8.65,2.69,0.0
21150215:0409,0.0,0.0,0.0,8.75,2.76,0.0
21150215:0509,0.0,0.0,0.0,9.05,2.9,0.0
21150215:0609,0.0,0.0,0.0,9.12,3.1,0.0
21150215:0709,0.0,0.0,0.0,9.96,3.17,0.0
21150215:0809,6570.66,121.48,10.37,10.59,3.17,0.0
21150215:0909,15572.4,254.47,21.34,12.17,3.17,0.0
21150215:1009,25462.93,406.06,30.97,13.88,3.93,0.0
21150215:1109,44775.69,717.73,38.46,15.29,4.34,0.0
21150215:1209,44493.34,717.84,42.73,16.25,4.34,0.0
21150215:1309,28337.27,457.08,42.88,16.63,4.48,0.0
21150215:1409,33440.02,535.48,38.88,16.31,4.76,0.0
21150215:1509,9908.75,171.5,31.59,15.98,4.9,0.0
21150215:1609,7213.54,129.52,22.08,15.14,4.28,0.0
21150215:1709,5421.54,102.23,11.19,14.72,3.72,0.0
21150215:1809,0.0,0.0,0.0,14.02,2.55,0.0
21150215:1909,0.0,0.0,0.0,13.5,2.34,0.0
21150215:2009,0.0,0.0,0.0,12.96,1.93,0.0
21150215:2109,0.0,0.0,0.0,12.71,1.66,0.0
21150215:2209,0.0,0.0,0.0,12.32,1.59,0.0
21150215:2309,0.0,0.0,0.0,11.78,1.45,0.0
21150216:0009,0.0,0.0,0.0,11.02,1.45,0.0
21150216:0109,0.0,0.0,0.0,10.78,1.66,0.0
21150216:0209,0.0,0.0,0.0,10.27,1.66,0.0
21150216:0309,0.0,0.0,0.0,10.1,1.79,0.0
21150216:0409,0.0,0.0,0.0,10.17,1.86,0.0
21150216:0509,0.0,0.0,0.0,10.11,1.93,0.0
21150216:0609,0.0,0.0,0.0,10.23,1.86,0.0
21150216:0709,0.0,0.0,0.0,10.99,1.24,0.0
21150216:0809,4902.38,94.33,10.59,11.27,1.1,0.0
21150216:0909,7562.68,134.25,21.58,12.69,1.1,0.0
21150216:1009,16590.98,273.72,31.25,13.64,1.1,0.0
21150216:1109,33569.05,548.75,38.77,14.57,0.97,0.0
21150216:1209,21448.58,352.34,43.07,15.16,1.38,0.0
21150216:1309,0.0,0.0,0.0,15.4,2.41,0.0
21150216:1409,24265.99,392.42,39.2,15.28,3.24,0.0
21150216:1509,0.0,0.0,0.0,14.88,3.52,0.0
21150216:1609,30509.52,486.57,22.32,14.26,3.24,0.0
21150216:1709,14196.34,240.37,11.4,13.99,2.9,0.0
21150216:1809,0.0,0.0,0.0,13.3,2.0,0.0
21150216:1909,0.0,0.0,0.0,12.13,1.93,0.0
21150216:2009,0.0,0.0,0.0,11.19,1.86,0.0
21150216:2109,0.0,0.0,0.0,10.33,2.0,0.0
21150216:2209,0.0,0.0,0.0,10.23,2.07,0.0
21150216:2309,0.0,0.0,0.0,10.19,2.07,0.0
21150217:0009,0.0,0.0,0.0,10.55,1.24,0.0
21150217:0109,0.0,0.0,0.0,10.78,0.48,0.0
21150217:0209,0.0,0.0,0.0,9.85,0.83,0.0
21150217:0309,0.0,0.0,0.0,9.67,1.45,0.0
21150217:0409,0.0,0.0,0.0,10.44,1.86,0.0
21150217:0509,0.0,0.0,0.0,10.78,2.41,0.0
21150217:0609,0.0,0.0,0.0,11.01,2.9,0.0
21150217:0709,0.0,0.0,0.0,11.21,3.45,0.0
21150217:0809,1064.12,29.08,10.81,10.84,5.59,0.0
21150217:0909,32222.59,503.27,21.83,11.08,6.21,0.0
21150217:1009,48403.71,753.23,31.54,11.7,6.14,0.0
21150217:1109,31941.0,499.88,39.09,12.28,6.0,0.0
21150217:1209,25445.48,400.9,43.41,11.87,6.28,0.0
21150217:1309,28656.04,449.5,43.57,11.84,6.14,0.0
21150217:1409,33030.92,515.18,39.51,11.46,5.72,0.0
21150217:1509,9642.34,163.96,32.14,11.27,5.52,0.0
21150217:1609,4418.14,84.42,22.56,10.99,4.76,0.0
21150217:1709,5200.67,97.15,11.61,11.04,3.79,0.0
21150217:1809,0.0,0.0,0.0,10.79,2.14,0.0
21150217:1909,0.0,0.0,0.0,10.42,1.79,0.0
21150217:2009,0.0,0.0,0.0,9.5,1.66,0.0
21150217:2109,0.0,0.0,0.0,8.78,1.79,0.0
21150217:2209,0.0,0.0,0.0,8.26,1.86,0.0
21150217:2309,0.0,0.0,0.0,7.57,1.86,0.0
21150218:0009,0.0,0.0,0.0,7.33,2.0,0.0
21150218:0109,0.0,0.0,0.0,7.25,2.41,0.0
21150218:0209,0.0,0.0,0.0,7.43,2.41,0.0
21150218:0309,0.0,0.0,0.0,7.39,2.62,0.0
21150218:0409,0.0,0.0,0.0,7.26,2.55,0.0
21150218:0509,0.0,0.0,0.0,6.98,2.48,0.0
21150218:0609,0.0,0.0,0.0,6.82,2.48,0.0
21150218:0709,0.0,0.0,0.0,7.27,2.34,0.0
21150218:0809,5716.03,105.84,11.04,7.76,2.07,0.0
21150218:0909,12793.7,210.27,22.09,9.2,2.34,0.0
21150218:1009,37951.52,596.68,31.83,10.62,3.03,0.0
21150218:1109,17238.41,279.38,39.42,11.71,3.45,0.0
21150218:1209,62815.6,1019.9,43.76,12.47,3.93,0.0
21150218:1309,61844.84,996.51,43.91,13.27,4.97,0.0
21150218:1409,9417.67,162.28,39.83,13.65,5.45,0.0
21150218:1509,7540.66,134.14,32.42,14.56,5.72,0.0
21150218:1609,26850.38,427.84,22.8,15.02,4.69,0.0
21150218:1709,4242.81,83.24,11.82,14.86,4.69,0.0
21150218:1809,0.0,0.0,0.0,13.93,5.1,0.0
21150218:1909,0.0,0.0,0.0,12.52,4.97,0.0
21150218:2009,0.0,0.0,0.0,11.94,5.1,0.0
21150218:2109,0.0,0.0,0.0,11.68,4.97,0.0
21150218:2209,0.0,0.0,0.0,11.49,4.76,0.0
21150218:2309,0.0,0.0,0.0,11.28,4.55,0.0
21150219:0009,0.0,0.0,0.0,11.15,4.48,0.0
21150219:0109,0.0,0.0,0.0,11.06,4.55,0.0
21150219:0209,0.0,0.0,0.0,10.89,4.55,0.0
21150219:0309,0.0,0.0,0.0,10.64,4.41,0.0
21150219:0409,0.0,0.0,0.0,10.53,4.41,0.0
21150219:0509,0.0,0.0,0.0,10.43,4.34,0.0
21150219:0609,0.0,0.0,0.0,10.36,4.28,0.0
21150219:0709,0.0,0.0,0.0,10.59,4.21,0.0
21150219:0809,4117.58,80.6,11.27,10.86,4.21,0.0
21150219:0909,11565.64,193.55,22.35,11.96,4.0,0.0
21150219:1009,19390.93,312.06,32.12,13.35,4.9,0.0
21150219:1109,39288.88,623.34,39.75,14.91,5.38,0.0
21150219:1209,35510.57,567.17,44.12,16.34,5.79,0.0
21150219:1309,33494.67,537.18,44.26,17.2,5.93,0.0
21150219:1409,39316.96,629.65,40.15,17.57,6.14,0.0
21150219:1509,21343.08,346.61,32.7,17.5,6.14,0.0
21150219:1609,13488.95,226.03,23.04,17.02,5.86,0.0
21150219:1709,8514.46,151.66,12.03,16.18,5.1,0.0
21150219:1809,0.0,0.0,0.0,14.88,4.9,0.0
21150219:1909,0.0,0.0,0.0,13.68,4.62,0.0
21150219:2009,0.0,0.0,0.0,12.87,4.55,0.0
21150219:2109,0.0,0.0,0.0,12.26,4.48,0.0
21150219:2209,0.0,0.0,0.0,11.75,4.28,0.0
21150219:2309,0.0,0.0,0.0,11.25,4.0,0.0
21150220:0009,0.0,0.0,0.0,10.79,3.79,0.0
21150220:0109,0.0,0.0,0.0,10.3,3.59,0.0
21150220:0209,0.0,0.0,0.0,9.89,3.31,0.0
21150220:0309,0.0,0.0,0.0,9.56,3.1,0.0
21150220:0409,0.0,0.0,0.0,9.24,2.97,0.0
21150220:0509,0.0,0.0,0.0,8.97,2.83,0.0
21150220:0609,0.0,0.0,0.0,8.79,2.62,0.0
21150220:0709,0.0,0.0,0.0,8.8,2.34,0.0
21150220:0809,13861.62,242.36,11.51,9.03,1.86,0.0
21150220:0909,32255.22,515.11,22.61,11.11,2.0,0.0
21150220:1009,47427.63,765.91,32.42,12.88,2.28,0.0
21150220:1109,55315.16,905.56,40.08,14.21,2.9,0.0
21150220:1209,61895.69,1024.51,44.47,15.17,3.45,0.0
21150220:1309,63059.24,1039.32,44.62,15.43,4.07,0.0
21150220:1409,59942.78,974.99,40.47,15.47,4.69,0.0
21150220:1509,50679.19,808.74,32.97,15.18,5.17,0.0
21150220:1609,37501.43,592.64,23.28,14.72,5.38,0.0
21150220:1709,20644.04,340.96,12.24,13.97,5.31,0.0
21150220:1809,0.0,0.0,0.0,13.09,4.34,0.0
21150220:1909,0.0,0.0,0.0,12.41,3.72,0.0
21150220:2009,0.0,0.0,0.0,12.01,3.38,0.0
21150220:2109,0.0,0.0,0.0,11.56,2.76,0.0
21150220:2209,0.0,0.0,0.0,11.14,2.14,0.0
21150220:2309,0.0,0.0,0.0,10.64,1.79,0.0
21150221:0009,0.0,0.0,0.0,9.99,1.52,0.0
21150221:0109,0.0,0.0,0.0,9.65,1.24,0.0
21150221:0209,0.0,0.0,0.0,9.29,1.17,0.0
21150221:0309,0.0,0.0,0.0,7.86,1.52,0.0
21150221:0409,0.0,0.0,0.0,7.53,1.79,0.0
21150221:0509,0.0,0.0,0.0,7.79,2.07,0.0
21150221:0609,0.0,0.0,0.0,8.1,2.34,0.0
21150221:0709,0.0,0.0,0.0,8.45,2.34,0.0
21150221:0809,4695.93,89.45,11.75,9.3,2.41,0.0
21150221:0909,5502.75,101.31,22.88,10.78,2.83,0.0
21150221:1009,2015.9,45.96,32.72,12.02,3.38,0.0
21150221:1109,5700.09,105.06,40.42,12.66,3.72,0.0
21150221:1209,29497.78,468.94,44.83,13.2,4.14,0.0
21150221:1309,14205.44,235.11,44.97,13.16,3.86,0.0
21150221:1409,11014.61,186.66,40.79,13.29,3.93,0.0
21150221:1509,9889.01,169.55,33.25,13.42,4.0,0.0
21150221:1609,8484.1,147.98,23.52,13.34,3.86,0.0
21150221:1709,6544.1,119.04,12.45,13.27,4.41,0.0
21150221:1809,0.0,0.0,0.0,13.08,4.55,0.0
21150221:1909,0.0,0.0,0.0,13.01,3.38,0.0
21150221:2009,0.0,0.0,0.0,12.9,2.83,0.0
21150221:2109,0.0,0.0,0.0,12.54,2.76,0.0
21150221:2209,0.0,0.0,0.0,12.42,2.76,0.0
21150221:2309,0.0,0.0,0.0,12.39,2.41,0.0
21150222:0009,0.0,0.0,0.0,12.05,2.34,0.0
21150222:0109,0.0,0.0,0.0,11.9,2.48,0.0
21150222:0209,0.0,0.0,0.0,11.49,2.62,0.0
21150222:0309,0.0,0.0,0.0,11.31,2.69,0.0
21150222:0409,0.0,0.0,0.0,11.18,2.55,0.0
21150222:0509,0.0,0.0,0.0,10.79,2.34,0.0
21150222:0609,0.0,0.0,0.0,10.78,2.14,0.0
21150222:0709,0.0,0.0,0.0,10.87,2.34,0.0
21150222:0809,5419.26,102.0,11.99,11.41,2.14,0.0
21150222:0909,27957.01,447.27,23.15,12.54,2.62,0.0
21150222:1009,36718.14,584.34,33.02,13.77,3.45,0.0
21150222:1109,31704.19,507.74,40.76,14.57,3.45,0.0
21150222:1209,36256.67,582.43,45.2,14.91,3.52,0.0
21150222:1309,47863.3,777.8,45.33,15.07,3.31,0.0
21150222:1409,39133.28,631.36,41.11,15.14,3.03,0.0
21150222:1509,36090.45,579.57,33.53,15.05,2.97,0.0
21150222:1609,31685.21,507.53,23.75,14.67,2.9,0.0
21150222:1709,18329.09,306.48,12.65,14.19,2.69,0.0
21150222:1809,0.0,0.0,0.0,13.37,2.07,0.0
21150222:1909,0.0,0.0,0.0,12.19,1.86,0.0
21150222:2009,0.0,0.0,0.0,11.73,1.79,0.0
21150222:2109,0.0,0.0,0.0,11.17,1.66,0.0
21150222:2209,0.0,0.0,0.0,10.61,1.24,0.0
21150222:2309,0.0,0.0,0.0,11.54,0.48,0.0
21150223:0009,0.0,0.0,0.0,10.83,0.76,0.0
21150223:0109,0.0,0.0,0.0,8.96,1.38,0.0
21150223:0209,0.0,0.0,0.0,8.95,1.59,0.0
21150223:0309,0.0,0.0,0.0,8.7,1.72,0.0
21150223:0409,0.0,0.0,0.0,8.39,1.79,0.0
21150223:0509,0.0,0.0,0.0,7.93,1.86,0.0
21150223:0609,0.0,0.0,0.0,7.42,1.93,0.0
21150223:0709,0.0,0.0,0.0,8.44,1.72,0.0
21150223:0809,7215.81,130.16,12.24,8.86,1.45,0.0
21150223:0909,12034.7,202.28,23.42,12.28,1.31,0.0
21150223:1009,19642.16,321.62,33.33,14.1,1.24,0.0
21150223:1109,37049.83,607.51,41.1,15.56,1.45,0.0
21150223:1209,18694.93,310.75,45.56,16.48,1.59,0.0
21150223:1309,20511.22,339.65,45.68,17.09,2.0,0.0
21150223:1409,21699.05,357.52,41.43,17.38,2.48,0.0
21150223:1509,26572.59,431.92,33.8,17.26,3.03,0.0
21150223:1609,16283.59,269.55,23.99,16.54,3.24,0.0
21150223:1709,10075.72,176.31,12.86,15.68,2.9,0.0
21150223:1809,0.0,0.0,0.0,14.41,2.83,0.0
21150223:1909,0.0,0.0,0.0,13.17,2.76,0.0
21150223:2009,0.0,0.0,0.0,12.54,2.41,0.0
21150223:2109,0.0,0.0,0.0,12.26,2.07,0.0
21150223:2209,0.0,0.0,0.0,12.25,1.79,0.0
21150223:2309,0.0,0.0,0.0,12.11,1.45,0.0
21150224:0009,0.0,0.0,0.0,11.68,1.1,0.0
21150224:0109,0.0,0.0,0.0,11.44,0.97,0.0
21150224:0209,0.0,0.0,0.0,11.07,0.97,0.0
21150224:0309,0.0,0.0,0.0,10.68,1.1,0.0
21150224:0409,0.0,0.0,0.0,10.14,1.38,0.0
21150224:0509,0.0,0.0,0.0,9.76,1.38,0.0
21150224:0609,0.0,0.0,0.0,10.27,1.03,0.0
21150224:0709,0.0,0.0,0.0,11.06,1.38,0.0
21150224:0809,5048.11,96.0,12.49,12.07,2.28,0.0
21150224:0909,15502.58,254.06,23.7,12.91,3.52,0.0
21150224:1009,30448.04,483.29,33.64,13.7,4.0,0.0
21150224:1109,48897.82,784.99,41.45,14.13,4.0,0.0
21150224:1209,61915.42,1012.6,45.93,14.44,4.14,0.0
21150224:1309,64262.25,1055.01,46.04,14.78,4.28,0.0
21150224:1409,59948.86,977.09,41.75,14.84,4.21,0.0
21150224:1509,51251.48,824.03,34.08,14.63,4.0,0.0
21150224:1609,37798.96,601.14,24.22,14.24,3.86,0.0
21150224:1709,19409.91,321.01,13.06,13.35,4.14,0.0
21150224:1809,0.0,0.0,0.0,12.19,3.59,0.0
21150224:1909,0.0,0.0,0.0,11.17,2.97,0.0
21150224:2009,0.0,0.0,0.0,10.5,2.76,0.0
21150224:2109,0.0,0.0,0.0,10.19,2.41,0.0
21150224:2209,0.0,0.0,0.0,9.68,2.0,0.0
21150224:2309,0.0,0.0,0.0,8.79,1.66,0.0
21150225:0009,0.0,0.0,0.0,7.96,1.86,0.0
21150225:0109,0.0,0.0,0.0,7.6,1.79,0.0
21150225:0209,0.0,0.0,0.0,7.32,1.66,0.0
21150225:0309,0.0,0.0,0.0,7.29,1.45,0.0
21150225:0409,0.0,0.0,0.0,7.3,1.31,0.0
21150225:0509,0.0,0.0,0.0,7.08,1.31,0.0
21150225:0609,0.0,0.0,0.0,6.93,1.31,0.0
21150225:0709,0.0,0.0,0.0,7.25,1.31,0.0
21150225:0809,12821.03,222.65,12.75,8.21,0.97,0.0
21150225:0909,32337.95,520.64,23.98,11.99,1.52,0.0
21150225:1009,44447.8,714.15,33.95,13.34,2.69,0.0
21150225:1109,53824.48,884.27,41.79,14.31,2.55,0.0
21150225:1209,60949.22,1014.87,46.3,15.19,2.97,0.0
21150225:1309,62975.75,1050.29,46.41,15.72,3.31,0.0
21150225:1409,60054.36,991.9,42.08,15.8,3.52,0.0
21150225:1509,51243.13,831.0,34.35,15.54,3.59,0.0
21150225:1609,38336.33,613.09,24.46,14.94,3.59,0.0
21150225:1709,20188.64,335.53,13.27,14.02,3.24,0.0
21150225:1809,0.0,0.0,0.0,12.82,2.28,0.0
21150225:1909,0.0,0.0,0.0,11.5,1.93,0.0
21150225:2009,0.0,0.0,0.0,10.67,1.72,0.0
21150225:2109,0.0,0.0,0.0,9.75,1.59,0.0
21150225:2209,0.0,0.0,0.0,9.87,1.1,0.0
21150225:2309,0.0,0.0,0.0,9.77,0.9,0.0
21150226:0009,0.0,0.0,0.0,7.61,1.59,0.0
21150226:0109,0.0,0.0,0.0,7.06,1.59,0.0
21150226:0209,0.0,0.0,0.0,6.96,1.86,0.0
21150226:0309,0.0,0.0,0.0,7.19,2.0,0.0
21150226:0409,0.0,0.0,0.0,7.3,2.0,0.0
21150226:0509,0.0,0.0,0.0,7.66,1.93,0.0
21150226:0609,0.0,0.0,0.0,7.8,2.0,0.0
21150226:0709,0.0,0.0,0.0,7.61,2.0,0.0
21150226:0809,15257.42,264.42,13.01,8.61,1.45,0.0
21150226:0909,32625.62,527.13,24.26,11.66,1.03,0.0
21150226:1009,44519.9,738.22,34.27,13.97,0.69,0.0
21150226:1109,54585.0,927.52,42.15,15.23,1.03,0.0
21150226:1209,45948.34,771.73,46.68,16.25,1.1,0.0
21150226:1309,52976.68,899.92,46.77,17.05,1.52,0.0
21150226:1409,55618.76,938.67,42.4,17.35,2.14,0.0
21150226:1509,50434.03,833.34,34.63,17.19,2.62,0.0
21150226:1609,37448.3,605.62,24.69,16.56,3.1,0.0
21150226:1709,19705.16,329.57,13.47,15.35,3.31,0.0
21150226:1809,0.0,0.0,0.0,14.0,2.41,0.0
21150226:1909,0.0,0.0,0.0,12.63,2.0,0.0
21150226:2009,0.0,0.0,0.0,11.78,1.52,0.0
21150226:2109,0.0,0.0,0.0,10.99,1.17,0.0
21150226:2209,0.0,0.0,0.0,11.56,0.48,0.0
21150226:2309,0.0,0.0,0.0,11.6,0.48,0.0
21150227:0009,0.0,0.0,0.0,9.22,1.45,0.0
21150227:0109,0.0,0.0,0.0,8.63,1.45,0.0
21150227:0209,0.0,0.0,0.0,8.96,1.52,0.0
21150227:0309,0.0,0.0,0.0,9.57,1.59,0.0
21150227:0409,0.0,0.0,0.0,10.34,1.52,0.0
21150227:0509,0.0,0.0,0.0,10.79,1.45,0.0
21150227:0609,0.0,0.0,0.0,11.15,1.31,0.0
21150227:0709,0.0,0.0,0.0,11.82,1.03,0.0
21150227:0809,8150.9,146.96,13.27,12.24,1.1,0.0
21150227:0909,16327.61,268.7,24.55,13.54,2.0,0.0
21150227:1009,10592.6,181.56,34.59,14.3,2.34,0.0
21150227:1109,15236.17,254.08,42.5,15.16,2.28,0.0
21150227:1209,20811.02,341.62,47.05,15.41,2.14,0.0
21150227:1309,28747.13,468.33,47.14,15.71,2.14,0.0
21150227:1409,39798.92,650.77,42.72,15.75,2.07,0.0
21150227:1509,46276.99,760.64,34.9,15.69,2.0,0.0
21150227:1609,36696.13,596.88,24.92,15.55,1.86,0.0
21150227:1709,19825.84,333.61,13.67,15.23,1.79,0.0
21150227:1809,0.0,0.0,0.0,14.57,1.72,0.0
21150227:1909,0.0,0.0,0.0,13.59,1.59,0.0
21150227:2009,0.0,0.0,0.0,12.97,1.45,0.0
21150227:2109,0.0,0.0,0.0,12.21,1.79,0.0
21150227:2209,0.0,0.0,0.0,11.73,1.86,0.0
21150227:2309,0.0,0.0,0.0,11.45,1.79,0.0
21150228:0009,0.0,0.0,0.0,11.11,1.52,0.0
21150228:0109,0.0,0.0,0.0,11.03,1.17,0.0
21150228:0209,0.0,0.0,0.0,10.77,1.24,0.0
21150228:0309,0.0,0.0,0.0,11.0,1.31,0.0
21150228:0409,0.0,0.0,0.0,11.33,1.24,0.0
21150228:0509,0.0,0.0,0.0,11.26,1.17,0.0
21150228:0609,0.0,0.0,0.0,11.08,1.17,0.0
21150228:0709,0.0,0.0,0.0,11.15,1.31,0.0
21150228:0809,14666.92,257.52,13.53,11.89,1.1,0.0
21150228:0909,34478.33,559.75,24.84,13.16,1.38,0.0
21150228:1009,41289.6,676.49,34.91,14.15,1.17,0.0
21150228:1109,47609.03,796.23,42.86,15.22,1.1,0.0
21150228:1209,57174.71,978.77,47.43,16.25,1.38,0.0
21150228:1309,61222.46,1049.62,47.5,16.94,1.93,0.0
21150228:1409,59809.96,1010.15,43.05,17.16,2.48,0.0
21150228:1509,49053.41,806.61,35.18,16.9,2.76,0.0
21150228:1609,32448.01,524.45,25.16,16.37,2.83,0.0
21150228:1709,18398.16,308.76,13.87,15.38,2.9,0.0
21150228:1809,0.0,0.0,0.0,14.09,2.34,0.0
21150228:1909,0.0,0.0,0.0,12.8,2.07,0.0
21150228:2009,0.0,0.0,0.0,12.01,1.66,0.0
21150228:2109,0.0,0.0,0.0,11.17,1.38,0.0
21150228:2209,0.0,0.0,0.0,11.01,1.03,0.0
21150228:2309,0.0,0.0,0.0,11.1,0.76,0.0
21150301:0009,0.0,0.0,0.0,10.51,0.9,0.0
21150301:0109,0.0,0.0,0.0,9.27,1.38,0.0
21150301:0209,0.0,0.0,0.0,9.48,1.59,0.0
21150301:0309,0.0,0.0,0.0,9.67,1.86,0.0
21150301:0409,0.0,0.0,0.0,9.69,1.72,0.0
21150301:0509,0.0,0.0,0.0,9.4,1.59,0.0
21150301:0609,0.0,0.0,0.0,9.28,1.52,0.0
21150301:0709,0.0,0.0,0.0,9.67,1.59,0.0
21150301:0809,11967.15,208.41,13.8,10.38,1.59,0.0
21150301:0909,25018.92,402.41,25.13,12.0,1.59,0.0
21150301:1009,36346.99,592.12,35.23,14.29,1.24,0.0
21150301:1109,52766.44,887.68,43.22,16.3,1.66,0.0
21150301:1209,0.0,0.0,0.0,17.68,1.93,0.0
21150301:1309,53753.14,910.23,47.87,18.53,2.28,0.0
21150301:1409,55227.12,929.35,43.37,18.84,2.83,0.0
21150301:1509,48150.2,791.4,35.45,18.57,3.52,0.0
21150301:1609,35748.14,577.42,25.38,17.66,4.0,0.0
21150301:1709,17373.51,292.51,14.07,16.36,3.86,0.0
21150301:1809,0.0,0.0,0.0,14.92,3.1,0.0
21150301:1909,0.0,0.0,0.0,13.51,3.17,0.0
21150301:2009,0.0,0.0,0.0,12.67,2.97,0.0
21150301:2109,0.0,0.0,0.0,12.07,2.76,0.0
21150301:2209,0.0,0.0,0.0,11.7,2.48,0.0
21150301:2309,0.0,0.0,0.0,11.41,2.21,0.0
21150302:0009,0.0,0.0,0.0,11.17,1.93,0.0
21150302:0109,0.0,0.0,0.0,10.8,1.86,0.0
21150302:0209,0.0,0.0,0.0,10.88,1.66,0.0
21150302:0309,0.0,0.0,0.0,10.72,1.72,0.0
21150302:0409,0.0,0.0,0.0,10.49,1.72,0.0
21150302:0509,0.0,0.0,0.0,10.36,1.72,0.0
21150302:0609,0.0,0.0,0.0,10.3,1.66,0.0
21150302:0709,0.0,0.0,0.0,10.61,1.59,0.0
21150302:0809,7257.56,130.93,14.07,11.07,1.52,0.0
21150302:0909,13918.54,231.34,25.43,12.26,1.03,0.0
21150302:1009,37058.18,606.25,35.56,14.05,0.9,0.0
21150302:1109,52574.41,890.07,43.58,16.05,1.24,0.0
21150302:1209,0.0,0.0,0.0,17.52,1.93,0.0
21150302:1309,60429.3,1032.57,48.24,18.44,2.48,0.0
21150302:1409,56595.59,953.04,43.69,18.71,2.9,0.0
21150302:1509,48415.85,799.85,35.72,18.5,3.03,0.0
21150302:1609,35880.97,583.78,25.61,17.88,3.1,0.0
21150302:1709,18811.82,317.58,14.27,16.85,2.9,0.0
21150302:1809,0.0,0.0,0.0,15.49,2.21,0.0
21150302:1909,0.0,0.0,0.0,13.67,2.07,0.0
21150302:2009,0.0,0.0,0.0,12.91,1.79,0.0
21150302:2109,0.0,0.0,0.0,12.2,1.59,0.0
21150302:2209,0.0,0.0,0.0,11.66,1.59,0.0
21150302:2309,0.0,0.0,0.0,10.88,1.52,0.0
21150303:0009,0.0,0.0,0.0,10.19,1.31,0.0
21150303:0109,0.0,0.0,0.0,9.65,1.1,0.0
21150303:0209,0.0,0.0,0.0,8.92,1.17,0.0
21150303:0309,0.0,0.0,0.0,8.34,1.17,0.0
21150303:0409,0.0,0.0,0.0,8.35,1.17,0.0
21150303:0509,0.0,0.0,0.0,8.78,0.9,0.0
21150303:0609,0.0,0.0,0.0,9.14,0.9,0.0
21150303:0709,0.0,0.0,0.0,9.77,0.83,0.0
21150303:0809,4811.3,91.33,14.34,10.88,0.69,0.0
21150303:0909,7879.94,139.32,25.72,12.77,0.9,0.0
21150303:1009,7066.29,127.57,35.89,14.47,1.24,0.0
21150303:1109,8622.24,152.9,43.95,16.05,0.97,0.0
21150303:1209,0.0,0.0,0.0,17.6,1.24,0.0
21150303:1309,16646.39,281.27,48.61,18.58,1.59,0.0
21150303:1409,42318.04,707.92,44.02,19.03,1.86,0.0
21150303:1509,46073.58,769.54,35.99,19.1,2.14,0.0
21150303:1609,26073.93,427.86,25.84,18.48,2.34,0.0
21150303:1709,13314.38,229.29,14.47,17.23,2.41,0.0
21150303:1809,0.0,0.0,0.0,15.63,1.93,0.0
21150303:1909,0.0,0.0,0.0,13.84,1.72,0.0
21150303:2009,0.0,0.0,0.0,12.79,1.45,0.0
21150303:2109,0.0,0.0,0.0,11.79,1.45,0.0
21150303:2209,0.0,0.0,0.0,10.99,1.59,0.0
21150303:2309,0.0,0.0,0.0,10.35,1.59,0.0
21150304:0009,0.0,0.0,0.0,9.92,1.45,0.0
21150304:0109,0.0,0.0,0.0,9.74,1.31,0.0
21150304:0209,0.0,0.0,0.0,9.57,1.38,0.0
21150304:0309,0.0,0.0,0.0,9.88,1.45,0.0
21150304:0409,0.0,0.0,0.0,10.09,1.66,0.0
21150304:0509,0.0,0.0,0.0,10.29,1.79,0.0
21150304:0609,0.0,0.0,0.0,10.28,1.72,0.0
21150304:0709,26.56,6.57,2.55,10.69,1.79,0.0
21150304:0809,1531.66,37.52,14.62,11.11,2.0,0.0
21150304:0909,7746.35,136.49,26.02,12.05,2.07,0.0
21150304:1009,29657.17,475.76,36.22,13.29,2.14,0.0
21150304:1109,54881.77,909.38,44.31,15.05,2.41,0.0
21150304:1209,58641.86,988.79,48.97,16.68,2.48,0.0
21150304:1309,60435.38,1030.15,48.98,18.39,2.62,0.0
21150304:1409,55781.19,942.42,44.34,19.36,2.83,0.0
21150304:1509,43649.33,721.32,36.26,19.59,3.03,0.0
21150304:1609,31263.97,510.22,26.07,18.87,3.24,0.0
21150304:1709,18864.19,319.08,14.66,17.47,3.1,0.0
21150304:1809,1032.24,35.88,2.6,15.96,2.69,0.0
21150304:1909,0.0,0.0,0.0,14.37,2.48,0.0
21150304:2009,0.0,0.0,0.0,13.67,2.0,0.0
21150304:2109,0.0,0.0,0.0,13.08,1.72,0.0
21150304:2209,0.0,0.0,0.0,12.65,1.59,0.0
21150304:2309,0.0,0.0,0.0,12.13,1.38,0.0
21150305:0009,0.0,0.0,0.0,11.52,1.1,0.0
21150305:0109,0.0,0.0,0.0,11.04,1.1,0.0
21150305:0209,0.0,0.0,0.0,10.56,1.31,0.0
21150305:0309,0.0,0.0,0.0,10.22,1.38,0.0
21150305:0409,0.0,0.0,0.0,9.84,1.38,0.0
21150305:0509,0.0,0.0,0.0,9.55,1.59,0.0
21150305:0609,0.0,0.0,0.0,9.46,1.72,0.0
21150305:0709,56.17,7.5,2.81,9.96,1.52,0.0
21150305:0809,8247.29,146.7,14.89,11.34,1.38,0.0
21150305:0909,15595.17,257.41,26.32,13.28,1.79,0.0
21150305:1009,45841.32,753.58,36.56,15.79,2.0,0.0
21150305:1109,54629.78,931.03,44.68,18.18,1.72,0.0
21150305:1209,57309.05,1005.89,49.36,20.75,1.45,0.0
21150305:1309,59158.74,1045.59,49.35,22.47,1.79,0.0
21150305:1409,56093.14,971.14,44.66,23.18,2.62,0.0
21150305:1509,48330.08,816.28,36.53,23.19,3.24,0.0
21150305:1609,35430.88,588.9,26.29,22.62,3.38,0.0
21150305:1709,18561.34,320.72,14.86,21.82,3.03,0.0
21150305:1809,1083.09,37.96,2.78,20.27,2.69,0.0
21150305:1909,0.0,0.0,0.0,18.37,2.83,0.0
21150305:2009,0.0,0.0,0.0,17.49,3.17,0.0
21150305:2109,0.0,0.0,0.0,16.71,3.24,0.0
21150305:2209,0.0,0.0,0.0,15.84,3.24,0.0
21150305:2309,0.0,0.0,0.0,14.98,3.17,0.0
21150306:0009,0.0,0.0,0.0,14.21,3.03,0.0
21150306:0109,0.0,0.0,0.0,13.46,2.69,0.0
21150306:0209,0.0,0.0,0.0,12.71,2.41,0.0
21150306:0309,0.0,0.0,0.0,12.12,2.28,0.0
21150306:0409,0.0,0.0,0.0,11.64,2.21,0.0
21150306:0509,0.0,0.0,0.0,11.32,2.14,0.0
21150306:0609,0.0,0.0,0.0,11.18,2.07,0.0
21150306:0709,510.05,23.59,3.08,11.04,2.07,0.0
21150306:0809,14937.12,259.6,15.17,12.29,1.52,0.0
21150306:0909,31332.28,516.55,26.63,16.06,1.03,0.0
21150306:1009,44472.85,762.14,36.89,19.19,0.48,0.0
21150306:1109,52811.22,933.16,45.05,21.53,0.76,0.0
21150306:1209,55353.87,985.37,49.75,23.19,1.24,0.0
21150306:1309,58788.34,1047.64,49.73,24.3,1.86,0.0
21150306:1409,55630.15,973.2,44.98,24.79,2.48,0.0
21150306:1509,48315.66,829.71,36.79,24.92,2.62,0.0
21150306:1609,34293.9,580.75,26.51,24.9,2.41,0.0
21150306:1709,17901.77,313.98,15.05,24.22,2.41,0.0
21150306:1809,984.42,34.83,2.95,22.17,2.69,0.0
21150306:1909,0.0,0.0,0.0,20.19,2.83,0.0
21150306:2009,0.0,0.0,0.0,18.85,3.1,0.0
21150306:2109,0.0,0.0,0.0,17.81,3.17,0.0
21150306:2209,0.0,0.0,0.0,16.87,3.1,0.0
21150306:2309,0.0,0.0,0.0,15.99,2.9,0.0
21150307:0009,0.0,0.0,0.0,15.13,2.69,0.0
21150307:0109,0.0,0.0,0.0,14.31,2.48,0.0
21150307:0209,0.0,0.0,0.0,13.52,2.28,0.0
21150307:0309,0.0,0.0,0.0,12.83,2.21,0.0
21150307:0409,0.0,0.0,0.0,12.26,2.14,0.0
21150307:0509,0.0,0.0,0.0,11.75,2.07,0.0
21150307:0609,0.0,0.0,0.0,11.32,2.07,0.0
21150307:0709,639.08,27.46,3.35,11.19,1.93,0.0
21150307:0809,15336.35,266.55,15.45,12.53,1.45,0.0
21150307:0909,31083.33,514.86,26.93,16.75,0.9,0.0
21150307:1009,44454.63,769.31,37.23,20.13,0.28,0.0
21150307:1109,52196.43,935.27,45.43,22.57,0.41,0.0
21150307:1209,55048.75,987.64,50.14,24.07,1.1,0.0
21150307:1309,58556.09,1042.99,50.1,24.79,2.0,0.0
21150307:1409,55119.34,960.61,45.31,24.67,2.62,0.0
21150307:1509,47989.29,818.57,37.06,23.9,2.69,0.0
21150307:1609,35005.08,586.73,26.73,23.0,2.55,0.0
21150307:1709,18716.18,324.49,15.24,21.67,2.07,0.0
21150307:1809,1369.24,44.32,3.12,19.59,1.66,0.0
21150307:1909,0.0,0.0,0.0,17.82,1.79,0.0
21150307:2009,0.0,0.0,0.0,16.14,1.31,0.0
21150307:2109,0.0,0.0,0.0,14.88,0.97,0.0
21150307:2209,0.0,0.0,0.0,13.2,1.59,0.0
21150307:2309,0.0,0.0,0.0,12.09,1.59,0.0
21150308:0009,0.0,0.0,0.0,11.55,1.72,0.0
21150308:0109,0.0,0.0,0.0,11.16,1.66,0.0
21150308:0209,0.0,0.0,0.0,10.75,1.66,0.0
21150308:0309,0.0,0.0,0.0,10.38,1.72,0.0
21150308:0409,0.0,0.0,0.0,10.04,1.79,0.0
21150308:0509,0.0,0.0,0.0,9.89,2.0,0.0
21150308:0609,0.0,0.0,0.0,9.91,2.0,0.0
21150308:0709,697.52,27.36,3.62,10.3,1.79,0.0
21150308:0809,14455.91,250.05,15.74,11.94,1.38,0.0
21150308:0909,29204.04,478.77,27.24,15.6,1.24,0.0
21150308:1009,23598.83,391.09,37.57,17.58,1.1,0.0
21150308:1109,53929.99,930.98,45.8,19.21,1.31,0.0
21150308:1209,56543.98,983.24,50.54,20.42,1.72,0.0
21150308:1309,59579.98,1037.17,50.47,21.08,2.21,0.0
21150308:1409,56157.65,962.76,45.63,21.12,2.55,0.0
21150308:1509,48477.33,814.19,37.32,20.66,2.62,0.0
21150308:1609,35582.68,588.27,26.95,19.92,2.41,0.0
21150308:1709,19063.8,325.96,15.43,18.8,2.07,0.0
21150308:1809,1426.92,44.61,3.3,17.19,1.79,0.0
21150308:1909,0.0,0.0,0.0,14.97,1.79,0.0
21150308:2009,0.0,0.0,0.0,13.71,1.59,0.0
21150308:2109,0.0,0.0,0.0,12.52,1.38,0.0
21150308:2209,0.0,0.0,0.0,11.5,1.45,0.0
21150308:2309,0.0,0.0,0.0,10.73,1.52,0.0
21150309:0009,0.0,0.0,0.0,10.21,1.45,0.0
21150309:0109,0.0,0.0,0.0,9.86,1.31,0.0
21150309:0209,0.0,0.0,0.0,9.62,1.24,0.0
21150309:0309,0.0,0.0,0.0,9.15,1.38,0.0
21150309:0409,0.0,0.0,0.0,8.9,1.38,0.0
21150309:0509,0.0,0.0,0.0,8.65,1.59,0.0
21150309:0609,0.0,0.0,0.0,8.42,1.66,0.0
21150309:0709,765.83,28.91,3.89,8.42,1.45,0.0
21150309:0809,12509.08,216.57,16.02,11.32,0.76,0.0
21150309:0909,20883.88,344.81,27.55,15.36,0.76,0.0
21150309:1009,43402.66,726.44,37.91,17.92,1.31,0.0
21150309:1109,54807.39,946.71,46.18,20.0,1.59,0.0
21150309:1209,57907.15,1014.34,50.93,21.66,1.86,0.0
21150309:1309,59896.48,1053.52,50.85,22.78,2.21,0.0
21150309:1409,56432.41,976.99,45.95,23.22,2.69,0.0
21150309:1509,48882.64,827.16,37.58,23.08,3.1,0.0
21150309:1609,35813.42,593.98,27.17,22.2,3.45,0.0
21150309:1709,19051.66,326.86,15.62,20.52,3.17,0.0
21150309:1809,1468.67,45.99,3.47,18.37,2.83,0.0
21150309:1909,0.0,0.0,0.0,16.11,2.41,0.0
21150309:2009,0.0,0.0,0.0,15.03,2.14,0.0
21150309:2109,0.0,0.0,0.0,14.23,1.93,0.0
21150309:2209,0.0,0.0,0.0,13.32,1.86,0.0
21150309:2309,0.0,0.0,0.0,12.33,1.79,0.0
21150310:0009,0.0,0.0,0.0,11.43,1.66,0.0
21150310:0109,0.0,0.0,0.0,10.76,1.52,0.0
21150310:0209,0.0,0.0,0.0,10.22,1.38,0.0
21150310:0309,0.0,0.0,0.0,9.66,1.59,0.0
21150310:0409,0.0,0.0,0.0,9.25,1.79,0.0
21150310:0509,0.0,0.0,0.0,9.07,1.86,0.0
21150310:0609,0.0,0.0,0.0,8.95,1.86,0.0
21150310:0709,941.16,34.52,4.16,8.35,1.31,0.0
21150310:0809,16046.78,276.58,16.31,10.68,0.55,0.0
21150310:0909,31656.37,524.49,27.86,14.92,0.21,0.0
21150310:1009,45744.17,776.92,38.25,17.56,0.62,0.0
21150310:1109,54176.66,942.5,46.56,19.34,1.03,0.0
21150310:1209,57841.11,1016.51,51.33,20.94,1.52,0.0
21150310:1309,59461.58,1047.8,51.22,22.02,1.86,0.0
21150310:1409,55942.85,972.33,46.26,22.61,2.21,0.0
21150310:1509,48090.24,816.28,37.84,22.58,2.55,0.0
21150310:1609,35775.47,595.42,27.39,21.92,2.83,0.0
21150310:1709,18927.18,325.56,15.8,20.53,2.62,0.0
21150310:1809,1619.71,49.17,3.64,18.54,2.07,0.0
21150310:1909,0.0,0.0,0.0,16.17,1.72,0.0
21150310:2009,0.0,0.0,0.0,14.98,1.38,0.0
21150310:2109,0.0,0.0,0.0,13.9,1.24,0.0
21150310:2209,0.0,0.0,0.0,12.85,1.45,0.0
21150310:2309,0.0,0.0,0.0,11.56,1.59,0.0
21150311:0009,0.0,0.0,0.0,10.75,1.38,0.0
21150311:0109,0.0,0.0,0.0,11.2,1.17,0.0
21150311:0209,0.0,0.0,0.0,12.48,0.97,0.0
21150311:0309,0.0,0.0,0.0,13.31,0.83,0.0
21150311:0409,0.0,0.0,0.0,12.06,1.1,0.0
21150311:0509,0.0,0.0,0.0,9.52,1.79,0.0
21150311:0609,0.0,0.0,0.0,8.81,1.79,0.0
21150311:0709,806.06,26.59,4.44,8.97,1.66,0.0
21150311:0809,7904.98,140.77,16.6,11.76,0.9,0.0
21150311:0909,12732.98,217.3,28.17,16.21,0.76,0.0
21150311:1009,37977.32,637.36,38.59,18.44,0.83,0.0
21150311:1109,54045.35,938.47,46.93,20.16,1.31,0.0
21150311:1209,58529.53,1025.02,51.73,21.36,1.86,0.0
21150311:1309,59866.88,1048.48,51.6,22.02,2.21,0.0
21150311:1409,56277.57,973.15,46.58,22.21,2.41,0.0
21150311:1509,48257.22,817.4,38.1,21.96,2.48,0.0
21150311:1609,35836.94,595.63,27.6,21.16,2.55,0.0
21150311:1709,19262.66,330.3,15.99,19.75,2.41,0.0
21150311:1809,1614.39,48.6,3.81,17.88,1.93,0.0
21150311:1909,0.0,0.0,0.0,15.51,1.45,0.0
21150311:2009,0.0,0.0,0.0,14.13,1.1,0.0
21150311:2109,0.0,0.0,0.0,13.16,0.69,0.0
21150311:2209,0.0,0.0,0.0,11.55,1.24,0.0
21150311:2309,0.0,0.0,0.0,10.79,1.52,0.0
21150312:0009,0.0,0.0,0.0,10.26,1.59,0.0
21150312:0109,0.0,0.0,0.0,9.93,1.66,0.0
21150312:0209,0.0,0.0,0.0,9.78,1.66,0.0
21150312:0309,0.0,0.0,0.0,9.55,1.66,0.0
21150312:0409,0.0,0.0,0.0,9.53,1.59,0.0
21150312:0509,0.0,0.0,0.0,9.8,1.66,0.0
21150312:0609,0.0,0.0,0.0,10.19,1.72,0.0
21150312:0709,1184.8,39.58,4.71,10.79,1.72,0.0
21150312:0809,15614.91,268.46,16.89,12.06,1.66,0.0
21150312:0909,31544.8,511.37,28.48,13.69,1.52,0.0
21150312:1009,43238.71,718.24,38.94,15.6,1.03,0.0
21150312:1109,54238.9,934.34,47.31,17.53,1.03,0.0
21150312:1209,59164.05,1026.96,52.13,19.01,1.72,0.0
21150312:1309,60943.91,1050.34,51.97,19.67,2.48,0.0
21150312:1409,57378.88,967.53,46.9,19.51,3.24,0.0
21150312:1509,43298.67,709.47,38.36,18.84,3.59,0.0
21150312:1609,36420.62,591.82,27.81,17.86,3.38,0.0
21150312:1709,19499.47,329.03,16.17,16.76,2.83,0.0
21150312:1809,1928.62,55.65,3.97,15.63,2.0,0.0
21150312:1909,0.0,0.0,0.0,14.13,1.52,0.0
21150312:2009,0.0,0.0,0.0,13.08,1.45,0.0
21150312:2109,0.0,0.0,0.0,12.07,1.45,0.0
21150312:2209,0.0,0.0,0.0,11.36,1.38,0.0
21150312:2309,0.0,0.0,0.0,11.22,1.1,0.0
21150313:0009,0.0,0.0,0.0,11.47,0.83,0.0
21150313:0109,0.0,0.0,0.0,11.64,0.83,0.0
21150313:0209,0.0,0.0,0.0,11.81,1.1,0.0
21150313:0309,0.0,0.0,0.0,11.78,1.31,0.0
21150313:0409,0.0,0.0,0.0,11.76,1.52,0.0
21150313:0509,0.0,0.0,0.0,11.66,1.52,0.0
21150313:0609,0.0,0.0,0.0,11.64,1.31,0.0
21150313:0709,309.67,14.07,4.99,11.86,1.24,0.0
21150313:0809,3785.89,75.04,17.18,12.08,1.24,0.0
21150313:0909,11355.4,192.59,28.79,12.89,1.31,0.0
21150313:1009,45744.93,753.12,39.28,13.8,1.24,0.0
21150313:1109,37144.7,609.08,47.7,14.73,1.31,0.0
21150313:1209,25336.18,416.55,52.53,16.07,1.59,0.0
21150313:1309,28753.96,472.45,52.35,17.15,2.14,0.0
21150313:1409,42856.94,706.29,47.21,17.52,2.62,0.0
21150313:1509,30059.44,489.37,38.61,17.31,2.83,0.0
21150313:1609,16590.22,275.74,28.02,16.89,2.69,0.0
21150313:1709,17683.18,298.48,16.35,16.08,2.62,0.0
21150313:1809,2112.3,59.72,4.14,14.98,2.41,0.0
21150313:1909,0.0,0.0,0.0,13.62,2.07,0.0
21150313:2009,0.0,0.0,0.0,12.73,1.86,0.0
21150313:2109,0.0,0.0,0.0,11.97,1.66,0.0
21150313:2209,0.0,0.0,0.0,11.16,1.31,0.0
21150313:2309,0.0,0.0,0.0,11.21,0.9,0.0
21150314:0009,0.0,0.0,0.0,10.8,0.9,0.0
21150314:0109,0.0,0.0,0.0,9.38,1.38,0.0
21150314:0209,0.0,0.0,0.0,9.06,1.31,0.0
21150314:0309,0.0,0.0,0.0,8.81,1.31,0.0
21150314:0409,0.0,0.0,0.0,8.84,1.03,0.0
21150314:0509,0.0,0.0,0.0,9.9,0.62,0.0
21150314:0609,0.0,0.0,0.0,9.13,1.1,0.0
21150314:0709,1458.8,46.19,5.27,9.36,1.59,0.0
21150314:0809,16776.94,285.25,17.47,10.59,2.07,0.0
21150314:0909,32598.29,520.28,29.11,11.78,2.28,0.0
21150314:1009,47483.8,771.76,39.63,13.9,2.34,0.0
21150314:1109,50160.79,832.48,48.08,15.64,2.07,0.0
21150314:1209,55195.24,921.65,52.93,16.97,2.9,0.0
21150314:1309,60550.74,1017.36,52.72,17.7,3.38,0.0
21150314:1409,57783.43,962.71,47.52,17.95,3.59,0.0
21150314:1509,50142.58,820.28,38.87,17.75,3.86,0.0
21150314:1609,36517.01,589.57,28.23,17.16,3.86,0.0
21150314:1709,19340.08,325.02,16.53,16.29,3.45,0.0
21150314:1809,1997.69,56.65,4.31,15.15,2.48,0.0
21150314:1909,0.0,0.0,0.0,13.54,1.93,0.0
21150314:2009,0.0,0.0,0.0,12.59,1.66,0.0
21150314:2109,0.0,0.0,0.0,11.59,1.17,0.0
21150314:2209,0.0,0.0,0.0,12.23,0.21,0.0
21150314:2309,0.0,0.0,0.0,9.92,1.1,0.0
21150315:0009,0.0,0.0,0.0,8.71,1.59,0.0
21150315:0109,0.0,0.0,0.0,8.2,1.72,0.0
21150315:0209,0.0,0.0,0.0,8.35,1.93,0.0
21150315:0309,0.0,0.0,0.0,8.39,2.0,0.0
21150315:0409,0.0,0.0,0.0,8.5,2.14,0.0
21150315:0509,0.0,0.0,0.0,8.48,2.28,0.0
21150315:0609,0.0,0.0,0.0,8.4,2.34,0.0
21150315:0709,1566.58,48.04,5.56,8.92,2.21,0.0
21150315:0809,17153.4,290.89,17.77,10.24,1.93,0.0
21150315:0909,32895.82,530.57,29.42,13.35,1.93,0.0
21150315:1009,46812.84,769.34,39.98,15.85,2.21,0.0
21150315:1109,56464.29,952.34,48.46,17.5,2.34,0.0
21150315:1209,55536.03,938.91,53.33,18.61,2.69,0.0
21150315:1309,60665.35,1032.38,53.09,19.1,3.03,0.0
21150315:1409,57038.85,957.07,47.84,19.15,3.45,0.0
21150315:1509,49451.89,814.84,39.12,18.77,3.59,0.0
21150315:1609,32971.72,535.12,28.44,17.97,3.59,0.0
21150315:1709,19813.7,334.34,16.71,16.99,3.17,0.0
21150315:1809,2242.09,62.6,4.47,15.78,2.41,0.0
21150315:1909,0.0,0.0,0.0,14.21,2.0,0.0
21150315:2009,0.0,0.0,0.0,13.12,1.86,0.0
21150315:2109,0.0,0.0,0.0,12.25,1.66,0.0
21150315:2209,0.0,0.0,0.0,11.36,1.52,0.0
21150315:2309,0.0,0.0,0.0,10.54,1.38,0.0
21150316:0009,0.0,0.0,0.0,10.02,1.45,0.0
21150316:0109,0.0,0.0,0.0,9.86,1.45,0.0
21150316:0209,0.0,0.0,0.0,9.84,1.45,0.0
21150316:0309,0.0,0.0,0.0,10.17,1.52,0.0
21150316:0409,0.0,0.0,0.0,10.05,1.66,0.0
21150316:0509,0.0,0.0,0.0,9.61,1.79,0.0
21150316:0609,0.0,0.0,0.0,9.26,1.86,0.0
21150316:0709,1835.26,50.46,5.84,10.27,1.45,0.0
21150316:0809,9183.14,160.66,18.06,12.11,1.38,0.0
21150316:0909,21246.69,347.97,29.74,14.01,0.97,0.0
21150316:1009,27106.17,445.42,40.32,15.35,0.76,0.0
21150316:1109,37820.97,629.99,48.84,16.49,0.9,0.0
21150316:1209,28142.2,467.6,53.73,17.57,1.1,0.0
21150316:1309,32803.98,546.17,53.47,18.41,1.45,0.0
21150316:1409,51038.96,867.53,48.15,18.91,1.79,0.0
21150316:1509,48010.54,803.1,39.37,18.9,2.21,0.0
21150316:1609,35776.22,586.27,28.64,18.36,2.62,0.0
21150316:1709,18833.83,318.89,16.89,17.24,2.9,0.0
21150316:1809,1862.59,52.41,4.64,15.72,2.62,0.0
21150316:1909,0.0,0.0,0.0,14.0,2.14,0.0
21150316:2009,0.0,0.0,0.0,12.98,1.72,0.0
21150316:2109,0.0,0.0,0.0,12.01,0.97,0.0
21150316:2209,0.0,0.0,0.0,12.24,0.55,0.0
21150316:2309,0.0,0.0,0.0,10.82,0.97,0.0
21150317:0009,0.0,0.0,0.0,9.07,1.59,0.0
21150317:0109,0.0,0.0,0.0,8.67,1.59,0.0
21150317:0209,0.0,0.0,0.0,8.36,1.66,0.0
21150317:0309,0.0,0.0,0.0,8.08,1.72,0.0
21150317:0409,0.0,0.0,0.0,8.19,1.93,0.0
21150317:0509,0.0,0.0,0.0,8.83,2.14,0.0
21150317:0609,0.0,0.0,0.0,9.39,2.28,0.0
21150317:0709,1848.17,48.91,6.12,10.15,2.41,0.0
21150317:0809,17361.37,294.55,18.36,11.61,2.83,0.0
21150317:0909,25378.68,405.24,30.05,13.08,3.79,0.0
21150317:1009,41455.82,659.42,40.67,14.05,4.34,0.0
21150317:1109,57221.01,931.54,49.23,15.34,4.34,0.0
21150317:1209,55363.74,905.36,54.14,16.78,4.76,0.0
21150317:1309,29656.41,480.73,53.84,17.73,5.17,0.0
21150317:1409,14912.83,249.46,48.46,17.24,5.59,0.0
21150317:1509,4733.12,90.99,39.61,15.78,6.48,0.0
21150317:1609,3475.46,70.35,28.84,13.9,5.72,0.0
21150317:1709,9951.25,171.43,17.07,13.17,4.76,0.0
21150317:1809,590.5,20.75,4.8,12.53,3.72,0.0
21150317:1909,0.0,0.0,0.0,12.41,2.97,0.0
21150317:2009,0.0,0.0,0.0,11.96,2.97,0.0
21150317:2109,0.0,0.0,0.0,11.38,2.76,0.0
21150317:2209,0.0,0.0,0.0,11.06,2.69,0.0
21150317:2309,0.0,0.0,0.0,10.77,2.76,0.0
21150318:0009,0.0,0.0,0.0,10.36,2.9,0.0
21150318:0109,0.0,0.0,0.0,10.15,3.17,0.0
21150318:0209,0.0,0.0,0.0,9.89,3.38,0.0
21150318:0309,0.0,0.0,0.0,9.78,3.52,0.0
21150318:0409,0.0,0.0,0.0,9.53,3.66,0.0
21150318:0509,0.0,0.0,0.0,9.34,3.79,0.0
21150318:0609,0.0,0.0,0.0,9.55,3.93,0.0
21150318:0709,2169.22,58.55,6.41,10.14,3.86,0.0
21150318:0809,8367.22,145.73,18.65,10.57,3.93,0.0
21150318:0909,28251.5,446.57,30.37,11.69,4.0,0.0
21150318:1009,11665.07,196.04,41.02,13.17,5.24,0.0
21150318:1109,43747.24,693.35,49.61,14.22,5.86,0.0
21150318:1209,41167.4,657.0,54.54,15.09,5.52,0.0
21150318:1309,38438.8,615.91,54.21,15.55,5.03,0.0
21150318:1409,7769.12,138.83,48.76,16.32,4.62,0.0
21150318:1509,6564.59,120.07,39.86,16.17,4.28,0.0
21150318:1609,3691.78,74.1,29.04,14.67,4.62,0.0
21150318:1709,18370.84,305.31,17.24,13.72,3.79,0.0
21150318:1809,2709.63,73.04,4.96,13.5,3.1,0.0
21150318:1909,0.0,0.0,0.0,12.78,2.83,0.0
21150318:2009,0.0,0.0,0.0,12.15,2.34,0.0
21150318:2109,0.0,0.0,0.0,11.61,2.55,0.0
21150318:2209,0.0,0.0,0.0,11.22,2.9,0.0
21150318:2309,0.0,0.0,0.0,10.92,3.1,0.0
21150319:0009,0.0,0.0,0.0,10.74,3.24,0.0
21150319:0109,0.0,0.0,0.0,10.35,3.45,0.0
21150319:0209,0.0,0.0,0.0,10.17,3.66,0.0
21150319:0309,0.0,0.0,0.0,10.05,3.79,0.0
21150319:0409,0.0,0.0,0.0,9.77,3.79,0.0
21150319:0509,0.0,0.0,0.0,9.77,3.86,0.0
21150319:0609,0.0,0.0,0.0,9.95,3.93,0.0
21150319:0709,2462.2,70.82,6.69,10.11,3.31,0.0
21150319:0809,19472.9,328.42,18.95,11.07,4.0,0.0
21150319:0909,37378.47,590.01,30.69,12.15,4.28,0.0
21150319:1009,38822.85,615.33,41.37,13.24,4.21,0.0
21150319:1109,12808.88,214.81,50.0,14.27,4.14,0.0
21150319:1209,47037.51,759.94,54.94,15.01,4.14,0.0
21150319:1309,20832.27,340.01,54.58,15.39,3.79,0.0
21150319:1409,32490.51,525.09,49.07,15.8,3.38,0.0
21150319:1509,42028.11,680.44,40.1,15.82,3.17,0.0
21150319:1609,16943.16,278.41,29.24,14.83,3.1,0.0
21150319:1709,9356.95,163.13,17.41,13.87,2.97,0.0
21150319:1809,1480.05,40.97,5.12,12.79,2.0,0.0
21150319:1909,0.0,0.0,0.0,12.55,0.76,0.0
21150319:2009,0.0,0.0,0.0,12.05,0.55,0.0
21150319:2109,0.0,0.0,0.0,10.5,1.45,0.0
21150319:2209,0.0,0.0,0.0,9.69,1.66,0.0
21150319:2309,0.0,0.0,0.0,9.4,1.59,0.0
21150320:0009,0.0,0.0,0.0,8.84,1.66,0.0
21150320:0109,0.0,0.0,0.0,8.38,1.72,0.0
21150320:0209,0.0,0.0,0.0,8.19,1.79,0.0
21150320:0309,0.0,0.0,0.0,8.23,1.93,0.0
21150320:0409,0.0,0.0,0.0,8.36,2.14,0.0
21150320:0509,0.0,0.0,0.0,8.5,2.28,0.0
21150320:0609,0.0,0.0,0.0,8.52,2.48,0.0
21150320:0709,2584.4,69.32,6.98,8.42,2.76,0.0
21150320:0809,19365.89,326.01,19.24,10.05,2.69,0.0
21150320:0909,37796.68,602.27,31.0,12.49,3.1,0.0
21150320:1009,49589.27,800.98,41.71,14.44,3.38,0.0
21150320:1109,54421.06,904.95,50.38,15.78,2.48,0.0
21150320:1209,47968.04,805.78,55.34,16.43,1.52,0.0
21150320:1309,31251.82,516.0,54.95,16.78,1.45,0.0
21150320:1409,20754.86,344.81,49.37,17.15,1.52,0.0
21150320:1509,19418.26,322.65,40.34,17.19,1.66,0.0
21150320:1609,19277.84,318.5,29.44,16.8,2.0,0.0
21150320:1709,3371.48,69.41,17.58,16.05,2.34,0.0
21150320:1809,2230.7,59.91,5.28,14.97,2.0,0.0
21150320:1909,0.0,0.0,0.0,13.39,0.21,0.0
21150320:2009,0.0,0.0,0.0,12.58,0.55,0.0
21150320:2109,0.0,0.0,0.0,11.95,1.38,0.0
21150320:2209,0.0,0.0,0.0,11.61,1.93,0.0
21150320:2309,0.0,0.0,0.0,11.24,2.34,0.0
21150321:0009,0.0,0.0,0.0,10.87,2.62,0.0
21150321:0109,0.0,0.0,0.0,10.62,2.97,0.0
21150321:0209,0.0,0.0,0.0,10.25,3.17,0.0
21150321:0309,0.0,0.0,0.0,10.09,3.1,0.0
21150321:0409,0.0,0.0,0.0,10.05,3.17,0.0
21150321:0509,0.0,0.0,0.0,10.18,3.17,0.0
21150321:0609,0.0,0.0,0.0,10.22,3.17,0.0
21150321:0709,1140.02,30.85,7.26,10.44,3.17,0.0
21150321:0809,6509.94,117.17,19.54,11.22,3.31,0.0
21150321:0909,24287.24,386.74,31.32,12.36,4.07,0.0
21150321:1009,16912.8,276.77,42.06,13.72,3.93,0.0
21150321:1109,46169.97,747.49,50.76,15.38,3.79,0.0
21150321:1209,28643.14,466.0,55.75,16.74,3.59,0.0
21150321:1309,53826.76,892.67,55.32,17.4,3.52,0.0
21150321:1409,54619.92,907.35,49.67,17.85,3.45,0.0
21150321:1509,50096.28,823.2,40.58,17.8,3.45,0.0
21150321:1609,28701.58,464.2,29.64,16.31,3.1,0.0
21150321:1709,21057.7,355.42,17.75,15.38,1.79,0.0
21150321:1809,1772.27,47.84,5.44,14.72,1.79,0.0
21150321:1909,0.0,0.0,0.0,13.7,2.0,0.0
21150321:2009,0.0,0.0,0.0,12.84,2.28,0.0
21150321:2109,0.0,0.0,0.0,12.28,2.48,0.0
21150321:2209,0.0,0.0,0.0,11.98,2.69,0.0
21150321:2309,0.0,0.0,0.0,11.77,2.97,0.0
21150322:0009,0.0,0.0,0.0,11.56,3.1,0.0
21150322:0109,0.0,0.0,0.0,11.67,3.24,0.0
21150322:0209,0.0,0.0,0.0,11.67,3.24,0.0
21150322:0309,0.0,0.0,0.0,11.72,3.24,0.0
21150322:0409,0.0,0.0,0.0,11.96,3.17,0.0
21150322:0509,0.0,0.0,0.0,12.05,3.24,0.0
21150322:0609,0.0,0.0,0.0,12.11,3.24,0.0
21150322:0709,2481.17,59.15,7.55,11.69,3.31,0.0
21150322:0809,9322.8,161.89,19.83,12.48,2.97,0.0
21150322:0909,19032.68,309.21,31.64,13.51,3.17,0.0
21150322:1009,17948.07,294.04,42.41,14.32,3.17,0.0
21150322:1109,43634.15,709.3,51.15,15.88,3.38,0.0
21150322:1209,11976.26,204.49,56.15,16.7,3.52,0.0
21150322:1309,25799.93,421.87,55.69,17.32,3.59,0.0
21150322:1409,26468.61,432.82,49.97,17.71,3.52,0.0
21150322:1509,48721.73,799.69,40.81,17.98,3.52,0.0
21150322:1609,32293.93,518.0,29.83,15.69,3.86,0.0
21150322:1709,9794.9,170.83,17.92,15.1,3.1,0.0
21150322:1809,0.0,4.69,5.6,14.65,2.21,0.0
21150322:1909,0.0,0.0,0.0,14.19,0.14,0.0
21150322:2009,0.0,0.0,0.0,13.16,0.62,0.0
21150322:2109,0.0,0.0,0.0,11.94,1.17,0.0
21150322:2209,0.0,0.0,0.0,11.65,1.31,0.0
21150322:2309,0.0,0.0,0.0,11.59,1.24,0.0
21150323:0009,0.0,0.0,0.0,11.43,1.1,0.0
21150323:0109,0.0,0.0,0.0,11.15,0.9,0.0
21150323:0209,0.0,0.0,0.0,10.64,1.24,0.0
21150323:0309,0.0,0.0,0.0,11.23,0.55,0.0
21150323:0409,0.0,0.0,0.0,11.0,0.62,0.0
21150323:0509,0.0,0.0,0.0,9.54,1.31,0.0
21150323:0609,0.0,0.0,0.0,9.44,1.52,0.0
21150323:0709,816.68,24.39,7.84,9.92,1.59,0.0
21150323:0809,4096.32,79.73,20.13,11.35,1.38,0.0
21150323:0909,3722.9,74.1,31.95,12.43,1.72,0.0
21150323:1009,11359.95,192.29,42.76,12.74,2.0,0.0
21150323:1109,16403.51,269.9,51.53,13.11,2.34,0.0
21150323:1209,12496.18,210.11,56.55,13.59,2.62,0.0
21150323:1309,50966.85,834.46,56.06,14.76,3.1,0.0
21150323:1409,53133.8,873.3,50.27,15.57,3.17,0.0
21150323:1509,44743.05,724.78,41.05,16.06,3.52,0.0
21150323:1609,28761.55,460.94,30.02,15.52,4.21,0.0
21150323:1709,16142.41,270.31,18.09,14.27,4.0,0.0
21150323:1809,2384.78,60.39,5.75,13.71,3.79,0.0
21150323:1909,0.0,0.0,0.0,13.59,3.1,0.0
21150323:2009,0.0,0.0,0.0,13.02,2.97,0.0
21150323:2109,0.0,0.0,0.0,12.24,3.1,0.0
21150323:2209,0.0,0.0,0.0,12.03,3.1,0.0
21150323:2309,0.0,0.0,0.0,11.83,3.24,0.0
21150324:0009,0.0,0.0,0.0,11.48,3.59,0.0
21150324:0109,0.0,0.0,0.0,11.23,4.83,0.0
21150324:0209,0.0,0.0,0.0,10.98,5.1,0.0
21150324:0309,0.0,0.0,0.0,10.69,4.9,0.0
21150324:0409,0.0,0.0,0.0,10.41,4.62,0.0
21150324:0509,0.0,0.0,0.0,10.0,4.34,0.0
21150324:0609,0.0,0.0,0.0,9.65,4.14,0.0
21150324:0709,2218.56,50.73,8.12,9.55,3.86,0.0
21150324:0809,16687.37,277.38,20.43,10.21,4.0,0.0
21150324:0909,36908.65,577.38,32.27,11.13,5.03,0.0
21150324:1009,21780.26,346.3,43.1,11.84,5.86,0.0
21150324:1109,20966.62,334.2,51.92,11.86,6.48,0.0
21150324:1209,8015.04,139.76,56.95,11.95,6.69,0.0
21150324:1309,3741.11,74.1,56.43,12.35,7.38,0.0
21150324:1409,4094.81,79.73,50.56,12.46,7.45,0.0
21150324:1509,38775.03,601.66,41.28,11.82,7.31,0.0
21150324:1609,30292.45,470.53,30.21,10.92,6.69,0.0
21150324:1709,18666.09,304.8,18.25,10.61,5.38,0.0
21150324:1809,2292.94,56.93,5.91,10.16,4.0,0.0
21150324:1909,0.0,0.0,0.0,9.6,3.45,0.0
21150324:2009,0.0,0.0,0.0,9.49,2.34,0.0
21150324:2109,0.0,0.0,0.0,9.74,2.14,0.0
21150324:2209,0.0,0.0,0.0,9.92,1.59,0.0
21150324:2309,0.0,0.0,0.0,9.6,1.66,0.0
21150325:0009,0.0,0.0,0.0,9.14,2.0,0.0
21150325:0109,0.0,0.0,0.0,8.71,2.9,0.0
21150325:0209,0.0,0.0,0.0,8.9,3.17,0.0
21150325:0309,0.0,0.0,0.0,9.37,2.76,0.0
21150325:0409,0.0,0.0,0.0,9.2,2.62,0.0
21150325:0509,0.0,0.0,0.0,9.52,2.55,0.0
21150325:0609,0.0,0.0,0.0,9.72,2.28,0.0
21150325:0709,2711.15,61.48,8.41,10.59,2.97,0.0
21150325:0809,15953.42,268.03,20.72,12.08,3.03,0.0
21150325:0909,15365.96,252.73,32.58,13.25,3.52,0.0
21150325:1009,15139.77,249.79,43.45,13.92,4.41,0.0
21150325:1109,19513.89,317.32,52.3,14.8,5.31,0.0
21150325:1209,31033.99,497.6,57.35,15.51,5.31,0.0
21150325:1309,15406.18,255.14,56.79,15.43,5.59,0.0
21150325:1409,19021.3,310.35,50.85,15.48,5.72,0.0
21150325:1509,30178.6,479.95,41.51,15.06,5.79,0.0
21150325:1609,28943.71,458.92,30.4,14.4,5.66,0.0
21150325:1709,15561.02,259.53,18.42,13.67,5.52,0.0
21150325:1809,2340.0,58.06,6.06,12.84,4.76,0.0
21150325:1909,0.0,0.0,0.0,12.06,3.38,0.0
21150325:2009,0.0,0.0,0.0,11.39,2.55,0.0
21150325:2109,0.0,0.0,0.0,10.87,2.0,0.0
21150325:2209,0.0,0.0,0.0,10.48,2.07,0.0
21150325:2309,0.0,0.0,0.0,10.13,2.14,0.0
21150326:0009,0.0,0.0,0.0,9.84,2.14,0.0
21150326:0109,0.0,0.0,0.0,9.7,2.0,0.0
21150326:0209,0.0,0.0,0.0,9.53,1.79,0.0
21150326:0309,0.0,0.0,0.0,9.32,1.79,0.0
21150326:0409,0.0,0.0,0.0,8.92,2.0,0.0
21150326:0509,0.0,0.0,0.0,8.75,2.21,0.0
21150326:0609,0.0,0.0,0.0,9.18,2.34,0.0
21150326:0709,3190.84,72.28,8.69,9.42,2.48,0.0
21150326:0809,19964.74,335.38,21.01,10.97,2.48,0.0
21150326:0909,36415.3,583.05,32.89,12.82,2.62,0.0
21150326:1009,40838.75,665.09,43.79,14.46,1.93,0.0
21150326:1109,41581.06,685.37,52.68,15.14,1.59,0.0
21150326:1209,53546.69,903.82,57.76,15.93,1.72,0.0
21150326:1309,59173.16,1006.66,57.15,16.25,2.0,0.0
21150326:1409,57102.61,961.72,51.14,16.61,2.28,0.0
21150326:1509,49742.58,818.04,41.73,16.5,2.76,0.0
21150326:1609,37525.72,606.42,30.58,16.09,3.17,0.0
21150326:1709,20655.43,346.58,18.58,15.32,3.38,0.0
21150326:1809,3415.5,86.23,6.22,14.32,3.1,0.0
21150326:1909,0.0,0.0,0.0,13.13,2.41,0.0
21150326:2009,0.0,0.0,0.0,12.27,1.86,0.0
21150326:2109,0.0,0.0,0.0,11.61,1.31,0.0
21150326:2209,0.0,0.0,0.0,11.39,0.76,0.0
21150326:2309,0.0,0.0,0.0,11.78,0.55,0.0
21150327:0009,0.0,0.0,0.0,10.11,0.97,0.0
21150327:0109,0.0,0.0,0.0,8.37,1.38,0.0
21150327:0209,0.0,0.0,0.0,7.9,1.72,0.0
21150327:0309,0.0,0.0,0.0,8.03,2.0,0.0
21150327:0409,0.0,0.0,0.0,8.07,2.14,0.0
21150327:0509,0.0,0.0,0.0,8.44,2.07,0.0
21150327:0609,0.0,0.0,0.0,8.46,2.07,0.0
21150327:0709,3577.93,89.58,8.98,9.28,1.93,0.0
21150327:0809,20087.69,340.08,21.31,11.5,1.38,0.0
21150327:0909,35528.03,581.67,33.21,14.34,1.1,0.0
21150327:1009,49361.56,828.61,44.13,16.23,1.24,0.0
21150327:1109,57977.73,995.7,53.06,17.83,1.66,0.0
21150327:1209,64060.36,1114.0,58.16,18.95,2.14,0.0
21150327:1309,62963.6,1087.85,57.52,19.58,2.55,0.0
21150327:1409,58530.28,993.68,51.43,19.86,3.03,0.0
21150327:1509,50523.59,838.3,41.96,19.61,3.45,0.0
21150327:1609,37448.3,610.7,30.76,18.85,3.79,0.0
21150327:1709,20366.25,345.02,18.74,17.66,3.86,0.0
21150327:1809,3478.5,88.35,6.37,16.22,3.45,0.0
21150327:1909,0.0,0.0,0.0,14.52,3.1,0.0
21150327:2009,0.0,0.0,0.0,13.52,2.9,0.0
21150327:2109,0.0,0.0,0.0,12.94,2.69,0.0
21150327:2209,0.0,0.0,0.0,12.57,2.34,0.0
21150327:2309,0.0,0.0,0.0,12.24,1.93,0.0
21150328:0009,0.0,0.0,0.0,11.89,1.66,0.0
21150328:0109,0.0,0.0,0.0,11.4,1.45,0.0
21150328:0209,0.0,0.0,0.0,10.66,1.24,0.0
21150328:0309,0.0,0.0,0.0,10.08,1.03,0.0
21150328:0409,0.0,0.0,0.0,9.54,0.97,0.0
21150328:0509,0.0,0.0,0.0,8.86,1.1,0.0
21150328:0609,0.0,0.0,0.0,8.69,1.1,0.0
21150328:0709,3476.22,76.95,9.26,9.88,1.17,0.0
21150328:0809,15677.15,264.64,21.6,12.13,1.17,0.0
21150328:0909,29296.64,477.97,33.52,14.32,1.1,0.0
21150328:1009,48870.49,820.56,44.47,16.87,1.38,0.0
21150328:1109,57807.72,996.24,53.44,19.03,1.79,0.0
21150328:1209,63843.28,1114.22,58.55,20.42,2.34,0.0
21150328:1309,62452.8,1081.71,57.88,21.07,2.83,0.0
21150328:1409,58668.42,999.79,51.71,21.07,3.24,0.0
21150328:1509,49999.88,833.32,42.18,20.56,3.45,0.0
21150328:1609,37069.56,609.49,30.95,19.84,3.31,0.0
21150328:1709,20319.19,347.48,18.9,18.84,3.03,0.0
21150328:1809,3474.7,89.28,6.52,17.57,2.48,0.0
21150328:1909,0.0,0.0,0.0,15.83,2.07,0.0
21150328:2009,0.0,0.0,0.0,14.78,1.59,0.0
21150328:2109,0.0,0.0,0.0,13.89,1.59,0.0
21150328:2209,0.0,0.0,0.0,13.14,1.66,0.0
21150328:2309,0.0,0.0,0.0,12.59,1.66,0.0
21150329:0009,0.0,0.0,0.0,12.11,1.66,0.0
21150329:0109,0.0,0.0,0.0,11.62,1.66,0.0
21150329:0209,0.0,0.0,0.0,11.2,1.59,0.0
21150329:0309,0.0,0.0,0.0,10.82,1.45,0.0
21150329:0409,0.0,0.0,0.0,11.01,1.17,0.0
21150329:0509,0.0,0.0,0.0,12.21,0.83,0.0
21150329:0609,0.0,0.0,0.0,12.8,0.69,0.0
21150329:0709,3786.65,86.13,9.55,9.87,0.83,0.0
21150329:0809,16316.98,277.32,21.89,13.27,0.76,0.0
21150329:0909,32525.43,541.11,33.83,16.63,0.55,0.0
21150329:1009,47992.33,827.37,44.81,19.23,0.62,0.0
21150329:1109,57057.82,997.86,53.82,20.87,1.52,0.0
21150329:1209,60049.8,1046.47,58.95,21.66,2.41,0.0
21150329:1309,61904.8,1075.58,58.23,22.01,2.9,0.0
21150329:1409,57632.39,993.61,52.0,21.99,2.69,0.0
21150329:1509,48865.18,832.9,42.4,21.99,2.14,0.0
21150329:1609,36129.92,606.09,31.13,21.75,2.07,0.0
21150329:1709,19914.64,345.09,19.06,20.74,2.28,0.0
21150329:1809,3429.92,87.64,6.67,18.91,2.21,0.0
21150329:1909,0.0,0.0,0.0,16.67,2.34,0.0
21150329:2009,0.0,0.0,0.0,15.15,2.07,0.0
21150329:2109,0.0,0.0,0.0,14.2,1.31,0.0
21150329:2209,0.0,0.0,0.0,13.31,1.72,0.0
21150329:2309,0.0,0.0,0.0,12.5,1.79,0.0
21150330:0009,0.0,0.0,0.0,11.9,1.66,0.0
21150330:0109,0.0,0.0,0.0,11.5,1.52,0.0
21150330:0209,0.0,0.0,0.0,11.17,1.38,0.0
21150330:0309,0.0,0.0,0.0,10.79,1.1,0.0
21150330:0409,0.0,0.0,0.0,10.59,0.9,0.0
21150330:0509,0.0,0.0,0.0,10.5,1.1,0.0
21150330:0609,0.0,0.0,0.0,10.56,1.17,0.0
21150330:0709,3047.38,65.38,9.83,11.17,1.17,0.0
21150330:0809,9485.98,164.9,22.18,12.81,0.97,0.0
21150330:0909,23419.7,386.0,34.13,15.14,0.62,0.0
21150330:1009,47485.32,824.33,45.15,17.82,0.0,0.0
21150330:1109,56765.61,998.37,54.19,19.65,0.97,0.0
21150330:1209,62338.19,1104.79,59.35,21.0,1.66,0.0
21150330:1309,61315.06,1076.05,58.59,21.74,2.21,0.0
21150330:1409,56955.36,980.82,52.28,21.99,2.69,0.0
21150330:1509,47854.19,805.57,42.62,21.74,2.9,0.0
21150330:1609,33746.66,559.94,31.3,21.12,2.83,0.0
21150330:1709,18033.08,311.18,19.22,20.09,2.62,0.0
21150330:1809,2656.5,65.77,6.82,18.6,2.28,0.0
21150330:1909,0.0,0.0,0.0,16.51,2.0,0.0
21150330:2009,0.0,0.0,0.0,15.23,1.79,0.0
21150330:2109,0.0,0.0,0.0,14.24,1.66,0.0
21150330:2209,0.0,0.0,0.0,13.39,1.45,0.0
21150330:2309,0.0,0.0,0.0,12.69,1.1,0.0
21150331:0009,0.0,0.0,0.0,13.0,0.48,0.0
21150331:0109,0.0,0.0,0.0,12.08,0.97,0.0
21150331:0209,0.0,0.0,0.0,10.82,1.45,0.0
21150331:0309,0.0,0.0,0.0,10.61,1.45,0.0
21150331:0409,0.0,0.0,0.0,10.16,1.52,0.0
21150331:0509,0.0,0.0,0.0,10.53,1.79,0.0
21150331:0609,0.0,0.0,0.0,10.57,1.79,0.0
21150331:0709,3592.35,76.4,10.11,11.98,1.59,0.0
21150331:0809,13098.06,223.28,22.47,13.59,1.03,0.0
21150331:0909,25800.69,429.17,34.44,16.19,0.14,0.0
21150331:1009,48465.19,831.05,45.49,18.88,0.83,0.0
21150331:1109,56858.97,993.91,54.57,20.84,1.52,0.0
21150331:1209,62805.73,1114.89,59.75,22.23,1.93,0.0
21150331:1309,61602.72,1088.37,58.94,23.08,2.28,0.0
21150331:1409,57633.15,999.07,52.55,23.2,2.76,0.0
21150331:1509,49513.37,837.48,42.83,22.61,3.03,0.0
21150331:1609,36601.26,609.15,31.48,21.61,2.9,0.0
21150331:1709,20110.46,347.84,19.37,20.37,2.48,0.0
21150331:1809,3565.78,92.3,6.97,18.93,1.86,0.0
21150331:1909,0.0,0.0,0.0,16.78,1.79,0.0
21150331:2009,0.0,0.0,0.0,15.61,1.24,0.0
21150331:2109,0.0,0.0,0.0,14.85,0.48,0.0
21150331:2209,0.0,0.0,0.0,13.46,1.66,0.0
21150331:2309,0.0,0.0,0.0,13.21,1.79,0.0
21150401:0009,0.0,0.0,0.0,12.79,1.52,0.0
21150401:0109,0.0,0.0,0.0,12.41,1.24,0.0
21150401:0209,0.0,0.0,0.0,11.91,1.24,0.0
21150401:0309,0.0,0.0,0.0,12.04,1.03,0.0
21150401:0409,0.0,0.0,0.0,12.04,0.9,0.0
21150401:0509,0.0,0.0,0.0,11.64,0.97,0.0
21150401:0609,0.0,0.0,0.0,11.19,1.31,0.0
21150401:0709,3823.84,81.93,10.39,12.38,0.9,0.0
21150401:0809,15319.66,262.21,22.76,15.04,0.69,0.0
21150401:0909,34625.58,577.58,34.74,17.21,0.69,0.0
21150401:1009,47023.09,807.28,45.82,19.96,0.9,0.0
21150401:1109,54843.82,964.51,54.94,21.99,1.31,0.0
21150401:1209,58647.17,1042.31,60.14,23.58,1.79,0.0
21150401:1309,59015.29,1043.41,59.3,24.48,2.34,0.0
21150401:1409,55627.87,967.9,52.83,24.61,2.76,0.0
21150401:1509,47572.6,811.01,43.04,24.18,2.83,0.0
21150401:1609,35992.54,604.78,31.65,23.42,2.76,0.0
21150401:1709,19583.72,342.26,19.53,22.34,2.55,0.0
21150401:1809,3470.91,89.65,7.12,20.94,1.93,0.0
21150401:1909,0.0,0.0,0.0,19.11,1.45,0.0
21150401:2009,0.0,0.0,0.0,17.81,0.9,0.0
21150401:2109,0.0,0.0,0.0,17.13,0.41,0.0
21150401:2209,0.0,0.0,0.0,16.67,0.55,0.0
21150401:2309,0.0,0.0,0.0,15.27,1.17,0.0
21150402:0009,0.0,0.0,0.0,14.22,1.52,0.0
21150402:0109,0.0,0.0,0.0,13.7,1.52,0.0
21150402:0209,0.0,0.0,0.0,13.35,1.45,0.0
21150402:0309,0.0,0.0,0.0,13.02,1.24,0.0
21150402:0409,0.0,0.0,0.0,12.72,1.17,0.0
21150402:0509,0.0,0.0,0.0,12.57,1.03,0.0
21150402:0609,0.0,0.0,0.0,12.51,1.17,0.0
21150402:0709,4290.63,100.73,10.67,13.57,1.1,0.0
21150402:0809,18982.59,327.52,23.04,16.25,0.76,0.0
21150402:0909,34069.23,578.95,35.05,19.74,0.28,0.0
21150402:1009,45782.88,803.39,46.15,22.16,0.34,0.0
21150402:1109,53771.36,966.4,55.32,24.14,0.83,0.0
21150402:1209,57449.47,1035.52,60.53,25.43,1.52,0.0
21150402:1309,58355.72,1042.99,59.65,25.69,2.07,0.0
21150402:1409,54799.8,960.87,53.1,25.48,2.48,0.0
21150402:1509,47392.72,809.65,43.25,24.64,2.83,0.0
21150402:1609,35231.26,592.08,31.83,23.38,2.69,0.0
21150402:1709,19211.05,335.5,19.68,21.8,2.21,0.0
21150402:1809,3246.24,82.06,7.27,20.38,1.52,0.0
21150402:1909,0.0,0.0,0.0,19.24,1.45,0.0
21150402:2009,0.0,0.0,0.0,17.89,1.17,0.0
21150402:2109,0.0,0.0,0.0,17.06,1.45,0.0
21150402:2209,0.0,0.0,0.0,16.61,1.59,0.0
21150402:2309,0.0,0.0,0.0,16.2,1.59,0.0
21150403:0009,0.0,0.0,0.0,15.68,1.38,0.0
21150403:0109,0.0,0.0,0.0,15.21,1.1,0.0
21150403:0209,0.0,0.0,0.0,14.89,0.9,0.0
21150403:0309,0.0,0.0,0.0,14.58,0.83,0.0
21150403:0409,0.0,0.0,0.0,15.09,0.62,0.0
21150403:0509,0.0,0.0,0.0,15.2,0.34,0.0
21150403:0609,0.0,0.0,0.0,15.25,0.21,0.0
21150403:0709,4202.58,91.06,10.95,15.44,0.0,0.0
21150403:0809,8344.45,149.61,23.32,16.56,0.14,0.0
21150403:0909,8221.49,148.21,35.35,17.98,0.21,0.0
21150403:1009,21342.32,363.32,46.48,20.31,0.14,0.0
21150403:1109,33613.83,580.78,55.69,22.65,0.34,0.0
21150403:1209,57022.91,1036.28,60.92,24.59,0.97,0.0
21150403:1309,57740.92,1036.05,59.99,25.6,1.79,0.0
21150403:1409,55059.38,967.11,53.37,25.51,2.41,0.0
21150403:1509,47047.37,803.95,43.46,24.6,2.76,0.0
21150403:1609,35273.01,592.18,32.0,23.15,2.69,0.0
21150403:1709,19259.62,336.09,19.83,21.71,2.34,0.0
21150403:1809,2620.83,64.14,7.42,20.19,1.93,0.0
21150403:1909,0.0,0.0,0.0,18.94,1.52,0.0
21150403:2009,0.0,0.0,0.0,18.1,1.17,0.0
21150403:2109,0.0,0.0,0.0,17.41,1.17,0.0
21150403:2209,0.0,0.0,0.0,16.93,1.03,0.0
21150403:2309,0.0,0.0,0.0,16.52,0.69,0.0
21150404:0009,0.0,0.0,0.0,16.38,0.55,0.0
21150404:0109,0.0,0.0,0.0,15.72,0.76,0.0
21150404:0209,0.0,0.0,0.0,14.96,1.31,0.0
21150404:0309,0.0,0.0,0.0,15.12,1.52,0.0
21150404:0409,0.0,0.0,0.0,15.31,2.07,0.0
21150404:0509,0.0,0.0,0.0,15.64,2.55,0.0
21150404:0609,0.0,0.0,0.0,15.88,2.69,0.0
21150404:0709,4562.35,103.8,11.22,16.53,2.83,0.0
21150404:0809,17022.85,293.95,23.61,18.25,1.38,0.0
21150404:0909,32608.16,551.8,35.64,21.44,1.1,0.0
21150404:1009,44674.74,762.76,46.81,22.41,1.79,0.0
21150404:1109,51606.69,901.29,56.05,23.37,1.72,0.0
21150404:1209,58362.55,1035.95,61.31,24.23,2.0,0.0
21150404:1309,58380.0,1035.7,60.34,24.62,2.14,0.0
21150404:1409,54257.12,941.61,53.63,24.73,2.83,0.0
21150404:1509,45132.42,756.58,43.66,23.04,3.66,0.0
21150404:1609,11841.16,206.26,32.16,21.2,3.45,0.0
21150404:1709,6692.1,124.48,19.98,19.94,2.69,0.0
21150404:1809,1164.31,31.89,7.57,18.96,2.14,0.0
21150404:1909,0.0,0.0,0.0,17.97,3.17,0.0
21150404:2009,0.0,0.0,0.0,17.11,2.97,0.0
21150404:2109,0.0,0.0,0.0,16.77,3.03,0.0
21150404:2209,0.0,0.0,0.0,16.85,3.17,0.0
21150404:2309,0.0,0.0,0.0,16.85,2.97,0.0
21150405:0009,0.0,0.0,0.0,16.65,2.9,0.0
21150405:0109,0.0,0.0,0.0,16.26,3.45,0.0
21150405:0209,0.0,0.0,0.0,15.85,3.38,0.0
21150405:0309,0.0,0.0,0.0,15.48,3.45,0.0
21150405:0409,0.0,0.0,0.0,15.2,3.31,0.0
21150405:0509,0.0,0.0,0.0,15.09,3.03,0.0
21150405:0609,0.0,0.0,0.0,14.95,3.1,0.0
21150405:0709,344.59,15.01,11.5,14.96,2.34,0.0
21150405:0809,14188.75,240.84,23.89,15.5,3.03,0.0
21150405:0909,15265.01,255.34,35.94,16.62,3.17,0.0
21150405:1009,25065.22,411.51,47.14,17.84,3.03,0.0
21150405:1109,18712.39,313.04,56.42,18.85,2.9,0.0
21150405:1209,21462.24,358.17,61.7,19.43,2.76,0.0
21150405:1309,28360.79,470.9,60.68,19.84,2.76,0.0
21150405:1409,7752.43,140.7,53.9,19.4,2.97,0.0
21150405:1509,7598.35,137.89,43.87,18.9,3.38,0.0
21150405:1609,7742.56,139.76,32.33,18.31,3.59,0.0
21150405:1709,4738.44,91.93,20.14,17.53,3.38,0.0
21150405:1809,1319.9,34.88,7.71,16.79,2.83,0.0
21150405:1909,0.0,0.0,0.0,15.95,2.34,0.0
21150405:2009,0.0,0.0,0.0,15.38,2.07,0.0
21150405:2109,0.0,0.0,0.0,15.02,1.59,0.0
21150405:2209,0.0,0.0,0.0,14.74,1.03,0.0
21150405:2309,0.0,0.0,0.0,14.47,0.9,0.0
21150406:0009,0.0,0.0,0.0,14.25,0.9,0.0
21150406:0109,0.0,0.0,0.0,14.07,0.83,0.0
21150406:0209,0.0,0.0,0.0,14.04,0.62,0.0
21150406:0309,0.0,0.0,0.0,14.21,0.48,0.0
21150406:0409,0.0,0.0,0.0,14.24,0.48,0.0
21150406:0509,0.0,0.0,0.0,14.18,0.83,0.0
21150406:0609,0.0,0.0,0.0,14.3,0.83,0.0
21150406:0709,2798.43,60.29,11.77,14.78,0.34,0.0
21150406:0809,7149.78,129.51,24.16,15.05,0.48,0.0
21150406:0909,5771.44,107.87,36.23,15.46,0.69,0.0
21150406:1009,17342.39,290.03,47.46,16.28,1.1,0.0
21150406:1109,17411.46,291.56,56.78,16.99,1.59,0.0
21150406:1209,9001.74,159.46,62.09,17.63,2.07,0.0
21150406:1309,7558.12,136.95,61.02,18.11,2.62,0.0
21150406:1409,7670.45,138.83,54.16,18.36,2.83,0.0
21150406:1509,31663.2,517.6,44.07,18.21,3.1,0.0
21150406:1609,13483.64,228.75,32.5,17.63,2.97,0.0
21150406:1709,5890.6,110.31,20.28,17.21,2.48,0.0
21150406:1809,1370.75,35.79,7.86,16.53,2.07,0.0
21150406:1909,0.0,0.0,0.0,15.97,0.76,0.0
21150406:2009,0.0,0.0,0.0,15.68,0.28,0.0
21150406:2109,0.0,0.0,0.0,15.38,0.07,0.0
21150406:2209,0.0,0.0,0.0,14.94,0.14,0.0
21150406:2309,0.0,0.0,0.0,14.21,0.62,0.0
21150407:0009,0.0,0.0,0.0,13.21,1.03,0.0
21150407:0109,0.0,0.0,0.0,12.75,1.59,0.0
21150407:0209,0.0,0.0,0.0,12.98,1.66,0.0
21150407:0309,0.0,0.0,0.0,13.11,1.79,0.0
21150407:0409,0.0,0.0,0.0,13.06,1.66,0.0
21150407:0509,0.0,0.0,0.0,12.8,1.66,0.0
21150407:0609,0.0,0.0,0.0,12.58,1.72,0.0
21150407:0709,5030.65,109.34,12.04,13.0,1.59,0.0
21150407:0809,11980.06,204.59,24.44,14.05,1.52,0.0
21150407:0909,20137.79,333.53,36.52,16.13,1.24,0.0
21150407:1009,33091.64,555.68,47.78,18.64,0.69,0.0
21150407:1109,52881.05,934.1,57.14,20.19,0.55,0.0
21150407:1209,55666.58,985.22,62.47,21.54,1.17,0.0
21150407:1309,52221.48,907.89,61.36,22.27,1.86,0.0
21150407:1409,56047.6,958.12,54.42,22.0,3.03,0.0
21150407:1509,48483.4,807.35,44.26,21.46,3.79,0.0
21150407:1609,36554.96,600.74,32.66,20.17,3.66,0.0
21150407:1709,17937.45,308.39,20.43,19.04,3.24,0.0
21150407:1809,3222.71,77.39,8.01,17.86,2.76,0.0
21150407:1909,0.0,0.0,0.0,16.61,2.14,0.0
21150407:2009,0.0,0.0,0.0,15.82,1.59,0.0
21150407:2109,0.0,0.0,0.0,15.33,1.59,0.0
21150407:2209,0.0,0.0,0.0,14.82,1.72,0.0
21150407:2309,0.0,0.0,0.0,14.53,1.59,0.0
21150408:0009,0.0,0.0,0.0,14.11,1.31,0.0
21150408:0109,0.0,0.0,0.0,13.75,1.38,0.0
21150408:0209,0.0,0.0,0.0,13.52,1.24,0.0
21150408:0309,0.0,0.0,0.0,13.37,1.31,0.0
21150408:0409,0.0,0.0,0.0,13.31,1.31,0.0
21150408:0509,0.0,0.0,0.0,13.57,1.38,0.0
21150408:0609,0.0,0.0,0.0,13.88,1.45,0.0
21150408:0709,3362.37,69.85,12.31,14.49,2.07,0.0
21150408:0809,8985.04,157.73,24.71,15.28,2.62,0.0
21150408:0909,8890.93,156.65,36.81,16.47,3.03,0.0
21150408:1009,9639.3,168.84,48.09,17.25,2.97,0.0
21150408:1109,5258.35,100.37,57.5,17.73,2.83,0.0
21150408:1209,5478.46,104.12,62.85,18.26,2.69,0.0
21150408:1309,6463.64,120.07,61.7,18.85,2.62,0.0
21150408:1409,25028.78,413.82,54.67,18.8,2.83,0.0
21150408:1509,34183.84,561.15,44.46,18.51,2.76,0.0
21150408:1609,35058.21,574.27,32.82,18.08,2.69,0.0
21150408:1709,6974.45,127.94,20.58,17.85,2.21,0.0
21150408:1809,2240.57,53.07,8.15,17.19,1.72,0.0
21150408:1909,0.0,0.0,0.0,16.21,1.52,0.0
21150408:2009,0.0,0.0,0.0,15.59,0.69,0.0
21150408:2109,0.0,0.0,0.0,15.52,0.21,0.0
21150408:2209,0.0,0.0,0.0,14.56,1.45,0.0
21150408:2309,0.0,0.0,0.0,14.13,1.59,0.0
21150409:0009,0.0,0.0,0.0,14.22,1.52,0.0
21150409:0109,0.0,0.0,0.0,14.19,1.66,0.0
21150409:0209,0.0,0.0,0.0,14.01,1.72,0.0
21150409:0309,0.0,0.0,0.0,13.64,1.86,0.0
21150409:0409,0.0,0.0,0.0,13.56,1.72,0.0
21150409:0509,0.0,0.0,0.0,13.34,1.72,0.0
21150409:0609,0.0,0.0,0.0,13.25,1.66,0.0
21150409:0709,5120.21,122.29,12.57,13.78,1.31,0.0
21150409:0809,20069.48,341.85,24.98,15.5,1.45,0.0
21150409:0909,35444.54,585.28,37.09,16.94,1.45,0.0
21150409:1009,46884.19,797.81,48.41,18.25,0.9,0.0
21150409:1109,52417.3,911.92,57.85,19.23,0.9,0.0
21150409:1209,36333.33,613.9,63.23,20.33,1.45,0.0
21150409:1309,57468.44,989.41,62.03,20.65,2.48,0.0
21150409:1409,57076.8,968.93,54.92,20.43,3.03,0.0
21150409:1509,48501.62,805.78,44.65,19.92,3.24,0.0
21150409:1609,36512.45,599.51,32.98,19.35,3.24,0.0
21150409:1709,19778.02,340.28,20.72,18.79,3.1,0.0
21150409:1809,3609.8,89.69,8.3,17.79,2.55,0.0
21150409:1909,0.0,0.0,0.0,16.33,2.14,0.0
21150409:2009,0.0,0.0,0.0,15.28,1.79,0.0
21150409:2109,0.0,0.0,0.0,14.53,1.59,0.0
21150409:2209,0.0,0.0,0.0,13.6,1.31,0.0
21150409:2309,0.0,0.0,0.0,13.1,1.24,0.0
21150410:0009,0.0,0.0,0.0,12.42,1.38,0.0
21150410:0109,0.0,0.0,0.0,11.97,1.24,0.0
21150410:0209,0.0,0.0,0.0,12.13,0.97,0.0
21150410:0309,0.0,0.0,0.0,12.48,0.9,0.0
21150410:0409,0.0,0.0,0.0,12.69,0.76,0.0
21150410:0509,0.0,0.0,0.0,12.88,0.62,0.0
21150410:0609,0.0,0.0,0.0,12.88,0.62,0.0
21150410:0709,5338.81,111.86,12.84,13.61,0.41,0.0
21150410:0809,16826.27,286.77,25.24,15.81,0.83,0.0
21150410:0909,30230.21,501.25,37.37,17.51,1.1,0.0
21150410:1009,41751.07,699.31,48.72,19.11,1.72,0.0
21150410:1109,37227.43,621.36,58.21,20.21,2.48,0.0
21150410:1209,32346.3,540.28,63.61,21.21,2.9,0.0
21150410:1309,29386.2,488.33,62.36,21.19,3.72,0.0
21150410:1409,48344.5,801.44,55.17,20.29,4.21,0.0
21150410:1509,44911.55,737.57,44.84,19.79,4.14,0.0
21150410:1609,34637.72,565.84,33.14,19.35,4.0,0.0
21150410:1709,18335.16,314.26,20.87,18.47,3.59,0.0
21150410:1809,3571.1,86.46,8.44,17.4,3.24,0.0
21150410:1909,0.0,0.0,0.0,16.33,2.69,0.0
21150410:2009,0.0,0.0,0.0,15.61,2.28,0.0
21150410:2109,0.0,0.0,0.0,15.04,2.0,0.0
21150410:2209,0.0,0.0,0.0,14.84,2.0,0.0
21150410:2309,0.0,0.0,0.0,14.75,2.07,0.0
21150411:0009,0.0,0.0,0.0,14.65,2.14,0.0
21150411:0109,0.0,0.0,0.0,14.66,1.93,0.0
21150411:0209,0.0,0.0,0.0,14.32,1.66,0.0
21150411:0309,0.0,0.0,0.0,14.19,1.45,0.0
21150411:0409,0.0,0.0,0.0,14.04,1.17,0.0
21150411:0509,0.0,0.0,0.0,13.39,0.76,0.0
21150411:0609,0.0,0.0,0.0,12.65,0.69,0.0
21150411:0709,5549.81,120.66,13.1,13.41,1.03,0.0
21150411:0809,12093.15,207.28,25.51,15.25,1.45,0.0
21150411:0909,33485.56,549.9,37.65,16.32,1.59,0.0
21150411:1009,36816.05,608.43,49.02,17.63,1.86,0.0
21150411:1109,46669.39,783.36,58.56,18.6,2.14,0.0
21150411:1209,48792.32,823.18,63.99,19.29,2.41,0.0
21150411:1309,60716.96,1039.81,62.69,19.71,2.83,0.0
21150411:1409,56803.56,960.99,55.42,19.88,3.03,0.0
21150411:1509,48544.88,803.24,45.03,19.83,3.59,0.0
21150411:1609,36430.48,594.58,33.3,19.14,4.0,0.0
21150411:1709,19472.15,332.97,21.01,18.17,4.21,0.0
21150411:1809,3678.11,90.02,8.58,17.17,3.72,0.0
21150411:1909,0.0,0.0,0.0,15.94,3.38,0.0
21150411:2009,0.0,0.0,0.0,15.03,2.9,0.0
21150411:2109,0.0,0.0,0.0,14.49,2.48,0.0
21150411:2209,0.0,0.0,0.0,13.99,2.07,0.0
21150411:2309,0.0,0.0,0.0,13.38,1.93,0.0
21150412:0009,0.0,0.0,0.0,12.75,1.79,0.0
21150412:0109,0.0,0.0,0.0,12.17,1.79,0.0
21150412:0209,0.0,0.0,0.0,11.69,1.86,0.0
21150412:0309,0.0,0.0,0.0,11.28,1.86,0.0
21150412:0409,0.0,0.0,0.0,10.96,1.93,0.0
21150412:0509,0.0,0.0,0.0,10.74,1.93,0.0
21150412:0609,0.0,0.0,0.0,10.48,1.93,0.0
21150412:0709,5750.18,123.06,13.35,11.6,1.45,0.0
21150412:0809,21291.47,362.39,25.77,15.44,1.66,0.0
21150412:0909,37448.3,615.96,37.93,17.69,2.28,0.0
21150412:1009,49032.16,823.48,49.33,19.68,2.34,0.0
21150412:1109,56679.08,976.04,58.9,21.36,2.41,0.0
21150412:1209,60479.4,1053.95,64.36,22.53,2.69,0.0
21150412:1309,60371.62,1050.55,63.01,23.16,2.97,0.0
21150412:1409,56631.27,971.76,55.66,23.29,3.31,0.0
21150412:1509,48087.96,808.05,45.22,22.92,3.59,0.0
21150412:1609,36205.82,600.88,33.45,22.19,3.72,0.0
21150412:1709,19590.55,340.95,21.16,21.08,3.52,0.0
21150412:1809,3782.1,95.11,8.73,19.67,2.62,0.0
21150412:1909,0.0,0.0,0.0,18.21,2.07,0.0
21150412:2009,0.0,0.0,0.0,16.98,1.45,0.0
21150412:2109,0.0,0.0,0.0,16.82,0.14,0.0
21150412:2209,0.0,0.0,0.0,14.98,1.1,0.0
21150412:2309,0.0,0.0,0.0,13.46,1.59,0.0
21150413:0009,0.0,0.0,0.0,12.78,1.52,0.0
21150413:0109,0.0,0.0,0.0,12.3,1.45,0.0
21150413:0209,0.0,0.0,0.0,12.21,1.45,0.0
21150413:0309,0.0,0.0,0.0,11.97,1.52,0.0
21150413:0409,0.0,0.0,0.0,11.91,1.59,0.0
21150413:0509,0.0,0.0,0.0,11.71,1.66,0.0
21150413:0609,0.0,0.0,0.0,11.56,1.66,0.0
21150413:0709,5609.77,129.79,13.61,12.75,1.03,0.0
21150413:0809,21339.28,368.0,26.03,16.78,0.76,0.0
21150413:0909,36276.4,614.2,38.2,18.92,0.41,0.0
21150413:1009,48010.54,828.79,49.62,20.82,0.97,0.0
21150413:1109,55991.43,981.46,59.24,22.27,1.66,0.0
21150413:1209,59908.63,1053.64,64.73,23.26,2.34,0.0
21150413:1309,60061.95,1050.22,63.33,23.73,2.83,0.0
21150413:1409,55926.16,965.4,55.9,23.88,3.03,0.0
21150413:1509,47414.73,801.83,45.4,23.59,3.24,0.0
21150413:1609,35976.6,600.8,33.61,22.73,3.24,0.0
21150413:1709,19520.72,341.41,21.3,21.67,3.1,0.0
21150413:1809,3763.88,94.71,8.87,20.25,2.48,0.0
21150413:1909,0.0,0.0,0.0,18.78,1.86,0.0
21150413:2009,0.0,0.0,0.0,17.53,1.38,0.0
21150413:2109,0.0,0.0,0.0,16.48,1.24,0.0
21150413:2209,0.0,0.0,0.0,15.61,1.66,0.0
21150413:2309,0.0,0.0,0.0,15.02,1.86,0.0
21150414:0009,0.0,0.0,0.0,14.92,2.14,0.0
21150414:0109,0.0,0.0,0.0,14.84,2.34,0.0
21150414:0209,0.0,0.0,0.0,14.62,2.48,0.0
21150414:0309,0.0,0.0,0.0,14.4,2.62,0.0
21150414:0409,0.0,0.0,0.0,14.24,2.76,0.0
21150414:0509,0.0,0.0,0.0,14.19,3.03,0.0
21150414:0609,0.0,0.0,0.0,14.17,3.1,0.0
21150414:0709,5827.6,117.55,13.86,15.03,3.1,0.0
21150414:0809,14912.07,251.78,26.28,16.43,4.14,0.0
21150414:0909,14805.81,248.86,38.46,17.83,4.48,0.0
21150414:1009,12938.67,221.37,49.92,18.92,3.93,0.0
21150414:1109,11758.43,204.49,59.58,20.38,3.31,0.0
21150414:1209,48586.63,824.71,65.1,21.15,2.69,0.0
21150414:1309,33893.9,569.35,63.65,22.06,2.76,0.0
21150414:1409,52995.66,899.42,56.14,22.25,3.38,0.0
21150414:1509,38644.48,636.55,45.58,21.03,4.21,0.0
21150414:1609,34522.36,564.06,33.76,19.55,4.21,0.0
21150414:1709,18900.62,324.53,21.44,18.42,3.66,0.0
21150414:1809,3880.01,100.51,9.01,17.46,3.17,0.0
21150414:1909,0.0,0.0,0.0,16.53,2.34,0.0
21150414:2009,0.0,0.0,0.0,15.34,1.79,0.0
21150414:2109,0.0,0.0,0.0,15.11,0.9,0.0
21150414:2209,0.0,0.0,0.0,14.98,0.21,0.0
21150414:2309,0.0,0.0,0.0,15.01,0.34,0.0
21150415:0009,0.0,0.0,0.0,14.98,1.17,0.0
21150415:0109,0.0,0.0,0.0,14.93,1.59,0.0
21150415:0209,0.0,0.0,0.0,14.72,1.86,0.0
21150415:0309,0.0,0.0,0.0,14.55,1.93,0.0
21150415:0409,0.0,0.0,0.0,14.18,2.07,0.0
21150415:0509,0.0,0.0,0.0,13.95,2.14,0.0
21150415:0609,0.0,0.0,0.0,13.8,2.21,0.0
21150415:0709,5790.41,133.95,14.11,14.72,2.07,0.0
21150415:0809,21966.98,373.48,26.53,16.09,2.34,0.0
21150415:0909,38019.07,619.5,38.73,17.42,3.24,0.0
21150415:1009,45521.02,749.42,50.21,18.86,3.52,0.0
21150415:1109,43094.5,712.63,59.92,19.83,3.86,0.0
21150415:1209,53102.68,885.86,65.46,20.31,4.41,0.0
21150415:1309,62025.48,1042.6,63.97,20.47,4.69,0.0
21150415:1409,57187.61,951.77,56.37,20.67,4.9,0.0
21150415:1509,48998.76,804.26,45.76,20.09,4.69,0.0
21150415:1609,36539.02,594.99,33.91,19.26,4.55,0.0
21150415:1709,19809.14,340.28,21.58,18.51,4.21,0.0
21150415:1809,3848.13,96.33,9.16,17.64,3.59,0.0
21150415:1909,0.0,0.0,0.0,16.71,2.55,0.0
21150415:2009,0.0,0.0,0.0,15.77,2.07,0.0
21150415:2109,0.0,0.0,0.0,15.28,1.72,0.0
21150415:2209,0.0,0.0,0.0,14.62,1.86,0.0
21150415:2309,0.0,0.0,0.0,14.23,1.93,0.0
21150416:0009,0.0,0.0,0.0,13.89,2.07,0.0
21150416:0109,0.0,0.0,0.0,13.78,2.21,0.0
21150416:0209,0.0,0.0,0.0,13.88,2.28,0.0
21150416:0309,0.0,0.0,0.0,14.03,2.28,0.0
21150416:0409,0.0,0.0,0.0,14.14,2.21,0.0
21150416:0509,0.0,0.0,0.0,14.15,2.0,0.0
21150416:0609,0.0,0.0,0.0,13.92,1.79,0.0
21150416:0709,5837.47,115.16,14.35,14.91,1.72,0.0
21150416:0809,17726.45,299.67,26.78,15.82,1.66,0.0
21150416:0909,30880.67,508.27,38.99,17.0,1.66,0.0
21150416:1009,35918.92,594.53,50.5,17.82,1.79,0.0
21150416:1109,33280.63,553.64,60.25,18.84,1.93,0.0
21150416:1209,42003.82,704.31,65.82,19.45,2.28,0.0
21150416:1309,56606.98,965.96,64.28,19.91,2.69,0.0
21150416:1409,56255.56,950.56,56.6,20.0,3.1,0.0
21150416:1509,47290.25,784.8,45.94,19.92,3.24,0.0
21150416:1609,34053.29,559.0,34.06,19.42,3.38,0.0
21150416:1709,17570.85,302.22,21.72,18.55,3.38,0.0
21150416:1809,2963.9,66.96,9.3,17.36,3.03,0.0
21150416:1909,0.0,0.0,0.0,15.92,2.9,0.0
21150416:2009,0.0,0.0,0.0,15.01,2.62,0.0
21150416:2109,0.0,0.0,0.0,14.48,2.34,0.0
21150416:2209,0.0,0.0,0.0,14.04,2.07,0.0
21150416:2309,0.0,0.0,0.0,13.56,1.86,0.0
21150417:0009,0.0,0.0,0.0,13.16,1.79,0.0
21150417:0109,0.0,0.0,0.0,12.61,1.66,0.0
21150417:0209,0.0,0.0,0.0,12.18,1.52,0.0
21150417:0309,0.0,0.0,0.0,11.68,1.66,0.0
21150417:0409,0.0,0.0,0.0,11.32,1.66,0.0
21150417:0509,0.0,0.0,0.0,10.99,1.66,0.0
21150417:0609,0.0,0.0,0.0,10.88,1.59,0.0
21150417:0709,6237.46,135.77,14.59,12.68,1.86,0.0
21150417:0809,20485.41,343.79,27.02,14.1,1.86,0.0
21150417:0909,25744.52,419.89,39.24,15.61,2.21,0.0
21150417:1009,43179.51,711.98,50.78,17.29,2.41,0.0
21150417:1109,52748.22,884.64,60.57,18.74,2.9,0.0
21150417:1209,57699.18,977.67,66.18,19.7,3.24,0.0
21150417:1309,60000.47,1022.26,64.59,20.34,3.31,0.0
21150417:1409,53685.59,904.22,56.83,20.64,3.38,0.0
21150417:1509,46992.73,778.97,46.11,20.54,3.66,0.0
21150417:1609,35380.03,579.95,34.21,19.82,3.93,0.0
21150417:1709,18504.42,318.19,21.86,18.71,4.0,0.0
21150417:1809,3007.92,67.62,9.44,17.42,3.66,0.0
21150417:1909,0.0,0.0,0.0,16.09,2.9,0.0
21150417:2009,0.0,0.0,0.0,15.3,2.28,0.0
21150417:2109,0.0,0.0,0.0,14.84,1.86,0.0
21150417:2209,0.0,0.0,0.0,14.11,1.38,0.0
21150417:2309,0.0,0.0,0.0,13.95,0.97,0.0
21150418:0009,0.0,0.0,0.0,14.0,0.69,0.0
21150418:0109,0.0,0.0,0.0,14.11,0.41,0.0
21150418:0209,0.0,0.0,0.0,14.02,0.21,0.0
21150418:0309,0.0,0.0,0.0,13.23,0.69,0.0
21150418:0409,0.0,0.0,0.0,12.26,1.17,0.0
21150418:0509,0.0,0.0,0.0,12.62,1.24,0.0
21150418:0609,102.47,8.92,2.5,12.96,1.17,0.0
21150418:0709,6289.83,136.36,14.83,13.73,0.69,0.0
21150418:0809,20447.46,349.01,27.26,15.01,0.14,0.0
21150418:0909,27114.52,446.15,39.5,16.71,1.59,0.0
21150418:1009,30005.55,494.59,51.06,18.31,2.41,0.0
21150418:1109,38636.14,642.62,60.9,19.32,2.55,0.0
21150418:1209,53558.08,912.88,66.54,20.34,2.62,0.0
21150418:1309,60224.37,1033.98,64.89,21.16,3.1,0.0
21150418:1409,56663.14,959.84,57.05,21.24,3.45,0.0
21150418:1509,47589.3,787.61,46.29,20.77,4.0,0.0
21150418:1609,31942.52,522.37,34.36,19.69,4.34,0.0
21150418:1709,18911.24,324.59,22.0,18.44,4.41,0.0
21150418:1809,3928.58,99.47,9.58,17.11,3.86,0.0
21150418:1909,0.0,0.0,0.0,15.8,2.97,0.0
21150418:2009,0.0,0.0,0.0,14.86,2.62,0.0
21150418:2109,0.0,0.0,0.0,14.31,2.21,0.0
21150418:2209,0.0,0.0,0.0,13.8,1.93,0.0
21150418:2309,0.0,0.0,0.0,13.21,1.66,0.0
21150419:0009,0.0,0.0,0.0,12.84,1.45,0.0
21150419:0109,0.0,0.0,0.0,12.58,1.45,0.0
21150419:0209,0.0,0.0,0.0,12.28,1.45,0.0
21150419:0309,0.0,0.0,0.0,11.94,1.38,0.0
21150419:0409,0.0,0.0,0.0,11.56,1.45,0.0
21150419:0509,0.0,0.0,0.0,11.3,1.52,0.0
21150419:0609,206.45,11.6,2.75,11.13,1.59,0.0
21150419:0709,6317.16,139.81,15.07,12.51,1.52,0.0
21150419:0809,22199.99,375.97,27.5,15.14,1.86,0.0
21150419:0909,37458.93,611.44,39.74,16.72,2.62,0.0
21150419:1009,49389.65,818.41,51.33,18.12,2.83,0.0
21150419:1109,57495.77,969.55,61.22,19.17,3.1,0.0
21150419:1209,62028.52,1055.67,66.89,19.95,3.45,0.0
21150419:1309,61705.18,1044.29,65.2,20.23,3.93,0.0
21150419:1409,57333.34,958.59,57.27,20.14,4.14,0.0
21150419:1509,48701.99,800.66,46.46,19.78,4.28,0.0
21150419:1609,36125.36,588.63,34.5,19.14,4.41,0.0
21150419:1709,19560.95,336.05,22.13,18.14,4.21,0.0
21150419:1809,3961.98,98.7,9.72,16.92,3.72,0.0
21150419:1909,0.0,0.0,0.0,15.58,3.1,0.0
21150419:2009,0.0,0.0,0.0,14.67,2.69,0.0
21150419:2109,0.0,0.0,0.0,14.07,2.21,0.0
21150419:2209,0.0,0.0,0.0,13.45,1.72,0.0
21150419:2309,0.0,0.0,0.0,12.57,1.52,0.0
21150420:0009,0.0,0.0,0.0,11.95,1.52,0.0
21150420:0109,0.0,0.0,0.0,11.39,1.52,0.0
21150420:0209,0.0,0.0,0.0,10.86,1.59,0.0
21150420:0309,0.0,0.0,0.0,10.4,1.59,0.0
21150420:0409,0.0,0.0,0.0,9.96,1.59,0.0
21150420:0509,0.0,0.0,0.0,9.62,1.59,0.0
21150420:0609,284.62,13.38,2.99,9.32,1.59,0.0
21150420:0709,6274.65,142.42,15.3,11.36,0.97,0.0
21150420:0809,22360.14,381.01,27.73,15.03,0.97,0.0
21150420:0909,37517.37,618.29,39.99,16.86,1.72,0.0
21150420:1009,49422.28,826.71,51.6,18.42,2.21,0.0
21150420:1109,57183.06,974.9,61.53,19.79,2.55,0.0
21150420:1209,61290.77,1055.49,67.24,20.8,2.9,0.0
21150420:1309,61143.52,1048.69,65.49,21.33,3.31,0.0
21150420:1409,56733.73,957.37,57.49,21.31,3.79,0.0
21150420:1509,48025.73,794.93,46.63,20.87,4.07,0.0
21150420:1609,35813.42,587.72,34.65,20.09,4.0,0.0
21150420:1709,19496.43,337.68,22.27,19.23,3.59,0.0
21150420:1809,3987.03,99.86,9.86,18.05,2.83,0.0
21150420:1909,0.0,0.0,0.0,16.57,2.0,0.0
21150420:2009,0.0,0.0,0.0,15.57,1.72,0.0
21150420:2109,0.0,0.0,0.0,14.84,1.38,0.0
21150420:2209,0.0,0.0,0.0,13.82,1.17,0.0
21150420:2309,0.0,0.0,0.0,13.35,1.1,0.0
21150421:0009,0.0,0.0,0.0,12.86,1.1,0.0
21150421:0109,0.0,0.0,0.0,12.42,1.31,0.0
21150421:0209,0.0,0.0,0.0,12.37,1.52,0.0
21150421:0309,0.0,0.0,0.0,12.39,1.66,0.0
21150421:0409,0.0,0.0,0.0,12.47,1.79,0.0
21150421:0509,0.0,0.0,0.0,12.77,1.93,0.0
21150421:0609,277.79,13.38,3.22,13.16,2.07,0.0
21150421:0709,6486.41,125.01,15.53,14.12,1.86,0.0
21150421:0809,18360.21,308.84,27.96,15.74,2.14,0.0
21150421:0909,25639.78,422.38,40.23,17.46,2.07,0.0
21150421:1009,39417.15,655.23,51.87,18.7,2.07,0.0
21150421:1109,32684.06,547.23,61.84,19.87,1.79,0.0
21150421:1209,41345.77,701.54,67.58,20.88,1.86,0.0
21150421:1309,39846.74,674.86,65.79,22.16,2.41,0.0
21150421:1409,37584.92,629.52,57.71,22.24,3.24,0.0
21150421:1509,42677.81,706.45,46.79,21.25,3.93,0.0
21150421:1609,32775.9,538.68,34.79,20.25,3.93,0.0
21150421:1709,8830.96,157.91,22.41,19.09,3.72,0.0
21150421:1809,3178.69,70.38,10.0,17.96,3.31,0.0
21150421:1909,0.0,0.0,0.0,16.86,2.62,0.0
21150421:2009,0.0,0.0,0.0,16.14,1.79,0.0
21150421:2109,0.0,0.0,0.0,15.69,1.31,0.0
21150421:2209,0.0,0.0,0.0,15.27,1.45,0.0
21150421:2309,0.0,0.0,0.0,15.01,1.59,0.0
21150422:0009,0.0,0.0,0.0,14.71,1.72,0.0
21150422:0109,0.0,0.0,0.0,14.6,1.79,0.0
21150422:0209,0.0,0.0,0.0,14.54,1.59,0.0
21150422:0309,0.0,0.0,0.0,14.16,1.31,0.0
21150422:0409,0.0,0.0,0.0,14.04,1.17,0.0
21150422:0509,0.0,0.0,0.0,14.15,1.24,0.0
21150422:0609,353.69,15.16,3.45,14.01,1.31,0.0
21150422:0709,6432.52,145.14,15.75,15.16,0.9,0.0
21150422:0809,22149.14,380.74,28.18,16.27,0.48,0.0
21150422:0909,19269.49,323.53,40.46,17.47,0.55,0.0
21150422:1009,21615.56,362.26,52.13,18.86,1.31,0.0
21150422:1109,43825.42,742.14,62.15,20.36,1.93,0.0
21150422:1209,47302.4,800.36,67.92,20.82,2.69,0.0
21150422:1309,57312.85,980.75,66.08,21.38,3.1,0.0
21150422:1409,45495.98,762.14,57.92,21.58,3.52,0.0
21150422:1509,33102.27,546.32,46.96,21.13,4.0,0.0
21150422:1609,30867.01,506.59,34.93,20.2,4.28,0.0
21150422:1709,8781.63,156.84,22.54,18.82,4.28,0.0
21150422:1809,4017.39,96.86,10.14,17.64,4.07,0.0
21150422:1909,0.0,0.0,0.0,16.44,3.38,0.0
21150422:2009,0.0,0.0,0.0,15.5,2.83,0.0
21150422:2109,0.0,0.0,0.0,14.93,2.48,0.0
21150422:2209,0.0,0.0,0.0,14.4,2.28,0.0
21150422:2309,0.0,0.0,0.0,13.96,2.0,0.0
21150423:0009,0.0,0.0,0.0,13.42,1.72,0.0
21150423:0109,0.0,0.0,0.0,12.82,1.59,0.0
21150423:0209,0.0,0.0,0.0,12.43,1.59,0.0
21150423:0309,0.0,0.0,0.0,12.03,1.52,0.0
21150423:0409,0.0,0.0,0.0,11.67,1.45,0.0
21150423:0509,0.0,0.0,0.0,11.46,1.38,0.0
21150423:0609,441.74,16.95,3.68,11.26,1.24,0.0
21150423:0709,7022.27,140.67,15.97,13.04,0.76,0.0
21150423:0809,20184.85,344.17,28.4,15.7,0.28,0.0
21150423:0909,37122.69,617.78,40.69,18.19,1.45,0.0
21150423:1009,47751.73,810.12,52.39,19.88,1.66,0.0
21150423:1109,55744.76,963.25,62.45,21.18,2.07,0.0
21150423:1209,59602.75,1035.5,68.26,22.08,2.62,0.0
21150423:1309,60231.96,1039.46,66.37,22.37,3.17,0.0
21150423:1409,56036.97,953.88,58.13,22.19,3.38,0.0
21150423:1509,48283.03,809.79,47.12,21.76,3.17,0.0
21150423:1609,34919.31,581.86,35.07,21.26,2.69,0.0
21150423:1709,19118.45,335.47,22.68,20.59,2.34,0.0
21150423:1809,3996.14,97.91,10.28,19.49,2.21,0.0
21150423:1909,0.0,0.0,0.0,17.26,2.21,0.0
21150423:2009,0.0,0.0,0.0,16.05,1.72,0.0
21150423:2109,0.0,0.0,0.0,15.21,1.24,0.0
21150423:2209,0.0,0.0,0.0,14.37,0.76,0.0
21150423:2309,0.0,0.0,0.0,14.64,0.21,0.0
21150424:0009,0.0,0.0,0.0,14.28,0.55,0.0
21150424:0109,0.0,0.0,0.0,14.0,0.41,0.0
21150424:0209,0.0,0.0,0.0,13.75,0.34,0.0
21150424:0309,0.0,0.0,0.0,13.92,0.07,0.0
21150424:0409,0.0,0.0,0.0,13.73,0.41,0.0
21150424:0509,0.0,0.0,0.0,13.86,0.48,0.0
21150424:0609,0.0,4.46,3.91,13.94,0.0,0.0
21150424:0709,2148.73,48.78,16.19,14.55,0.48,0.0
21150424:0809,4941.09,94.74,28.62,15.28,0.07,0.0
21150424:0909,5923.24,110.69,40.92,16.35,0.69,0.0
21150424:1009,8444.63,151.02,52.64,17.66,1.31,0.0
21150424:1109,17485.84,294.87,62.74,19.15,2.21,0.0
21150424:1209,39291.15,657.97,68.6,20.09,2.48,0.0
21150424:1309,36379.63,606.55,66.66,20.78,3.1,0.0
21150424:1409,31868.89,527.93,58.34,20.77,3.66,0.0
21150424:1509,14488.55,247.29,47.28,20.23,3.45,0.0
21150424:1609,13739.42,234.67,35.21,19.42,3.1,0.0
21150424:1709,9095.1,162.3,22.81,18.69,2.21,0.0
21150424:1809,3058.77,67.14,10.42,17.98,1.93,0.0
21150424:1909,0.0,0.0,0.0,16.78,1.86,0.0
21150424:2009,0.0,0.0,0.0,15.65,2.07,0.0
21150424:2109,0.0,0.0,0.0,14.74,1.52,0.0
21150424:2209,0.0,0.0,0.0,13.82,0.83,0.0
21150424:2309,0.0,0.0,0.0,13.8,0.69,0.0
21150425:0009,0.0,0.0,0.0,13.58,0.48,0.0
21150425:0109,0.0,0.0,0.0,13.62,0.55,0.0
21150425:0209,0.0,0.0,0.0,13.5,0.48,0.0
21150425:0309,0.0,0.0,0.0,12.88,0.76,0.0
21150425:0409,0.0,0.0,0.0,11.84,0.97,0.0
21150425:0509,0.0,0.0,0.0,11.72,1.1,0.0
21150425:0609,564.7,19.62,4.13,12.67,1.38,0.0
21150425:0709,6913.73,149.54,16.4,13.21,1.31,0.0
21150425:0809,21720.3,368.04,28.83,14.63,0.76,0.0
21150425:0909,37118.14,621.17,41.14,16.39,0.41,0.0
21150425:1009,48179.04,823.58,52.88,18.35,0.83,0.0
21150425:1109,55832.8,971.82,63.03,20.04,1.38,0.0
21150425:1209,58882.46,1033.49,68.93,21.36,1.79,0.0
21150425:1309,57722.71,1013.95,66.94,22.24,1.86,0.0
21150425:1409,50857.55,879.49,58.54,22.78,2.0,0.0
21150425:1509,43489.18,734.09,47.44,22.73,2.69,0.0
21150425:1609,34671.88,577.17,35.35,21.89,3.24,0.0
21150425:1709,17803.1,309.84,22.94,20.39,3.52,0.0
21150425:1809,2313.43,52.88,10.56,18.63,3.45,0.0
21150425:1909,0.0,0.0,0.0,17.07,2.62,0.0
21150425:2009,0.0,0.0,0.0,16.28,1.66,0.0
21150425:2109,0.0,0.0,0.0,15.69,0.48,0.0
21150425:2209,0.0,0.0,0.0,14.57,1.31,0.0
21150425:2309,0.0,0.0,0.0,13.94,1.45,0.0
21150426:0009,0.0,0.0,0.0,13.76,1.52,0.0
21150426:0109,0.0,0.0,0.0,13.36,1.66,0.0
21150426:0209,0.0,0.0,0.0,13.03,1.86,0.0
21150426:0309,0.0,0.0,0.0,13.0,2.14,0.0
21150426:0409,0.0,0.0,0.0,13.16,2.41,0.0
21150426:0509,0.0,0.0,0.0,13.52,2.76,0.0
21150426:0609,648.19,21.41,4.34,13.97,3.1,0.0
21150426:0709,5872.38,111.03,16.61,15.41,3.52,0.0
21150426:0809,22514.98,378.05,29.03,16.69,4.83,0.0
21150426:0909,29273.87,474.83,41.35,18.36,5.59,0.0
21150426:1009,24228.04,397.5,53.12,19.4,5.86,0.0
21150426:1109,47170.33,773.61,63.32,20.57,6.07,0.0
21150426:1209,60874.08,1014.07,69.25,21.39,6.07,0.0
21150426:1309,58328.39,971.06,67.21,22.03,6.28,0.0
21150426:1409,52876.49,873.06,58.74,21.93,6.34,0.0
21150426:1509,15819.08,267.34,47.59,20.82,6.28,0.0
21150426:1609,16644.87,278.79,35.48,19.93,6.34,0.0
21150426:1709,11287.09,197.0,23.08,19.27,5.79,0.0
21150426:1809,4119.85,96.91,10.7,18.13,4.55,0.0
21150426:1909,0.0,0.0,0.0,17.08,3.59,0.0
21150426:2009,0.0,0.0,0.0,16.34,2.83,0.0
21150426:2109,0.0,0.0,0.0,15.99,2.55,0.0
21150426:2209,0.0,0.0,0.0,15.53,2.28,0.0
21150426:2309,0.0,0.0,0.0,15.13,2.0,0.0
21150427:0009,0.0,0.0,0.0,14.65,1.86,0.0
21150427:0109,0.0,0.0,0.0,14.13,1.93,0.0
21150427:0209,0.0,0.0,0.0,13.94,1.93,0.0
21150427:0309,0.0,0.0,0.0,13.58,2.0,0.0
21150427:0409,0.0,0.0,0.0,13.3,2.07,0.0
21150427:0509,0.0,0.0,0.0,13.23,2.07,0.0
21150427:0609,696.76,22.3,4.56,12.99,2.21,0.0
21150427:0709,7035.17,152.56,16.81,14.31,1.86,0.0
21150427:0809,23071.32,392.19,29.24,15.77,1.72,0.0
21150427:0909,32476.09,538.45,41.56,17.11,1.1,0.0
21150427:1009,34541.33,577.03,53.36,18.43,1.24,0.0
21150427:1109,44172.28,749.65,63.6,19.11,1.38,0.0
21150427:1209,54605.5,941.32,69.58,19.36,1.72,0.0
21150427:1309,59025.91,1017.7,67.49,20.12,2.34,0.0
21150427:1409,56122.74,943.19,58.94,20.11,3.52,0.0
21150427:1509,47596.13,787.29,47.75,20.09,3.66,0.0
21150427:1609,35287.43,578.99,35.62,19.55,3.72,0.0
21150427:1709,19289.23,334.23,23.21,18.67,3.66,0.0
21150427:1809,4123.65,103.44,10.83,17.67,3.24,0.0
21150427:1909,0.0,0.0,0.0,16.34,2.69,0.0
21150427:2009,0.0,0.0,0.0,15.32,2.21,0.0
21150427:2109,0.0,0.0,0.0,14.61,1.79,0.0
21150427:2209,0.0,0.0,0.0,13.78,1.59,0.0
21150427:2309,0.0,0.0,0.0,12.81,1.59,0.0
21150428:0009,0.0,0.0,0.0,12.13,1.52,0.0
21150428:0109,0.0,0.0,0.0,11.61,1.52,0.0
21150428:0209,0.0,0.0,0.0,11.1,1.59,0.0
21150428:0309,0.0,0.0,0.0,10.65,1.72,0.0
21150428:0409,0.0,0.0,0.0,10.71,1.79,0.0
21150428:0509,0.0,0.0,0.0,10.59,1.93,0.0
21150428:0609,752.93,23.19,4.77,10.4,2.0,0.0
21150428:0709,6960.79,153.69,17.01,12.11,1.52,0.0
21150428:0809,0.0,0.0,0.0,15.35,2.14,0.0
21150428:0909,38381.11,628.38,41.77,16.85,2.41,0.0
21150428:1009,49448.85,822.4,53.59,18.16,2.55,0.0
21150428:1109,56707.93,959.93,63.88,19.38,2.83,0.0
21150428:1209,0.0,0.0,0.0,20.29,3.24,0.0
21150428:1309,61610.31,1050.17,67.76,20.71,3.52,0.0
21150428:1409,53495.08,898.84,59.13,20.75,3.59,0.0
21150428:1509,45010.98,745.59,47.9,20.42,3.52,0.0
21150428:1609,21956.35,364.88,35.75,20.0,3.45,0.0
21150428:1709,15692.32,271.27,23.34,19.15,3.52,0.0
21150428:1809,4026.5,88.9,10.97,17.92,3.38,0.0
21150428:1909,0.0,0.0,0.0,16.65,2.97,0.0
21150428:2009,0.0,0.0,0.0,15.65,2.41,0.0
21150428:2109,0.0,0.0,0.0,14.99,1.93,0.0
21150428:2209,0.0,0.0,0.0,14.42,1.45,0.0
21150428:2309,0.0,0.0,0.0,13.87,1.31,0.0
21150429:0009,0.0,0.0,0.0,13.61,1.31,0.0
21150429:0109,0.0,0.0,0.0,14.13,0.69,0.0
21150429:0209,0.0,0.0,0.0,13.17,1.1,0.0
21150429:0309,0.0,0.0,0.0,12.74,1.1,0.0
21150429:0409,0.0,0.0,0.0,12.35,1.17,0.0
21150429:0509,0.0,0.0,0.0,12.09,1.38,0.0
21150429:0609,837.94,24.98,4.97,11.93,1.52,0.0
21150429:0709,6843.9,155.06,17.21,13.33,0.9,0.0
21150429:0809,22859.56,390.6,29.63,15.67,0.83,0.0
21150429:0909,38044.12,628.86,41.97,17.51,1.79,0.0
21150429:1009,49311.47,826.48,53.81,18.99,2.28,0.0
21150429:1109,56965.99,974.29,64.15,20.3,2.48,0.0
21150429:1209,60461.94,1045.59,70.21,21.5,2.76,0.0
21150429:1309,59439.57,1021.41,68.03,22.2,3.31,0.0
21150429:1409,54462.04,919.52,59.33,22.23,3.93,0.0
21150429:1509,33451.41,552.49,48.05,21.61,4.34,0.0
21150429:1609,33614.59,551.82,35.89,20.56,4.55,0.0
21150429:1709,13542.08,234.52,23.47,19.35,4.41,0.0
21150429:1809,3829.16,81.98,11.11,17.88,4.07,0.0
21150429:1909,0.0,0.0,0.0,16.3,3.72,0.0
21150429:2009,0.0,0.0,0.0,15.55,2.97,0.0
21150429:2109,0.0,0.0,0.0,15.11,2.28,0.0
21150429:2209,0.0,0.0,0.0,14.74,1.86,0.0
21150429:2309,0.0,0.0,0.0,14.32,1.66,0.0
21150430:0009,0.0,0.0,0.0,13.96,1.66,0.0
21150430:0109,0.0,0.0,0.0,13.56,1.66,0.0
21150430:0209,0.0,0.0,0.0,13.13,1.72,0.0
21150430:0309,0.0,0.0,0.0,12.69,1.59,0.0
21150430:0409,0.0,0.0,0.0,12.36,1.66,0.0
21150430:0509,0.0,0.0,0.0,11.88,1.66,0.0
21150430:0609,933.57,26.76,5.17,11.59,1.59,0.0
21150430:0709,7703.09,151.83,17.4,13.84,1.1,0.0
21150430:0809,19238.37,326.32,29.82,17.21,1.45,0.0
21150430:0909,37887.76,629.3,42.17,19.09,2.07,0.0
21150430:1009,49111.85,825.81,54.03,20.87,2.76,0.0
21150430:1109,56762.57,968.45,64.41,22.31,3.38,0.0
21150430:1209,60896.85,1044.67,70.52,23.18,4.0,0.0
21150430:1309,60546.95,1031.25,68.29,23.31,4.62,0.0
21150430:1409,56112.87,944.85,59.52,23.04,4.76,0.0
21150430:1509,47455.72,788.15,48.2,22.67,4.69,0.0
21150430:1609,34906.41,577.17,36.02,22.0,4.48,0.0
21150430:1709,19311.24,338.63,23.6,20.94,4.14,0.0
21150430:1809,4097.08,105.04,11.25,19.7,3.17,0.0
21150430:1909,0.0,0.0,0.0,18.16,2.55,0.0
21150430:2009,0.0,0.0,0.0,16.83,2.62,0.0
21150430:2109,0.0,0.0,0.0,16.08,2.34,0.0
21150430:2209,0.0,0.0,0.0,15.57,1.93,0.0
21150430:2309,0.0,0.0,0.0,15.0,1.93,0.0
21150501:0009,0.0,0.0,0.0,14.34,1.72,0.0
21150501:0109,0.0,0.0,0.0,13.59,1.52,0.0
21150501:0209,0.0,0.0,0.0,12.96,1.52,0.0
21150501:0309,0.0,0.0,0.0,12.43,1.38,0.0
21150501:0409,0.0,0.0,0.0,12.18,1.38,0.0
21150501:0509,0.0,0.0,0.0,12.08,1.45,0.0
21150501:0609,1026.93,28.54,5.37,11.94,1.38,0.0
21150501:0709,7366.1,156.76,17.58,14.67,0.28,0.0
21150501:0809,22922.56,398.77,30.0,18.05,0.34,0.0
21150501:0909,35929.54,607.49,42.36,20.59,1.1,0.0
21150501:1009,46844.72,805.49,54.24,22.84,1.72,0.0
21150501:1109,54439.28,954.7,64.67,24.75,2.21,0.0
21150501:1209,58436.93,1029.3,70.82,26.02,2.97,0.0
21150501:1309,58676.01,1020.84,68.55,26.23,3.93,0.0
21150501:1409,54663.18,934.41,59.7,25.82,4.55,0.0
21150501:1509,46527.46,783.21,48.35,25.32,4.62,0.0
21150501:1609,34211.17,574.62,36.15,24.88,4.21,0.0
21150501:1709,18614.48,331.71,23.73,24.18,3.72,0.0
21150501:1809,4097.08,104.26,11.38,22.9,3.03,0.0
21150501:1909,0.0,0.0,0.0,20.68,2.83,0.0
21150501:2009,0.0,0.0,0.0,19.15,2.62,0.0
21150501:2109,0.0,0.0,0.0,18.39,2.0,0.0
21150501:2209,0.0,0.0,0.0,17.6,1.52,0.0
21150501:2309,0.0,0.0,0.0,16.71,1.45,0.0
21150502:0009,0.0,0.0,0.0,16.02,1.52,0.0
21150502:0109,0.0,0.0,0.0,15.56,1.52,0.0
21150502:0209,0.0,0.0,0.0,14.59,1.79,0.0
21150502:0309,0.0,0.0,0.0,13.87,1.79,0.0
21150502:0409,0.0,0.0,0.0,13.18,1.66,0.0
21150502:0509,0.0,0.0,0.0,12.83,1.45,0.0
21150502:0609,1068.67,29.44,5.56,12.99,1.17,0.0
21150502:0709,7188.49,157.88,17.77,16.15,0.28,0.0
21150502:0809,22199.99,386.91,30.18,20.07,0.83,0.0
21150502:0909,36230.11,619.61,42.54,22.61,1.03,0.0
21150502:1009,45996.16,808.76,54.45,25.01,1.03,0.0
21150502:1109,53089.01,953.0,64.92,27.06,1.52,0.0
21150502:1209,57173.95,1028.53,71.12,28.32,2.34,0.0
21150502:1309,56874.91,1013.7,68.8,28.7,2.97,0.0
21150502:1409,52966.06,928.34,59.89,28.45,3.38,0.0
21150502:1509,45002.63,773.1,48.49,27.76,3.59,0.0
21150502:1609,33196.38,565.2,36.28,26.64,3.45,0.0
21150502:1709,18012.59,323.22,23.86,25.28,2.97,0.0
21150502:1809,4242.81,101.51,11.52,23.71,2.28,0.0
21150502:1909,0.0,0.0,0.0,21.87,1.93,0.0
21150502:2009,0.0,0.0,0.0,20.29,1.31,0.0
21150502:2109,0.0,0.0,0.0,19.57,0.34,0.0
21150502:2209,0.0,0.0,0.0,17.77,0.9,0.0
21150502:2309,0.0,0.0,0.0,16.69,1.17,0.0
21150503:0009,0.0,0.0,0.0,17.98,0.41,0.0
21150503:0109,0.0,0.0,0.0,17.27,0.83,0.0
21150503:0209,0.0,0.0,0.0,15.3,1.24,0.0
21150503:0309,0.0,0.0,0.0,16.91,0.21,0.0
21150503:0409,0.0,0.0,0.0,16.33,0.69,0.0
21150503:0509,0.0,0.0,0.0,14.7,1.38,0.0
21150503:0609,1162.03,31.22,5.74,13.61,1.86,0.0
21150503:0709,7579.37,158.7,17.94,16.22,0.97,0.0
21150503:0809,19724.13,339.5,30.35,19.88,1.24,0.0
21150503:0909,36205.06,611.32,42.72,22.06,1.86,0.0
21150503:1009,46873.56,804.6,54.65,24.04,2.28,0.0
21150503:1109,54650.28,952.38,65.17,25.55,2.9,0.0
21150503:1209,58010.37,1015.38,71.42,26.29,3.45,0.0
21150503:1309,56958.4,1001.31,69.05,26.73,3.17,0.0
21150503:1409,52359.62,915.94,60.07,27.25,2.97,0.0
21150503:1509,44250.46,754.57,48.63,26.76,3.79,0.0
21150503:1609,27509.96,464.59,36.41,25.2,3.93,0.0
21150503:1709,14425.55,255.33,23.98,23.8,3.38,0.0
21150503:1809,4270.89,98.86,11.65,22.25,2.9,0.0
21150503:1909,0.0,0.0,0.0,20.32,1.79,0.0
21150503:2009,0.0,0.0,0.0,19.31,0.97,0.0
21150503:2109,0.0,0.0,0.0,18.66,0.97,0.0
21150503:2209,0.0,0.0,0.0,17.66,1.17,0.0
21150503:2309,0.0,0.0,0.0,17.1,1.66,0.0
21150504:0009,0.0,0.0,0.0,16.61,1.79,0.0
21150504:0109,0.0,0.0,0.0,16.74,0.76,0.0
21150504:0209,0.0,0.0,0.0,16.07,1.03,0.0
21150504:0309,0.0,0.0,0.0,16.96,0.41,0.0
21150504:0409,0.0,0.0,0.0,16.19,0.83,0.0
21150504:0509,0.0,0.0,0.0,13.98,1.59,0.0
21150504:0609,1114.97,30.33,5.93,13.27,1.59,0.0
21150504:0709,7886.01,157.79,18.12,16.14,0.9,0.0
21150504:0809,21280.84,365.53,30.52,19.42,1.72,0.0
21150504:0909,30091.31,503.49,42.9,21.0,2.14,0.0
21150504:1009,37944.69,641.36,54.85,22.91,2.48,0.0
21150504:1109,37263.11,635.78,65.41,25.02,2.9,0.0
21150504:1209,7781.27,145.39,71.71,26.48,3.66,0.0
21150504:1309,47378.3,807.52,69.3,26.34,4.9,0.0
21150504:1409,46420.44,778.95,60.24,24.82,5.52,0.0
21150504:1509,15995.92,273.85,48.78,23.4,5.17,0.0
21150504:1609,6719.43,125.69,36.54,22.41,4.76,0.0
21150504:1709,18419.41,323.39,24.11,21.54,4.14,0.0
21150504:1809,4128.2,106.3,11.79,20.59,3.45,0.0
21150504:1909,0.0,0.0,0.0,19.64,3.24,0.0
21150504:2009,0.0,0.0,0.0,19.09,2.28,0.0
21150504:2109,0.0,0.0,0.0,18.89,1.86,0.0
21150504:2209,0.0,0.0,0.0,18.84,1.59,0.0
21150504:2309,0.0,0.0,0.0,18.47,1.24,0.0
21150505:0009,0.0,0.0,0.0,18.27,0.97,0.0
21150505:0109,0.0,0.0,0.0,17.79,0.83,0.0
21150505:0209,0.0,0.0,0.0,17.83,0.21,0.0
21150505:0309,0.0,0.0,0.0,17.7,0.21,0.0
21150505:0409,0.0,0.0,0.0,17.23,0.62,0.0
21150505:0509,0.0,0.0,0.0,17.46,0.9,0.0
21150505:0609,1089.16,30.33,6.11,17.52,1.03,0.0
21150505:0709,6145.62,116.34,18.28,18.06,1.66,0.0
21150505:0809,7473.87,136.01,30.69,18.51,2.0,0.0
21150505:0909,3665.97,75.04,43.07,18.85,2.55,0.0
21150505:1009,6459.09,120.07,55.04,19.16,3.17,0.0
21150505:1109,19955.63,332.81,65.65,19.25,3.52,0.0
21150505:1209,25226.88,418.33,72.0,19.42,3.24,0.0
21150505:1309,32996.01,547.4,69.54,19.81,3.03,0.0
21150505:1409,22839.07,380.89,60.42,19.99,2.97,0.0
21150505:1509,21653.51,361.92,48.92,20.41,2.97,0.0
21150505:1609,19322.62,324.98,36.67,20.75,2.9,0.0
21150505:1709,8966.83,161.05,24.24,20.21,2.83,0.0
21150505:1809,3039.04,65.84,11.92,19.47,2.55,0.0
21150505:1909,0.0,0.0,0.0,18.15,2.28,0.0
21150505:2009,0.0,0.0,0.0,17.52,2.0,0.0
21150505:2109,0.0,0.0,0.0,17.03,1.93,0.0
21150505:2209,0.0,0.0,0.0,16.61,1.86,0.0
21150505:2309,0.0,0.0,0.0,16.18,1.72,0.0
21150506:0009,0.0,0.0,0.0,15.61,1.79,0.0
21150506:0109,0.0,0.0,0.0,15.07,1.93,0.0
21150506:0209,0.0,0.0,0.0,14.84,2.0,0.0
21150506:0309,0.0,0.0,0.0,14.81,2.07,0.0
21150506:0409,0.0,0.0,0.0,14.88,2.07,0.0
21150506:0509,0.0,0.0,0.0,14.8,2.0,0.0
21150506:0609,1252.35,33.0,6.28,14.63,1.93,0.0
21150506:0709,7317.52,161.41,18.45,15.41,2.48,0.0
21150506:0809,22993.91,390.36,30.85,16.95,2.55,0.0
21150506:0909,37587.2,620.34,43.24,18.58,2.48,0.0
21150506:1009,48799.15,819.82,55.22,20.42,2.62,0.0
21150506:1109,55197.52,949.71,65.88,22.11,2.55,0.0
21150506:1209,58662.35,1023.79,72.28,23.53,2.69,0.0
21150506:1309,58408.84,1014.19,69.78,24.31,3.24,0.0
21150506:1409,53926.19,922.79,60.59,24.41,3.66,0.0
21150506:1509,46201.85,778.23,49.05,24.14,3.79,0.0
21150506:1609,33942.48,568.71,36.79,23.67,3.72,0.0
21150506:1709,18729.08,332.99,24.36,22.99,3.38,0.0
21150506:1809,4254.95,106.83,12.05,21.86,2.9,0.0
21150506:1909,0.0,0.0,0.0,19.91,2.48,0.0
21150506:2009,0.0,0.0,0.0,18.44,2.28,0.0
21150506:2109,0.0,0.0,0.0,17.58,2.0,0.0
21150506:2209,0.0,0.0,0.0,16.88,1.86,0.0
21150506:2309,0.0,0.0,0.0,16.23,1.72,0.0
21150507:0009,0.0,0.0,0.0,15.46,1.52,0.0
21150507:0109,0.0,0.0,0.0,14.94,1.31,0.0
21150507:0209,0.0,0.0,0.0,14.81,1.1,0.0
21150507:0309,0.0,0.0,0.0,14.88,1.03,0.0
21150507:0409,0.0,0.0,0.0,13.64,1.38,0.0
21150507:0509,0.0,0.0,0.0,12.83,1.52,0.0
21150507:0609,1365.44,34.79,6.45,12.55,1.31,0.0
21150507:0709,7393.42,162.37,18.61,15.63,0.48,0.0
21150507:0809,22521.05,392.06,31.0,20.1,1.1,0.0
21150507:0909,36630.86,620.12,43.4,22.05,1.66,0.0
21150507:1009,47158.95,814.88,55.4,23.73,1.72,0.0
21150507:1109,53852.57,954.07,66.1,25.48,1.79,0.0
21150507:1209,56887.81,1017.16,72.56,26.92,2.21,0.0
21150507:1309,57107.92,1012.58,70.02,27.57,2.9,0.0
21150507:1409,53130.76,922.29,60.76,27.13,3.59,0.0
21150507:1509,45751.0,776.74,49.19,25.88,3.86,0.0
21150507:1609,33810.41,568.43,36.92,24.35,3.72,0.0
21150507:1709,18625.1,331.47,24.49,23.05,3.17,0.0
21150507:1809,4292.15,107.46,12.19,21.78,2.48,0.0
21150507:1909,0.0,0.0,0.0,20.21,1.79,0.0
21150507:2009,0.0,0.0,0.0,18.95,1.45,0.0
21150507:2109,0.0,0.0,0.0,17.86,1.31,0.0
21150507:2209,0.0,0.0,0.0,16.6,1.38,0.0
21150507:2309,0.0,0.0,0.0,15.58,1.52,0.0
21150508:0009,0.0,0.0,0.0,14.98,1.66,0.0
21150508:0109,0.0,0.0,0.0,14.51,1.72,0.0
21150508:0209,0.0,0.0,0.0,14.46,1.59,0.0
21150508:0309,0.0,0.0,0.0,14.18,1.59,0.0
21150508:0409,0.0,0.0,0.0,14.24,1.45,0.0
21150508:0509,0.0,0.0,0.0,14.61,0.97,0.0
21150508:0609,1391.25,35.68,6.61,15.61,0.41,0.0
21150508:0709,7629.47,163.78,18.76,16.64,0.14,0.0
21150508:0809,21524.48,369.96,31.15,17.84,0.62,0.0
21150508:0909,34478.33,578.71,43.55,19.07,1.03,0.0
21150508:1009,47409.42,810.01,55.58,20.68,1.45,0.0
21150508:1109,54734.53,952.59,66.32,22.46,1.93,0.0
21150508:1209,57977.73,1015.63,72.83,23.8,2.48,0.0
21150508:1309,57829.73,1005.9,70.25,24.62,3.17,0.0
21150508:1409,54137.19,925.93,60.93,24.73,3.86,0.0
21150508:1509,46264.09,776.32,49.33,24.21,4.28,0.0
21150508:1609,34109.46,568.19,37.04,23.28,4.41,0.0
21150508:1709,18239.53,320.91,24.61,22.05,4.41,0.0
21150508:1809,4349.07,107.64,12.32,20.68,4.07,0.0
21150508:1909,0.0,0.0,0.0,19.09,3.59,0.0
21150508:2009,0.0,0.0,0.0,17.85,3.17,0.0
21150508:2109,0.0,0.0,0.0,17.13,2.76,0.0
21150508:2209,0.0,0.0,0.0,16.53,2.41,0.0
21150508:2309,0.0,0.0,0.0,16.02,2.21,0.0
21150509:0009,0.0,0.0,0.0,15.64,2.14,0.0
21150509:0109,0.0,0.0,0.0,15.35,2.07,0.0
21150509:0209,0.0,0.0,0.0,15.07,2.0,0.0
21150509:0309,0.0,0.0,0.0,14.69,1.93,0.0
21150509:0409,0.0,0.0,0.0,14.21,1.86,0.0
21150509:0509,0.0,0.0,0.0,13.65,1.59,0.0
21150509:0609,1508.13,37.46,6.77,13.46,1.17,0.0
21150509:0709,7543.7,163.66,18.91,15.29,0.76,0.0
21150509:0809,22559.0,386.43,31.3,17.69,1.45,0.0
21150509:0909,36912.45,616.64,43.7,19.96,1.93,0.0
21150509:1009,47641.67,809.7,55.74,22.01,2.28,0.0
21150509:1109,54370.96,941.57,66.53,23.94,2.69,0.0
21150509:1209,58056.67,1014.15,73.1,25.26,3.17,0.0
21150509:1309,57798.61,1004.4,70.48,25.84,3.72,0.0
21150509:1409,53844.98,924.44,61.09,25.82,4.0,0.0
21150509:1509,45555.94,770.95,49.46,25.51,4.0,0.0
21150509:1609,33635.08,567.01,37.16,24.96,3.79,0.0
21150509:1709,18400.44,328.68,24.73,24.07,3.45,0.0
21150509:1809,4385.5,108.17,12.45,22.84,2.76,0.0
21150509:1909,0.0,0.0,0.0,20.98,1.86,0.0
21150509:2009,0.0,0.0,0.0,19.65,1.24,0.0
21150509:2109,0.0,0.0,0.0,18.44,1.1,0.0
21150509:2209,0.0,0.0,0.0,17.31,1.45,0.0
21150509:2309,0.0,0.0,0.0,16.57,1.59,0.0
21150510:0009,0.0,0.0,0.0,16.12,1.66,0.0
21150510:0109,0.0,0.0,0.0,15.83,1.72,0.0
21150510:0209,0.0,0.0,0.0,15.66,1.86,0.0
21150510:0309,0.0,0.0,0.0,15.52,1.93,0.0
21150510:0409,0.0,0.0,0.0,15.42,2.07,0.0
21150510:0509,0.0,0.0,0.0,15.35,2.21,0.0
21150510:0609,1594.66,39.25,6.93,15.4,2.21,0.0
21150510:0709,8281.45,159.68,19.05,17.37,1.93,0.0
21150510:0809,22549.89,391.44,31.44,20.56,1.79,0.0
21150510:0909,36232.38,616.58,43.84,23.1,1.66,0.0
21150510:1009,46917.58,812.9,55.91,25.11,2.0,0.0
21150510:1109,53835.87,946.02,66.73,26.4,2.55,0.0
21150510:1209,57296.91,1012.71,73.36,27.07,2.97,0.0
21150510:1309,57161.81,1009.04,70.7,27.35,3.1,0.0
21150510:1409,52770.99,923.01,61.25,27.39,3.03,0.0
21150510:1509,44432.62,765.68,49.59,27.1,2.9,0.0
21150510:1609,32966.41,564.11,37.28,26.5,2.76,0.0
21150510:1709,18275.2,330.25,24.86,25.45,2.48,0.0
21150510:1809,4384.74,108.44,12.58,23.97,2.07,0.0
21150510:1909,0.0,0.0,0.0,21.77,1.86,0.0
21150510:2009,0.0,0.0,0.0,20.14,1.38,0.0
21150510:2109,0.0,0.0,0.0,18.94,1.24,0.0
21150510:2209,0.0,0.0,0.0,17.71,1.66,0.0
21150510:2309,0.0,0.0,0.0,16.82,1.79,0.0
21150511:0009,0.0,0.0,0.0,16.15,1.72,0.0
21150511:0109,0.0,0.0,0.0,15.68,1.52,0.0
21150511:0209,0.0,0.0,0.0,15.56,1.24,0.0
21150511:0309,0.0,0.0,0.0,15.85,0.97,0.0
21150511:0409,0.0,0.0,0.0,15.64,0.83,0.0
21150511:0509,0.0,0.0,0.0,14.5,1.17,0.0
21150511:0609,1597.7,39.25,7.08,14.81,1.1,0.0
21150511:0709,7653.76,142.78,19.19,17.35,0.41,0.0
21150511:0809,21772.67,380.92,31.57,19.7,0.0,0.0
21150511:0909,36123.09,621.6,43.98,21.9,0.41,0.0
21150511:1009,46373.38,811.64,56.06,24.34,1.1,0.0
21150511:1109,52937.21,944.67,66.93,26.13,1.52,0.0
21150511:1209,56545.5,1017.25,73.62,27.71,2.07,0.0
21150511:1309,56407.36,1007.6,70.92,28.36,2.62,0.0
21150511:1409,52141.78,917.62,61.41,28.32,2.9,0.0
21150511:1509,44405.3,769.38,49.72,28.01,2.83,0.0
21150511:1609,32741.74,564.05,37.4,27.38,2.48,0.0
21150511:1709,18236.49,331.89,24.98,26.57,2.28,0.0
21150511:1809,4336.93,109.81,12.71,25.17,1.93,0.0
21150511:1909,0.0,0.0,0.0,23.15,1.66,0.0
21150511:2009,0.0,0.0,0.0,21.57,1.59,0.0
21150511:2109,0.0,0.0,0.0,20.41,1.66,0.0
21150511:2209,0.0,0.0,0.0,19.3,1.59,0.0
21150511:2309,0.0,0.0,0.0,18.2,1.17,0.0
21150512:0009,0.0,0.0,0.0,18.61,0.41,0.0
21150512:0109,0.0,0.0,0.0,18.23,0.62,0.0
21150512:0209,0.0,0.0,0.0,18.17,0.9,0.0
21150512:0309,0.0,0.0,0.0,17.72,0.9,0.0
21150512:0409,0.0,0.0,0.0,15.32,1.72,0.0
21150512:0509,0.0,0.0,0.0,14.86,1.86,0.0
21150512:0609,1647.79,40.14,7.22,15.0,1.86,0.0
21150512:0709,7735.73,166.15,19.33,18.01,1.52,0.0
21150512:0809,22115.74,388.58,31.7,23.15,1.72,0.0
21150512:0909,35370.92,610.36,44.11,26.95,2.14,0.0
21150512:1009,45486.11,803.63,56.21,30.51,2.55,0.0
21150512:1109,51715.22,938.69,67.12,33.47,2.76,0.0
21150512:1209,54541.74,1009.97,73.87,35.65,2.76,0.0
21150512:1309,53838.91,1001.23,71.14,37.09,2.9,0.0
21150512:1409,49385.09,906.22,61.56,37.66,3.31,0.0
21150512:1509,41940.82,756.4,49.85,37.38,3.52,0.0
21150512:1609,30397.95,542.93,37.52,36.21,3.59,0.0
21150512:1709,16895.34,316.44,25.1,34.08,3.24,0.0
21150512:1809,4502.39,108.07,12.84,31.4,2.97,0.0
21150512:1909,0.0,0.0,0.0,29.35,2.97,0.0
21150512:2009,0.0,0.0,0.0,27.25,2.9,0.0
21150512:2109,0.0,0.0,0.0,26.04,2.76,0.0
21150512:2209,0.0,0.0,0.0,25.1,2.55,0.0
21150512:2309,0.0,0.0,0.0,24.23,2.41,0.0
21150513:0009,0.0,0.0,0.0,23.49,2.34,0.0
21150513:0109,0.0,0.0,0.0,22.7,2.34,0.0
21150513:0209,0.0,0.0,0.0,21.82,2.41,0.0
21150513:0309,0.0,0.0,0.0,21.05,2.48,0.0
21150513:0409,0.0,0.0,0.0,20.37,2.55,0.0
21150513:0509,0.0,0.0,0.0,19.58,2.48,0.0
21150513:0609,1662.21,41.03,7.36,19.14,2.41,0.0
21150513:0709,7583.17,166.32,19.46,20.61,1.79,0.0
21150513:0809,21812.14,387.82,31.83,25.12,1.45,0.0
21150513:0909,34555.75,609.48,44.24,29.81,1.45,0.0
21150513:1009,44016.69,802.53,56.36,34.07,1.59,0.0
21150513:1109,50102.35,942.14,67.31,37.09,1.72,0.0
21150513:1209,52418.06,1008.67,74.11,39.09,1.59,0.0
21150513:1309,51454.89,993.89,71.35,40.19,1.59,0.0
21150513:1409,38224.76,719.9,61.72,40.68,1.52,0.0
21150513:1509,39978.05,742.44,49.97,40.09,2.07,0.0
21150513:1609,29328.52,531.04,37.64,38.14,3.03,0.0
21150513:1709,16969.72,319.81,25.22,35.09,3.17,0.0
21150513:1809,4528.95,106.46,12.97,31.82,2.83,0.0
21150513:1909,0.0,0.0,0.0,29.16,2.55,0.0
21150513:2009,0.0,0.0,0.0,26.73,2.28,0.0
21150513:2109,0.0,0.0,0.0,25.35,2.14,0.0
21150513:2209,0.0,0.0,0.0,24.2,2.28,0.0
21150513:2309,0.0,0.0,0.0,23.04,2.34,0.0
21150514:0009,0.0,0.0,0.0,22.16,2.48,0.0
21150514:0109,0.0,0.0,0.0,21.41,2.34,0.0
21150514:0209,0.0,0.0,0.0,20.79,2.14,0.0
21150514:0309,0.0,0.0,0.0,20.18,1.93,0.0
21150514:0409,0.0,0.0,0.0,19.62,1.93,0.0
21150514:0509,0.0,0.0,0.0,19.31,2.21,0.0
21150514:0609,1712.3,41.93,7.5,19.14,2.34,0.0
21150514:0709,8396.82,164.11,19.58,20.9,2.48,0.0
21150514:0809,21888.8,382.58,31.95,23.45,2.69,0.0
21150514:0909,36100.32,614.57,44.36,25.48,2.83,0.0
21150514:1009,46195.02,798.07,56.49,27.21,3.03,0.0
21150514:1109,53052.58,931.62,67.48,28.3,3.24,0.0
21150514:1209,56867.32,1007.42,74.35,29.26,3.59,0.0
21150514:1309,54528.08,960.26,71.56,29.24,3.79,0.0
21150514:1409,51095.12,888.7,61.87,28.67,3.93,0.0
21150514:1509,43297.16,742.5,50.1,27.85,3.72,0.0
21150514:1609,31541.76,539.64,37.76,27.13,3.24,0.0
21150514:1709,17453.21,315.03,25.34,26.25,2.76,0.0
21150514:1809,4752.1,108.71,13.09,24.83,2.69,0.0
21150514:1909,0.0,0.0,0.0,22.85,2.28,0.0
21150514:2009,0.0,0.0,0.0,21.4,1.72,0.0
21150514:2109,0.0,0.0,0.0,20.46,1.24,0.0
21150514:2209,0.0,0.0,0.0,19.35,1.31,0.0
21150514:2309,0.0,0.0,0.0,18.29,1.38,0.0
21150515:0009,0.0,0.0,0.0,17.49,1.45,0.0
21150515:0109,0.0,0.0,0.0,17.01,1.59,0.0
21150515:0209,0.0,0.0,0.0,16.66,1.59,0.0
21150515:0309,0.0,0.0,0.0,16.43,1.45,0.0
21150515:0409,0.0,0.0,0.0,16.21,1.24,0.0
21150515:0509,0.0,0.0,0.0,16.12,1.03,0.0
21150515:0609,1892.19,44.6,7.63,16.01,1.1,0.0
21150515:0709,8431.73,159.23,19.7,18.51,1.93,0.0
21150515:0809,10734.54,188.48,32.06,19.92,2.41,0.0
21150515:0909,20746.51,349.09,44.48,21.0,2.62,0.0
21150515:1009,32887.47,551.73,56.63,22.38,2.9,0.0
21150515:1109,54711.0,939.78,67.66,23.49,3.1,0.0
21150515:1209,57936.75,1006.21,74.58,24.3,3.17,0.0
21150515:1309,57450.99,997.45,71.76,24.81,3.31,0.0
21150515:1409,53196.03,912.67,62.01,24.84,3.52,0.0
21150515:1509,45489.91,765.78,50.22,24.26,3.86,0.0
21150515:1609,33808.14,564.74,37.87,23.17,3.93,0.0
21150515:1709,18811.82,332.83,25.45,21.92,3.79,0.0
21150515:1809,4559.31,112.45,13.22,20.63,3.38,0.0
21150515:1909,0.0,0.0,0.0,18.91,2.62,0.0
21150515:2009,0.0,0.0,0.0,18.01,1.72,0.0
21150515:2109,0.0,0.0,0.0,17.29,1.1,0.0
21150515:2209,0.0,0.0,0.0,16.42,0.76,0.0
21150515:2309,0.0,0.0,0.0,16.02,0.76,0.0
21150516:0009,0.0,0.0,0.0,15.79,0.69,0.0
21150516:0109,0.0,0.0,0.0,15.79,0.55,0.0
21150516:0209,0.0,0.0,0.0,14.77,0.83,0.0
21150516:0309,0.0,0.0,0.0,12.88,1.24,0.0
21150516:0409,0.0,0.0,0.0,12.19,1.38,0.0
21150516:0509,0.0,0.0,0.0,11.81,1.45,0.0
21150516:0609,1674.35,40.14,7.75,11.9,1.45,0.0
21150516:0709,7460.97,166.33,19.82,15.26,0.76,0.0
21150516:0809,22694.86,394.46,32.17,19.1,0.9,0.0
21150516:0909,36697.65,619.57,44.59,21.59,1.72,0.0
21150516:1009,47378.3,811.29,56.75,23.75,2.34,0.0
21150516:1109,54257.12,943.23,67.82,25.52,2.97,0.0
21150516:1209,57834.28,1010.84,74.81,26.73,3.66,0.0
21150516:1309,57488.94,1001.17,71.96,27.33,4.14,0.0
21150516:1409,53154.29,916.45,62.16,27.5,4.34,0.0
21150516:1509,45225.77,769.52,50.34,27.31,4.41,0.0
21150516:1609,33273.8,564.87,37.99,26.78,4.21,0.0
21150516:1709,18584.12,335.71,25.57,25.98,3.86,0.0
21150516:1809,4471.27,112.83,13.34,24.79,3.1,0.0
21150516:1909,0.0,0.0,0.0,22.93,2.14,0.0
21150516:2009,0.0,0.0,0.0,21.56,1.31,0.0
21150516:2109,0.0,0.0,0.0,20.71,0.34,0.0
21150516:2209,0.0,0.0,0.0,18.96,1.03,0.0
21150516:2309,0.0,0.0,0.0,17.9,1.24,0.0
21150517:0009,0.0,0.0,0.0,17.55,1.1,0.0
21150517:0109,0.0,0.0,0.0,16.87,1.17,0.0
21150517:0209,0.0,0.0,0.0,16.26,1.31,0.0
21150517:0309,0.0,0.0,0.0,15.9,1.31,0.0
21150517:0409,0.0,0.0,0.0,15.64,1.31,0.0
21150517:0509,0.0,0.0,0.0,15.27,1.31,0.0
21150517:0609,1950.63,45.49,7.87,15.34,1.31,0.0
21150517:0709,7996.06,169.04,19.93,18.27,1.1,0.0
21150517:0809,22075.52,386.02,32.28,21.37,1.17,0.0
21150517:0909,35175.1,602.18,44.7,23.69,1.38,0.0
21150517:1009,45625.01,795.18,56.87,25.53,1.66,0.0
21150517:1109,52354.3,928.44,67.98,27.1,2.07,0.0
21150517:1209,56219.89,1003.93,75.03,28.12,2.55,0.0
21150517:1309,55447.99,984.37,72.15,28.53,2.97,0.0
21150517:1409,51069.32,895.74,62.3,28.5,3.1,0.0
21150517:1509,43089.19,744.76,50.46,28.14,3.03,0.0
21150517:1609,31494.7,542.34,38.1,27.59,2.69,0.0
21150517:1709,17287.74,313.21,25.69,26.76,2.34,0.0
21150517:1809,4831.04,110.82,13.47,25.82,1.93,0.0
21150517:1909,0.0,0.0,0.0,23.83,2.14,0.0
21150517:2009,0.0,0.0,0.0,22.21,1.86,0.0
21150517:2109,0.0,0.0,0.0,21.32,1.79,0.0
21150517:2209,0.0,0.0,0.0,20.55,2.21,0.0
21150517:2309,0.0,0.0,0.0,20.02,2.34,0.0
21150518:0009,0.0,0.0,0.0,19.57,2.55,0.0
21150518:0109,0.0,0.0,0.0,19.07,2.62,0.0
21150518:0209,0.0,0.0,0.0,18.64,2.69,0.0
21150518:0309,0.0,0.0,0.0,18.36,2.83,0.0
21150518:0409,0.0,0.0,0.0,18.1,2.83,0.0
21150518:0509,0.0,0.0,0.0,17.9,2.83,0.0
21150518:0609,1977.95,46.39,7.99,17.94,2.83,0.0
21150518:0709,8257.16,169.37,20.03,19.77,3.59,0.0
21150518:0809,21869.83,376.32,32.38,21.42,3.72,0.0
21150518:0909,35391.41,593.6,44.8,23.39,3.45,0.0
21150518:1009,45868.65,782.4,56.99,25.35,3.31,0.0
21150518:1109,51862.47,902.31,68.13,26.98,3.31,0.0
21150518:1209,55241.54,970.94,75.25,28.03,3.52,0.0
21150518:1309,54464.32,950.41,72.34,28.17,4.07,0.0
21150518:1409,44561.65,761.21,62.44,27.32,4.62,0.0
21150518:1509,41244.06,694.67,50.58,25.84,4.69,0.0
21150518:1609,31448.41,527.47,38.21,24.49,4.48,0.0
21150518:1709,17287.74,305.62,25.8,23.39,3.86,0.0
21150518:1809,5034.45,110.47,13.59,22.36,3.24,0.0
21150518:1909,0.0,0.0,0.0,20.62,2.76,0.0
21150518:2009,0.0,0.0,0.0,19.72,2.76,0.0
21150518:2109,0.0,0.0,0.0,19.03,2.41,0.0
21150518:2209,0.0,0.0,0.0,18.45,2.28,0.0
21150518:2309,0.0,0.0,0.0,18.02,2.28,0.0
21150519:0009,0.0,0.0,0.0,17.73,2.34,0.0
21150519:0109,0.0,0.0,0.0,17.54,2.34,0.0
21150519:0209,0.0,0.0,0.0,17.15,2.41,0.0
21150519:0309,0.0,0.0,0.0,17.17,2.48,0.0
21150519:0409,0.0,0.0,0.0,17.23,2.62,0.0
21150519:0509,0.0,0.0,0.0,17.34,2.9,0.0
21150519:0609,1726.72,41.93,8.1,17.66,2.97,0.0
21150519:0709,8389.99,156.53,20.13,19.01,3.79,0.0
21150519:0809,10232.08,180.18,32.47,20.3,4.21,0.0
21150519:0909,13382.69,230.64,44.9,21.39,4.28,0.0
21150519:1009,12297.32,214.81,57.1,22.75,4.28,0.0
21150519:1109,46854.59,789.27,68.28,23.43,4.28,0.0
21150519:1209,40545.02,680.99,75.46,23.61,4.48,0.0
21150519:1309,36351.55,607.8,72.53,23.26,4.62,0.0
21150519:1409,43640.98,728.37,62.58,22.91,4.69,0.0
21150519:1509,22565.83,377.28,50.7,22.16,4.69,0.0
21150519:1609,13171.69,227.19,38.32,21.43,4.48,0.0
21150519:1709,6014.32,113.5,25.92,20.57,4.55,0.0
21150519:1809,1994.65,46.9,13.71,19.35,4.41,0.0
21150519:1909,0.0,0.0,0.0,18.03,3.72,0.0
21150519:2009,0.0,0.0,0.0,17.23,3.17,0.0
21150519:2109,0.0,0.0,0.0,16.82,2.69,0.0
21150519:2209,0.0,0.0,0.0,16.5,2.21,0.0
21150519:2309,0.0,0.0,0.0,16.28,2.0,0.0
21150520:0009,0.0,0.0,0.0,16.05,2.14,0.0
21150520:0109,0.0,0.0,0.0,15.88,2.28,0.0
21150520:0209,0.0,0.0,0.0,15.57,2.55,0.0
21150520:0309,0.0,0.0,0.0,15.53,2.62,0.0
21150520:0409,0.0,0.0,0.0,15.3,2.9,0.0
21150520:0509,0.0,0.0,0.0,15.0,2.97,0.0
21150520:0609,2056.89,47.28,8.21,15.3,2.83,0.0
21150520:0709,8393.78,155.02,20.23,16.97,2.28,0.0
21150520:0809,16555.31,281.59,32.56,18.65,2.0,0.0
21150520:0909,31644.23,529.57,44.99,20.47,1.93,0.0
21150520:1009,42494.89,719.53,57.2,22.12,2.28,0.0
21150520:1109,53372.12,920.12,68.42,23.43,2.69,0.0
21150520:1209,57129.93,989.43,75.67,24.39,3.31,0.0
21150520:1309,57438.84,991.13,72.71,24.89,3.79,0.0
21150520:1409,53285.6,907.62,62.71,24.91,4.21,0.0
21150520:1509,45256.13,758.43,50.81,24.4,4.48,0.0
21150520:1609,33638.12,561.34,38.43,23.61,4.55,0.0
21150520:1709,18667.6,330.29,26.03,22.54,4.41,0.0
21150520:1809,4761.97,115.46,13.83,21.33,4.07,0.0
21150520:1909,0.0,0.0,0.0,19.67,2.9,0.0
21150520:2009,0.0,0.0,0.0,18.61,2.14,0.0
21150520:2109,0.0,0.0,0.0,17.92,1.93,0.0
21150520:2209,0.0,0.0,0.0,17.39,1.79,0.0
21150520:2309,0.0,0.0,0.0,16.87,1.52,0.0
21150521:0009,0.0,0.0,0.0,16.15,1.17,0.0
21150521:0109,0.0,0.0,0.0,16.6,0.83,0.0
21150521:0209,0.0,0.0,0.0,16.85,0.62,0.0
21150521:0309,0.0,0.0,0.0,14.35,1.24,0.0
21150521:0409,0.0,0.0,0.0,13.59,1.45,0.0
21150521:0509,0.0,0.0,0.0,13.38,1.66,0.0
21150521:0609,2072.83,47.28,8.31,13.63,1.66,0.0
21150521:0709,8395.3,170.7,20.32,16.69,1.45,0.0
21150521:0809,19717.3,338.95,32.64,19.28,0.83,0.0
21150521:0909,30980.86,529.58,45.07,21.36,0.41,0.0
21150521:1009,45890.66,799.27,57.3,23.36,1.03,0.0
21150521:1109,52795.28,932.8,68.55,24.99,1.66,0.0
21150521:1209,56312.49,998.97,75.86,26.31,2.34,0.0
21150521:1309,56365.62,990.23,72.89,26.98,3.17,0.0
21150521:1409,52971.37,911.54,62.85,26.81,4.14,0.0
21150521:1509,45268.28,762.38,50.93,26.17,5.03,0.0
21150521:1609,33313.27,558.25,38.54,25.22,5.31,0.0
21150521:1709,18621.31,332.14,26.14,24.49,5.03,0.0
21150521:1809,4791.57,116.42,13.95,23.59,4.34,0.0
21150521:1909,0.0,0.0,0.0,22.49,3.52,0.0
21150521:2009,0.0,0.0,0.0,21.29,3.17,0.0
21150521:2109,0.0,0.0,0.0,20.52,2.69,0.0
21150521:2209,0.0,0.0,0.0,19.99,2.34,0.0
21150521:2309,0.0,0.0,0.0,19.52,2.14,0.0
21150522:0009,0.0,0.0,0.0,19.04,2.21,0.0
21150522:0109,0.0,0.0,0.0,18.64,2.41,0.0
21150522:0209,0.0,0.0,0.0,18.2,2.48,0.0
21150522:0309,0.0,0.0,0.0,17.64,2.34,0.0
21150522:0409,0.0,0.0,0.0,17.01,2.21,0.0
21150522:0509,0.0,0.0,0.0,16.4,1.86,0.0
21150522:0609,1998.45,46.39,8.4,15.72,1.59,0.0
21150522:0709,7634.02,167.99,20.4,18.09,0.48,0.0
21150522:0809,22054.26,389.26,32.72,20.77,0.14,0.0
21150522:0909,35414.18,607.5,45.15,22.77,0.9,0.0
21150522:1009,40724.9,701.68,57.39,24.65,1.79,0.0
21150522:1109,41457.34,717.27,68.68,25.88,2.34,0.0
21150522:1209,56007.37,992.45,76.06,26.63,2.48,0.0
21150522:1309,49182.44,857.84,73.07,26.99,3.03,0.0
21150522:1409,46547.95,801.87,62.98,27.2,3.72,0.0
21150522:1509,43851.98,745.94,51.04,26.69,4.0,0.0
21150522:1609,32259.02,547.76,38.65,26.31,3.86,0.0
21150522:1709,14890.06,265.14,26.25,25.46,3.31,0.0
21150522:1809,4470.51,92.48,14.07,24.17,2.9,0.0
21150522:1909,0.0,0.0,0.0,22.06,2.14,0.0
21150522:2009,0.0,0.0,0.0,20.82,1.66,0.0
21150522:2109,0.0,0.0,0.0,20.04,1.52,0.0
21150522:2209,0.0,0.0,0.0,19.38,1.45,0.0
21150522:2309,0.0,0.0,0.0,18.76,1.52,0.0
21150523:0009,0.0,0.0,0.0,18.12,1.79,0.0
21150523:0109,0.0,0.0,0.0,17.55,1.59,0.0
21150523:0209,0.0,0.0,0.0,16.85,1.38,0.0
21150523:0309,0.0,0.0,0.0,16.39,1.45,0.0
21150523:0409,0.0,0.0,0.0,16.1,1.79,0.0
21150523:0509,0.0,0.0,0.0,16.21,1.86,0.0
21150523:0609,1942.28,45.49,8.5,16.27,2.0,0.0
21150523:0709,7536.87,167.06,20.48,17.46,3.1,0.0
21150523:0809,18920.35,320.43,32.8,19.1,3.24,0.0
21150523:0909,28381.29,471.1,45.23,20.61,3.31,0.0
21150523:1009,41133.25,688.77,57.47,22.0,3.24,0.0
21150523:1109,49701.6,847.78,68.8,23.35,3.17,0.0
21150523:1209,55857.85,969.87,76.24,24.66,3.1,0.0
21150523:1309,26675.81,453.86,73.23,25.15,3.38,0.0
21150523:1409,7728.9,143.52,63.1,24.96,4.0,0.0
21150523:1509,7645.41,141.64,51.15,24.12,4.07,0.0
21150523:1609,25243.58,423.08,38.76,22.84,3.86,0.0
21150523:1709,7400.25,136.69,26.36,22.01,3.31,0.0
21150523:1809,3073.19,66.07,14.19,21.21,2.48,0.0
21150523:1909,0.0,5.35,2.46,20.22,2.21,0.0
21150523:2009,0.0,0.0,0.0,19.67,1.72,0.0
21150523:2109,0.0,0.0,0.0,19.27,1.66,0.0
21150523:2209,0.0,0.0,0.0,18.9,1.52,0.0
21150523:2309,0.0,0.0,0.0,18.04,1.17,0.0
21150524:0009,0.0,0.0,0.0,17.32,1.03,0.0
21150524:0109,0.0,0.0,0.0,16.62,1.03,0.0
21150524:0209,0.0,0.0,0.0,16.29,0.76,0.0
21150524:0309,0.0,0.0,0.0,15.88,0.76,0.0
21150524:0409,0.0,0.0,0.0,15.58,0.76,0.0
21150524:0509,0.0,0.0,0.0,14.92,1.03,0.0
21150524:0609,2319.5,51.74,8.58,14.96,1.03,0.0
21150524:0709,8638.18,160.82,20.56,17.54,1.03,0.0
21150524:0809,22285.76,388.39,32.87,19.15,0.69,0.0
21150524:0909,29106.13,492.84,45.3,20.34,0.69,0.0
21150524:1009,37505.23,645.18,57.56,21.9,0.69,0.0
21150524:1109,37975.81,652.92,68.91,22.71,1.24,0.0
21150524:1209,52312.56,904.58,76.42,23.12,2.48,0.0
21150524:1309,30940.64,518.19,73.4,22.33,3.52,0.0
21150524:1409,52935.7,890.3,63.23,21.26,3.59,0.0
21150524:1509,43117.27,716.68,51.25,21.66,3.72,0.0
21150524:1609,23800.72,398.81,38.86,21.91,3.31,0.0
21150524:1709,10638.14,188.93,26.46,21.59,2.83,0.0
21150524:1809,5239.38,117.76,14.3,20.76,2.62,0.0
21150524:1909,95.63,8.92,2.58,20.26,1.72,0.0
21150524:2009,0.0,0.0,0.0,19.13,1.66,0.0
21150524:2109,0.0,0.0,0.0,18.7,1.1,0.0
21150524:2209,0.0,0.0,0.0,17.92,1.59,0.0
21150524:2309,0.0,0.0,0.0,17.11,2.07,0.0
21150525:0009,0.0,0.0,0.0,16.6,2.14,0.0
21150525:0109,0.0,0.0,0.0,16.27,2.21,0.0
21150525:0209,0.0,0.0,0.0,15.99,2.0,0.0
21150525:0309,0.0,0.0,0.0,15.52,1.66,0.0
21150525:0409,0.0,0.0,0.0,15.52,1.59,0.0
21150525:0509,0.0,0.0,0.0,15.27,2.0,0.0
21150525:0609,2317.23,51.74,8.66,15.32,2.0,0.0
21150525:0709,7829.09,168.78,20.63,16.35,1.45,0.0
21150525:0809,11662.04,202.6,32.94,17.99,0.83,0.0
21150525:0909,36227.07,610.33,45.36,19.27,0.97,0.0
21150525:1009,46250.42,787.36,57.63,20.77,1.59,0.0
21150525:1109,48986.62,841.36,69.02,22.07,2.07,0.0
21150525:1209,57211.14,993.85,76.59,23.12,2.62,0.0
21150525:1309,57438.84,990.82,73.56,23.91,3.38,0.0
21150525:1409,22703.97,383.97,63.35,23.8,4.0,0.0
21150525:1509,19201.18,322.94,51.36,21.79,4.83,0.0
21150525:1609,27572.95,457.55,38.96,21.49,4.21,0.0
21150525:1709,5165.0,100.37,26.57,21.55,3.66,0.0
21150525:1809,5429.13,114.96,14.41,21.23,2.9,0.0
21150525:1909,158.63,10.7,2.7,20.86,1.86,0.0
21150525:2009,0.0,0.0,0.0,20.15,1.31,0.0
21150525:2109,0.0,0.0,0.0,19.14,1.24,0.0
21150525:2209,0.0,0.0,0.0,18.04,1.38,0.0
21150525:2309,0.0,0.0,0.0,17.13,1.52,0.0
21150526:0009,0.0,0.0,0.0,16.75,2.0,0.0
21150526:0109,0.0,0.0,0.0,16.63,2.21,0.0
21150526:0209,0.0,0.0,0.0,16.46,2.41,0.0
21150526:0309,0.0,0.0,0.0,16.23,2.41,0.0
21150526:0409,0.0,0.0,0.0,15.91,2.48,0.0
21150526:0509,0.0,0.0,0.0,15.67,2.62,0.0
21150526:0609,1948.35,45.49,8.74,15.76,2.62,0.0
21150526:0709,7415.43,166.17,20.7,17.74,2.76,0.0
21150526:0809,22711.56,391.54,33.0,19.98,3.38,0.0
21150526:0909,36602.02,609.8,45.43,22.17,3.59,0.0
21150526:1009,47284.94,797.07,57.7,24.15,3.93,0.0
21150526:1109,54106.83,927.16,69.12,25.71,4.21,0.0
21150526:1209,57613.41,997.73,76.76,26.72,4.34,0.0
21150526:1309,57431.25,994.81,73.72,27.17,4.48,0.0
21150526:1409,52981.24,908.01,63.47,27.19,4.76,0.0
21150526:1509,44920.66,759.29,51.47,26.85,4.97,0.0
21150526:1609,33288.98,561.26,39.06,26.1,4.97,0.0
21150526:1709,18733.64,335.67,26.68,25.11,4.62,0.0
21150526:1809,4846.97,119.46,14.52,23.96,4.07,0.0
21150526:1909,190.51,11.6,2.83,22.28,3.17,0.0
21150526:2009,0.0,0.0,0.0,20.91,2.69,0.0
21150526:2109,0.0,0.0,0.0,20.16,2.28,0.0
21150526:2209,0.0,0.0,0.0,19.54,1.66,0.0
21150526:2309,0.0,0.0,0.0,18.65,1.31,0.0
21150527:0009,0.0,0.0,0.0,18.26,0.97,0.0
21150527:0109,0.0,0.0,0.0,18.57,0.62,0.0
21150527:0209,0.0,0.0,0.0,18.28,0.48,0.0
21150527:0309,0.0,0.0,0.0,17.99,0.55,0.0
21150527:0409,0.0,0.0,0.0,17.62,0.76,0.0
21150527:0509,0.0,0.0,0.0,15.89,1.17,0.0
21150527:0609,2005.28,46.39,8.81,15.05,1.52,0.0
21150527:0709,7341.81,165.91,20.76,18.23,0.83,0.0
21150527:0809,22064.89,388.7,33.05,21.9,1.17,0.0
21150527:0909,35522.72,608.46,45.48,24.49,1.72,0.0
21150527:1009,45806.41,796.56,57.76,26.7,2.21,0.0
21150527:1109,52260.19,925.61,69.21,28.46,2.55,0.0
21150527:1209,55655.19,996.12,76.92,29.64,2.83,0.0
21150527:1309,55356.15,988.57,73.87,30.32,3.17,0.0
21150527:1409,51238.57,901.8,63.59,30.45,3.66,0.0
21150527:1509,43924.85,758.84,51.57,30.12,4.21,0.0
21150527:1609,32535.29,558.64,39.16,29.11,4.34,0.0
21150527:1709,18392.85,334.48,26.78,27.92,4.14,0.0
21150527:1809,4921.36,120.68,14.63,26.52,2.69,0.0
21150527:1909,186.71,11.6,2.94,24.78,2.14,0.0
21150527:2009,0.0,0.0,0.0,23.54,1.79,0.0
21150527:2109,0.0,0.0,0.0,22.63,1.86,0.0
21150527:2209,0.0,0.0,0.0,21.73,1.79,0.0
21150527:2309,0.0,0.0,0.0,20.63,1.52,0.0
21150528:0009,0.0,0.0,0.0,19.8,1.45,0.0
21150528:0109,0.0,0.0,0.0,19.53,1.17,0.0
21150528:0209,0.0,0.0,0.0,18.6,1.52,0.0
21150528:0309,0.0,0.0,0.0,18.08,1.52,0.0
21150528:0409,0.0,0.0,0.0,17.25,1.66,0.0
21150528:0509,0.0,0.0,0.0,16.37,1.59,0.0
21150528:0609,2145.69,49.06,8.88,16.5,1.72,0.0
21150528:0709,7520.93,167.63,20.82,20.0,2.21,0.0
21150528:0809,22206.06,388.34,33.1,22.58,2.97,0.0
21150528:0909,35821.76,605.41,45.53,24.56,3.24,0.0
21150528:1009,46281.54,792.01,57.82,26.18,3.38,0.0
21150528:1109,53304.57,925.1,69.3,27.3,3.72,0.0
21150528:1209,57098.05,995.55,77.07,27.84,4.21,0.0
21150528:1309,56930.31,988.03,74.02,27.77,4.55,0.0
21150528:1409,52711.79,901.36,63.7,27.15,4.97,0.0
21150528:1509,44780.24,754.93,51.67,26.32,4.97,0.0
21150528:1609,33185.0,558.41,39.26,25.39,4.69,0.0
21150528:1709,17545.8,310.89,26.88,24.35,4.34,0.0
21150528:1809,5530.83,117.03,14.74,23.38,4.0,0.0
21150528:1909,226.18,12.49,3.06,21.89,3.38,0.0
21150528:2009,0.0,0.0,0.0,20.88,2.69,0.0
21150528:2109,0.0,0.0,0.0,20.42,3.45,0.0
21150528:2209,0.0,0.0,0.0,20.11,3.72,0.0
21150528:2309,0.0,0.0,0.0,19.92,3.59,0.0
21150529:0009,0.0,0.0,0.0,19.58,4.62,0.0
21150529:0109,0.0,0.0,0.0,19.06,4.69,0.0
21150529:0209,0.0,0.0,0.0,18.6,4.34,0.0
21150529:0309,0.0,0.0,0.0,18.14,4.21,0.0
21150529:0409,0.0,0.0,0.0,17.65,4.14,0.0
21150529:0509,0.0,0.0,0.0,17.32,3.79,0.0
21150529:0609,1934.69,45.49,8.94,17.19,3.59,0.0
21150529:0709,3915.68,78.79,20.87,18.03,3.86,0.0
21150529:0809,10719.36,186.61,33.15,18.69,3.93,0.0
21150529:0909,26977.9,445.02,45.58,19.7,3.93,0.0
21150529:1009,19827.36,333.06,57.88,21.05,3.79,0.0
21150529:1109,4439.39,89.11,69.38,23.03,3.59,0.0
21150529:1209,7185.45,135.07,77.22,25.27,3.1,0.0
21150529:1309,21270.22,366.7,74.16,26.51,3.17,0.0
21150529:1409,27591.17,472.73,63.81,27.22,3.66,0.0
21150529:1509,11244.58,201.67,51.77,26.79,4.28,0.0
21150529:1609,24848.14,420.26,39.36,24.99,4.28,0.0
21150529:1709,17708.23,313.28,26.98,23.63,3.72,0.0
21150529:1809,4933.5,99.94,14.85,22.46,2.97,0.0
21150529:1909,299.81,14.27,3.18,21.17,1.93,0.0
21150529:2009,0.0,0.0,0.0,20.24,1.24,0.0
21150529:2109,0.0,0.0,0.0,19.5,0.76,0.0
21150529:2209,0.0,0.0,0.0,19.3,0.28,0.0
21150529:2309,0.0,0.0,0.0,18.6,0.55,0.0
21150530:0009,0.0,0.0,0.0,17.09,1.1,0.0
21150530:0109,0.0,0.0,0.0,16.56,1.17,0.0
21150530:0209,0.0,0.0,0.0,16.67,0.9,0.0
21150530:0309,0.0,0.0,0.0,16.66,0.83,0.0
21150530:0409,0.0,0.0,0.0,15.77,0.97,0.0
21150530:0509,0.0,0.0,0.0,15.21,1.03,0.0
21150530:0609,1946.08,45.49,9.0,15.69,0.83,0.0
21150530:0709,6589.64,122.99,20.92,18.13,0.9,0.0
21150530:0809,20564.35,357.34,33.19,20.38,0.76,0.0
21150530:0909,35408.11,608.08,45.62,22.56,0.76,0.0
21150530:1009,45755.56,804.19,57.93,24.7,0.9,0.0
21150530:1109,52448.42,936.01,69.46,26.29,1.45,0.0
21150530:1209,56540.95,1007.95,77.36,27.5,2.41,0.0
21150530:1309,56562.2,995.25,74.3,27.71,3.31,0.0
21150530:1409,52828.68,913.29,63.92,27.26,3.86,0.0
21150530:1509,45091.43,765.76,51.87,26.32,4.0,0.0
21150530:1609,33294.29,563.63,39.46,25.5,3.72,0.0
21150530:1709,18830.03,338.29,27.08,24.75,3.38,0.0
21150530:1809,5034.45,122.53,14.95,23.56,2.9,0.0
21150530:1909,299.05,14.27,3.29,21.49,2.55,0.0
21150530:2009,0.0,0.0,0.0,20.21,2.07,0.0
21150530:2109,0.0,0.0,0.0,19.44,1.59,0.0
21150530:2209,0.0,0.0,0.0,18.74,1.17,0.0
21150530:2309,0.0,0.0,0.0,18.14,0.76,0.0
21150531:0009,0.0,0.0,0.0,17.94,0.62,0.0
21150531:0109,0.0,0.0,0.0,17.05,0.83,0.0
21150531:0209,0.0,0.0,0.0,16.65,0.97,0.0
21150531:0309,0.0,0.0,0.0,16.35,1.17,0.0
21150531:0409,0.0,0.0,0.0,16.34,1.24,0.0
21150531:0509,0.0,0.0,0.0,16.22,1.17,0.0
21150531:0609,2195.03,49.95,9.05,16.63,0.97,0.0
21150531:0709,8757.34,172.39,20.96,18.51,1.1,0.0
21150531:0809,21527.52,374.54,33.23,19.91,1.03,0.0
21150531:0909,36460.84,619.85,45.66,21.91,1.31,0.0
21150531:1009,46530.5,798.88,57.97,23.64,2.0,0.0
21150531:1109,53468.51,930.38,69.53,25.13,2.62,0.0
21150531:1209,5500.47,107.87,77.49,26.0,3.1,0.0
21150531:1309,4985.87,99.43,74.44,26.31,3.66,0.0
21150531:1409,18209.93,314.57,64.03,26.14,3.86,0.0
21150531:1509,44335.47,750.65,51.96,25.51,3.86,0.0
21150531:1609,31607.8,532.41,39.55,24.5,3.79,0.0
21150531:1709,16994.01,299.65,27.17,23.56,3.66,0.0
21150531:1809,4660.26,94.35,15.05,22.34,3.1,0.0
21150531:1909,300.56,14.27,3.4,20.7,2.83,0.0
21150531:2009,0.0,0.0,0.0,19.49,2.28,0.0
21150531:2109,0.0,0.0,0.0,18.77,1.86,0.0
21150531:2209,0.0,0.0,0.0,18.21,1.59,0.0
21150531:2309,0.0,0.0,0.0,17.61,1.31,0.0
21150601:0009,0.0,0.0,0.0,16.86,1.38,0.0
21150601:0109,0.0,0.0,0.0,16.51,1.45,0.0
21150601:0209,0.0,0.0,0.0,16.28,1.38,0.0
21150601:0309,0.0,0.0,0.0,16.13,1.45,0.0
21150601:0409,0.0,0.0,0.0,16.13,1.59,0.0
21150601:0509,0.0,0.0,0.0,16.14,1.66,0.0
21150601:0609,2252.71,50.85,9.1,16.28,1.59,0.0
21150601:0709,8049.2,168.9,21.0,17.73,0.76,0.0
21150601:0809,21813.66,383.16,33.27,19.3,0.28,0.0
21150601:0909,35541.69,611.32,45.69,21.14,0.21,0.0
21150601:1009,45476.24,795.4,58.01,22.91,0.62,0.0
21150601:1109,52692.06,931.01,69.59,24.52,1.45,0.0
21150601:1209,56788.38,1002.92,77.61,25.84,2.41,0.0
21150601:1309,56942.46,995.77,74.57,26.42,3.24,0.0
21150601:1409,53185.41,915.02,64.13,26.21,3.79,0.0
21150601:1509,45302.43,766.6,52.06,25.68,4.0,0.0
21150601:1609,33494.67,564.61,39.64,25.01,4.0,0.0
21150601:1709,19034.2,340.52,27.27,24.05,3.86,0.0
21150601:1809,5095.93,123.53,15.16,22.91,3.52,0.0
21150601:1909,376.46,16.06,3.51,21.13,2.97,0.0
21150601:2009,0.0,0.0,0.0,20.08,2.21,0.0
21150601:2109,0.0,0.0,0.0,19.51,1.66,0.0
21150601:2209,0.0,0.0,0.0,19.03,1.45,0.0
21150601:2309,0.0,0.0,0.0,18.44,1.24,0.0
21150602:0009,0.0,0.0,0.0,18.06,0.69,0.0
21150602:0109,0.0,0.0,0.0,18.28,0.21,0.0
21150602:0209,0.0,0.0,0.0,17.26,0.76,0.0
21150602:0309,0.0,0.0,0.0,16.12,1.03,0.0
21150602:0409,0.0,0.0,0.0,15.71,0.97,0.0
21150602:0509,0.0,0.0,0.0,15.05,1.24,0.0
21150602:0609,2467.51,54.41,9.14,15.72,0.76,0.0
21150602:0709,7269.7,164.39,21.04,19.1,0.28,0.0
21150602:0809,21779.5,384.52,33.29,22.13,1.52,0.0
21150602:0909,36107.15,612.73,45.72,24.27,2.55,0.0
21150602:1009,46542.64,798.05,58.04,26.15,3.1,0.0
21150602:1109,53399.44,929.73,69.65,27.78,3.59,0.0
21150602:1209,56820.26,997.22,77.73,28.84,4.0,0.0
21150602:1309,56613.81,995.51,74.7,29.47,4.07,0.0
21150602:1409,52317.11,913.77,64.23,29.82,4.07,0.0
21150602:1509,44182.91,763.03,52.15,29.89,4.07,0.0
21150602:1609,32651.42,562.36,39.73,29.36,4.0,0.0
21150602:1709,18373.11,335.62,27.36,28.57,3.66,0.0
21150602:1809,5194.6,124.44,15.25,27.46,2.83,0.0
21150602:1909,403.03,16.95,3.61,25.84,1.66,0.0
21150602:2009,0.0,0.0,0.0,24.23,1.45,0.0
21150602:2109,0.0,0.0,0.0,22.96,1.59,0.0
21150602:2209,0.0,0.0,0.0,22.0,1.66,0.0
21150602:2309,0.0,0.0,0.0,21.22,1.59,0.0
21150603:0009,0.0,0.0,0.0,20.59,1.72,0.0
21150603:0109,0.0,0.0,0.0,20.11,1.86,0.0
21150603:0209,0.0,0.0,0.0,19.75,1.79,0.0
21150603:0309,0.0,0.0,0.0,19.37,1.66,0.0
21150603:0409,0.0,0.0,0.0,18.99,1.66,0.0
21150603:0509,0.0,0.0,0.0,18.53,1.59,0.0
21150603:0609,2226.91,50.85,9.18,18.43,1.31,0.0
21150603:0709,7456.42,165.69,21.07,21.43,1.17,0.0
21150603:0809,21207.98,380.82,33.32,24.75,0.83,0.0
21150603:0909,33948.55,598.12,45.74,27.15,0.55,0.0
21150603:1009,43971.15,786.11,58.07,29.16,1.1,0.0
21150603:1109,51127.76,924.3,69.7,30.36,1.79,0.0
21150603:1209,54438.52,991.6,77.84,31.42,2.21,0.0
21150603:1309,54357.3,985.31,74.82,31.71,2.55,0.0
21150603:1409,50632.89,904.65,64.33,31.75,2.9,0.0
21150603:1509,43357.88,755.13,52.24,30.52,3.45,0.0
21150603:1609,31849.92,552.42,39.82,29.67,3.17,0.0
21150603:1709,18197.78,333.89,27.45,28.76,2.48,0.0
21150603:1809,5368.41,125.43,15.35,28.01,1.79,0.0
21150603:1909,401.51,16.95,3.71,26.47,1.1,0.0
21150603:2009,0.0,0.0,0.0,25.24,0.41,0.0
21150603:2109,0.0,0.0,0.0,24.42,0.28,0.0
21150603:2209,0.0,0.0,0.0,23.11,0.69,0.0
21150603:2309,0.0,0.0,0.0,21.48,1.31,0.0
21150604:0009,0.0,0.0,0.0,20.45,1.38,0.0
21150604:0109,0.0,0.0,0.0,19.74,1.31,0.0
21150604:0209,0.0,0.0,0.0,19.23,1.17,0.0
21150604:0309,0.0,0.0,0.0,19.23,0.97,0.0
21150604:0409,0.0,0.0,0.0,18.86,0.97,0.0
21150604:0509,0.0,0.0,0.0,17.88,1.17,0.0
21150604:0609,2535.82,56.2,9.21,18.57,0.9,0.0
21150604:0709,8052.99,169.48,21.09,21.34,0.55,0.0
21150604:0809,20763.96,373.24,33.34,24.49,0.21,0.0
21150604:0909,33564.5,591.95,45.76,26.98,0.41,0.0
21150604:1009,43252.37,775.21,58.1,29.29,0.97,0.0
21150604:1109,50191.15,910.55,69.74,31.0,1.72,0.0
21150604:1209,53602.1,970.81,77.95,31.88,2.62,0.0
21150604:1309,53500.39,959.54,74.94,31.84,3.24,0.0
21150604:1409,49240.13,868.02,64.43,31.02,3.59,0.0
21150604:1509,40238.38,697.98,52.33,30.28,3.66,0.0
21150604:1609,28852.63,498.82,39.91,29.19,3.38,0.0
21150604:1709,16047.54,289.54,27.54,28.23,2.97,0.0
21150604:1809,5672.01,119.03,15.44,26.87,2.21,0.0
21150604:1909,405.31,16.95,3.81,25.14,1.72,0.0
21150604:2009,0.0,0.0,0.0,23.85,1.31,0.0
21150604:2109,0.0,0.0,0.0,23.03,0.97,0.0
21150604:2209,0.0,0.0,0.0,22.0,0.83,0.0
21150604:2309,0.0,0.0,0.0,21.07,1.38,0.0
21150605:0009,0.0,0.0,0.0,20.17,1.31,0.0
21150605:0109,0.0,0.0,0.0,19.98,0.97,0.0
21150605:0209,0.0,0.0,0.0,19.86,0.9,0.0
21150605:0309,0.0,0.0,0.0,18.87,1.1,0.0
21150605:0409,0.0,0.0,0.0,18.46,1.03,0.0
21150605:0509,0.0,0.0,0.0,19.45,0.21,0.0
21150605:0609,2431.08,54.41,9.24,18.54,0.69,0.0
21150605:0709,8267.79,169.66,21.11,20.98,0.62,0.0
21150605:0809,20360.93,360.68,33.36,23.47,0.76,0.0
21150605:0909,33540.21,581.59,45.78,25.76,1.17,0.0
21150605:1009,39754.9,698.94,58.12,27.89,1.45,0.0
21150605:1109,47615.87,858.92,69.79,29.99,1.52,0.0
21150605:1209,51096.64,945.28,78.05,32.55,1.45,0.0
21150605:1309,52281.44,958.5,75.05,33.49,2.28,0.0
21150605:1409,49118.69,876.33,64.52,33.04,3.45,0.0
21150605:1509,42136.64,732.54,52.41,31.39,4.14,0.0
21150605:1609,30520.91,526.59,39.99,29.61,4.0,0.0
21150605:1709,17916.2,325.12,27.63,28.36,3.66,0.0
21150605:1809,5337.29,126.52,15.53,27.0,2.69,0.0
21150605:1909,480.45,18.73,3.91,26.34,2.07,0.0
21150605:2009,0.0,0.0,0.0,24.77,1.93,0.0
21150605:2109,0.0,0.0,0.0,23.31,1.59,0.0
21150605:2209,0.0,0.0,0.0,22.41,1.24,0.0
21150605:2309,0.0,0.0,0.0,21.68,0.62,0.0
21150606:0009,0.0,0.0,0.0,21.65,0.55,0.0
21150606:0109,0.0,0.0,0.0,20.34,1.17,0.0
21150606:0209,0.0,0.0,0.0,19.79,1.45,0.0
21150606:0309,0.0,0.0,0.0,19.61,1.79,0.0
21150606:0409,0.0,0.0,0.0,19.71,2.07,0.0
21150606:0509,0.0,0.0,0.0,19.74,2.14,0.0
21150606:0609,193.54,11.6,9.27,19.98,1.93,0.0
21150606:0709,7492.85,165.68,21.13,23.18,1.45,0.0
21150606:0809,20143.1,360.08,33.37,26.64,1.72,0.0
21150606:0909,33367.92,583.28,45.79,29.44,2.14,0.0
21150606:1009,38498.0,681.99,58.13,32.01,2.48,0.0
21150606:1109,49780.53,899.06,69.82,34.04,3.03,0.0
21150606:1209,52850.69,964.29,78.14,35.42,3.38,0.0
21150606:1309,51120.17,932.46,75.16,36.13,3.52,0.0
21150606:1409,47949.07,857.93,64.61,34.99,4.07,0.0
21150606:1509,41934.75,744.1,52.5,34.37,3.52,0.0
21150606:1609,14339.79,262.36,40.07,33.62,1.45,0.0
21150606:1709,1215.16,34.71,27.71,33.19,0.9,0.0
21150606:1809,986.7,30.02,15.62,32.56,1.72,0.0
21150606:1909,280.07,14.27,4.01,31.4,1.79,0.0
21150606:2009,0.0,0.0,0.0,30.02,1.38,0.0
21150606:2109,0.0,0.0,0.0,28.68,1.93,0.0
21150606:2209,0.0,0.0,0.0,27.85,2.48,0.0
21150606:2309,0.0,0.0,0.0,27.5,2.9,0.0
21150607:0009,0.0,0.0,0.0,27.11,2.76,0.0
21150607:0109,0.0,0.0,0.0,26.46,2.41,0.0
21150607:0209,0.0,0.0,0.0,25.72,3.45,0.0
21150607:0309,0.0,0.0,0.0,25.54,4.0,0.0
21150607:0409,0.0,0.0,0.0,25.39,3.72,0.0
21150607:0509,0.0,0.0,0.0,25.33,3.66,0.0
21150607:0609,91.08,8.92,9.29,25.7,3.52,0.0
21150607:0709,6547.13,159.87,21.14,27.19,2.48,0.0
21150607:0809,18364.76,330.77,33.38,29.71,1.93,0.0
21150607:0909,33065.08,584.17,45.79,32.43,2.62,0.0
21150607:1009,42658.08,771.35,58.15,34.79,2.21,0.0
21150607:1109,47318.34,893.89,69.85,36.3,0.97,0.0
21150607:1209,47946.03,903.4,78.22,37.09,1.52,0.0
21150607:1309,28853.38,522.14,75.26,37.04,2.9,0.0
21150607:1409,48786.24,876.61,64.7,34.27,3.38,0.0
21150607:1509,41817.11,736.43,52.58,33.03,3.59,0.0
21150607:1609,31363.4,540.96,40.16,30.88,5.24,0.0
21150607:1709,18493.04,334.11,27.8,27.98,5.1,0.0
21150607:1809,5814.7,127.61,15.71,25.85,4.07,0.0
21150607:1909,525.99,19.62,4.1,24.64,3.59,0.0
21150607:2009,0.0,0.0,0.0,23.36,3.03,0.0
21150607:2109,0.0,0.0,0.0,22.55,2.76,0.0
21150607:2209,0.0,0.0,0.0,21.74,2.97,0.0
21150607:2309,0.0,0.0,0.0,21.12,3.03,0.0
21150608:0009,0.0,0.0,0.0,20.71,2.55,0.0
21150608:0109,0.0,0.0,0.0,20.32,2.62,0.0
21150608:0209,0.0,0.0,0.0,19.94,2.55,0.0
21150608:0309,0.0,0.0,0.0,19.65,2.34,0.0
21150608:0409,0.0,0.0,0.0,19.39,2.34,0.0
21150608:0509,0.0,0.0,0.0,19.17,2.21,0.0
21150608:0609,2428.04,54.41,9.3,19.13,2.34,0.0
21150608:0709,7975.57,167.3,21.15,19.93,2.21,0.0
21150608:0809,21014.43,366.18,33.38,21.41,2.34,0.0
21150608:0909,34859.35,590.96,45.8,23.25,2.14,0.0
21150608:1009,44994.28,774.35,58.15,25.0,2.21,0.0
21150608:1109,51807.82,906.65,69.87,26.52,2.55,0.0
21150608:1209,55529.2,977.7,78.3,27.23,2.97,0.0
21150608:1309,55535.27,971.34,75.36,27.46,3.52,0.0
21150608:1409,51861.71,893.9,64.78,27.2,4.0,0.0
21150608:1509,44135.85,748.0,52.66,26.24,4.14,0.0
21150608:1609,32347.06,546.88,40.23,25.22,3.72,0.0
21150608:1709,18580.32,331.5,27.88,24.44,3.1,0.0
21150608:1809,5772.2,128.81,15.79,23.47,2.83,0.0
21150608:1909,575.32,20.52,4.19,22.26,2.9,0.0
21150608:2009,0.0,0.0,0.0,21.19,2.0,0.0
21150608:2109,0.0,0.0,0.0,20.7,1.52,0.0
21150608:2209,0.0,0.0,0.0,20.35,1.66,0.0
21150608:2309,0.0,0.0,0.0,20.07,1.72,0.0
21150609:0009,0.0,0.0,0.0,19.81,1.66,0.0
21150609:0109,0.0,0.0,0.0,19.47,1.31,0.0
21150609:0209,0.0,0.0,0.0,19.4,1.1,0.0
21150609:0309,0.0,0.0,0.0,19.22,1.03,0.0
21150609:0409,0.0,0.0,0.0,19.08,1.03,0.0
21150609:0509,0.0,0.0,0.0,18.83,0.9,0.0
21150609:0609,2267.89,51.74,9.31,19.24,0.97,0.0
21150609:0709,7394.18,137.91,21.16,20.44,1.66,0.0
21150609:0809,17589.82,304.12,33.38,21.56,1.66,0.0
21150609:0909,9554.29,172.59,45.79,23.0,1.1,0.0
21150609:1009,15211.12,266.38,58.15,24.38,0.97,0.0
21150609:1109,33419.53,577.1,69.89,25.12,1.52,0.0
21150609:1209,17243.72,299.29,78.37,25.36,2.41,0.0
21150609:1309,45547.59,782.35,75.46,24.94,3.03,0.0
21150609:1409,48697.44,834.2,64.87,24.75,3.17,0.0
21150609:1509,42100.97,714.06,52.73,24.45,2.97,0.0
21150609:1609,29349.01,498.82,40.31,24.82,2.69,0.0
21150609:1709,17910.12,318.66,27.96,24.51,2.83,0.0
21150609:1809,5819.25,129.38,15.87,23.68,2.97,0.0
21150609:1909,618.58,21.41,4.27,22.02,2.69,0.0
21150609:2009,0.0,0.0,0.0,20.86,1.93,0.0
21150609:2109,0.0,0.0,0.0,20.22,1.45,0.0
21150609:2209,0.0,0.0,0.0,19.71,1.1,0.0
21150609:2309,0.0,0.0,0.0,19.03,0.76,0.0
21150610:0009,0.0,0.0,0.0,18.39,0.9,0.0
21150610:0109,0.0,0.0,0.0,18.14,1.24,0.0
21150610:0209,0.0,0.0,0.0,18.11,1.38,0.0
21150610:0309,0.0,0.0,0.0,17.99,1.59,0.0
21150610:0409,0.0,0.0,0.0,17.94,1.59,0.0
21150610:0509,0.0,0.0,0.0,17.61,1.59,0.0
21150610:0609,2497.11,55.31,9.32,17.61,1.31,0.0
21150610:0709,7028.34,130.85,21.16,19.69,1.86,0.0
21150610:0809,10219.94,181.15,33.38,20.87,2.21,0.0
21150610:0909,14646.42,252.72,45.79,22.11,2.48,0.0
21150610:1009,22535.47,381.41,58.15,22.88,2.83,0.0
21150610:1109,49823.04,855.09,69.91,24.24,2.97,0.0
21150610:1209,51981.63,895.66,78.43,24.92,3.38,0.0
21150610:1309,55701.49,960.84,75.55,24.97,3.59,0.0
21150610:1409,49648.47,852.41,64.95,25.92,3.59,0.0
21150610:1509,29755.08,504.38,52.81,25.98,3.93,0.0
21150610:1609,23595.03,398.97,40.39,24.79,4.55,0.0
21150610:1709,14307.91,250.5,28.03,23.4,4.48,0.0
21150610:1809,5990.03,130.23,15.95,22.14,4.0,0.0
21150610:1909,623.14,21.41,4.35,20.81,3.52,0.0
21150610:2009,0.0,0.0,0.0,19.86,2.76,0.0
21150610:2109,0.0,0.0,0.0,19.5,2.28,0.0
21150610:2209,0.0,0.0,0.0,19.35,2.14,0.0
21150610:2309,0.0,0.0,0.0,19.16,2.0,0.0
21150611:0009,0.0,0.0,0.0,19.09,2.0,0.0
21150611:0109,0.0,0.0,0.0,18.98,1.93,0.0
21150611:0209,0.0,0.0,0.0,18.75,2.0,0.0
21150611:0309,0.0,0.0,0.0,18.62,1.93,0.0
21150611:0409,0.0,0.0,0.0,18.55,1.93,0.0
21150611:0509,0.0,0.0,0.0,18.43,1.93,0.0
21150611:0609,1869.42,44.6,9.32,18.46,2.07,0.0
21150611:0709,6931.95,128.96,21.15,19.31,2.48,0.0
21150611:0809,6135.0,115.38,33.37,20.03,2.9,0.0
21150611:0909,13022.16,224.9,45.78,20.78,3.17,0.0
21150611:1009,13157.27,227.94,58.15,21.71,3.31,0.0
21150611:1109,7827.57,143.52,69.91,22.25,3.52,0.0
21150611:1209,6714.11,125.69,78.49,22.38,3.93,0.0
21150611:1309,15780.37,270.15,75.63,22.49,4.14,0.0
21150611:1409,47208.28,790.62,65.02,22.5,4.21,0.0
21150611:1509,40419.79,672.07,52.88,22.48,4.14,0.0
21150611:1609,18672.16,316.12,40.46,22.49,4.07,0.0
21150611:1709,19279.36,338.82,28.11,21.68,3.79,0.0
21150611:1809,6010.52,119.63,16.03,21.08,3.38,0.0
21150611:1909,582.15,20.52,4.43,20.3,2.76,0.0
21150611:2009,0.0,0.0,0.0,19.66,2.28,0.0
21150611:2109,0.0,0.0,0.0,19.14,1.72,0.0
21150611:2209,0.0,0.0,0.0,18.78,1.52,0.0
21150611:2309,0.0,0.0,0.0,18.39,1.52,0.0
21150612:0009,0.0,0.0,0.0,17.85,1.52,0.0
21150612:0109,0.0,0.0,0.0,17.5,1.52,0.0
21150612:0209,0.0,0.0,0.0,17.35,1.52,0.0
21150612:0309,0.0,0.0,0.0,16.99,1.72,0.0
21150612:0409,0.0,0.0,0.0,17.05,1.86,0.0
21150612:0509,0.0,0.0,0.0,16.84,2.07,0.0
21150612:0609,2141.14,49.06,9.32,16.99,2.21,0.0
21150612:0709,7346.36,161.76,21.14,18.49,2.69,0.0
21150612:0809,20447.46,349.98,33.36,19.63,3.45,0.0
21150612:0909,34561.82,573.05,45.77,20.91,3.52,0.0
21150612:1009,42541.95,709.58,58.14,21.83,3.59,0.0
21150612:1109,28683.37,480.11,69.92,22.47,3.79,0.0
21150612:1209,54195.64,920.76,78.53,23.28,4.07,0.0
21150612:1309,21944.21,371.3,75.71,23.54,4.07,0.0
21150612:1409,49388.89,833.62,65.1,23.67,4.14,0.0
21150612:1509,41729.06,695.67,52.95,23.19,4.28,0.0
21150612:1609,33452.17,556.47,40.53,22.53,4.21,0.0
21150612:1709,18746.54,328.79,28.18,22.19,4.0,0.0
21150612:1809,5527.04,131.6,16.1,21.37,3.38,0.0
21150612:1909,711.18,23.19,4.51,20.32,2.9,0.0
21150612:2009,0.0,0.0,0.0,19.29,2.0,0.0
21150612:2109,0.0,0.0,0.0,18.74,1.45,0.0
21150612:2209,0.0,0.0,0.0,18.26,1.31,0.0
21150612:2309,0.0,0.0,0.0,17.92,1.31,0.0
21150613:0009,0.0,0.0,0.0,17.36,1.38,0.0
21150613:0109,0.0,0.0,0.0,17.17,1.31,0.0
21150613:0209,0.0,0.0,0.0,16.89,1.24,0.0
21150613:0309,0.0,0.0,0.0,16.99,1.24,0.0
21150613:0409,0.0,0.0,0.0,17.07,1.45,0.0
21150613:0509,0.0,0.0,0.0,16.82,1.79,0.0
21150613:0609,2195.03,49.95,9.31,16.81,2.07,0.0
21150613:0709,7844.26,143.77,21.13,17.06,1.66,0.0
21150613:0809,16644.87,283.1,33.34,18.09,1.72,0.0
21150613:0909,20066.44,336.34,45.75,19.11,2.0,0.0
21150613:1009,25972.22,432.55,58.12,19.83,2.48,0.0
21150613:1109,48653.42,820.31,69.92,20.39,2.69,0.0
21150613:1209,45013.25,759.82,78.58,21.17,2.83,0.0
21150613:1309,19828.12,336.1,75.79,21.98,2.76,0.0
21150613:1409,49246.96,834.18,65.17,22.33,3.1,0.0
21150613:1509,28283.38,471.41,53.02,22.2,3.86,0.0
21150613:1609,29847.68,494.56,40.6,21.3,4.07,0.0
21150613:1709,9196.04,164.22,28.24,20.46,3.72,0.0
21150613:1809,5767.64,112.96,16.17,19.77,3.38,0.0
21150613:1909,760.52,24.08,4.58,19.03,3.03,0.0
21150613:2009,0.0,0.0,0.0,18.25,2.21,0.0
21150613:2109,0.0,0.0,0.0,17.72,1.72,0.0
21150613:2209,0.0,0.0,0.0,17.28,1.52,0.0
21150613:2309,0.0,0.0,0.0,16.77,1.45,0.0
21150614:0009,0.0,0.0,0.0,16.15,1.24,0.0
21150614:0109,0.0,0.0,0.0,15.59,1.1,0.0
21150614:0209,0.0,0.0,0.0,15.02,1.17,0.0
21150614:0309,0.0,0.0,0.0,14.76,1.1,0.0
21150614:0409,0.0,0.0,0.0,14.5,1.1,0.0
21150614:0509,0.0,0.0,0.0,14.34,1.03,0.0
21150614:0609,2420.45,53.52,9.3,15.21,0.76,0.0
21150614:0709,8311.81,167.24,21.12,17.32,0.34,0.0
21150614:0809,15816.8,271.18,33.33,18.3,0.62,0.0
21150614:0909,19699.09,332.77,45.73,19.69,1.24,0.0
21150614:1009,23852.33,401.76,58.11,21.03,1.86,0.0
21150614:1109,32846.48,555.83,69.91,22.01,1.93,0.0
21150614:1209,46624.61,797.98,78.61,22.72,2.48,0.0
21150614:1309,44945.7,759.02,75.86,22.95,3.66,0.0
21150614:1409,53482.94,897.7,65.23,22.36,4.28,0.0
21150614:1509,45552.9,756.45,53.08,22.08,4.14,0.0
21150614:1609,33866.58,562.03,40.66,22.16,4.28,0.0
21150614:1709,19407.63,339.89,28.31,21.58,4.21,0.0
21150614:1809,5607.49,132.76,16.24,20.7,3.72,0.0
21150614:1909,758.24,24.08,4.65,19.66,3.38,0.0
21150614:2009,0.0,0.0,0.0,18.73,2.55,0.0
21150614:2109,0.0,0.0,0.0,18.15,1.93,0.0
21150614:2209,0.0,0.0,0.0,17.57,1.45,0.0
21150614:2309,0.0,0.0,0.0,16.68,1.17,0.0
21150615:0009,0.0,0.0,0.0,15.86,1.38,0.0
21150615:0109,0.0,0.0,0.0,15.33,1.52,0.0
21150615:0209,0.0,0.0,0.0,15.1,1.52,0.0
21150615:0309,0.0,0.0,0.0,15.2,1.72,0.0
21150615:0409,0.0,0.0,0.0,15.21,1.86,0.0
21150615:0509,0.0,0.0,0.0,15.38,1.93,0.0
21150615:0609,2157.84,49.06,9.29,15.5,1.93,0.0
21150615:0709,7284.12,159.92,21.1,17.58,1.86,0.0
21150615:0809,19407.63,331.5,33.3,19.05,2.55,0.0
21150615:0909,29327.76,488.48,45.71,20.36,2.62,0.0
21150615:1009,34276.44,571.47,58.09,21.13,2.97,0.0
21150615:1109,53082.94,895.9,69.9,21.64,3.45,0.0
21150615:1209,56064.29,953.73,78.64,22.2,3.59,0.0
21150615:1309,56450.63,964.54,75.92,22.71,3.45,0.0
21150615:1409,52925.83,897.29,65.3,23.02,3.59,0.0
21150615:1509,45259.93,757.09,53.15,23.1,3.86,0.0
21150615:1609,33729.96,562.8,40.72,22.6,3.72,0.0
21150615:1709,19188.28,336.84,28.37,21.99,3.59,0.0
21150615:1809,5831.4,134.15,16.3,20.98,3.45,0.0
21150615:1909,802.26,24.98,4.71,19.73,3.17,0.0
21150615:2009,0.0,0.0,0.0,18.64,2.48,0.0
21150615:2109,0.0,0.0,0.0,17.93,2.21,0.0
21150615:2209,0.0,0.0,0.0,17.36,1.93,0.0
21150615:2309,0.0,0.0,0.0,16.81,1.66,0.0
21150616:0009,0.0,0.0,0.0,16.11,1.59,0.0
21150616:0109,0.0,0.0,0.0,15.63,1.72,0.0
21150616:0209,0.0,0.0,0.0,15.31,1.72,0.0
21150616:0309,0.0,0.0,0.0,15.13,1.59,0.0
21150616:0409,0.0,0.0,0.0,15.32,1.38,0.0
21150616:0509,0.0,0.0,0.0,15.18,1.45,0.0
21150616:0609,2157.08,49.06,9.27,15.44,1.31,0.0
21150616:0709,6697.42,155.41,21.08,17.22,2.0,0.0
21150616:0809,21432.64,371.77,33.28,18.55,2.34,0.0
21150616:0909,35604.69,592.26,45.68,20.21,2.62,0.0
21150616:1009,45867.13,770.24,58.06,21.91,2.97,0.0
21150616:1109,52930.38,903.72,69.88,23.46,3.24,0.0
21150616:1209,56557.64,972.73,78.66,24.54,3.72,0.0
21150616:1309,56534.87,968.62,75.98,25.05,4.28,0.0
21150616:1409,53148.98,897.97,65.36,24.55,4.76,0.0
21150616:1509,45081.56,753.46,53.21,24.53,4.9,0.0
21150616:1609,34333.37,573.03,40.78,24.14,4.97,0.0
21150616:1709,19808.38,350.53,28.43,23.46,4.9,0.0
21150616:1809,5665.94,134.43,16.36,22.45,4.69,0.0
21150616:1909,796.95,24.98,4.77,20.89,4.0,0.0
21150616:2009,0.0,0.0,0.0,19.78,3.1,0.0
21150616:2109,0.0,0.0,0.0,19.16,2.48,0.0
21150616:2209,0.0,0.0,0.0,18.65,2.0,0.0
21150616:2309,0.0,0.0,0.0,18.07,1.59,0.0
21150617:0009,0.0,0.0,0.0,17.34,1.45,0.0
21150617:0109,0.0,0.0,0.0,16.87,1.45,0.0
21150617:0209,0.0,0.0,0.0,17.45,1.1,0.0
21150617:0309,0.0,0.0,0.0,17.81,0.48,0.0
21150617:0409,0.0,0.0,0.0,17.77,0.48,0.0
21150617:0509,0.0,0.0,0.0,15.69,1.17,0.0
21150617:0609,2427.28,53.52,9.25,14.77,1.17,0.0
21150617:0709,7022.27,157.98,21.05,18.14,0.69,0.0
21150617:0809,20754.86,370.22,33.25,20.9,0.07,0.0
21150617:0909,34142.1,589.42,45.65,23.27,0.62,0.0
21150617:1009,44151.03,769.9,58.03,25.43,1.38,0.0
21150617:1109,50984.31,903.34,69.86,27.29,1.93,0.0
21150617:1209,54716.31,972.38,78.67,28.63,2.76,0.0
21150617:1309,54989.55,968.32,76.04,29.19,3.66,0.0
21150617:1409,51723.57,897.72,65.42,29.1,4.28,0.0
21150617:1509,44317.25,757.6,53.27,28.59,4.55,0.0
21150617:1609,33200.18,566.47,40.84,27.85,4.28,0.0
21150617:1709,19389.41,350.45,28.49,27.14,3.66,0.0
21150617:1809,5539.18,135.38,16.42,26.2,2.62,0.0
21150617:1909,780.25,24.98,4.83,24.42,1.79,0.0
21150617:2009,0.0,0.0,0.0,22.75,1.59,0.0
21150617:2109,0.0,0.0,0.0,21.37,1.45,0.0
21150617:2209,0.0,0.0,0.0,19.99,1.38,0.0
21150617:2309,0.0,0.0,0.0,18.79,1.59,0.0
21150618:0009,0.0,0.0,0.0,18.03,1.79,0.0
21150618:0109,0.0,0.0,0.0,17.6,1.93,0.0
21150618:0209,0.0,0.0,0.0,17.14,1.79,0.0
21150618:0309,0.0,0.0,0.0,16.54,1.59,0.0
21150618:0409,0.0,0.0,0.0,16.05,1.52,0.0
21150618:0509,0.0,0.0,0.0,15.71,1.59,0.0
21150618:0609,2151.01,49.06,9.22,15.99,1.31,0.0
21150618:0709,6760.41,155.72,21.02,19.67,0.69,0.0
21150618:0809,20515.77,370.21,33.22,23.33,0.21,0.0
21150618:0909,33760.32,588.09,45.62,25.86,0.9,0.0
21150618:1009,43899.8,772.37,58.0,28.02,1.66,0.0
21150618:1109,50750.54,903.07,69.84,29.77,2.48,0.0
21150618:1209,54483.3,972.1,78.68,30.87,3.31,0.0
21150618:1309,54773.99,968.04,76.09,31.12,4.21,0.0
21150618:1409,51482.21,898.49,65.47,30.81,4.62,0.0
21150618:1509,43755.59,754.09,53.32,30.43,4.69,0.0
21150618:1609,32904.93,567.31,40.89,29.96,4.28,0.0
21150618:1709,19151.09,349.5,28.55,29.36,3.79,0.0
21150618:1809,5516.41,136.06,16.48,28.32,2.97,0.0
21150618:1909,770.39,24.98,4.89,26.78,2.28,0.0
21150618:2009,0.0,0.0,0.0,25.05,1.93,0.0
21150618:2109,0.0,0.0,0.0,23.96,1.59,0.0
21150618:2209,0.0,0.0,0.0,22.67,1.24,0.0
21150618:2309,0.0,0.0,0.0,22.79,0.97,0.0
21150619:0009,0.0,0.0,0.0,21.8,1.31,0.0
21150619:0109,0.0,0.0,0.0,20.05,1.72,0.0
21150619:0209,0.0,0.0,0.0,19.33,2.0,0.0
21150619:0309,0.0,0.0,0.0,18.68,1.93,0.0
21150619:0409,0.0,0.0,0.0,17.99,1.79,0.0
21150619:0509,0.0,0.0,0.0,17.21,1.59,0.0
21150619:0609,2186.68,49.95,9.19,17.42,1.17,0.0
21150619:0709,6818.86,156.01,20.99,20.79,0.97,0.0
21150619:0809,20574.97,368.74,33.18,23.92,1.38,0.0
21150619:0909,33915.92,585.38,45.59,25.83,1.66,0.0
21150619:1009,44028.07,768.35,57.97,27.39,2.0,0.0
21150619:1109,50878.81,901.82,69.81,28.65,2.34,0.0
21150619:1209,54207.02,966.59,78.68,29.57,2.83,0.0
21150619:1309,54205.5,963.47,76.13,30.1,3.24,0.0
21150619:1409,51046.54,898.36,65.52,30.16,3.45,0.0
21150619:1509,43508.16,755.01,53.37,29.88,3.52,0.0
21150619:1609,32706.83,565.17,40.95,29.28,3.38,0.0
21150619:1709,19198.15,349.5,28.6,28.4,2.97,0.0
21150619:1809,5675.8,136.88,16.53,27.3,2.69,0.0
21150619:1909,822.0,25.87,4.94,25.04,2.41,0.0
21150619:2009,0.0,0.0,0.0,23.38,2.21,0.0
21150619:2109,0.0,0.0,0.0,22.28,2.21,0.0
21150619:2209,0.0,0.0,0.0,21.52,2.34,0.0
21150619:2309,0.0,0.0,0.0,20.97,2.41,0.0
21150620:0009,0.0,0.0,0.0,20.52,2.48,0.0
21150620:0109,0.0,0.0,0.0,20.17,2.62,0.0
21150620:0209,0.0,0.0,0.0,19.84,2.76,0.0
21150620:0309,0.0,0.0,0.0,19.56,2.83,0.0
21150620:0409,0.0,0.0,0.0,19.39,2.9,0.0
21150620:0509,0.0,0.0,0.0,19.19,2.9,0.0
21150620:0609,2321.78,52.63,9.16,19.44,2.9,0.0
21150620:0709,7165.72,158.31,20.95,20.91,3.86,0.0
21150620:0809,20833.03,366.52,33.14,22.58,3.45,0.0
21150620:0909,33744.38,571.32,45.55,24.74,3.24,0.0
21150620:1009,43154.46,739.37,57.93,26.76,3.31,0.0
21150620:1109,43483.11,754.56,69.78,28.31,3.38,0.0
21150620:1209,51929.26,912.62,78.68,29.32,3.66,0.0
21150620:1309,42739.29,742.69,76.17,29.66,4.14,0.0
21150620:1409,39779.95,686.07,65.57,29.28,4.34,0.0
21150620:1509,32892.78,562.67,53.42,28.5,4.34,0.0
21150620:1609,32569.45,555.47,41.0,27.59,4.14,0.0
21150620:1709,17737.83,315.69,28.65,26.56,3.79,0.0
21150620:1809,4242.81,87.1,16.58,25.35,3.31,0.0
21150620:1909,740.78,24.08,4.98,23.59,2.97,0.0
21150620:2009,0.0,0.0,0.0,22.32,2.41,0.0
21150620:2109,0.0,0.0,0.0,21.63,1.93,0.0
21150620:2209,0.0,0.0,0.0,21.07,1.79,0.0
21150620:2309,0.0,0.0,0.0,20.58,1.86,0.0
21150621:0009,0.0,0.0,0.0,20.13,2.0,0.0
21150621:0109,0.0,0.0,0.0,19.67,1.93,0.0
21150621:0209,0.0,0.0,0.0,19.45,2.0,0.0
21150621:0309,0.0,0.0,0.0,19.06,2.21,0.0
21150621:0409,0.0,0.0,0.0,18.77,2.34,0.0
21150621:0509,0.0,0.0,0.0,18.61,2.41,0.0
21150621:0609,2484.97,55.31,9.12,18.78,2.34,0.0
21150621:0709,8383.16,157.33,20.91,20.18,3.03,0.0
21150621:0809,15627.81,270.12,33.1,21.87,2.76,0.0
21150621:0909,33978.15,575.14,45.51,23.84,2.69,0.0
21150621:1009,44346.85,760.36,57.89,25.42,2.62,0.0
21150621:1109,51457.16,896.4,69.74,26.93,2.97,0.0
21150621:1209,55213.46,966.33,78.66,27.47,3.45,0.0
21150621:1309,55292.39,963.3,76.21,27.73,3.93,0.0
21150621:1409,51826.8,894.83,65.62,27.66,4.07,0.0
21150621:1509,44078.92,751.67,53.47,27.23,4.0,0.0
21150621:1609,33050.66,561.82,41.04,26.52,3.79,0.0
21150621:1709,19509.34,348.71,28.69,25.46,3.45,0.0
21150621:1809,5913.37,138.39,16.62,24.21,3.03,0.0
21150621:1909,878.16,26.76,5.03,22.61,2.34,0.0
21150621:2009,0.0,0.0,0.0,21.5,1.79,0.0
21150621:2109,0.0,0.0,0.0,20.82,1.24,0.0
21150621:2209,0.0,0.0,0.0,19.96,0.76,0.0
21150621:2309,0.0,0.0,0.0,18.93,0.76,0.0
21150622:0009,0.0,0.0,0.0,18.44,0.83,0.0
21150622:0109,0.0,0.0,0.0,18.07,0.83,0.0
21150622:0209,0.0,0.0,0.0,18.55,0.62,0.0
21150622:0309,0.0,0.0,0.0,18.41,0.48,0.0
21150622:0409,0.0,0.0,0.0,18.29,0.48,0.0
21150622:0509,0.0,0.0,0.0,18.18,0.34,0.0
21150622:0609,2278.52,51.74,9.08,18.17,0.14,0.0
21150622:0709,8515.22,161.26,20.87,18.94,1.03,0.0
21150622:0809,20684.27,364.41,33.06,20.35,1.31,0.0
21150622:0909,34073.03,580.54,45.46,22.29,1.24,0.0
21150622:1009,43940.03,759.34,57.84,24.58,1.66,0.0
21150622:1109,51070.07,896.37,69.7,26.38,2.21,0.0
21150622:1209,54742.88,965.29,78.65,27.59,2.9,0.0
21150622:1309,54972.09,963.31,76.24,27.96,3.52,0.0
21150622:1409,51651.47,894.88,65.66,27.8,3.79,0.0
21150622:1509,44075.13,752.71,53.51,27.28,3.86,0.0
21150622:1609,33224.47,565.1,41.08,26.56,3.72,0.0
21150622:1709,19649.75,351.59,28.73,25.55,3.45,0.0
21150622:1809,5847.34,138.99,16.66,24.29,2.9,0.0
21150622:1909,881.2,26.76,5.06,21.89,2.55,0.0
21150622:2009,0.0,0.0,0.0,20.6,2.07,0.0
21150622:2109,0.0,0.0,0.0,19.68,1.79,0.0
21150622:2209,0.0,0.0,0.0,18.94,1.59,0.0
21150622:2309,0.0,0.0,0.0,18.17,1.45,0.0
21150623:0009,0.0,0.0,0.0,17.33,1.17,0.0
21150623:0109,0.0,0.0,0.0,17.28,0.76,0.0
21150623:0209,0.0,0.0,0.0,17.48,0.34,0.0
21150623:0309,0.0,0.0,0.0,17.35,0.62,0.0
21150623:0409,0.0,0.0,0.0,15.18,1.45,0.0
21150623:0509,0.0,0.0,0.0,14.97,1.72,0.0
21150623:0609,2416.66,53.52,9.03,15.71,1.45,0.0
21150623:0709,6789.26,153.69,20.82,18.64,1.38,0.0
21150623:0809,19242.93,334.22,33.01,20.66,1.59,0.0
21150623:0909,32542.13,553.22,45.41,22.25,1.38,0.0
21150623:1009,39839.15,683.28,57.8,23.88,1.72,0.0
21150623:1109,50755.09,882.97,69.66,25.17,2.34,0.0
21150623:1209,55290.87,965.32,78.62,25.98,3.03,0.0
21150623:1309,55589.92,963.38,76.26,26.22,3.72,0.0
21150623:1409,52292.06,895.0,65.69,26.04,4.14,0.0
21150623:1509,44897.13,757.19,53.55,25.51,4.34,0.0
21150623:1609,33736.79,566.19,41.12,24.68,4.41,0.0
21150623:1709,19932.86,351.74,28.77,23.59,4.34,0.0
21150623:1809,6631.38,134.84,16.7,22.39,3.93,0.0
21150623:1909,842.49,25.87,5.1,20.73,3.59,0.0
21150623:2009,0.0,0.0,0.0,19.65,2.97,0.0
21150623:2109,0.0,0.0,0.0,18.99,2.41,0.0
21150623:2209,0.0,0.0,0.0,18.63,1.93,0.0
21150623:2309,0.0,0.0,0.0,18.26,1.72,0.0
21150624:0009,0.0,0.0,0.0,17.83,1.52,0.0
21150624:0109,0.0,0.0,0.0,17.34,1.1,0.0
21150624:0209,0.0,0.0,0.0,17.38,0.76,0.0
21150624:0309,0.0,0.0,0.0,17.6,0.62,0.0
21150624:0409,0.0,0.0,0.0,16.7,0.83,0.0
21150624:0509,0.0,0.0,0.0,16.25,0.97,0.0
21150624:0609,2401.48,53.52,8.98,16.77,0.83,0.0
21150624:0709,8225.28,154.03,20.77,18.98,0.9,0.0
21150624:0809,19852.4,346.62,32.96,20.6,1.45,0.0
21150624:0909,30564.93,515.67,45.36,21.88,1.93,0.0
21150624:1009,32331.88,547.11,57.75,23.44,2.48,0.0
21150624:1109,42172.32,719.19,69.61,24.6,3.1,0.0
21150624:1209,48669.36,833.57,78.59,24.87,3.59,0.0
21150624:1309,52869.66,909.4,76.28,25.4,3.79,0.0
21150624:1409,51904.22,886.29,65.73,25.36,4.0,0.0
21150624:1509,44963.16,757.35,53.59,25.05,4.21,0.0
21150624:1609,33877.97,568.61,41.16,24.41,4.14,0.0
21150624:1709,20244.81,358.32,28.81,23.59,4.07,0.0
21150624:1809,6314.12,140.21,16.73,22.5,4.0,0.0
21150624:1909,887.27,26.76,5.13,20.79,3.86,0.0
21150624:2009,0.0,0.0,0.0,19.67,3.24,0.0
21150624:2109,0.0,0.0,0.0,19.03,2.76,0.0
21150624:2209,0.0,0.0,0.0,18.55,2.34,0.0
21150624:2309,0.0,0.0,0.0,18.17,2.0,0.0
21150625:0009,0.0,0.0,0.0,17.78,1.72,0.0
21150625:0109,0.0,0.0,0.0,17.36,1.52,0.0
21150625:0209,0.0,0.0,0.0,16.84,1.45,0.0
21150625:0309,0.0,0.0,0.0,16.35,1.52,0.0
21150625:0409,0.0,0.0,0.0,16.05,1.59,0.0
21150625:0509,0.0,0.0,0.0,15.78,1.52,0.0
21150625:0609,2101.67,48.17,8.93,15.74,1.38,0.0
21150625:0709,6732.33,152.38,20.72,18.52,2.0,0.0
21150625:0809,19616.36,339.93,32.91,20.15,2.07,0.0
21150625:0909,33697.32,567.25,45.31,21.74,2.14,0.0
21150625:1009,44751.4,761.25,57.7,23.38,2.41,0.0
21150625:1109,51643.12,891.46,69.56,24.8,2.83,0.0
21150625:1209,55507.95,965.6,78.55,25.77,3.24,0.0
21150625:1309,55499.6,963.71,76.29,26.29,3.59,0.0
21150625:1409,51808.58,890.98,65.76,26.34,3.79,0.0
21150625:1509,43048.2,731.92,53.62,26.19,3.72,0.0
21150625:1609,33448.37,567.63,41.2,25.86,3.52,0.0
21150625:1709,19822.04,354.03,28.84,25.27,3.24,0.0
21150625:1809,5991.55,140.92,16.76,24.4,2.76,0.0
21150625:1909,923.7,27.65,5.16,22.53,2.55,0.0
21150625:2009,0.0,0.0,0.0,21.34,1.79,0.0
21150625:2109,0.0,0.0,0.0,20.57,1.66,0.0
21150625:2209,0.0,0.0,0.0,19.9,1.66,0.0
21150625:2309,0.0,0.0,0.0,19.33,1.66,0.0
21150626:0009,0.0,0.0,0.0,18.86,1.72,0.0
21150626:0109,0.0,0.0,0.0,18.56,1.72,0.0
21150626:0209,0.0,0.0,0.0,18.34,1.66,0.0
21150626:0309,0.0,0.0,0.0,18.18,1.66,0.0
21150626:0409,0.0,0.0,0.0,18.07,1.66,0.0
21150626:0509,0.0,0.0,0.0,18.02,1.66,0.0
21150626:0609,2334.68,52.63,8.87,18.13,1.66,0.0
21150626:0709,6813.54,152.95,20.66,20.04,1.66,0.0
21150626:0809,20287.31,361.83,32.85,22.32,1.24,0.0
21150626:0909,33225.98,577.79,45.25,24.58,0.55,0.0
21150626:1009,42750.68,756.6,57.64,26.75,0.83,0.0
21150626:1109,49924.74,894.71,69.5,28.57,1.59,0.0
21150626:1209,53649.92,965.8,78.51,29.85,2.28,0.0
21150626:1309,53867.75,963.96,76.29,30.53,2.9,0.0
21150626:1409,50503.86,892.27,65.78,30.79,3.38,0.0
21150626:1509,43376.85,754.61,53.65,30.61,3.66,0.0
21150626:1609,32665.08,565.81,41.23,30.09,3.59,0.0
21150626:1709,19348.43,352.48,28.87,29.44,3.1,0.0
21150626:1809,5996.1,141.77,16.79,28.53,2.41,0.0
21150626:1909,901.69,27.65,5.18,26.61,1.93,0.0
21150626:2009,0.0,0.0,0.0,25.05,1.03,0.0
21150626:2109,0.0,0.0,0.0,23.84,0.83,0.0
21150626:2209,0.0,0.0,0.0,22.53,1.86,0.0
21150626:2309,0.0,0.0,0.0,22.0,2.21,0.0
21150627:0009,0.0,0.0,0.0,21.55,2.28,0.0
21150627:0109,0.0,0.0,0.0,21.18,2.07,0.0
21150627:0209,0.0,0.0,0.0,20.72,1.79,0.0
21150627:0309,0.0,0.0,0.0,20.16,1.86,0.0
21150627:0409,0.0,0.0,0.0,19.74,1.93,0.0
21150627:0509,0.0,0.0,0.0,19.53,1.86,0.0
21150627:0609,2164.67,49.95,8.82,19.4,1.66,0.0
21150627:0709,6639.73,151.86,20.6,21.84,0.83,0.0
21150627:0809,19906.29,360.92,32.79,25.14,0.83,0.0
21150627:0909,32800.18,577.03,45.2,27.66,0.83,0.0
21150627:1009,42538.16,759.63,57.58,29.88,1.24,0.0
21150627:1109,49313.75,894.98,69.44,31.71,1.79,0.0
21150627:1209,52616.16,960.77,78.45,32.91,2.34,0.0
21150627:1309,52748.22,959.83,76.29,33.46,2.76,0.0
21150627:1409,49645.43,892.58,65.8,33.43,3.03,0.0
21150627:1509,42397.74,751.59,53.67,33.17,3.03,0.0
21150627:1609,32009.31,563.94,41.25,32.5,2.9,0.0
21150627:1709,18956.03,349.16,28.9,31.5,2.55,0.0
21150627:1809,6078.07,142.64,16.81,30.15,2.41,0.0
21150627:1909,937.36,28.54,5.2,28.37,2.28,0.0
21150627:2009,0.0,0.0,0.0,26.19,2.55,0.0
21150627:2109,0.0,0.0,0.0,24.77,2.76,0.0
21150627:2209,0.0,0.0,0.0,23.86,3.03,0.0
21150627:2309,0.0,0.0,0.0,23.25,3.1,0.0
21150628:0009,0.0,0.0,0.0,22.82,3.03,0.0
21150628:0109,0.0,0.0,0.0,22.5,2.9,0.0
21150628:0209,0.0,0.0,0.0,22.27,2.76,0.0
21150628:0309,0.0,0.0,0.0,21.99,2.48,0.0
21150628:0409,0.0,0.0,0.0,21.66,2.14,0.0
21150628:0509,0.0,0.0,0.0,21.4,2.07,0.0
21150628:0609,2245.88,51.74,8.75,21.37,2.07,0.0
21150628:0709,7165.72,155.72,20.54,23.0,1.93,0.0
21150628:0809,19812.18,354.35,32.73,25.06,2.41,0.0
21150628:0909,32844.21,567.37,45.14,27.22,2.28,0.0
21150628:1009,42845.55,752.26,57.52,29.29,2.21,0.0
21150628:1109,49506.53,886.01,69.38,30.95,2.41,0.0
21150628:1209,53035.13,955.74,78.4,31.98,2.9,0.0
21150628:1309,53210.45,954.72,76.29,32.21,3.31,0.0
21150628:1409,49602.17,879.57,65.82,31.77,3.45,0.0
21150628:1509,42330.19,740.83,53.7,31.08,3.24,0.0
21150628:1609,31447.65,547.96,41.28,30.21,2.83,0.0
21150628:1709,18670.64,338.55,28.92,29.16,2.55,0.0
21150628:1809,6512.98,141.78,16.83,27.77,2.21,0.0
21150628:1909,862.22,26.76,5.21,25.77,2.21,0.0
21150628:2009,0.0,0.0,0.0,24.42,1.79,0.0
21150628:2109,0.0,0.0,0.0,23.5,1.45,0.0
21150628:2209,0.0,0.0,0.0,22.78,1.52,0.0
21150628:2309,0.0,0.0,0.0,22.12,1.66,0.0
21150629:0009,0.0,0.0,0.0,21.61,1.66,0.0
21150629:0109,0.0,0.0,0.0,21.11,1.52,0.0
21150629:0209,0.0,0.0,0.0,20.52,1.31,0.0
21150629:0309,0.0,0.0,0.0,20.02,1.17,0.0
21150629:0409,0.0,0.0,0.0,20.22,0.69,0.0
21150629:0509,0.0,0.0,0.0,20.05,0.34,0.0
21150629:0609,1753.29,42.82,8.69,19.81,0.55,0.0
21150629:0709,5576.37,107.74,20.48,21.14,0.83,0.0
21150629:0809,7805.56,144.45,32.67,22.9,0.62,0.0
21150629:0909,13792.55,244.22,45.07,25.19,0.69,0.0
21150629:1009,38989.07,684.2,57.46,27.2,1.24,0.0
21150629:1109,49451.89,885.4,69.31,28.98,1.72,0.0
21150629:1209,53060.93,956.12,78.33,30.18,2.28,0.0
21150629:1309,53632.46,960.63,76.27,30.73,2.9,0.0
21150629:1409,50698.92,893.47,65.83,30.43,3.45,0.0
21150629:1509,43404.17,750.07,53.72,29.38,3.72,0.0
21150629:1609,32933.77,564.86,41.3,28.05,3.52,0.0
21150629:1709,19398.52,347.94,28.94,26.86,2.97,0.0
21150629:1809,6461.37,142.87,16.84,25.67,2.55,0.0
21150629:1909,916.11,27.65,5.22,23.83,2.0,0.0
21150629:2009,0.0,0.0,0.0,22.69,1.79,0.0
21150629:2109,0.0,0.0,0.0,21.83,1.72,0.0
21150629:2209,0.0,0.0,0.0,21.16,1.93,0.0
21150629:2309,0.0,0.0,0.0,20.58,2.07,0.0
21150630:0009,0.0,0.0,0.0,20.23,2.07,0.0
21150630:0109,0.0,0.0,0.0,20.03,2.14,0.0
21150630:0209,0.0,0.0,0.0,19.79,2.07,0.0
21150630:0309,0.0,0.0,0.0,19.36,2.0,0.0
21150630:0409,0.0,0.0,0.0,19.33,1.93,0.0
21150630:0509,0.0,0.0,0.0,19.38,1.79,0.0
21150630:0609,2213.24,50.85,8.62,19.69,1.79,0.0
21150630:0709,7197.6,154.22,20.41,20.44,2.07,0.0
21150630:0809,19918.44,351.33,32.61,21.8,1.93,0.0
21150630:0909,33292.02,566.07,45.01,23.51,2.0,0.0
21150630:1009,43533.96,748.05,57.39,25.03,2.21,0.0
21150630:1109,50519.04,881.61,69.24,26.2,2.48,0.0
21150630:1209,54264.71,955.61,78.27,27.07,2.76,0.0
21150630:1309,54137.19,955.64,76.25,27.74,2.83,0.0
21150630:1409,50784.69,889.53,65.84,27.96,2.9,0.0
21150630:1509,43149.91,746.21,53.73,27.98,2.9,0.0
21150630:1609,32420.68,557.64,41.31,27.52,2.76,0.0
21150630:1709,19346.15,347.36,28.95,26.77,2.48,0.0
21150630:1809,6484.9,143.2,16.85,25.56,2.41,0.0
21150630:1909,963.17,28.54,5.22,23.51,2.41,0.0
21150630:2009,0.0,0.0,0.0,21.79,2.21,0.0
21150630:2109,0.0,0.0,0.0,20.69,1.72,0.0
21150630:2209,0.0,0.0,0.0,19.94,1.52,0.0
21150630:2309,0.0,0.0,0.0,19.27,1.45,0.0
21150701:0009,0.0,0.0,0.0,18.73,1.24,0.0
21150701:0109,0.0,0.0,0.0,18.32,1.03,0.0
21150701:0209,0.0,0.0,0.0,18.28,0.9,0.0
21150701:0309,0.0,0.0,0.0,18.61,0.9,0.0
21150701:0409,0.0,0.0,0.0,18.8,0.62,0.0
21150701:0509,0.0,0.0,0.0,19.12,0.0,0.0
21150701:0609,2215.52,50.85,8.55,19.2,0.41,0.0
21150701:0709,7747.87,156.28,20.34,19.82,0.21,0.0
21150701:0809,19884.28,352.18,32.54,21.09,1.17,0.0
21150701:0909,32950.47,556.78,44.94,22.29,2.0,0.0
21150701:1009,40961.71,697.09,57.32,23.77,2.34,0.0
21150701:1109,47463.31,818.13,69.17,25.17,2.76,0.0
21150701:1209,50875.01,881.5,78.19,25.84,3.17,0.0
21150701:1309,54988.79,954.89,76.23,26.29,3.52,0.0
21150701:1409,51355.46,884.35,65.84,26.26,3.59,0.0
21150701:1509,44031.87,749.02,53.74,26.05,3.59,0.0
21150701:1609,32917.07,558.49,41.32,25.53,3.24,0.0
21150701:1709,19416.74,344.35,28.96,24.83,2.97,0.0
21150701:1809,6386.23,142.97,16.86,23.82,3.03,0.0
21150701:1909,971.52,28.54,5.23,22.02,2.76,0.0
21150701:2009,0.0,0.0,0.0,20.98,2.28,0.0
21150701:2109,0.0,0.0,0.0,20.41,2.0,0.0
21150701:2209,0.0,0.0,0.0,19.74,1.79,0.0
21150701:2309,0.0,0.0,0.0,19.22,1.38,0.0
21150702:0009,0.0,0.0,0.0,18.5,1.03,0.0
21150702:0109,0.0,0.0,0.0,18.23,0.97,0.0
21150702:0209,0.0,0.0,0.0,17.95,1.1,0.0
21150702:0309,0.0,0.0,0.0,18.11,1.03,0.0
21150702:0409,0.0,0.0,0.0,18.17,0.97,0.0
21150702:0509,0.0,0.0,0.0,18.35,0.9,0.0
21150702:0609,1968.85,46.39,8.47,18.43,0.83,0.0
21150702:0709,7451.86,154.79,20.27,20.19,1.72,0.0
21150702:0809,19951.07,353.15,32.47,21.55,1.86,0.0
21150702:0909,28526.26,483.53,44.87,22.96,2.0,0.0
21150702:1009,42888.05,735.88,57.25,24.37,2.0,0.0
21150702:1109,50706.51,884.42,69.1,25.96,2.41,0.0
21150702:1209,54713.27,959.68,78.11,27.05,3.03,0.0
21150702:1309,55031.3,961.0,76.2,27.64,3.66,0.0
21150702:1409,51533.06,889.48,65.84,27.66,4.07,0.0
21150702:1509,44267.16,754.05,53.75,27.34,4.21,0.0
21150702:1609,33133.39,562.28,41.33,26.75,4.14,0.0
21150702:1709,19751.46,350.83,28.97,25.88,4.14,0.0
21150702:1809,6421.9,144.19,16.86,24.61,3.93,0.0
21150702:1909,966.97,28.54,5.22,22.9,3.38,0.0
21150702:2009,0.0,0.0,0.0,21.63,2.62,0.0
21150702:2109,0.0,0.0,0.0,20.89,2.14,0.0
21150702:2209,0.0,0.0,0.0,20.4,1.52,0.0
21150702:2309,0.0,0.0,0.0,19.84,1.31,0.0
21150703:0009,0.0,0.0,0.0,19.1,1.17,0.0
21150703:0109,0.0,0.0,0.0,18.59,1.17,0.0
21150703:0209,0.0,0.0,0.0,18.5,0.97,0.0
21150703:0309,0.0,0.0,0.0,19.32,0.55,0.0
21150703:0409,0.0,0.0,0.0,19.39,0.21,0.0
21150703:0509,0.0,0.0,0.0,19.03,0.55,0.0
21150703:0609,2023.49,47.28,8.4,18.14,0.9,0.0
21150703:0709,6374.08,146.3,20.19,20.17,0.41,0.0
21150703:0809,19637.61,352.96,32.39,22.28,0.34,0.0
21150703:0909,32924.66,567.39,44.8,24.31,1.1,0.0
21150703:1009,43359.39,751.96,57.18,26.07,1.86,0.0
21150703:1109,50720.18,888.17,69.02,27.46,2.69,0.0
21150703:1209,54665.46,960.35,78.02,28.2,3.38,0.0
21150703:1309,54819.53,960.67,76.16,28.51,3.72,0.0
21150703:1409,51297.77,890.18,65.84,28.45,3.93,0.0
21150703:1509,44011.37,754.75,53.76,28.12,3.86,0.0
21150703:1609,33066.59,565.17,41.34,27.53,3.59,0.0
21150703:1709,19535.14,349.42,28.97,26.72,3.24,0.0
21150703:1809,6437.84,144.19,16.86,25.63,3.1,0.0
21150703:1909,962.41,28.54,5.21,23.77,2.97,0.0
21150703:2009,0.0,0.0,0.0,22.55,2.21,0.0
21150703:2109,0.0,0.0,0.0,21.77,1.66,0.0
21150703:2209,0.0,0.0,0.0,21.23,1.38,0.0
21150703:2309,0.0,0.0,0.0,20.62,1.1,0.0
21150704:0009,0.0,0.0,0.0,20.02,0.83,0.0
21150704:0109,0.0,0.0,0.0,20.3,0.55,0.0
21150704:0209,0.0,0.0,0.0,20.36,0.0,0.0
21150704:0309,0.0,0.0,0.0,19.97,0.48,0.0
21150704:0409,0.0,0.0,0.0,19.63,0.48,0.0
21150704:0509,0.0,0.0,0.0,19.3,0.55,0.0
21150704:0609,1961.26,46.39,8.31,19.14,0.62,0.0
21150704:0709,6429.49,146.62,20.12,21.02,0.41,0.0
21150704:0809,19589.03,352.11,32.32,22.98,0.69,0.0
21150704:0909,32632.45,564.38,44.73,24.89,1.03,0.0
21150704:1009,42897.92,748.67,57.1,26.78,1.66,0.0
21150704:1109,50339.92,888.85,68.93,28.34,2.41,0.0
21150704:1209,54226.0,961.04,77.93,29.24,3.1,0.0
21150704:1309,54445.35,961.4,76.12,29.53,3.52,0.0
21150704:1409,50616.95,886.43,65.83,29.43,3.52,0.0
21150704:1509,43454.27,751.09,53.76,29.11,3.52,0.0
21150704:1609,32492.79,558.1,41.34,28.42,3.52,0.0
21150704:1709,18171.98,324.02,28.97,27.39,3.31,0.0
21150704:1809,6594.19,142.23,16.86,26.15,3.03,0.0
21150704:1909,0.0,3.57,5.2,24.48,2.62,0.0
21150704:2009,0.0,0.0,0.0,23.23,2.28,0.0
21150704:2109,0.0,0.0,0.0,22.54,2.14,0.0
21150704:2209,0.0,0.0,0.0,22.02,1.45,0.0
21150704:2309,0.0,0.0,0.0,21.54,0.83,0.0
21150705:0009,0.0,0.0,0.0,21.15,0.55,0.0
21150705:0109,0.0,0.0,0.0,20.84,0.97,0.0
21150705:0209,0.0,0.0,0.0,20.8,1.1,0.0
21150705:0309,0.0,0.0,0.0,20.73,1.31,0.0
21150705:0409,0.0,0.0,0.0,20.76,1.24,0.0
21150705:0509,0.0,0.0,0.0,20.71,1.31,0.0
21150705:0609,1996.17,47.28,8.23,20.77,1.24,0.0
21150705:0709,7659.07,154.07,20.04,21.61,0.97,0.0
21150705:0809,19031.93,340.32,32.24,23.19,0.62,0.0
21150705:0909,32266.61,561.41,44.65,25.23,0.69,0.0
21150705:1009,42385.6,748.35,57.03,27.42,1.1,0.0
21150705:1109,49423.8,888.54,68.85,29.36,1.59,0.0
21150705:1209,53113.3,960.79,77.83,30.73,2.21,0.0
21150705:1309,53570.22,962.2,76.07,31.31,2.9,0.0
21150705:1409,50244.28,891.76,65.81,31.25,3.17,0.0
21150705:1509,43043.65,751.89,53.75,30.69,3.24,0.0
21150705:1609,32473.82,564.38,41.34,29.91,2.9,0.0
21150705:1709,18965.89,343.31,28.96,29.12,2.55,0.0
21150705:1809,6563.07,136.26,16.85,27.97,2.0,0.0
21150705:1909,34.91,7.14,5.18,26.21,2.14,0.0
21150705:2009,0.0,0.0,0.0,24.65,2.0,0.0
21150705:2109,0.0,0.0,0.0,23.84,0.97,0.0
21150705:2209,0.0,0.0,0.0,23.5,0.76,0.0
21150705:2309,0.0,0.0,0.0,22.94,1.38,0.0
21150706:0009,0.0,0.0,0.0,22.37,1.03,0.0
21150706:0109,0.0,0.0,0.0,21.89,0.62,0.0
21150706:0209,0.0,0.0,0.0,21.3,1.24,0.0
21150706:0309,0.0,0.0,0.0,21.11,1.31,0.0
21150706:0409,0.0,0.0,0.0,20.86,1.24,0.0
21150706:0509,0.0,0.0,0.0,20.6,1.1,0.0
21150706:0609,1940.76,46.39,8.15,21.15,0.76,0.0
21150706:0709,5986.23,142.88,19.96,23.34,0.55,0.0
21150706:0809,19226.23,351.73,32.17,26.66,1.03,0.0
21150706:0909,32341.75,567.79,44.57,29.43,1.72,0.0
21150706:1009,42252.01,751.91,56.95,31.72,2.07,0.0
21150706:1109,49271.24,892.54,68.76,33.53,2.48,0.0
21150706:1209,52953.91,966.0,77.73,34.67,3.03,0.0
21150706:1309,53242.33,967.56,76.01,35.09,3.52,0.0
21150706:1409,50017.34,897.19,65.79,34.91,3.93,0.0
21150706:1509,42961.68,757.17,53.74,34.0,4.14,0.0
21150706:1609,33018.02,576.2,41.33,32.54,4.21,0.0
21150706:1709,19749.18,361.29,28.95,30.98,3.24,0.0
21150706:1809,6566.87,138.51,16.83,29.72,2.34,0.0
21150706:1909,894.1,27.65,5.16,28.23,2.21,0.0
21150706:2009,0.0,0.0,0.0,26.43,1.79,0.0
21150706:2109,0.0,0.0,0.0,25.15,1.86,0.0
21150706:2209,0.0,0.0,0.0,24.14,1.79,0.0
21150706:2309,0.0,0.0,0.0,23.4,1.66,0.0
21150707:0009,0.0,0.0,0.0,22.81,1.79,0.0
21150707:0109,0.0,0.0,0.0,22.3,2.0,0.0
21150707:0209,0.0,0.0,0.0,21.91,2.14,0.0
21150707:0309,0.0,0.0,0.0,21.6,2.14,0.0
21150707:0409,0.0,0.0,0.0,21.34,2.0,0.0
21150707:0509,0.0,0.0,0.0,21.13,1.86,0.0
21150707:0609,1892.95,45.49,8.06,21.11,1.72,0.0
21150707:0709,6005.97,142.96,19.87,23.32,0.62,0.0
21150707:0809,19092.65,351.57,32.08,27.22,0.55,0.0
21150707:0909,31742.14,565.03,44.49,30.11,0.83,0.0
21150707:1009,41541.59,751.71,56.86,32.44,1.17,0.0
21150707:1109,48609.4,889.19,68.67,34.05,2.0,0.0
21150707:1209,52455.25,957.09,77.62,34.62,2.97,0.0
21150707:1309,53133.04,962.99,75.95,34.45,3.45,0.0
21150707:1409,49864.78,892.59,65.77,33.98,3.66,0.0
21150707:1509,42957.88,758.08,53.73,33.3,3.59,0.0
21150707:1609,32564.14,571.58,41.32,32.22,3.1,0.0
21150707:1709,19451.65,356.15,28.94,30.89,2.55,0.0
21150707:1809,6232.15,146.05,16.81,29.53,2.07,0.0
21150707:1909,856.15,26.76,5.13,26.96,2.21,0.0
21150707:2009,0.0,0.0,0.0,25.21,1.45,0.0
21150707:2109,0.0,0.0,0.0,24.31,1.1,0.0
21150707:2209,0.0,0.0,0.0,23.76,1.17,0.0
21150707:2309,0.0,0.0,0.0,22.89,1.38,0.0
21150708:0009,0.0,0.0,0.0,22.08,1.31,0.0
21150708:0109,0.0,0.0,0.0,21.32,1.03,0.0
21150708:0209,0.0,0.0,0.0,20.94,0.97,0.0
21150708:0309,0.0,0.0,0.0,20.47,1.17,0.0
21150708:0409,0.0,0.0,0.0,20.12,1.24,0.0
21150708:0509,0.0,0.0,0.0,19.86,1.31,0.0
21150708:0609,1953.67,46.39,7.97,20.02,1.24,0.0
21150708:0709,7669.7,151.5,19.79,22.67,1.1,0.0
21150708:0809,19255.07,347.41,32.0,24.54,1.17,0.0
21150708:0909,32486.72,564.79,44.41,26.9,1.45,0.0
21150708:1009,42732.46,751.56,56.78,29.05,1.93,0.0
21150708:1109,49793.44,889.06,68.57,30.54,2.41,0.0
21150708:1209,53524.68,962.48,77.5,31.52,2.9,0.0
21150708:1309,53954.27,968.5,75.87,31.82,3.17,0.0
21150708:1409,50217.72,893.57,65.74,31.88,3.24,0.0
21150708:1509,43242.51,758.09,53.71,31.49,3.31,0.0
21150708:1609,32905.69,572.47,41.3,30.56,3.17,0.0
21150708:1709,19624.7,355.92,28.92,29.56,2.97,0.0
21150708:1809,6377.12,145.93,16.79,28.1,2.69,0.0
21150708:1909,951.79,28.54,5.1,25.71,2.69,0.0
21150708:2009,0.0,0.0,0.0,24.04,2.14,0.0
21150708:2109,0.0,0.0,0.0,23.16,1.1,0.0
21150708:2209,0.0,0.0,0.0,22.73,0.21,0.0
21150708:2309,0.0,0.0,0.0,21.71,0.62,0.0
21150709:0009,0.0,0.0,0.0,20.32,1.1,0.0
21150709:0109,0.0,0.0,0.0,19.74,1.45,0.0
21150709:0209,0.0,0.0,0.0,19.46,1.52,0.0
21150709:0309,0.0,0.0,0.0,19.31,1.52,0.0
21150709:0409,0.0,0.0,0.0,19.14,1.52,0.0
21150709:0509,0.0,0.0,0.0,19.09,1.38,0.0
21150709:0609,1910.4,45.49,7.87,19.25,1.1,0.0
21150709:0709,6087.18,142.17,19.7,21.14,0.48,0.0
21150709:0809,19398.52,351.31,31.92,22.91,0.14,0.0
21150709:0909,32447.25,564.6,44.33,25.22,0.69,0.0
21150709:1009,42915.38,755.4,56.69,27.4,1.31,0.0
21150709:1109,49877.69,889.04,68.47,29.21,2.07,0.0
21150709:1209,53651.43,958.02,77.38,30.2,2.9,0.0
21150709:1309,54395.25,965.0,75.8,30.37,3.52,0.0
21150709:1409,51111.82,894.61,65.71,29.94,3.86,0.0
21150709:1509,43953.69,759.1,53.69,29.13,3.66,0.0
21150709:1609,33408.14,573.41,41.29,28.44,3.59,0.0
21150709:1709,19877.45,355.77,28.9,27.18,3.24,0.0
21150709:1809,6510.7,146.79,16.76,25.86,2.62,0.0
21150709:1909,872.09,26.76,5.06,23.78,2.62,0.0
21150709:2009,0.0,0.0,0.0,22.44,2.0,0.0
21150709:2109,0.0,0.0,0.0,21.61,1.72,0.0
21150709:2209,0.0,0.0,0.0,20.92,1.72,0.0
21150709:2309,0.0,0.0,0.0,20.38,1.31,0.0
21150710:0009,0.0,0.0,0.0,19.63,0.76,0.0
21150710:0109,0.0,0.0,0.0,19.47,0.69,0.0
21150710:0209,0.0,0.0,0.0,19.34,0.69,0.0
21150710:0309,0.0,0.0,0.0,19.13,0.69,0.0
21150710:0409,0.0,0.0,0.0,18.93,0.9,0.0
21150710:0509,0.0,0.0,0.0,18.86,0.97,0.0
21150710:0609,1911.92,45.49,7.78,19.16,1.17,0.0
21150710:0709,6831.0,147.05,19.61,20.07,1.03,0.0
21150710:0809,19567.78,348.54,31.83,21.22,1.03,0.0
21150710:0909,33101.51,564.46,44.25,22.7,1.31,0.0
21150710:1009,43546.11,748.45,56.61,24.3,1.86,0.0
21150710:1109,50937.25,885.81,68.37,25.71,2.55,0.0
21150710:1209,55083.67,963.55,77.26,26.59,3.1,0.0
21150710:1309,55384.99,965.11,75.71,26.65,3.45,0.0
21150710:1409,51529.27,891.12,65.67,26.83,3.52,0.0
21150710:1509,44447.8,760.17,53.67,26.65,3.38,0.0
21150710:1609,33563.74,571.11,41.26,26.12,3.17,0.0
21150710:1709,17834.22,314.25,28.87,25.26,3.03,0.0
21150710:1809,6576.74,147.3,16.73,24.02,2.55,0.0
21150710:1909,878.16,26.76,5.02,22.47,2.21,0.0
21150710:2009,0.0,0.0,0.0,21.3,2.07,0.0
21150710:2109,0.0,0.0,0.0,20.49,2.0,0.0
21150710:2209,0.0,0.0,0.0,19.93,1.59,0.0
21150710:2309,0.0,0.0,0.0,19.28,0.97,0.0
21150711:0009,0.0,0.0,0.0,19.06,0.62,0.0
21150711:0109,0.0,0.0,0.0,18.94,0.55,0.0
21150711:0209,0.0,0.0,0.0,18.96,0.34,0.0
21150711:0309,0.0,0.0,0.0,18.68,0.48,0.0
21150711:0409,0.0,0.0,0.0,17.89,0.83,0.0
21150711:0509,0.0,0.0,0.0,17.4,0.9,0.0
21150711:0609,1828.43,43.71,7.68,17.25,0.97,0.0
21150711:0709,6237.46,142.08,19.52,19.52,0.48,0.0
21150711:0809,19409.15,348.53,31.74,21.9,0.41,0.0
21150711:0909,32638.52,564.37,44.16,24.33,0.83,0.0
21150711:1009,42791.66,748.45,56.52,26.63,1.45,0.0
21150711:1109,49791.16,885.83,68.27,28.66,2.0,0.0
21150711:1209,53520.13,959.18,77.13,30.13,2.62,0.0
21150711:1309,54147.06,966.25,75.62,30.83,3.24,0.0
21150711:1409,50868.94,895.88,65.62,30.86,3.72,0.0
21150711:1509,43908.91,761.28,53.63,30.36,3.93,0.0
21150711:1609,33339.83,574.51,41.23,29.63,3.86,0.0
21150711:1709,18162.11,324.63,28.84,28.38,3.45,0.0
21150711:1809,6178.26,124.59,16.69,26.96,2.9,0.0
21150711:1909,864.5,26.76,4.97,25.25,2.14,0.0
21150711:2009,0.0,0.0,0.0,23.91,1.79,0.0
21150711:2109,0.0,0.0,0.0,22.93,1.66,0.0
21150711:2209,0.0,0.0,0.0,22.18,1.31,0.0
21150711:2309,0.0,0.0,0.0,21.27,1.1,0.0
21150712:0009,0.0,0.0,0.0,20.54,0.76,0.0
21150712:0109,0.0,0.0,0.0,20.93,0.34,0.0
21150712:0209,0.0,0.0,0.0,20.62,0.28,0.0
21150712:0309,0.0,0.0,0.0,19.68,0.83,0.0
21150712:0409,0.0,0.0,0.0,19.13,0.9,0.0
21150712:0509,0.0,0.0,0.0,19.31,0.83,0.0
21150712:0609,1703.96,41.93,7.58,19.76,0.62,0.0
21150712:0709,6180.54,141.77,19.42,20.73,0.28,0.0
21150712:0809,19352.98,350.2,31.66,23.56,0.76,0.0
21150712:0909,32621.82,565.93,44.07,25.85,1.17,0.0
21150712:1009,42860.73,751.5,56.43,28.08,1.79,0.0
21150712:1109,50276.92,894.51,68.16,29.96,2.48,0.0
21150712:1209,53795.64,964.86,76.99,31.14,2.97,0.0
21150712:1309,54065.85,967.49,75.53,31.68,3.38,0.0
21150712:1409,50774.82,897.09,65.57,31.61,3.79,0.0
21150712:1509,41380.68,718.54,53.6,30.92,4.0,0.0
21150712:1609,27152.47,470.48,41.2,29.96,3.59,0.0
21150712:1709,12207.0,221.2,28.81,28.92,2.9,0.0
21150712:1809,6474.27,132.78,16.65,27.54,2.9,0.0
21150712:1909,863.74,26.76,4.92,25.53,2.41,0.0
21150712:2009,0.0,0.0,0.0,24.06,2.14,0.0
21150712:2109,0.0,0.0,0.0,23.17,1.66,0.0
21150712:2209,0.0,0.0,0.0,22.54,0.97,0.0
21150712:2309,0.0,0.0,0.0,22.29,0.21,0.0
21150713:0009,0.0,0.0,0.0,21.86,0.21,0.0
21150713:0109,0.0,0.0,0.0,20.09,1.1,0.0
21150713:0209,0.0,0.0,0.0,19.86,1.1,0.0
21150713:0309,0.0,0.0,0.0,19.48,1.38,0.0
21150713:0409,0.0,0.0,0.0,19.39,1.59,0.0
21150713:0509,0.0,0.0,0.0,19.52,1.79,0.0
21150713:0609,1657.66,41.03,7.48,19.63,1.72,0.0
21150713:0709,5706.16,137.57,19.33,21.9,1.79,0.0
21150713:0809,19333.25,350.06,31.57,24.91,1.66,0.0
21150713:0909,32631.69,567.68,43.98,27.63,1.72,0.0
21150713:1009,42898.68,755.53,56.33,30.0,2.21,0.0
21150713:1109,49818.48,890.44,68.05,31.81,2.83,0.0
21150713:1209,53658.26,965.07,76.85,32.9,3.45,0.0
21150713:1309,54210.06,973.35,75.42,33.39,3.86,0.0
21150713:1409,50599.49,898.35,65.51,33.23,4.14,0.0
21150713:1509,43597.72,762.71,53.56,32.7,4.28,0.0
21150713:1609,30482.2,530.33,41.16,31.61,4.0,0.0
21150713:1709,15408.46,277.38,28.77,30.14,3.66,0.0
21150713:1809,3508.86,75.52,16.6,28.48,3.17,0.0
21150713:1909,814.41,25.87,4.87,26.66,2.14,0.0
21150713:2009,0.0,0.0,0.0,25.38,1.45,0.0
21150713:2109,0.0,0.0,0.0,24.51,1.03,0.0
21150713:2209,0.0,0.0,0.0,23.55,0.69,0.0
21150713:2309,0.0,0.0,0.0,23.02,0.41,0.0
21150714:0009,0.0,0.0,0.0,21.96,0.9,0.0
21150714:0109,0.0,0.0,0.0,21.24,1.17,0.0
21150714:0209,0.0,0.0,0.0,20.68,1.24,0.0
21150714:0309,0.0,0.0,0.0,20.75,0.97,0.0
21150714:0409,0.0,0.0,0.0,21.24,0.69,0.0
21150714:0509,0.0,0.0,0.0,19.87,1.1,0.0
21150714:0609,1125.6,31.22,7.37,19.34,1.31,0.0
21150714:0709,7053.39,146.86,19.23,22.53,2.14,0.0
21150714:0809,19253.55,349.32,31.47,25.78,2.07,0.0
21150714:0909,32567.17,567.75,43.89,28.86,2.14,0.0
21150714:1009,40281.65,712.79,56.24,31.68,2.41,0.0
21150714:1109,46913.03,846.72,67.94,33.99,2.76,0.0
21150714:1209,52900.02,966.39,76.7,35.4,3.24,0.0
21150714:1309,52720.9,958.76,75.31,35.88,3.79,0.0
21150714:1409,49798.75,894.0,65.45,35.45,4.14,0.0
21150714:1509,43106.65,759.42,53.51,34.31,4.41,0.0
21150714:1609,32877.6,573.53,41.12,32.63,4.28,0.0
21150714:1709,19752.98,358.51,28.72,31.07,4.14,0.0
21150714:1809,6468.2,147.34,16.55,29.39,3.45,0.0
21150714:1909,808.34,25.87,4.81,28.02,3.17,0.0
21150714:2009,0.0,0.0,0.0,26.34,2.41,0.0
21150714:2109,0.0,0.0,0.0,25.42,1.59,0.0
21150714:2209,0.0,0.0,0.0,24.48,0.97,0.0
21150714:2309,0.0,0.0,0.0,23.17,1.38,0.0
21150715:0009,0.0,0.0,0.0,22.28,1.38,0.0
21150715:0109,0.0,0.0,0.0,21.52,1.24,0.0
21150715:0209,0.0,0.0,0.0,22.22,0.83,0.0
21150715:0309,0.0,0.0,0.0,20.58,1.31,0.0
21150715:0409,0.0,0.0,0.0,20.03,1.31,0.0
21150715:0509,0.0,0.0,0.0,19.77,1.24,0.0
21150715:0609,1556.71,39.25,7.27,19.77,1.17,0.0
21150715:0709,6042.4,139.94,19.13,22.38,0.48,0.0
21150715:0809,18754.89,341.29,31.38,26.16,0.97,0.0
21150715:0909,18375.39,324.5,43.8,28.63,1.31,0.0
21150715:1009,11426.75,210.11,56.14,30.98,1.45,0.0
21150715:1109,22324.47,400.02,67.83,33.24,1.79,0.0
21150715:1209,39887.73,722.08,76.55,34.93,2.48,0.0
21150715:1309,47939.2,871.82,75.19,35.64,3.24,0.0
21150715:1409,49483.0,890.67,65.38,35.43,3.86,0.0
21150715:1509,43053.52,760.72,53.46,34.66,4.28,0.0
21150715:1609,32850.28,577.15,41.08,33.47,3.79,0.0
21150715:1709,19584.48,358.66,28.67,32.22,3.24,0.0
21150715:1809,6301.98,147.99,16.49,30.91,2.9,0.0
21150715:1909,635.28,22.3,4.74,28.75,2.21,0.0
21150715:2009,0.0,0.0,0.0,26.88,2.41,0.0
21150715:2109,0.0,0.0,0.0,25.5,2.55,0.0
21150715:2209,0.0,0.0,0.0,24.66,2.0,0.0
21150715:2309,0.0,0.0,0.0,24.2,1.52,0.0
21150716:0009,0.0,0.0,0.0,23.65,2.0,0.0
21150716:0109,0.0,0.0,0.0,23.27,2.28,0.0
21150716:0209,0.0,0.0,0.0,22.92,1.86,0.0
21150716:0309,0.0,0.0,0.0,22.51,1.52,0.0
21150716:0409,0.0,0.0,0.0,22.08,1.59,0.0
21150716:0509,0.0,0.0,0.0,21.75,1.79,0.0
21150716:0609,1540.77,39.25,7.16,21.74,1.93,0.0
21150716:0709,5732.73,137.32,19.03,24.1,1.66,0.0
21150716:0809,17106.34,308.62,31.28,27.64,1.38,0.0
21150716:0909,26036.74,463.14,43.71,30.97,1.03,0.0
21150716:1009,26885.3,482.66,56.04,33.15,1.17,0.0
21150716:1109,44607.19,810.07,67.71,34.04,2.14,0.0
21150716:1209,36945.08,660.6,76.39,33.96,2.9,0.0
21150716:1309,52499.27,945.28,75.07,32.96,3.31,0.0
21150716:1409,21625.43,382.84,65.31,31.86,2.76,0.0
21150716:1509,35531.07,632.95,53.41,31.69,1.52,0.0
21150716:1609,14979.62,271.34,41.02,32.05,1.38,0.0
21150716:1709,16726.08,305.41,28.62,31.47,1.66,0.0
21150716:1809,6210.9,148.38,16.43,29.9,2.34,0.0
21150716:1909,251.99,13.38,4.67,27.48,1.79,0.0
21150716:2009,0.0,0.0,0.0,26.64,1.79,0.0
21150716:2109,0.0,0.0,0.0,25.98,1.59,0.0
21150716:2209,0.0,0.0,0.0,25.36,0.83,0.0
21150716:2309,0.0,0.0,0.0,24.72,1.24,0.0
21150717:0009,0.0,0.0,0.0,24.16,1.86,0.0
21150717:0109,0.0,0.0,0.0,23.58,1.17,0.0
21150717:0209,0.0,0.0,0.0,23.07,0.97,0.0
21150717:0309,0.0,0.0,0.0,22.44,1.86,0.0
21150717:0409,0.0,0.0,0.0,22.05,1.86,0.0
21150717:0509,0.0,0.0,0.0,21.88,1.59,0.0
21150717:0609,1588.59,40.14,7.05,21.79,1.38,0.0
21150717:0709,5653.03,136.35,18.93,23.28,0.41,0.0
21150717:0809,19050.14,348.61,31.19,25.34,0.48,0.0
21150717:0909,32274.96,563.08,43.61,27.34,1.31,0.0
21150717:1009,43345.73,752.63,55.94,28.61,2.83,0.0
21150717:1109,50878.81,892.74,67.59,29.27,3.31,0.0
21150717:1209,53969.45,958.47,76.23,30.28,3.38,0.0
21150717:1309,53516.33,951.48,74.94,31.03,3.59,0.0
21150717:1409,48333.88,854.82,65.23,31.13,3.31,0.0
21150717:1509,43473.24,762.49,53.35,31.36,3.24,0.0
21150717:1609,33361.09,578.74,40.97,30.78,3.66,0.0
21150717:1709,19995.1,359.85,28.56,29.25,3.72,0.0
21150717:1809,5182.45,105.17,16.37,27.58,3.38,0.0
21150717:1909,771.14,24.98,4.59,26.55,2.14,0.0
21150717:2009,0.0,0.0,0.0,25.18,1.79,0.0
21150717:2109,0.0,0.0,0.0,24.26,1.66,0.0
21150717:2209,0.0,0.0,0.0,23.48,1.66,0.0
21150717:2309,0.0,0.0,0.0,22.81,1.66,0.0
21150718:0009,0.0,0.0,0.0,22.27,1.66,0.0
21150718:0109,0.0,0.0,0.0,21.79,1.45,0.0
21150718:0209,0.0,0.0,0.0,21.44,1.1,0.0
21150718:0309,0.0,0.0,0.0,20.93,0.9,0.0
21150718:0409,0.0,0.0,0.0,20.69,0.83,0.0
21150718:0509,0.0,0.0,0.0,20.59,0.97,0.0
21150718:0609,1549.88,39.25,6.94,20.53,1.1,0.0
21150718:0709,5846.58,136.98,18.83,22.0,0.21,0.0
21150718:0809,19093.4,344.92,31.09,23.56,0.76,0.0
21150718:0909,32532.26,560.6,43.51,25.34,1.52,0.0
21150718:1009,42670.98,742.7,55.84,27.22,2.0,0.0
21150718:1109,49544.48,875.62,67.46,28.82,2.48,0.0
21150718:1209,54158.44,964.54,76.06,30.07,3.1,0.0
21150718:1309,54587.28,967.2,74.8,30.5,3.72,0.0
21150718:1409,51283.35,897.75,65.15,30.41,4.14,0.0
21150718:1509,44176.08,762.96,53.28,30.0,4.21,0.0
21150718:1609,33717.06,579.14,40.91,29.33,4.07,0.0
21150718:1709,20099.84,360.07,28.5,28.27,3.59,0.0
21150718:1809,6461.37,147.0,16.3,27.0,3.38,0.0
21150718:1909,734.71,24.08,4.51,25.02,2.69,0.0
21150718:2009,0.0,0.0,0.0,23.83,2.07,0.0
21150718:2109,0.0,0.0,0.0,23.25,1.52,0.0
21150718:2209,0.0,0.0,0.0,22.86,1.17,0.0
21150718:2309,0.0,0.0,0.0,22.27,0.97,0.0
21150719:0009,0.0,0.0,0.0,21.49,0.9,0.0
21150719:0109,0.0,0.0,0.0,20.97,1.1,0.0
21150719:0209,0.0,0.0,0.0,20.59,1.1,0.0
21150719:0309,0.0,0.0,0.0,20.99,0.69,0.0
21150719:0409,0.0,0.0,0.0,21.37,0.28,0.0
21150719:0509,0.0,0.0,0.0,21.2,0.41,0.0
21150719:0609,1549.88,39.25,6.82,20.5,0.69,0.0
21150719:0709,7013.92,143.7,18.72,22.1,0.97,0.0
21150719:0809,18458.88,329.88,30.99,24.14,1.52,0.0
21150719:0909,32584.63,560.99,43.42,25.86,1.86,0.0
21150719:1009,43009.49,746.26,55.73,27.42,2.34,0.0
21150719:1109,50270.85,884.91,67.34,28.65,2.76,0.0
21150719:1209,54029.42,960.49,75.89,29.92,3.17,0.0
21150719:1309,54472.67,968.8,74.65,30.72,3.52,0.0
21150719:1409,50833.27,894.55,65.05,31.05,3.93,0.0
21150719:1509,44018.96,763.47,53.21,30.73,4.14,0.0
21150719:1609,33500.74,577.11,40.84,29.92,4.07,0.0
21150719:1709,20078.59,360.32,28.43,28.9,3.86,0.0
21150719:1809,6456.05,147.65,16.22,27.49,3.38,0.0
21150719:1909,733.19,24.08,4.42,25.4,2.83,0.0
21150719:2009,0.0,0.0,0.0,24.16,2.07,0.0
21150719:2109,0.0,0.0,0.0,23.43,1.66,0.0
21150719:2209,0.0,0.0,0.0,22.89,1.31,0.0
21150719:2309,0.0,0.0,0.0,22.14,0.9,0.0
21150720:0009,0.0,0.0,0.0,21.5,0.83,0.0
21150720:0109,0.0,0.0,0.0,20.7,1.1,0.0
21150720:0209,0.0,0.0,0.0,20.24,1.38,0.0
21150720:0309,0.0,0.0,0.0,19.96,1.38,0.0
21150720:0409,0.0,0.0,0.0,19.67,1.45,0.0
21150720:0509,0.0,0.0,0.0,19.49,1.52,0.0
21150720:0609,1461.08,37.46,6.71,19.5,1.59,0.0
21150720:0709,5750.18,135.64,18.62,21.63,1.59,0.0
21150720:0809,19198.15,345.57,30.89,24.25,1.93,0.0
21150720:0909,32636.24,563.12,43.32,26.84,2.14,0.0
21150720:1009,43070.97,753.93,55.63,29.28,2.41,0.0
21150720:1109,50207.09,894.29,67.21,31.23,2.9,0.0
21150720:1209,53800.96,965.72,75.71,32.44,3.45,0.0
21150720:1309,54194.12,969.44,74.5,32.78,3.93,0.0
21150720:1409,50765.72,899.95,64.96,32.72,4.07,0.0
21150720:1509,43780.64,765.01,53.14,32.3,4.21,0.0
21150720:1609,33342.11,577.51,40.77,31.28,4.28,0.0
21150720:1709,19874.42,358.38,28.36,30.05,4.0,0.0
21150720:1809,6451.5,146.84,16.14,28.72,3.24,0.0
21150720:1909,685.38,23.19,4.33,26.68,2.69,0.0
21150720:2009,0.0,0.0,0.0,25.22,2.14,0.0
21150720:2109,0.0,0.0,0.0,24.31,1.72,0.0
21150720:2209,0.0,0.0,0.0,23.59,1.45,0.0
21150720:2309,0.0,0.0,0.0,22.88,0.9,0.0
21150721:0009,0.0,0.0,0.0,22.9,0.34,0.0
21150721:0109,0.0,0.0,0.0,21.8,0.69,0.0
21150721:0209,0.0,0.0,0.0,20.84,0.97,0.0
21150721:0309,0.0,0.0,0.0,21.77,0.48,0.0
21150721:0409,0.0,0.0,0.0,20.67,0.9,0.0
21150721:0509,0.0,0.0,0.0,19.5,1.45,0.0
21150721:0609,1460.32,37.46,6.59,19.53,1.45,0.0
21150721:0709,6177.5,138.67,18.51,22.07,1.24,0.0
21150721:0809,18738.19,339.48,30.79,25.4,1.17,0.0
21150721:0909,31943.27,556.15,43.22,28.15,1.86,0.0
21150721:1009,42380.28,743.02,55.52,30.29,2.69,0.0
21150721:1109,49530.06,881.6,67.07,31.86,3.17,0.0
21150721:1209,53386.54,961.71,75.53,33.01,3.38,0.0
21150721:1309,52939.49,954.65,74.34,33.75,3.59,0.0
21150721:1409,49649.98,887.1,64.85,33.81,3.79,0.0
21150721:1509,42057.71,740.99,53.05,33.35,3.79,0.0
21150721:1609,31185.79,545.48,40.7,32.58,3.79,0.0
21150721:1709,16156.83,292.03,28.28,31.32,3.79,0.0
21150721:1809,6539.54,141.81,16.06,29.49,3.66,0.0
21150721:1909,681.58,23.19,4.24,27.61,2.83,0.0
21150721:2009,0.0,0.0,0.0,25.97,2.28,0.0
21150721:2109,0.0,0.0,0.0,25.04,1.93,0.0
21150721:2209,0.0,0.0,0.0,24.29,1.79,0.0
21150721:2309,0.0,0.0,0.0,23.62,1.86,0.0
21150722:0009,0.0,0.0,0.0,22.91,1.66,0.0
21150722:0109,0.0,0.0,0.0,22.36,1.59,0.0
21150722:0209,0.0,0.0,0.0,21.69,1.31,0.0
21150722:0309,0.0,0.0,0.0,21.02,1.24,0.0
21150722:0409,0.0,0.0,0.0,22.09,0.14,0.0
21150722:0509,0.0,0.0,0.0,21.83,0.07,0.0
21150722:0609,1402.63,36.57,6.47,20.63,0.9,0.0
21150722:0709,6810.51,141.35,18.4,23.03,0.28,0.0
21150722:0809,18338.2,333.24,30.69,26.29,0.9,0.0
21150722:0909,30195.3,529.69,43.12,28.92,1.45,0.0
21150722:1009,41603.83,740.37,55.41,31.45,1.93,0.0
21150722:1109,48698.96,882.22,66.94,33.58,2.48,0.0
21150722:1209,52268.54,952.96,75.34,34.76,3.1,0.0
21150722:1309,53017.67,961.19,74.18,35.02,3.72,0.0
21150722:1409,48983.58,877.91,64.74,34.77,3.93,0.0
21150722:1509,42413.68,750.15,52.97,34.3,3.93,0.0
21150722:1609,31902.29,561.08,40.62,33.53,3.66,0.0
21150722:1709,18835.34,343.75,28.2,32.46,3.24,0.0
21150722:1809,6418.1,142.13,15.97,30.88,2.76,0.0
21150722:1909,636.04,22.3,4.13,28.46,2.41,0.0
21150722:2009,0.0,0.0,0.0,26.53,2.07,0.0
21150722:2109,0.0,0.0,0.0,25.3,1.72,0.0
21150722:2209,0.0,0.0,0.0,24.41,1.31,0.0
21150722:2309,0.0,0.0,0.0,23.61,0.9,0.0
21150723:0009,0.0,0.0,0.0,23.34,0.69,0.0
21150723:0109,0.0,0.0,0.0,22.94,0.76,0.0
21150723:0209,0.0,0.0,0.0,22.3,0.9,0.0
21150723:0309,0.0,0.0,0.0,21.98,0.97,0.0
21150723:0409,0.0,0.0,0.0,22.46,0.76,0.0
21150723:0509,0.0,0.0,0.0,22.79,0.28,0.0
21150723:0609,1338.88,35.68,6.35,22.65,0.07,0.0
21150723:0709,6019.63,136.59,18.29,22.29,0.62,0.0
21150723:0809,18758.69,340.22,30.59,25.32,1.03,0.0
21150723:0909,31775.54,554.15,43.01,27.51,1.38,0.0
21150723:1009,41998.51,740.93,55.3,29.55,1.86,0.0
21150723:1109,49012.42,878.35,66.8,31.13,2.34,0.0
21150723:1209,53015.39,958.41,75.15,32.13,2.76,0.0
21150723:1309,52981.24,957.05,74.01,32.69,3.03,0.0
21150723:1409,49823.04,888.44,64.63,32.67,3.45,0.0
21150723:1509,43343.45,759.39,52.88,32.02,3.72,0.0
21150723:1609,32502.66,564.1,40.53,30.82,3.59,0.0
21150723:1709,19271.01,346.6,28.11,29.45,3.24,0.0
21150723:1809,6501.59,142.17,15.87,27.88,2.76,0.0
21150723:1909,563.18,20.52,4.03,25.88,2.21,0.0
21150723:2009,0.0,0.0,0.0,24.31,1.79,0.0
21150723:2109,0.0,0.0,0.0,23.3,1.52,0.0
21150723:2209,0.0,0.0,0.0,22.42,1.45,0.0
21150723:2309,0.0,0.0,0.0,21.53,1.31,0.0
21150724:0009,0.0,0.0,0.0,20.61,1.38,0.0
21150724:0109,0.0,0.0,0.0,20.12,1.59,0.0
21150724:0209,0.0,0.0,0.0,19.87,1.72,0.0
21150724:0309,0.0,0.0,0.0,19.9,1.86,0.0
21150724:0409,0.0,0.0,0.0,19.87,1.86,0.0
21150724:0509,0.0,0.0,0.0,19.76,1.79,0.0
21150724:0609,1266.77,33.9,6.23,19.59,1.72,0.0
21150724:0709,6758.9,131.11,18.18,21.0,1.93,0.0
21150724:0809,14294.25,251.13,30.48,22.96,1.72,0.0
21150724:0909,31782.37,544.15,42.91,24.57,1.72,0.0
21150724:1009,43456.54,752.21,55.19,26.04,2.0,0.0
21150724:1109,50293.62,884.59,66.66,27.72,2.48,0.0
21150724:1209,54216.89,959.19,74.96,28.78,3.1,0.0
21150724:1309,55107.2,973.49,73.83,29.28,3.52,0.0
21150724:1409,51712.19,903.91,64.51,29.3,3.79,0.0
21150724:1509,44934.32,771.43,52.78,28.75,4.21,0.0
21150724:1609,34614.95,588.35,40.44,27.63,4.34,0.0
21150724:1709,20792.05,368.44,28.02,26.38,4.0,0.0
21150724:1809,6283.76,147.18,15.77,25.2,3.38,0.0
21150724:1909,570.77,20.52,3.92,23.66,2.9,0.0
21150724:2009,0.0,0.0,0.0,22.66,2.28,0.0
21150724:2109,0.0,0.0,0.0,22.23,1.86,0.0
21150724:2209,0.0,0.0,0.0,21.89,1.45,0.0
21150724:2309,0.0,0.0,0.0,21.48,1.31,0.0
21150725:0009,0.0,0.0,0.0,21.26,1.24,0.0
21150725:0109,0.0,0.0,0.0,20.78,1.03,0.0
21150725:0209,0.0,0.0,0.0,20.47,0.69,0.0
21150725:0309,0.0,0.0,0.0,20.38,0.62,0.0
21150725:0409,0.0,0.0,0.0,19.71,0.76,0.0
21150725:0509,0.0,0.0,0.0,19.29,1.03,0.0
21150725:0609,1266.77,33.9,6.11,19.57,1.17,0.0
21150725:0709,5338.81,130.92,18.07,21.49,0.83,0.0
21150725:0809,17478.25,309.15,30.38,22.44,0.76,0.0
21150725:0909,32290.9,554.26,42.81,24.03,1.24,0.0
21150725:1009,43521.82,752.92,55.07,25.74,1.93,0.0
21150725:1109,50995.69,894.48,66.52,27.05,2.48,0.0
21150725:1209,54579.69,965.83,74.76,28.17,2.9,0.0
21150725:1309,54937.94,969.49,73.64,28.78,3.38,0.0
21150725:1409,51778.22,904.75,64.38,28.93,3.66,0.0
21150725:1509,44878.15,772.23,52.67,28.62,3.86,0.0
21150725:1609,34363.73,585.5,40.34,27.79,4.07,0.0
21150725:1709,20356.38,360.43,27.92,26.52,4.0,0.0
21150725:1809,6459.85,145.78,15.67,25.08,3.59,0.0
21150725:1909,530.54,19.62,3.8,23.38,2.76,0.0
21150725:2009,0.0,0.0,0.0,22.3,2.07,0.0
21150725:2109,0.0,0.0,0.0,21.6,1.66,0.0
21150725:2209,0.0,0.0,0.0,21.05,1.38,0.0
21150725:2309,0.0,0.0,0.0,20.26,1.03,0.0
21150726:0009,0.0,0.0,0.0,20.37,0.55,0.0
21150726:0109,0.0,0.0,0.0,20.28,0.48,0.0
21150726:0209,0.0,0.0,0.0,19.55,0.69,0.0
21150726:0309,0.0,0.0,0.0,18.26,1.03,0.0
21150726:0409,0.0,0.0,0.0,17.82,1.24,0.0
21150726:0509,0.0,0.0,0.0,17.62,1.31,0.0
21150726:0609,1279.67,33.9,5.99,17.71,1.17,0.0
21150726:0709,6278.45,136.69,17.96,19.57,0.76,0.0
21150726:0809,19124.52,342.06,30.27,21.76,0.76,0.0
21150726:0909,32870.77,564.34,42.7,23.71,1.1,0.0
21150726:1009,43335.86,752.71,54.96,25.61,1.59,0.0
21150726:1109,50167.62,886.19,66.37,27.36,2.07,0.0
21150726:1209,54020.31,961.92,74.55,28.68,2.62,0.0
21150726:1309,54299.62,965.47,73.45,29.44,3.03,0.0
21150726:1409,51417.7,905.65,64.24,29.73,3.31,0.0
21150726:1509,44547.99,773.07,52.57,29.55,3.45,0.0
21150726:1609,34051.78,586.2,40.24,28.95,3.38,0.0
21150726:1709,20488.45,367.2,27.82,28.07,3.1,0.0
21150726:1809,6222.28,146.93,15.56,26.91,2.62,0.0
21150726:1909,524.47,19.62,3.68,25.24,2.07,0.0
21150726:2009,0.0,0.0,0.0,23.88,1.45,0.0
21150726:2109,0.0,0.0,0.0,22.96,1.03,0.0
21150726:2209,0.0,0.0,0.0,21.83,1.03,0.0
21150726:2309,0.0,0.0,0.0,20.71,1.1,0.0
21150727:0009,0.0,0.0,0.0,19.92,1.17,0.0
21150727:0109,0.0,0.0,0.0,19.33,1.24,0.0
21150727:0209,0.0,0.0,0.0,18.88,1.24,0.0
21150727:0309,0.0,0.0,0.0,18.49,1.24,0.0
21150727:0409,0.0,0.0,0.0,18.07,1.38,0.0
21150727:0509,0.0,0.0,0.0,17.76,1.38,0.0
21150727:0609,1231.1,33.0,5.86,17.71,1.31,0.0
21150727:0709,5551.33,132.14,17.85,20.34,0.83,0.0
21150727:0809,18977.28,343.73,30.16,23.66,0.48,0.0
21150727:0909,32232.45,564.16,42.59,26.15,0.55,0.0
21150727:1009,42494.13,753.52,54.84,28.44,1.17,0.0
21150727:1109,49842.77,896.27,66.22,30.29,1.93,0.0
21150727:1209,53793.37,972.49,74.34,31.5,2.62,0.0
21150727:1309,53797.92,966.4,73.25,31.96,3.24,0.0
21150727:1409,50982.79,906.6,64.1,31.91,3.45,0.0
21150727:1509,43949.14,770.13,52.45,31.61,3.52,0.0
21150727:1609,33381.58,580.71,40.14,31.05,3.38,0.0
21150727:1709,19927.55,360.42,27.71,30.16,3.1,0.0
21150727:1809,6258.71,143.78,15.44,28.93,2.62,0.0
21150727:1909,479.69,18.73,3.55,26.55,2.62,0.0
21150727:2009,0.0,0.0,0.0,24.92,1.86,0.0
21150727:2109,0.0,0.0,0.0,24.04,1.1,0.0
21150727:2209,0.0,0.0,0.0,23.0,0.69,0.0
21150727:2309,0.0,0.0,0.0,21.92,1.03,0.0
21150728:0009,0.0,0.0,0.0,21.38,1.52,0.0
21150728:0109,0.0,0.0,0.0,21.06,1.59,0.0
21150728:0209,0.0,0.0,0.0,20.58,1.24,0.0
21150728:0309,0.0,0.0,0.0,20.44,0.83,0.0
21150728:0409,0.0,0.0,0.0,19.63,1.1,0.0
21150728:0509,0.0,0.0,0.0,19.27,1.52,0.0
21150728:0609,1124.84,31.22,5.74,19.44,1.38,0.0
21150728:0709,5848.1,134.14,17.73,21.54,1.1,0.0
21150728:0809,19096.44,344.94,30.06,23.79,0.97,0.0
21150728:0909,21189.0,369.49,42.48,26.27,0.83,0.0
21150728:1009,42382.56,751.09,54.72,28.55,1.24,0.0
21150728:1109,49635.56,892.64,66.07,30.35,1.93,0.0
21150728:1209,53742.51,968.67,74.12,31.35,2.76,0.0
21150728:1309,54242.69,972.37,73.05,31.64,3.31,0.0
21150728:1409,50843.13,902.62,63.96,31.61,3.45,0.0
21150728:1509,43666.79,766.12,52.33,31.36,3.24,0.0
21150728:1609,33182.72,577.74,40.03,30.83,3.1,0.0
21150728:1709,18200.82,328.0,27.6,29.84,2.76,0.0
21150728:1809,6310.33,141.59,15.32,28.45,2.28,0.0
21150728:1909,440.98,17.84,3.42,26.33,2.07,0.0
21150728:2009,0.0,0.0,0.0,24.82,2.07,0.0
21150728:2109,0.0,0.0,0.0,23.82,1.72,0.0
21150728:2209,0.0,0.0,0.0,23.15,1.86,0.0
21150728:2309,0.0,0.0,0.0,22.54,1.86,0.0
21150729:0009,0.0,0.0,0.0,22.05,2.0,0.0
21150729:0109,0.0,0.0,0.0,21.76,2.14,0.0
21150729:0209,0.0,0.0,0.0,21.48,2.0,0.0
21150729:0309,0.0,0.0,0.0,21.25,1.79,0.0
21150729:0409,0.0,0.0,0.0,21.01,2.07,0.0
21150729:0509,0.0,0.0,0.0,20.74,2.34,0.0
21150729:0609,1118.01,31.22,5.61,20.7,2.34,0.0
21150729:0709,6717.91,133.22,17.62,21.61,2.69,0.0
21150729:0809,18097.6,318.85,29.95,23.3,2.83,0.0
21150729:0909,32622.58,554.85,42.37,25.1,2.76,0.0
21150729:1009,43704.74,750.98,54.6,26.66,2.9,0.0
21150729:1109,50684.5,887.94,65.91,28.11,2.97,0.0
21150729:1209,54421.82,964.84,73.91,29.23,3.17,0.0
21150729:1309,54663.94,968.41,72.84,29.85,3.52,0.0
21150729:1409,51394.93,903.63,63.8,29.98,3.59,0.0
21150729:1509,44229.97,767.03,52.21,29.69,3.59,0.0
21150729:1609,33473.42,574.79,39.91,28.94,3.72,0.0
21150729:1709,19872.9,353.77,27.48,27.61,3.59,0.0
21150729:1809,6337.65,134.17,15.2,26.22,3.03,0.0
21150729:1909,368.12,16.06,3.28,24.57,2.69,0.0
21150729:2009,0.0,0.0,0.0,23.33,2.62,0.0
21150729:2109,0.0,0.0,0.0,22.53,2.55,0.0
21150729:2209,0.0,0.0,0.0,21.96,2.0,0.0
21150729:2309,0.0,0.0,0.0,21.52,1.79,0.0
21150730:0009,0.0,0.0,0.0,21.14,1.93,0.0
21150730:0109,0.0,0.0,0.0,21.04,2.07,0.0
21150730:0209,0.0,0.0,0.0,20.87,2.07,0.0
21150730:0309,0.0,0.0,0.0,20.73,2.0,0.0
21150730:0409,0.0,0.0,0.0,20.5,1.93,0.0
21150730:0509,0.0,0.0,0.0,20.47,1.72,0.0
21150730:0609,1025.41,29.44,5.48,20.55,1.52,0.0
21150730:0709,6565.35,130.26,17.5,21.54,1.1,0.0
21150730:0809,17680.9,314.29,29.84,22.73,0.55,0.0
21150730:0909,32299.25,560.6,42.26,24.34,0.48,0.0
21150730:1009,42636.07,748.56,54.47,26.29,1.1,0.0
21150730:1109,50151.68,888.96,65.75,27.98,2.07,0.0
21150730:1209,53936.06,959.94,73.68,29.16,2.83,0.0
21150730:1309,54607.01,969.49,72.62,29.75,3.31,0.0
21150730:1409,51477.66,904.69,63.64,29.87,3.59,0.0
21150730:1509,44661.84,771.93,52.08,29.48,3.86,0.0
21150730:1609,33953.11,581.04,39.79,28.54,3.93,0.0
21150730:1709,19890.35,353.23,27.36,27.34,3.86,0.0
21150730:1809,6290.59,134.72,15.07,25.94,3.52,0.0
21150730:1909,368.87,16.06,3.14,24.17,3.31,0.0
21150730:2009,0.0,0.0,0.0,23.01,2.83,0.0
21150730:2109,0.0,0.0,0.0,22.66,2.41,0.0
21150730:2209,0.0,0.0,0.0,22.53,2.0,0.0
21150730:2309,0.0,0.0,0.0,22.25,1.52,0.0
21150731:0009,0.0,0.0,0.0,21.92,1.38,0.0
21150731:0109,0.0,0.0,0.0,21.88,1.52,0.0
21150731:0209,0.0,0.0,0.0,21.83,1.52,0.0
21150731:0309,0.0,0.0,0.0,21.71,1.17,0.0
21150731:0409,0.0,0.0,0.0,21.66,1.03,0.0
21150731:0509,0.0,0.0,0.0,21.53,1.38,0.0
21150731:0609,793.91,24.98,5.35,21.46,1.45,0.0
21150731:0709,6234.43,122.23,17.39,22.34,1.66,0.0
21150731:0809,16367.84,288.21,29.73,23.22,1.72,0.0
21150731:0909,16235.01,281.36,42.15,24.17,2.0,0.0
21150731:1009,25668.62,438.8,54.35,25.06,2.21,0.0
21150731:1109,41120.34,709.13,65.59,26.16,2.62,0.0
21150731:1209,42195.09,729.9,73.45,27.0,3.03,0.0
21150731:1309,43584.06,752.95,72.4,27.29,3.45,0.0
21150731:1409,37877.9,649.55,63.48,27.31,3.59,0.0
21150731:1509,35628.22,608.6,51.94,27.2,3.45,0.0
21150731:1609,27902.36,475.81,39.66,26.77,3.38,0.0
21150731:1709,16907.48,297.98,27.23,26.19,3.72,0.0
21150731:1809,6281.48,134.21,14.93,25.09,3.79,0.0
21150731:1909,295.25,14.27,2.99,23.61,3.52,0.0
21150731:2009,0.0,0.0,0.0,22.54,2.62,0.0
21150731:2109,0.0,0.0,0.0,21.97,2.0,0.0
21150731:2209,0.0,0.0,0.0,21.59,2.0,0.0
21150731:2309,0.0,0.0,0.0,21.36,1.93,0.0
21150801:0009,0.0,0.0,0.0,21.24,1.66,0.0
21150801:0109,0.0,0.0,0.0,21.14,1.66,0.0
21150801:0209,0.0,0.0,0.0,20.97,1.86,0.0
21150801:0309,0.0,0.0,0.0,20.74,1.86,0.0
21150801:0409,0.0,0.0,0.0,20.87,1.86,0.0
21150801:0509,0.0,0.0,0.0,20.72,1.72,0.0
21150801:0609,978.35,28.54,5.23,20.62,1.66,0.0
21150801:0709,6462.13,133.09,17.27,21.34,1.59,0.0
21150801:0809,18792.08,334.13,29.62,22.27,1.52,0.0
21150801:0909,19595.86,336.25,42.04,23.48,1.52,0.0
21150801:1009,40305.18,693.39,54.22,25.07,1.86,0.0
21150801:1109,50196.46,878.33,65.43,26.66,2.41,0.0
21150801:1209,56342.85,995.28,73.22,27.69,2.97,0.0
21150801:1309,56669.98,998.62,72.17,28.22,3.38,0.0
21150801:1409,52986.55,922.87,63.31,28.33,3.72,0.0
21150801:1509,45261.45,774.77,51.8,28.02,4.07,0.0
21150801:1609,34204.34,580.48,39.53,27.3,4.21,0.0
21150801:1709,19825.08,350.22,27.1,26.31,4.07,0.0
21150801:1809,6230.63,136.7,14.79,25.15,3.59,0.0
21150801:1909,155.6,10.7,2.84,23.46,3.24,0.0
21150801:2009,0.0,0.0,0.0,22.44,2.55,0.0
21150801:2109,0.0,0.0,0.0,22.0,1.79,0.0
21150801:2209,0.0,0.0,0.0,21.61,1.03,0.0
21150801:2309,0.0,0.0,0.0,21.07,0.62,0.0
21150802:0009,0.0,0.0,0.0,20.54,0.69,0.0
21150802:0109,0.0,0.0,0.0,20.05,0.83,0.0
21150802:0209,0.0,0.0,0.0,19.63,1.1,0.0
21150802:0309,0.0,0.0,0.0,19.72,0.83,0.0
21150802:0409,0.0,0.0,0.0,19.19,0.9,0.0
21150802:0509,0.0,0.0,0.0,19.09,1.17,0.0
21150802:0609,894.1,26.76,5.1,19.28,1.31,0.0
21150802:0709,5859.48,131.26,17.15,21.22,1.52,0.0
21150802:0809,18764.0,334.55,29.5,23.22,1.93,0.0
21150802:0909,32068.51,546.97,41.93,24.9,2.21,0.0
21150802:1009,41855.06,721.54,54.09,26.55,2.41,0.0
21150802:1109,51156.6,898.47,65.26,27.89,2.69,0.0
21150802:1209,55495.04,985.92,72.98,28.93,2.97,0.0
21150802:1309,55741.72,990.06,71.93,29.51,3.24,0.0
21150802:1409,51985.43,914.11,63.13,29.69,3.45,0.0
21150802:1509,44006.82,762.9,51.65,29.51,3.45,0.0
21150802:1609,32807.78,565.3,39.39,28.97,3.17,0.0
21150802:1709,18773.11,336.19,26.96,28.23,2.69,0.0
21150802:1809,6024.94,131.43,14.65,27.07,2.76,0.0
21150802:1909,154.08,10.7,2.69,24.73,2.97,0.0
21150802:2009,0.0,0.0,0.0,23.39,2.41,0.0
21150802:2109,0.0,0.0,0.0,22.77,2.21,0.0
21150802:2209,0.0,0.0,0.0,22.27,2.48,0.0
21150802:2309,0.0,0.0,0.0,21.81,2.62,0.0
21150803:0009,0.0,0.0,0.0,21.51,2.07,0.0
21150803:0109,0.0,0.0,0.0,21.28,1.79,0.0
21150803:0209,0.0,0.0,0.0,21.04,1.86,0.0
21150803:0309,0.0,0.0,0.0,20.92,2.0,0.0
21150803:0409,0.0,0.0,0.0,20.63,2.21,0.0
21150803:0509,0.0,0.0,0.0,20.58,2.41,0.0
21150803:0609,888.03,26.76,4.97,20.58,2.48,0.0
21150803:0709,5350.19,128.48,17.03,21.5,2.9,0.0
21150803:0809,19242.17,341.5,29.39,22.75,3.03,0.0
21150803:0909,33287.46,562.48,41.81,24.26,2.97,0.0
21150803:1009,44324.08,756.16,53.96,25.72,3.1,0.0
21150803:1109,52067.4,904.5,65.09,27.15,3.31,0.0
21150803:1209,54049.91,945.12,72.74,27.97,3.66,0.0
21150803:1309,46452.32,805.62,71.69,28.34,3.86,0.0
21150803:1409,44131.3,763.25,62.94,28.34,3.66,0.0
21150803:1509,36261.23,621.67,51.49,28.08,3.52,0.0
21150803:1609,30104.22,514.39,39.25,27.46,3.38,0.0
21150803:1709,15014.54,266.91,26.82,26.76,2.9,0.0
21150803:1809,4112.26,86.03,14.5,25.82,2.55,0.0
21150803:1909,36.43,7.14,2.52,23.62,3.03,0.0
21150803:2009,0.0,0.0,0.0,22.56,2.28,0.0
21150803:2109,0.0,0.0,0.0,22.09,1.72,0.0
21150803:2209,0.0,0.0,0.0,21.74,1.31,0.0
21150803:2309,0.0,0.0,0.0,21.36,1.24,0.0
21150804:0009,0.0,0.0,0.0,21.05,1.31,0.0
21150804:0109,0.0,0.0,0.0,20.67,1.03,0.0
21150804:0209,0.0,0.0,0.0,20.11,0.83,0.0
21150804:0309,0.0,0.0,0.0,19.9,0.83,0.0
21150804:0409,0.0,0.0,0.0,20.45,0.55,0.0
21150804:0509,0.0,0.0,0.0,20.13,0.62,0.0
21150804:0609,842.49,25.87,4.84,20.45,0.48,0.0
21150804:0709,5816.98,130.73,16.91,21.09,0.28,0.0
21150804:0809,17324.18,308.09,29.28,22.66,0.34,0.0
21150804:0909,27021.92,465.71,41.7,24.16,0.69,0.0
21150804:1009,43338.14,757.36,53.83,26.04,1.31,0.0
21150804:1109,51781.26,918.98,64.92,27.69,2.0,0.0
21150804:1209,55594.47,993.65,72.5,28.8,2.55,0.0
21150804:1309,55967.9,996.87,71.45,29.42,3.03,0.0
21150804:1409,52660.94,925.91,62.75,29.53,3.45,0.0
21150804:1509,44694.47,772.25,51.33,29.17,3.66,0.0
21150804:1609,33670.0,577.53,39.1,28.48,3.45,0.0
21150804:1709,19368.16,345.75,26.67,27.69,3.03,0.0
21150804:1809,5961.19,131.56,14.35,26.65,2.55,0.0
21150804:1909,63.0,8.03,2.36,25.01,2.48,0.0
21150804:2009,0.0,0.0,0.0,23.69,2.28,0.0
21150804:2109,0.0,0.0,0.0,22.97,1.72,0.0
21150804:2209,0.0,0.0,0.0,22.49,1.1,0.0
21150804:2309,0.0,0.0,0.0,22.06,0.41,0.0
21150805:0009,0.0,0.0,0.0,21.13,0.9,0.0
21150805:0109,0.0,0.0,0.0,20.94,1.45,0.0
21150805:0209,0.0,0.0,0.0,20.75,1.31,0.0
21150805:0309,0.0,0.0,0.0,20.44,1.24,0.0
21150805:0409,0.0,0.0,0.0,20.34,1.31,0.0
21150805:0509,0.0,0.0,0.0,20.28,1.31,0.0
21150805:0609,456.92,17.84,4.7,20.49,0.9,0.0
21150805:0709,6216.21,123.75,16.8,21.78,1.1,0.0
21150805:0809,16342.03,288.96,29.17,23.42,1.24,0.0
21150805:0909,26843.55,462.27,41.58,25.54,1.45,0.0
21150805:1009,36355.34,632.88,53.7,27.63,1.72,0.0
21150805:1109,41928.68,740.65,64.74,29.42,2.07,0.0
21150805:1209,44570.0,793.24,72.25,30.77,2.48,0.0
21150805:1309,46591.97,829.6,71.19,31.48,2.97,0.0
21150805:1409,45106.61,796.33,62.56,31.6,3.38,0.0
21150805:1509,39042.96,680.62,51.17,31.21,3.52,0.0
21150805:1609,29591.89,513.25,38.95,30.41,3.31,0.0
21150805:1709,16625.9,297.8,26.52,29.1,3.52,0.0
21150805:1809,5086.06,106.14,14.19,27.34,3.38,0.0
21150805:1909,62.24,8.03,2.19,25.96,2.62,0.0
21150805:2009,0.0,0.0,0.0,24.49,2.34,0.0
21150805:2109,0.0,0.0,0.0,23.78,1.59,0.0
21150805:2209,0.0,0.0,0.0,23.37,0.9,0.0
21150805:2309,0.0,0.0,0.0,22.75,0.69,0.0
21150806:0009,0.0,0.0,0.0,22.09,0.76,0.0
21150806:0109,0.0,0.0,0.0,21.7,1.1,0.0
21150806:0209,0.0,0.0,0.0,21.49,1.45,0.0
21150806:0309,0.0,0.0,0.0,21.34,1.31,0.0
21150806:0409,0.0,0.0,0.0,21.5,0.69,0.0
21150806:0509,0.0,0.0,0.0,21.52,0.55,0.0
21150806:0609,0.0,3.57,4.57,20.74,0.9,0.0
21150806:0709,6233.67,127.43,16.68,22.84,0.9,0.0
21150806:0809,1563.54,40.33,29.05,25.97,0.9,0.0
21150806:0909,21274.77,371.44,41.46,28.36,2.0,0.0
21150806:1009,19841.02,348.68,53.56,29.87,2.69,0.0
21150806:1109,39557.56,698.38,64.56,31.45,2.83,0.0
21150806:1209,45375.3,811.73,71.99,32.78,3.03,0.0
21150806:1309,33154.64,587.25,70.93,33.52,3.38,0.0
21150806:1409,45322.17,807.38,62.35,33.54,3.52,0.0
21150806:1509,39997.78,703.44,51.0,33.07,3.66,0.0
21150806:1609,29275.39,512.71,38.79,32.19,3.17,0.0
21150806:1709,15726.48,284.97,26.36,30.83,2.9,0.0
21150806:1809,3068.64,68.15,14.02,29.15,2.83,0.0
21150806:1909,0.0,0.0,0.0,26.73,2.62,0.0
21150806:2009,0.0,0.0,0.0,25.19,2.0,0.0
21150806:2109,0.0,0.0,0.0,24.48,1.31,0.0
21150806:2209,0.0,0.0,0.0,24.0,0.83,0.0
21150806:2309,0.0,0.0,0.0,23.55,0.83,0.0
21150807:0009,0.0,0.0,0.0,23.05,1.52,0.0
21150807:0109,0.0,0.0,0.0,22.66,1.93,0.0
21150807:0209,0.0,0.0,0.0,22.33,1.66,0.0
21150807:0309,0.0,0.0,0.0,21.74,0.9,0.0
21150807:0409,0.0,0.0,0.0,22.21,0.28,0.0
21150807:0509,0.0,0.0,0.0,21.14,0.83,0.0
21150807:0609,581.39,20.52,4.44,20.34,1.31,0.0
21150807:0709,6117.54,126.8,16.56,23.86,0.48,0.0
21150807:0809,16446.01,295.61,28.94,26.31,1.03,0.0
21150807:0909,31711.78,551.85,41.34,28.51,1.93,0.0
21150807:1009,41820.9,732.89,53.43,30.04,2.55,0.0
21150807:1109,50638.96,904.28,64.38,31.21,2.76,0.0
21150807:1209,54238.9,981.1,71.74,32.28,2.9,0.0
21150807:1309,54663.18,990.17,70.67,32.95,3.1,0.0
21150807:1409,49622.66,881.79,62.15,32.67,3.72,0.0
21150807:1509,21916.12,385.31,50.82,31.73,3.52,0.0
21150807:1609,2031.08,49.71,38.62,30.46,2.9,0.0
21150807:1709,2096.36,50.65,26.2,29.02,1.59,0.0
21150807:1809,1251.59,34.71,13.86,28.09,2.55,0.0
21150807:1909,0.0,0.0,0.0,26.44,2.62,0.0
21150807:2009,0.0,0.0,0.0,25.79,2.34,0.0
21150807:2109,0.0,0.0,0.0,24.83,2.21,0.0
21150807:2209,0.0,0.0,0.0,24.23,1.59,0.0
21150807:2309,0.0,0.0,0.0,24.01,1.03,0.0
21150808:0009,0.0,0.0,0.0,23.98,0.28,0.0
21150808:0109,0.0,0.0,0.0,23.67,0.62,0.0
21150808:0209,0.0,0.0,0.0,23.53,0.97,0.0
21150808:0309,0.0,0.0,0.0,23.36,0.9,0.0
21150808:0409,0.0,0.0,0.0,23.76,0.34,0.0
21150808:0509,0.0,0.0,0.0,22.83,1.79,0.0
21150808:0609,616.31,21.41,4.31,22.65,2.07,0.0
21150808:0709,5992.3,120.6,16.44,23.66,1.17,0.0
21150808:0809,17761.36,317.39,28.82,24.77,1.52,0.0
21150808:0909,18156.8,316.51,41.23,26.82,2.07,0.0
21150808:1009,35731.44,616.67,53.29,28.78,3.17,0.0
21150808:1109,52358.86,914.5,64.2,29.71,4.07,0.0
21150808:1209,56205.47,987.74,71.47,30.2,4.48,0.0
21150808:1309,53894.31,947.03,70.4,30.69,4.55,0.0
21150808:1409,50446.18,883.07,61.93,31.24,4.55,0.0
21150808:1509,43619.73,756.43,50.64,31.44,4.55,0.0
21150808:1609,31271.56,542.12,38.46,31.45,4.14,0.0
21150808:1709,18696.45,338.78,26.03,31.08,3.52,0.0
21150808:1809,5013.95,107.15,13.68,29.87,2.76,0.0
21150808:1909,0.0,0.0,0.0,28.28,2.76,0.0
21150808:2009,0.0,0.0,0.0,26.57,2.21,0.0
21150808:2109,0.0,0.0,0.0,25.78,1.31,0.0
21150808:2209,0.0,0.0,0.0,25.07,1.03,0.0
21150808:2309,0.0,0.0,0.0,24.37,1.66,0.0
21150809:0009,0.0,0.0,0.0,24.03,2.0,0.0
21150809:0109,0.0,0.0,0.0,23.76,2.21,0.0
21150809:0209,0.0,0.0,0.0,23.58,2.28,0.0
21150809:0309,0.0,0.0,0.0,23.32,2.34,0.0
21150809:0409,0.0,0.0,0.0,23.07,2.62,0.0
21150809:0509,0.0,0.0,0.0,22.91,2.69,0.0
21150809:0609,532.06,19.62,4.17,22.93,2.69,0.0
21150809:0709,5784.34,128.67,16.31,24.89,1.66,0.0
21150809:0809,18212.96,330.9,28.71,27.32,1.45,0.0
21150809:0909,27658.72,488.38,41.1,29.96,1.1,0.0
21150809:1009,34969.41,638.51,53.15,32.61,0.21,0.0
21150809:1109,46423.48,847.35,64.01,33.74,1.86,0.0
21150809:1209,55158.81,994.47,71.21,32.86,3.45,0.0
21150809:1309,55762.21,997.54,70.13,31.76,3.66,0.0
21150809:1409,50743.7,898.58,61.71,30.9,3.31,0.0
21150809:1509,39770.84,698.33,50.45,30.48,2.41,0.0
21150809:1609,30460.95,537.73,38.28,31.2,1.59,0.0
21150809:1709,17671.8,324.97,25.86,31.72,1.1,0.0
21150809:1809,5342.6,119.35,13.5,31.56,0.97,0.0
21150809:1909,0.0,0.0,0.0,28.21,2.28,0.0
21150809:2009,0.0,0.0,0.0,27.2,2.48,0.0
21150809:2109,0.0,0.0,0.0,26.5,2.76,0.0
21150809:2209,0.0,0.0,0.0,26.18,2.62,0.0
21150809:2309,0.0,0.0,0.0,26.13,2.28,0.0
21150810:0009,0.0,0.0,0.0,26.14,2.07,0.0
21150810:0109,0.0,0.0,0.0,26.0,2.07,0.0
21150810:0209,0.0,0.0,0.0,25.85,2.14,0.0
21150810:0309,0.0,0.0,0.0,25.59,2.14,0.0
21150810:0409,0.0,0.0,0.0,25.17,2.0,0.0
21150810:0509,0.0,0.0,0.0,24.48,1.93,0.0
21150810:0609,570.01,20.52,4.04,23.85,2.0,0.0
21150810:0709,5753.98,128.66,16.19,25.02,1.1,0.0
21150810:0809,18685.82,340.47,28.59,27.32,1.52,0.0
21150810:0909,29078.05,511.43,40.98,29.99,1.52,0.0
21150810:1009,17431.95,313.41,53.01,32.12,1.45,0.0
21150810:1109,29150.91,523.21,63.82,33.88,1.72,0.0
21150810:1209,26969.55,482.67,70.94,34.89,2.83,0.0
21150810:1309,48516.8,873.88,69.85,34.5,3.59,0.0
21150810:1409,6959.27,136.01,61.48,33.45,3.93,0.0
21150810:1509,42748.4,752.55,50.26,32.36,3.31,0.0
21150810:1609,31845.36,556.39,38.1,31.32,2.83,0.0
21150810:1709,10437.77,192.69,25.68,29.92,2.69,0.0
21150810:1809,4412.07,94.15,13.32,28.6,1.93,0.0
21150810:1909,0.0,0.0,0.0,25.8,2.0,0.0
21150810:2009,0.0,0.0,0.0,25.0,0.55,0.0
21150810:2109,0.0,0.0,0.0,24.86,0.62,0.0
21150810:2209,0.0,0.0,0.0,24.75,0.41,0.0
21150810:2309,0.0,0.0,0.0,23.67,0.76,0.0
21150811:0009,0.0,0.0,0.0,22.96,1.03,0.0
21150811:0109,0.0,0.0,0.0,22.46,1.03,0.0
21150811:0209,0.0,0.0,0.0,22.02,1.03,0.0
21150811:0309,0.0,0.0,0.0,21.67,0.97,0.0
21150811:0409,0.0,0.0,0.0,22.33,0.55,0.0
21150811:0509,0.0,0.0,0.0,22.33,0.21,0.0
21150811:0609,535.85,19.62,3.91,21.6,0.76,0.0
21150811:0709,5751.7,128.18,16.07,22.96,1.03,0.0
21150811:0809,18025.49,324.24,28.47,25.22,0.97,0.0
21150811:0909,26687.2,464.82,40.86,27.55,1.24,0.0
21150811:1009,36746.23,643.65,52.86,29.58,2.07,0.0
21150811:1109,49235.57,868.67,63.62,30.53,3.31,0.0
21150811:1209,54983.48,974.97,70.66,30.46,3.72,0.0
21150811:1309,53390.34,943.55,69.56,30.48,3.86,0.0
21150811:1409,50751.29,889.51,61.25,30.27,3.93,0.0
21150811:1509,45205.28,782.86,50.06,30.06,3.93,0.0
21150811:1609,21727.89,377.13,37.92,29.48,3.72,0.0
21150811:1709,16907.48,302.29,25.5,28.45,3.45,0.0
21150811:1809,5435.96,120.59,13.13,26.9,3.17,0.0
21150811:1909,0.0,0.0,0.0,25.28,2.28,0.0
21150811:2009,0.0,0.0,0.0,24.33,2.07,0.0
21150811:2109,0.0,0.0,0.0,23.63,1.86,0.0
21150811:2209,0.0,0.0,0.0,23.08,1.66,0.0
21150811:2309,0.0,0.0,0.0,22.74,1.59,0.0
21150812:0009,0.0,0.0,0.0,22.55,1.66,0.0
21150812:0109,0.0,0.0,0.0,22.37,1.31,0.0
21150812:0209,0.0,0.0,0.0,21.98,1.17,0.0
21150812:0309,0.0,0.0,0.0,21.67,1.45,0.0
21150812:0409,0.0,0.0,0.0,21.69,1.86,0.0
21150812:0509,0.0,0.0,0.0,21.57,2.14,0.0
21150812:0609,495.63,18.73,3.77,21.42,2.07,0.0
21150812:0709,5793.45,128.43,15.95,22.39,1.59,0.0
21150812:0809,11185.38,200.43,28.35,24.26,1.86,0.0
21150812:0909,32621.06,560.31,40.74,26.22,2.07,0.0
21150812:1009,44198.85,765.57,52.71,27.92,2.76,0.0
21150812:1109,51924.71,915.14,63.42,29.3,3.1,0.0
21150812:1209,55357.67,992.39,70.38,30.68,3.03,0.0
21150812:1309,55611.17,995.3,69.27,31.52,3.52,0.0
21150812:1409,51832.11,916.25,61.01,31.54,3.86,0.0
21150812:1509,43386.72,756.4,49.86,31.18,3.72,0.0
21150812:1609,31721.65,548.97,37.73,30.42,3.52,0.0
21150812:1709,17381.1,311.91,25.31,29.05,3.38,0.0
21150812:1809,2562.38,58.81,12.94,27.35,3.1,0.0
21150812:1909,0.0,0.0,0.0,24.92,2.34,0.0
21150812:2009,0.0,0.0,0.0,24.01,1.38,0.0
21150812:2109,0.0,0.0,0.0,23.64,0.9,0.0
21150812:2209,0.0,0.0,0.0,23.13,0.76,0.0
21150812:2309,0.0,0.0,0.0,22.53,1.17,0.0
21150813:0009,0.0,0.0,0.0,22.11,1.45,0.0
21150813:0109,0.0,0.0,0.0,21.72,1.17,0.0
21150813:0209,0.0,0.0,0.0,21.25,1.24,0.0
21150813:0309,0.0,0.0,0.0,20.9,0.83,0.0
21150813:0409,0.0,0.0,0.0,21.51,0.34,0.0
21150813:0509,0.0,0.0,0.0,21.27,0.21,0.0
21150813:0609,263.37,13.38,3.64,20.63,0.55,0.0
21150813:0709,5980.92,125.89,15.83,22.19,1.45,0.0
21150813:0809,14181.92,251.56,28.24,24.13,1.31,0.0
21150813:0909,27900.84,480.03,40.61,25.77,1.59,0.0
21150813:1009,32389.57,559.04,52.57,27.52,2.28,0.0
21150813:1109,48792.32,855.53,63.22,28.65,2.97,0.0
21150813:1209,46994.24,820.76,70.1,29.05,3.59,0.0
21150813:1309,55611.17,979.76,68.98,29.24,3.79,0.0
21150813:1409,49734.23,864.22,60.77,28.94,4.0,0.0
21150813:1509,36699.17,626.93,49.65,28.33,4.14,0.0
21150813:1609,31861.3,542.39,37.53,27.76,4.07,0.0
21150813:1709,11423.71,205.82,25.12,26.55,3.66,0.0
21150813:1809,2833.35,63.23,12.75,25.17,3.31,0.0
21150813:1909,0.0,0.0,0.0,23.38,2.69,0.0
21150813:2009,0.0,0.0,0.0,22.43,2.07,0.0
21150813:2109,0.0,0.0,0.0,21.88,1.93,0.0
21150813:2209,0.0,0.0,0.0,21.57,2.28,0.0
21150813:2309,0.0,0.0,0.0,21.23,2.28,0.0
21150814:0009,0.0,0.0,0.0,21.12,2.41,0.0
21150814:0109,0.0,0.0,0.0,20.84,2.07,0.0
21150814:0209,0.0,0.0,0.0,20.48,1.38,0.0
21150814:0309,0.0,0.0,0.0,20.04,0.97,0.0
21150814:0409,0.0,0.0,0.0,19.63,1.1,0.0
21150814:0509,0.0,0.0,0.0,19.51,1.31,0.0
21150814:0609,229.98,12.49,3.5,19.28,1.38,0.0
21150814:0709,5825.33,127.4,15.71,20.02,1.24,0.0
21150814:0809,18303.29,322.22,28.12,21.18,1.03,0.0
21150814:0909,31530.38,536.26,40.49,22.67,1.24,0.0
21150814:1009,45230.33,779.06,52.42,24.28,1.79,0.0
21150814:1109,52765.68,921.65,63.02,25.61,2.41,0.0
21150814:1209,56699.58,994.96,69.82,26.39,3.03,0.0
21150814:1309,57101.85,996.78,68.68,26.71,3.59,0.0
21150814:1409,53816.14,927.35,60.52,26.35,3.86,0.0
21150814:1509,46465.22,787.72,49.43,25.63,3.86,0.0
21150814:1609,34233.94,574.59,37.33,24.54,3.72,0.0
21150814:1709,5290.99,103.18,24.93,23.32,3.66,0.0
21150814:1809,4220.8,88.35,12.55,22.04,3.38,0.0
21150814:1909,0.0,0.0,0.0,20.81,3.03,0.0
21150814:2009,0.0,0.0,0.0,20.13,2.41,0.0
21150814:2109,0.0,0.0,0.0,19.84,1.93,0.0
21150814:2209,0.0,0.0,0.0,19.45,1.52,0.0
21150814:2309,0.0,0.0,0.0,18.86,1.24,0.0
21150815:0009,0.0,0.0,0.0,18.04,1.24,0.0
21150815:0109,0.0,0.0,0.0,17.46,1.24,0.0
21150815:0209,0.0,0.0,0.0,16.98,1.31,0.0
21150815:0309,0.0,0.0,0.0,16.88,1.1,0.0
21150815:0409,0.0,0.0,0.0,16.71,1.1,0.0
21150815:0509,0.0,0.0,0.0,16.3,1.24,0.0
21150815:0609,387.85,16.06,3.37,16.32,1.24,0.0
21150815:0709,5408.63,126.85,15.58,18.58,0.62,0.0
21150815:0809,19847.09,352.19,28.0,21.07,1.1,0.0
21150815:0909,34068.47,581.41,40.36,22.46,0.97,0.0
21150815:1009,44553.3,772.23,52.26,23.94,1.24,0.0
21150815:1109,52099.28,913.27,62.81,25.39,2.07,0.0
21150815:1209,56538.67,990.44,69.53,26.29,3.1,0.0
21150815:1309,57159.53,992.11,68.37,26.42,3.93,0.0
21150815:1409,54191.08,928.09,60.26,26.07,4.34,0.0
21150815:1509,46678.5,788.36,49.21,25.45,4.21,0.0
21150815:1609,34985.35,586.48,37.13,24.68,4.0,0.0
21150815:1709,20241.77,354.69,24.73,23.66,3.66,0.0
21150815:1809,5338.05,124.84,12.34,22.43,3.31,0.0
21150815:1909,0.0,0.0,0.0,20.94,2.97,0.0
21150815:2009,0.0,0.0,0.0,20.05,2.41,0.0
21150815:2109,0.0,0.0,0.0,19.61,1.45,0.0
21150815:2209,0.0,0.0,0.0,18.92,0.97,0.0
21150815:2309,0.0,0.0,0.0,17.98,0.9,0.0
21150816:0009,0.0,0.0,0.0,18.55,0.55,0.0
21150816:0109,0.0,0.0,0.0,18.52,0.41,0.0
21150816:0209,0.0,0.0,0.0,16.55,1.17,0.0
21150816:0309,0.0,0.0,0.0,16.28,1.24,0.0
21150816:0409,0.0,0.0,0.0,16.09,1.45,0.0
21150816:0509,0.0,0.0,0.0,16.16,1.59,0.0
21150816:0609,347.62,15.16,3.24,16.68,1.52,0.0
21150816:0709,5540.7,127.17,15.46,17.89,1.1,0.0
21150816:0809,19841.78,351.62,27.88,20.41,0.69,0.0
21150816:0909,34202.82,583.05,40.23,22.75,1.17,0.0
21150816:1009,44997.32,777.8,52.11,24.58,1.66,0.0
21150816:1109,52373.28,919.21,62.6,26.17,2.28,0.0
21150816:1209,56436.96,996.62,69.23,27.23,2.9,0.0
21150816:1309,57141.32,1003.86,68.06,27.71,3.52,0.0
21150816:1409,53671.93,928.88,60.0,27.61,4.07,0.0
21150816:1509,46396.15,787.96,48.99,26.92,4.41,0.0
21150816:1609,35141.7,592.16,36.92,26.01,4.21,0.0
21150816:1709,20174.22,355.61,24.52,24.94,3.86,0.0
21150816:1809,5220.4,123.8,12.13,23.69,3.52,0.0
21150816:1909,0.0,0.0,0.0,22.2,3.03,0.0
21150816:2009,0.0,0.0,0.0,21.37,2.55,0.0
21150816:2109,0.0,0.0,0.0,20.83,2.07,0.0
21150816:2209,0.0,0.0,0.0,20.4,1.79,0.0
21150816:2309,0.0,0.0,0.0,20.15,1.52,0.0
21150817:0009,0.0,0.0,0.0,19.87,1.03,0.0
21150817:0109,0.0,0.0,0.0,19.91,0.55,0.0
21150817:0209,0.0,0.0,0.0,20.15,0.21,0.0
21150817:0309,0.0,0.0,0.0,20.13,0.07,0.0
21150817:0409,0.0,0.0,0.0,20.23,0.14,0.0
21150817:0509,0.0,0.0,0.0,19.96,0.48,0.0
21150817:0609,229.98,12.49,3.1,19.3,0.83,0.0
21150817:0709,5611.29,113.1,15.34,20.75,0.07,0.0
21150817:0809,12264.68,217.24,27.76,22.11,0.83,0.0
21150817:0909,9295.47,168.84,40.1,23.95,1.66,0.0
21150817:1009,17416.77,301.3,51.95,25.11,2.55,0.0
21150817:1109,23328.62,399.81,62.39,26.11,3.17,0.0
21150817:1209,28618.85,489.23,68.94,26.71,3.59,0.0
21150817:1309,37487.77,640.33,67.75,26.78,3.86,0.0
21150817:1409,23613.25,404.22,59.74,26.82,4.0,0.0
21150817:1509,17275.6,298.99,48.76,26.35,4.07,0.0
21150817:1609,14981.14,260.34,36.71,25.38,4.14,0.0
21150817:1709,13138.29,232.31,24.31,24.4,4.07,0.0
21150817:1809,3630.3,77.78,11.92,23.15,3.72,0.0
21150817:1909,0.0,0.0,0.0,21.52,3.31,0.0
21150817:2009,0.0,0.0,0.0,20.61,2.9,0.0
21150817:2109,0.0,0.0,0.0,20.37,2.62,0.0
21150817:2209,0.0,0.0,0.0,20.09,2.28,0.0
21150817:2309,0.0,0.0,0.0,19.96,2.0,0.0
21150818:0009,0.0,0.0,0.0,19.83,1.66,0.0
21150818:0109,0.0,0.0,0.0,19.79,1.31,0.0
21150818:0209,0.0,0.0,0.0,19.84,1.17,0.0
21150818:0309,0.0,0.0,0.0,19.88,1.45,0.0
21150818:0409,0.0,0.0,0.0,19.84,1.59,0.0
21150818:0509,0.0,0.0,0.0,19.76,1.66,0.0
21150818:0609,194.3,11.6,2.97,19.77,1.79,0.0
21150818:0709,5446.58,109.01,15.21,20.27,2.28,0.0
21150818:0809,9968.71,177.82,27.64,21.38,2.41,0.0
21150818:0909,11259.01,198.92,39.97,22.54,2.34,0.0
21150818:1009,13794.07,241.18,51.79,23.96,2.34,0.0
21150818:1109,16263.85,282.65,62.17,25.09,2.48,0.0
21150818:1209,28170.28,483.23,68.64,26.09,2.55,0.0
21150818:1309,26369.94,452.76,67.43,26.64,2.9,0.0
21150818:1409,51385.06,891.86,59.47,26.97,3.31,0.0
21150818:1509,45151.39,769.3,48.52,26.65,3.79,0.0
21150818:1609,34495.03,581.41,36.49,25.88,4.07,0.0
21150818:1709,18087.73,317.28,24.1,24.51,4.14,0.0
21150818:1809,5023.82,117.97,11.7,23.17,3.72,0.0
21150818:1909,0.0,0.0,0.0,21.73,3.31,0.0
21150818:2009,0.0,0.0,0.0,20.94,2.34,0.0
21150818:2109,0.0,0.0,0.0,20.58,1.45,0.0
21150818:2209,0.0,0.0,0.0,20.3,0.9,0.0
21150818:2309,0.0,0.0,0.0,19.92,0.76,0.0
21150819:0009,0.0,0.0,0.0,19.71,0.69,0.0
21150819:0109,0.0,0.0,0.0,19.69,0.48,0.0
21150819:0209,0.0,0.0,0.0,19.56,0.21,0.0
21150819:0309,0.0,0.0,0.0,19.33,0.41,0.0
21150819:0409,0.0,0.0,0.0,18.26,0.76,0.0
21150819:0509,0.0,0.0,0.0,17.84,1.03,0.0
21150819:0609,196.58,11.6,2.83,17.75,1.03,0.0
21150819:0709,5818.49,123.37,15.09,18.9,0.48,0.0
21150819:0809,19588.27,346.08,27.51,20.82,0.83,0.0
21150819:0909,34032.04,580.07,39.84,22.28,0.97,0.0
21150819:1009,44374.18,776.33,51.63,24.78,0.97,0.0
21150819:1109,51207.45,917.63,61.95,26.5,1.17,0.0
21150819:1209,55271.9,994.95,68.33,27.98,1.93,0.0
21150819:1309,56096.17,1001.08,67.11,28.8,2.76,0.0
21150819:1409,53035.88,930.33,59.19,28.76,3.38,0.0
21150819:1509,45574.91,782.45,48.28,27.98,3.72,0.0
21150819:1609,34206.61,580.81,36.27,26.84,3.66,0.0
21150819:1709,19518.44,346.08,23.88,25.69,3.38,0.0
21150819:1809,4879.61,115.19,11.48,24.36,3.03,0.0
21150819:1909,0.0,0.0,0.0,22.58,2.69,0.0
21150819:2009,0.0,0.0,0.0,21.6,2.0,0.0
21150819:2109,0.0,0.0,0.0,21.14,1.17,0.0
21150819:2209,0.0,0.0,0.0,20.77,0.41,0.0
21150819:2309,0.0,0.0,0.0,19.73,0.9,0.0
21150820:0009,0.0,0.0,0.0,19.17,1.17,0.0
21150820:0109,0.0,0.0,0.0,18.78,1.17,0.0
21150820:0209,0.0,0.0,0.0,18.5,1.03,0.0
21150820:0309,0.0,0.0,0.0,18.19,1.1,0.0
21150820:0409,0.0,0.0,0.0,18.03,1.17,0.0
21150820:0509,0.0,0.0,0.0,17.95,1.1,0.0
21150820:0609,196.58,11.6,2.7,17.9,1.17,0.0
21150820:0709,5658.34,125.24,14.96,19.68,1.17,0.0
21150820:0809,18310.88,322.73,27.39,22.32,1.38,0.0
21150820:0909,32621.06,557.53,39.7,24.13,1.45,0.0
21150820:1009,44758.23,778.19,51.47,25.71,1.66,0.0
21150820:1109,52080.3,919.59,61.73,26.88,2.14,0.0
21150820:1209,44919.9,784.97,68.02,27.61,2.62,0.0
21150820:1309,56635.06,1002.04,66.78,27.85,3.03,0.0
21150820:1409,44115.36,767.8,58.91,28.31,2.97,0.0
21150820:1509,30721.28,529.23,48.03,28.48,2.9,0.0
21150820:1609,31968.32,548.67,36.04,27.95,2.9,0.0
21150820:1709,17031.2,303.96,23.66,26.9,2.83,0.0
21150820:1809,4232.94,94.42,11.25,25.69,2.41,0.0
21150820:1909,0.0,0.0,0.0,23.55,2.34,0.0
21150820:2009,0.0,0.0,0.0,22.49,2.21,0.0
21150820:2109,0.0,0.0,0.0,21.86,1.79,0.0
21150820:2209,0.0,0.0,0.0,21.36,1.24,0.0
21150820:2309,0.0,0.0,0.0,20.64,0.83,0.0
21150821:0009,0.0,0.0,0.0,20.25,0.62,0.0
21150821:0109,0.0,0.0,0.0,20.48,0.41,0.0
21150821:0209,0.0,0.0,0.0,20.13,0.41,0.0
21150821:0309,0.0,0.0,0.0,19.44,0.69,0.0
21150821:0409,0.0,0.0,0.0,19.06,0.76,0.0
21150821:0509,0.0,0.0,0.0,19.54,0.48,0.0
21150821:0609,38.71,7.14,2.56,19.45,0.07,0.0
21150821:0709,4620.03,93.0,14.84,19.62,0.69,0.0
21150821:0809,12871.12,227.6,27.27,22.53,1.1,0.0
21150821:0909,23059.94,395.48,39.57,24.57,1.45,0.0
21150821:1009,44378.73,770.99,51.31,26.21,1.86,0.0
21150821:1109,53095.84,935.47,61.5,27.04,2.41,0.0
21150821:1209,53616.52,944.36,67.71,27.46,2.9,0.0
21150821:1309,23385.55,403.51,66.45,27.32,3.03,0.0
21150821:1409,35359.53,610.69,58.62,26.73,2.14,0.0
21150821:1509,23362.02,405.23,47.78,27.35,1.66,0.0
21150821:1609,30628.69,524.25,35.81,27.49,2.97,0.0
21150821:1709,18645.59,332.92,23.43,26.52,2.69,0.0
21150821:1809,4676.96,114.12,11.02,25.23,2.41,0.0
21150821:1909,0.0,0.0,0.0,23.56,2.41,0.0
21150821:2009,0.0,0.0,0.0,22.19,2.34,0.0
21150821:2109,0.0,0.0,0.0,21.38,1.93,0.0
21150821:2209,0.0,0.0,0.0,20.84,1.66,0.0
21150821:2309,0.0,0.0,0.0,20.42,1.52,0.0
21150822:0009,0.0,0.0,0.0,20.04,1.52,0.0
21150822:0109,0.0,0.0,0.0,19.74,1.52,0.0
21150822:0209,0.0,0.0,0.0,19.38,1.52,0.0
21150822:0309,0.0,0.0,0.0,19.17,1.66,0.0
21150822:0409,0.0,0.0,0.0,19.16,1.72,0.0
21150822:0509,0.0,0.0,0.0,19.16,1.93,0.0
21150822:0609,160.91,10.7,2.43,19.04,2.14,0.0
21150822:0709,5458.73,126.17,14.72,20.18,2.14,0.0
21150822:0809,15189.87,263.65,27.15,21.25,2.83,0.0
21150822:0909,27490.22,460.26,39.43,22.73,3.24,0.0
21150822:1009,41873.27,705.98,51.14,24.2,3.45,0.0
21150822:1109,46639.79,796.85,61.27,25.41,3.59,0.0
21150822:1209,56799.01,986.59,67.4,26.26,3.79,0.0
21150822:1309,57453.26,997.24,66.12,26.61,4.07,0.0
21150822:1409,53862.44,925.26,58.33,26.55,4.28,0.0
21150822:1509,45176.44,763.95,47.53,25.98,4.28,0.0
21150822:1609,34013.07,571.26,35.57,25.17,4.07,0.0
21150822:1709,12808.88,227.47,23.2,24.32,3.38,0.0
21150822:1809,3277.36,72.43,10.79,23.32,2.97,0.0
21150822:1909,0.0,0.0,0.0,22.21,2.83,0.0
21150822:2009,0.0,0.0,0.0,21.37,2.97,0.0
21150822:2109,0.0,0.0,0.0,20.95,2.69,0.0
21150822:2209,0.0,0.0,0.0,20.59,2.21,0.0
21150822:2309,0.0,0.0,0.0,20.49,1.86,0.0
21150823:0009,0.0,0.0,0.0,20.57,1.24,0.0
21150823:0109,0.0,0.0,0.0,20.48,0.9,0.0
21150823:0209,0.0,0.0,0.0,20.08,0.83,0.0
21150823:0309,0.0,0.0,0.0,19.97,0.9,0.0
21150823:0409,0.0,0.0,0.0,19.96,0.97,0.0
21150823:0509,0.0,0.0,0.0,19.6,1.03,0.0
21150823:0609,0.0,0.0,0.0,19.55,1.03,0.0
21150823:0709,4718.7,95.46,14.59,20.11,0.69,0.0
21150823:0809,14250.98,250.76,27.02,21.52,0.41,0.0
21150823:0909,28541.44,487.1,39.3,22.96,0.9,0.0
21150823:1009,26149.83,448.14,50.97,24.58,1.38,0.0
21150823:1109,51216.56,901.54,61.04,25.89,1.93,0.0
21150823:1209,55785.74,987.54,67.08,26.78,2.55,0.0
21150823:1309,56499.2,992.46,65.78,27.09,3.24,0.0
21150823:1409,53358.46,925.13,58.04,27.13,3.66,0.0
21150823:1509,44257.29,753.99,47.27,26.75,3.79,0.0
21150823:1609,34210.41,576.46,35.33,25.85,4.07,0.0
21150823:1709,19262.66,339.23,22.97,24.56,4.21,0.0
21150823:1809,4536.54,108.48,10.55,23.02,3.93,0.0
21150823:1909,0.0,0.0,0.0,21.25,3.52,0.0
21150823:2009,0.0,0.0,0.0,20.39,2.9,0.0
21150823:2109,0.0,0.0,0.0,19.94,2.34,0.0
21150823:2209,0.0,0.0,0.0,19.63,1.86,0.0
21150823:2309,0.0,0.0,0.0,19.42,1.38,0.0
21150824:0009,0.0,0.0,0.0,18.92,1.24,0.0
21150824:0109,0.0,0.0,0.0,18.48,0.97,0.0
21150824:0209,0.0,0.0,0.0,18.7,0.69,0.0
21150824:0309,0.0,0.0,0.0,18.71,0.55,0.0
21150824:0409,0.0,0.0,0.0,18.39,0.69,0.0
21150824:0509,0.0,0.0,0.0,17.66,0.9,0.0
21150824:0609,0.0,0.0,0.0,16.9,1.1,0.0
21150824:0709,5393.45,126.42,14.47,18.39,1.03,0.0
21150824:0809,20214.45,355.73,26.9,20.61,1.1,0.0
21150824:0909,28794.94,486.76,39.16,22.31,1.52,0.0
21150824:1009,31772.5,538.73,50.8,23.86,2.14,0.0
21150824:1109,49094.4,848.28,60.8,25.11,2.69,0.0
21150824:1209,56628.99,988.53,66.76,25.7,3.17,0.0
21150824:1309,57261.24,998.2,65.44,26.18,3.52,0.0
21150824:1409,53838.15,930.84,57.74,26.5,3.66,0.0
21150824:1509,46198.81,785.7,47.01,26.32,3.86,0.0
21150824:1609,34126.92,574.89,35.08,25.72,4.0,0.0
21150824:1709,19111.62,337.27,22.73,24.77,4.07,0.0
21150824:1809,4408.27,106.67,10.31,23.53,3.86,0.0
21150824:1909,0.0,0.0,0.0,22.02,3.31,0.0
21150824:2009,0.0,0.0,0.0,21.17,2.62,0.0
21150824:2109,0.0,0.0,0.0,20.63,2.14,0.0
21150824:2209,0.0,0.0,0.0,20.16,1.86,0.0
21150824:2309,0.0,0.0,0.0,19.77,1.79,0.0
21150825:0009,0.0,0.0,0.0,19.41,1.72,0.0
21150825:0109,0.0,0.0,0.0,19.15,1.72,0.0
21150825:0209,0.0,0.0,0.0,18.98,1.79,0.0
21150825:0309,0.0,0.0,0.0,18.92,1.79,0.0
21150825:0409,0.0,0.0,0.0,18.84,1.72,0.0
21150825:0509,0.0,0.0,0.0,18.86,1.59,0.0
21150825:0609,0.0,0.0,0.0,18.97,1.52,0.0
21150825:0709,4257.23,86.36,14.34,19.67,1.93,0.0
21150825:0809,13529.18,235.93,26.77,20.74,1.93,0.0
21150825:0909,29701.95,499.84,39.02,22.05,1.86,0.0
21150825:1009,45473.21,779.73,50.62,24.03,2.07,0.0
21150825:1109,52890.16,924.61,60.56,25.8,2.48,0.0
21150825:1209,56084.03,988.47,66.43,27.07,2.97,0.0
21150825:1309,56824.81,999.28,65.09,27.72,3.45,0.0
21150825:1409,53281.04,926.01,57.43,27.88,3.79,0.0
21150825:1509,45738.1,780.8,46.74,27.47,4.07,0.0
21150825:1609,33727.68,570.86,34.84,26.67,4.0,0.0
21150825:1709,18886.96,335.28,22.49,25.63,3.72,0.0
21150825:1809,4298.22,105.01,10.07,24.35,3.1,0.0
21150825:1909,0.0,0.0,0.0,22.67,2.55,0.0
21150825:2009,0.0,0.0,0.0,21.65,1.86,0.0
21150825:2109,0.0,0.0,0.0,20.96,1.45,0.0
21150825:2209,0.0,0.0,0.0,20.16,1.1,0.0
21150825:2309,0.0,0.0,0.0,19.54,0.9,0.0
21150826:0009,0.0,0.0,0.0,19.34,0.83,0.0
21150826:0109,0.0,0.0,0.0,19.72,0.55,0.0
21150826:0209,0.0,0.0,0.0,19.67,0.21,0.0
21150826:0309,0.0,0.0,0.0,19.13,0.62,0.0
21150826:0409,0.0,0.0,0.0,17.24,1.1,0.0
21150826:0509,0.0,0.0,0.0,16.5,1.24,0.0
21150826:0609,0.0,0.0,0.0,16.17,1.38,0.0
21150826:0709,5458.73,126.38,14.22,17.52,1.24,0.0
21150826:0809,20389.02,359.32,26.64,21.41,1.31,0.0
21150826:0909,34657.46,592.17,38.88,23.52,1.24,0.0
21150826:1009,45450.44,789.15,50.45,25.47,1.72,0.0
21150826:1109,52443.86,920.11,60.32,26.96,2.62,0.0
21150826:1209,56272.26,989.52,66.11,27.66,3.38,0.0
21150826:1309,57080.6,999.3,64.75,27.82,3.86,0.0
21150826:1409,53372.88,925.95,57.12,27.67,3.86,0.0
21150826:1509,45188.58,774.72,46.46,27.41,3.52,0.0
21150826:1609,33603.97,572.81,34.58,26.99,3.17,0.0
21150826:1709,18644.84,333.32,22.24,26.27,2.9,0.0
21150826:1809,4106.19,101.61,9.82,25.04,2.48,0.0
21150826:1909,0.0,0.0,0.0,23.29,2.07,0.0
21150826:2009,0.0,0.0,0.0,22.08,1.93,0.0
21150826:2109,0.0,0.0,0.0,21.26,1.72,0.0
21150826:2209,0.0,0.0,0.0,20.61,1.38,0.0
21150826:2309,0.0,0.0,0.0,19.96,0.97,0.0
21150827:0009,0.0,0.0,0.0,19.88,0.69,0.0
21150827:0109,0.0,0.0,0.0,19.75,0.62,0.0
21150827:0209,0.0,0.0,0.0,19.86,0.48,0.0
21150827:0309,0.0,0.0,0.0,19.36,0.69,0.0
21150827:0409,0.0,0.0,0.0,18.84,0.83,0.0
21150827:0509,0.0,0.0,0.0,18.58,0.83,0.0
21150827:0609,0.0,0.0,0.0,18.49,0.9,0.0
21150827:0709,5410.15,125.95,14.09,19.86,0.21,0.0
21150827:0809,20160.56,357.69,26.51,21.45,0.34,0.0
21150827:0909,34167.9,587.43,38.73,23.55,0.76,0.0
21150827:1009,45284.98,785.99,50.27,25.42,1.72,0.0
21150827:1109,52750.5,926.81,60.07,26.94,2.55,0.0
21150827:1209,55744.76,984.67,65.78,27.91,3.1,0.0
21150827:1309,56414.19,994.43,64.39,28.42,3.52,0.0
21150827:1409,52847.65,919.96,56.81,28.43,3.86,0.0
21150827:1509,44960.12,769.68,46.19,28.02,4.0,0.0
21150827:1609,32596.01,554.25,34.33,27.34,3.79,0.0
21150827:1709,11941.35,215.4,21.99,26.42,3.52,0.0
21150827:1809,2581.36,60.29,9.57,25.12,3.17,0.0
21150827:1909,0.0,0.0,0.0,23.38,2.69,0.0
21150827:2009,0.0,0.0,0.0,22.39,2.14,0.0
21150827:2109,0.0,0.0,0.0,21.85,1.31,0.0
21150827:2209,0.0,0.0,0.0,21.23,0.83,0.0
21150827:2309,0.0,0.0,0.0,20.79,0.62,0.0
21150828:0009,0.0,0.0,0.0,20.38,0.69,0.0
21150828:0109,0.0,0.0,0.0,19.94,0.76,0.0
21150828:0209,0.0,0.0,0.0,19.49,0.83,0.0
21150828:0309,0.0,0.0,0.0,18.98,0.97,0.0
21150828:0409,0.0,0.0,0.0,18.74,0.97,0.0
21150828:0509,0.0,0.0,0.0,18.38,0.97,0.0
21150828:0609,0.0,0.0,0.0,18.14,0.97,0.0
21150828:0709,5569.54,122.4,13.96,20.59,0.21,0.0
21150828:0809,19107.82,339.12,26.39,22.61,0.41,0.0
21150828:0909,33248.0,575.59,38.59,25.07,0.76,0.0
21150828:1009,44353.68,782.75,50.09,27.27,1.24,0.0
21150828:1109,51604.41,927.96,59.83,29.15,1.79,0.0
21150828:1209,55112.51,997.57,65.44,30.52,2.41,0.0
21150828:1309,55477.59,1000.44,64.04,31.2,2.9,0.0
21150828:1409,51716.74,919.9,56.49,31.32,3.24,0.0
21150828:1509,44085.0,769.39,45.91,30.88,3.45,0.0
21150828:1609,32290.9,558.84,34.06,30.18,3.24,0.0
21150828:1709,17242.96,313.2,21.74,29.18,2.62,0.0
21150828:1809,3303.93,78.67,9.31,27.96,1.72,0.0
21150828:1909,0.0,0.0,0.0,26.17,1.66,0.0
21150828:2009,0.0,0.0,0.0,24.94,1.52,0.0
21150828:2109,0.0,0.0,0.0,24.44,1.31,0.0
21150828:2209,0.0,0.0,0.0,24.04,1.66,0.0
21150828:2309,0.0,0.0,0.0,23.81,1.1,0.0
21150829:0009,0.0,0.0,0.0,23.41,0.55,0.0
21150829:0109,0.0,0.0,0.0,23.64,0.28,0.0
21150829:0209,0.0,0.0,0.0,23.22,0.41,0.0
21150829:0309,0.0,0.0,0.0,23.23,0.28,0.0
21150829:0409,0.0,0.0,0.0,22.77,1.86,0.0
21150829:0509,0.0,0.0,0.0,23.61,3.1,0.0
21150829:0609,0.0,0.0,0.0,24.4,2.9,0.0
21150829:0709,5262.15,126.29,13.84,25.56,2.0,0.0
21150829:0809,18851.28,340.98,26.26,28.03,1.45,0.0
21150829:0909,33356.53,589.26,38.44,30.74,1.45,0.0
21150829:1009,41515.78,751.66,49.9,33.79,1.59,0.0
21150829:1109,16422.48,302.18,59.57,36.56,1.72,0.0
21150829:1209,48972.96,931.5,65.11,38.58,1.59,0.0
21150829:1309,49121.72,939.68,63.68,39.54,1.59,0.0
21150829:1409,10762.62,205.42,56.17,38.1,1.72,0.0
21150829:1509,36644.52,670.88,45.62,38.38,2.07,0.0
21150829:1609,17186.8,314.78,33.8,37.6,2.55,0.0
21150829:1709,1386.69,38.46,21.48,35.86,2.28,0.0
21150829:1809,129.79,10.32,9.05,33.86,1.45,0.0
21150829:1909,0.0,0.0,0.0,33.47,0.9,0.0
21150829:2009,0.0,0.0,0.0,30.49,1.31,0.0
21150829:2109,0.0,0.0,0.0,29.02,2.21,0.0
21150829:2209,0.0,0.0,0.0,27.31,2.76,0.0
21150829:2309,0.0,0.0,0.0,26.02,2.62,0.0
21150830:0009,0.0,0.0,0.0,24.9,2.83,0.0
21150830:0109,0.0,0.0,0.0,23.96,2.97,0.0
21150830:0209,0.0,0.0,0.0,23.46,2.9,0.0
21150830:0309,0.0,0.0,0.0,23.1,2.76,0.0
21150830:0409,0.0,0.0,0.0,22.88,2.69,0.0
21150830:0509,0.0,0.0,0.0,22.68,2.55,0.0
21150830:0609,0.0,0.0,0.0,22.51,2.48,0.0
21150830:0709,5467.08,118.53,13.71,23.12,2.48,0.0
21150830:0809,6042.4,116.31,26.13,24.92,2.76,0.0
21150830:0909,27868.96,477.08,38.3,27.21,2.97,0.0
21150830:1009,39730.61,686.97,49.72,28.95,3.17,0.0
21150830:1109,47835.22,840.25,59.32,30.48,3.59,0.0
21150830:1209,52426.41,924.77,64.77,30.97,4.21,0.0
21150830:1309,53029.81,934.03,63.32,30.86,4.34,0.0
21150830:1409,46122.15,803.09,55.85,30.32,4.14,0.0
21150830:1509,35117.41,604.0,45.33,29.74,3.93,0.0
21150830:1609,27091.75,465.78,33.53,28.78,3.38,0.0
21150830:1709,6570.66,126.65,21.22,27.68,2.9,0.0
21150830:1809,1927.86,47.72,8.79,26.2,2.34,0.0
21150830:1909,0.0,0.0,0.0,24.81,2.14,0.0
21150830:2009,0.0,0.0,0.0,23.9,2.0,0.0
21150830:2109,0.0,0.0,0.0,23.25,1.72,0.0
21150830:2209,0.0,0.0,0.0,22.76,1.45,0.0
21150830:2309,0.0,0.0,0.0,22.43,1.31,0.0
21150831:0009,0.0,0.0,0.0,22.11,1.45,0.0
21150831:0109,0.0,0.0,0.0,21.89,1.38,0.0
21150831:0209,0.0,0.0,0.0,21.96,1.31,0.0
21150831:0309,0.0,0.0,0.0,21.8,1.31,0.0
21150831:0409,0.0,0.0,0.0,21.79,1.38,0.0
21150831:0509,0.0,0.0,0.0,21.67,1.31,0.0
21150831:0609,0.0,0.0,0.0,21.8,1.1,0.0
21150831:0709,5245.45,110.17,13.58,21.96,1.17,0.0
21150831:0809,14241.12,250.98,26.0,22.56,0.97,0.0
21150831:0909,18406.51,317.72,38.15,23.99,1.1,0.0
21150831:1009,34957.26,604.58,49.53,25.8,1.31,0.0
21150831:1109,47855.71,846.93,59.06,27.63,1.86,0.0
21150831:1209,51485.25,912.63,64.42,28.48,2.62,0.0
21150831:1309,53995.26,951.85,62.95,28.9,3.45,0.0
21150831:1409,49675.03,862.24,55.52,28.54,3.86,0.0
21150831:1509,42575.35,727.92,45.04,27.85,3.86,0.0
21150831:1609,30501.17,518.76,33.26,27.01,3.52,0.0
21150831:1709,15656.65,280.53,20.96,26.18,2.9,0.0
21150831:1809,3158.96,76.98,8.53,25.11,2.55,0.0
21150831:1909,0.0,0.0,0.0,23.36,2.55,0.0
21150831:2009,0.0,0.0,0.0,22.43,2.48,0.0
21150831:2109,0.0,0.0,0.0,21.97,2.28,0.0
21150831:2209,0.0,0.0,0.0,21.63,1.79,0.0
21150831:2309,0.0,0.0,0.0,21.34,1.38,0.0
21150901:0009,0.0,0.0,0.0,21.05,0.97,0.0
21150901:0109,0.0,0.0,0.0,20.79,0.97,0.0
21150901:0209,0.0,0.0,0.0,20.57,1.03,0.0
21150901:0309,0.0,0.0,0.0,20.29,1.03,0.0
21150901:0409,0.0,0.0,0.0,20.37,0.9,0.0
21150901:0509,0.0,0.0,0.0,20.41,0.9,0.0
21150901:0609,0.0,0.0,0.0,19.98,0.76,0.0
21150901:0709,5505.79,126.92,13.45,20.93,1.17,0.0
21150901:0809,18993.98,333.43,25.86,22.15,1.1,0.0
21150901:0909,33587.27,574.49,38.0,23.4,1.03,0.0
21150901:1009,45795.78,801.43,49.34,25.0,1.17,0.0
21150901:1109,53635.49,954.57,58.8,26.53,1.79,0.0
21150901:1209,59324.96,1058.97,64.08,27.51,2.69,0.0
21150901:1309,54550.85,958.33,62.59,27.71,3.31,0.0
21150901:1409,49653.78,860.97,55.19,27.45,3.45,0.0
21150901:1509,45615.9,781.2,44.74,26.84,3.38,0.0
21150901:1609,33071.91,561.89,32.99,26.22,3.1,0.0
21150901:1709,17992.1,321.21,20.69,25.34,2.97,0.0
21150901:1809,3400.32,86.58,8.26,24.12,2.9,0.0
21150901:1909,0.0,0.0,0.0,22.46,2.48,0.0
21150901:2009,0.0,0.0,0.0,21.63,1.93,0.0
21150901:2109,0.0,0.0,0.0,21.11,1.59,0.0
21150901:2209,0.0,0.0,0.0,20.77,1.45,0.0
21150901:2309,0.0,0.0,0.0,20.22,1.45,0.0
21150902:0009,0.0,0.0,0.0,19.86,1.38,0.0
21150902:0109,0.0,0.0,0.0,19.39,1.31,0.0
21150902:0209,0.0,0.0,0.0,19.28,0.9,0.0
21150902:0309,0.0,0.0,0.0,19.48,0.69,0.0
21150902:0409,0.0,0.0,0.0,19.6,0.76,0.0
21150902:0509,0.0,0.0,0.0,19.68,0.76,0.0
21150902:0609,0.0,0.0,0.0,19.6,0.83,0.0
21150902:0709,5413.95,114.54,13.33,20.62,1.31,0.0
21150902:0809,15030.48,261.94,25.73,21.36,1.66,0.0
21150902:0909,9929.24,177.41,37.84,22.09,2.07,0.0
21150902:1009,18834.59,321.77,49.14,23.19,2.34,0.0
21150902:1109,30735.7,520.45,58.54,23.93,2.62,0.0
21150902:1209,57459.34,1007.07,63.73,24.94,2.76,0.0
21150902:1309,57216.46,1001.56,62.21,25.42,2.97,0.0
21150902:1409,50396.84,872.52,54.85,25.74,2.9,0.0
21150902:1509,45650.81,780.02,44.44,25.99,3.17,0.0
21150902:1609,32832.06,552.66,32.71,25.11,3.66,0.0
21150902:1709,17900.26,316.75,20.42,23.96,3.72,0.0
21150902:1809,3320.63,85.6,7.99,22.58,3.66,0.0
21150902:1909,0.0,0.0,0.0,21.15,3.17,0.0
21150902:2009,0.0,0.0,0.0,20.41,2.83,0.0
21150902:2109,0.0,0.0,0.0,20.01,2.41,0.0
21150902:2209,0.0,0.0,0.0,19.78,2.21,0.0
21150902:2309,0.0,0.0,0.0,19.75,2.14,0.0
21150903:0009,0.0,0.0,0.0,19.7,2.0,0.0
21150903:0109,0.0,0.0,0.0,19.65,1.86,0.0
21150903:0209,0.0,0.0,0.0,19.44,1.79,0.0
21150903:0309,0.0,0.0,0.0,19.22,1.72,0.0
21150903:0409,0.0,0.0,0.0,18.9,1.59,0.0
21150903:0509,0.0,0.0,0.0,18.8,1.66,0.0
21150903:0609,0.0,0.0,0.0,18.73,1.66,0.0
21150903:0709,5407.88,113.7,13.2,19.42,1.72,0.0
21150903:0809,16363.28,282.98,25.6,20.21,1.72,0.0
21150903:0909,29478.04,494.56,37.69,21.35,1.72,0.0
21150903:1009,38271.06,647.37,48.95,22.36,1.93,0.0
21150903:1109,43848.19,750.14,58.27,23.46,2.28,0.0
21150903:1209,43228.09,738.58,63.38,24.23,2.83,0.0
21150903:1309,50502.34,866.36,61.84,24.8,3.52,0.0
21150903:1409,49472.38,841.25,54.51,24.62,3.86,0.0
21150903:1509,44003.02,739.48,44.14,24.26,3.86,0.0
21150903:1609,31978.19,533.5,32.43,23.51,3.86,0.0
21150903:1709,18178.05,319.96,20.15,22.56,3.66,0.0
21150903:1809,3288.75,87.6,7.72,21.37,3.45,0.0
21150903:1909,0.0,0.0,0.0,20.23,2.97,0.0
21150903:2009,0.0,0.0,0.0,19.67,2.41,0.0
21150903:2109,0.0,0.0,0.0,19.31,1.79,0.0
21150903:2209,0.0,0.0,0.0,18.95,1.17,0.0
21150903:2309,0.0,0.0,0.0,18.65,0.76,0.0
21150904:0009,0.0,0.0,0.0,18.63,0.55,0.0
21150904:0109,0.0,0.0,0.0,17.78,0.76,0.0
21150904:0209,0.0,0.0,0.0,16.75,0.97,0.0
21150904:0309,0.0,0.0,0.0,16.7,0.83,0.0
21150904:0409,0.0,0.0,0.0,16.79,0.69,0.0
21150904:0509,0.0,0.0,0.0,16.69,0.62,0.0
21150904:0609,0.0,0.0,0.0,16.87,0.62,0.0
21150904:0709,4812.82,98.52,13.07,18.32,0.48,0.0
21150904:0809,10443.84,185.36,25.46,20.0,0.76,0.0
21150904:0909,10777.8,190.7,37.53,21.32,1.38,0.0
21150904:1009,38524.56,652.26,48.75,22.19,1.79,0.0
21150904:1109,35003.56,593.12,58.0,23.12,2.21,0.0
21150904:1209,41300.23,704.47,63.03,24.04,2.69,0.0
21150904:1309,51284.11,879.32,61.47,24.37,3.45,0.0
21150904:1409,54534.15,935.17,54.17,24.59,3.59,0.0
21150904:1509,46420.44,782.89,43.84,24.29,3.66,0.0
21150904:1609,32903.41,549.34,32.14,23.6,3.79,0.0
21150904:1709,17238.41,303.53,19.88,22.56,3.59,0.0
21150904:1809,3108.11,81.93,7.45,21.37,3.38,0.0
21150904:1909,0.0,0.0,0.0,19.92,3.17,0.0
21150904:2009,0.0,0.0,0.0,19.28,2.48,0.0
21150904:2109,0.0,0.0,0.0,19.02,2.0,0.0
21150904:2209,0.0,0.0,0.0,18.48,1.45,0.0
21150904:2309,0.0,0.0,0.0,17.87,1.1,0.0
21150905:0009,0.0,0.0,0.0,17.56,0.83,0.0
21150905:0109,0.0,0.0,0.0,17.44,0.76,0.0
21150905:0209,0.0,0.0,0.0,17.1,0.76,0.0
21150905:0309,0.0,0.0,0.0,16.47,0.9,0.0
21150905:0409,0.0,0.0,0.0,15.85,0.97,0.0
21150905:0509,0.0,0.0,0.0,15.81,0.9,0.0
21150905:0609,0.0,0.0,0.0,15.8,0.9,0.0
21150905:0709,5554.36,129.66,12.94,17.84,0.41,0.0
21150905:0809,21091.09,367.91,25.32,19.37,0.48,0.0
21150905:0909,36003.16,611.12,37.37,21.23,0.9,0.0
21150905:1009,47058.0,815.73,48.55,22.84,1.17,0.0
21150905:1109,55148.18,968.85,57.72,24.4,2.0,0.0
21150905:1209,59274.11,1044.53,62.68,25.38,2.76,0.0
21150905:1309,57756.86,1008.44,61.09,25.71,3.31,0.0
21150905:1409,53278.0,917.29,53.83,25.47,3.52,0.0
21150905:1509,43545.35,736.48,43.53,25.01,3.52,0.0
21150905:1609,23845.5,401.88,31.85,24.22,3.59,0.0
21150905:1709,17574.64,310.95,19.6,23.09,3.38,0.0
21150905:1809,2715.7,69.65,7.17,21.87,2.76,0.0
21150905:1909,0.0,0.0,0.0,20.61,2.14,0.0
21150905:2009,0.0,0.0,0.0,19.88,1.86,0.0
21150905:2109,0.0,0.0,0.0,19.34,1.59,0.0
21150905:2209,0.0,0.0,0.0,18.65,1.31,0.0
21150905:2309,0.0,0.0,0.0,17.81,0.97,0.0
21150906:0009,0.0,0.0,0.0,17.69,0.76,0.0
21150906:0109,0.0,0.0,0.0,17.48,0.62,0.0
21150906:0209,0.0,0.0,0.0,16.66,0.9,0.0
21150906:0309,0.0,0.0,0.0,15.97,1.31,0.0
21150906:0409,0.0,0.0,0.0,15.79,1.45,0.0
21150906:0509,0.0,0.0,0.0,15.63,1.45,0.0
21150906:0609,0.0,0.0,0.0,15.46,1.38,0.0
21150906:0709,5613.56,130.35,12.81,16.94,0.76,0.0
21150906:0809,21145.74,370.56,25.19,19.71,0.14,0.0
21150906:0909,36028.97,615.56,37.21,21.92,0.69,0.0
21150906:1009,47075.46,820.66,48.34,23.89,1.17,0.0
21150906:1109,54683.67,970.42,57.45,25.63,1.79,0.0
21150906:1209,58838.44,1051.1,62.32,26.87,2.41,0.0
21150906:1309,58370.9,1032.81,60.71,27.42,3.1,0.0
21150906:1409,54329.98,944.85,53.48,27.29,3.59,0.0
21150906:1509,46309.63,789.94,43.21,26.67,3.72,0.0
21150906:1609,33539.45,566.75,31.56,25.79,3.59,0.0
21150906:1709,17974.64,321.01,19.32,24.68,3.38,0.0
21150906:1809,2827.28,78.43,6.89,23.36,2.97,0.0
21150906:1909,0.0,0.0,0.0,21.73,2.41,0.0
21150906:2009,0.0,0.0,0.0,20.9,1.79,0.0
21150906:2109,0.0,0.0,0.0,20.35,1.38,0.0
21150906:2209,0.0,0.0,0.0,19.71,1.03,0.0
21150906:2309,0.0,0.0,0.0,19.35,0.62,0.0
21150907:0009,0.0,0.0,0.0,19.42,0.21,0.0
21150907:0109,0.0,0.0,0.0,19.08,0.07,0.0
21150907:0209,0.0,0.0,0.0,18.72,0.41,0.0
21150907:0309,0.0,0.0,0.0,18.12,0.62,0.0
21150907:0409,0.0,0.0,0.0,17.82,0.62,0.0
21150907:0509,0.0,0.0,0.0,17.43,0.83,0.0
21150907:0609,0.0,0.0,0.0,16.1,1.24,0.0
21150907:0709,5587.0,129.15,12.68,18.4,0.55,0.0
21150907:0809,19595.86,343.01,25.05,20.55,0.21,0.0
21150907:0909,34980.79,599.38,37.05,22.69,0.69,0.0
21150907:1009,44490.3,773.56,48.14,24.59,1.31,0.0
21150907:1109,54793.73,966.08,57.17,26.01,2.28,0.0
21150907:1209,58716.24,1039.42,61.96,26.76,2.9,0.0
21150907:1309,57910.18,1020.62,60.33,27.02,3.17,0.0
21150907:1409,52941.01,915.21,53.13,26.49,3.59,0.0
21150907:1509,43814.79,743.4,42.9,25.76,3.59,0.0
21150907:1609,27322.48,460.88,31.27,24.91,3.38,0.0
21150907:1709,17696.09,315.4,19.04,23.96,3.24,0.0
21150907:1809,2419.69,64.16,6.61,22.79,2.62,0.0
21150907:1909,0.0,0.0,0.0,21.22,2.07,0.0
21150907:2009,0.0,0.0,0.0,20.47,1.52,0.0
21150907:2109,0.0,0.0,0.0,19.84,1.03,0.0
21150907:2209,0.0,0.0,0.0,19.05,0.69,0.0
21150907:2309,0.0,0.0,0.0,18.44,0.76,0.0
21150908:0009,0.0,0.0,0.0,18.13,0.76,0.0
21150908:0109,0.0,0.0,0.0,18.4,0.62,0.0
21150908:0209,0.0,0.0,0.0,18.21,0.62,0.0
21150908:0309,0.0,0.0,0.0,17.95,0.55,0.0
21150908:0409,0.0,0.0,0.0,17.77,0.55,0.0
21150908:0509,0.0,0.0,0.0,17.37,0.69,0.0
21150908:0609,0.0,0.0,0.0,15.85,1.17,0.0
21150908:0709,4500.87,92.49,12.54,17.95,0.69,0.0
21150908:0809,10434.73,185.31,24.91,19.7,0.34,0.0
21150908:0909,29963.8,510.28,36.89,21.55,0.41,0.0
21150908:1009,46388.56,808.42,47.93,23.53,1.03,0.0
21150908:1109,53728.09,955.51,56.89,25.31,1.52,0.0
21150908:1209,58317.01,1039.91,61.6,26.48,2.34,0.0
21150908:1309,57747.76,1014.55,59.94,26.85,3.31,0.0
21150908:1409,54105.32,932.66,52.78,26.43,3.93,0.0
21150908:1509,44735.46,757.19,42.58,25.65,3.86,0.0
21150908:1609,32081.41,540.64,30.98,24.97,3.38,0.0
21150908:1709,16460.43,294.0,18.75,24.12,2.97,0.0
21150908:1809,2577.56,72.53,6.33,22.93,2.69,0.0
21150908:1909,0.0,0.0,0.0,21.35,2.34,0.0
21150908:2009,0.0,0.0,0.0,20.52,1.79,0.0
21150908:2109,0.0,0.0,0.0,19.85,1.38,0.0
21150908:2209,0.0,0.0,0.0,18.91,0.9,0.0
21150908:2309,0.0,0.0,0.0,19.22,0.48,0.0
21150909:0009,0.0,0.0,0.0,18.91,0.14,0.0
21150909:0109,0.0,0.0,0.0,17.43,0.9,0.0
21150909:0209,0.0,0.0,0.0,17.55,0.69,0.0
21150909:0309,0.0,0.0,0.0,17.87,0.34,0.0
21150909:0409,0.0,0.0,0.0,17.61,0.76,0.0
21150909:0509,0.0,0.0,0.0,17.48,0.83,0.0
21150909:0609,0.0,0.0,0.0,17.01,1.1,0.0
21150909:0709,5494.4,120.65,12.41,18.5,0.76,0.0
21150909:0809,20328.3,352.67,24.77,20.4,1.24,0.0
21150909:0909,35910.57,604.96,36.72,21.55,1.59,0.0
21150909:1009,47574.88,819.32,47.72,23.25,1.72,0.0
21150909:1109,54870.39,967.01,56.6,24.78,1.93,0.0
21150909:1209,58842.23,1046.68,61.23,26.75,2.62,0.0
21150909:1309,58037.69,1020.22,59.56,27.23,3.45,0.0
21150909:1409,51844.25,895.36,52.42,27.42,4.0,0.0
21150909:1509,43610.62,740.56,42.26,26.89,4.14,0.0
21150909:1609,23969.98,406.67,30.68,26.08,4.0,0.0
21150909:1709,16137.86,289.12,18.47,25.02,3.72,0.0
21150909:1809,2302.05,64.55,6.05,23.62,3.17,0.0
21150909:1909,0.0,0.0,0.0,21.92,2.48,0.0
21150909:2009,0.0,0.0,0.0,21.04,1.66,0.0
21150909:2109,0.0,0.0,0.0,20.31,0.83,0.0
21150909:2209,0.0,0.0,0.0,19.63,0.69,0.0
21150909:2309,0.0,0.0,0.0,18.72,0.97,0.0
21150910:0009,0.0,0.0,0.0,17.96,1.17,0.0
21150910:0109,0.0,0.0,0.0,17.67,1.17,0.0
21150910:0209,0.0,0.0,0.0,17.47,1.17,0.0
21150910:0309,0.0,0.0,0.0,17.53,1.1,0.0
21150910:0409,0.0,0.0,0.0,17.73,1.24,0.0
21150910:0509,0.0,0.0,0.0,18.19,1.31,0.0
21150910:0609,0.0,0.0,0.0,18.31,1.45,0.0
21150910:0709,5607.49,126.26,12.28,19.15,1.45,0.0
21150910:0809,17759.84,307.3,24.62,20.55,1.45,0.0
21150910:0909,35823.28,609.54,36.56,22.54,1.17,0.0
21150910:1009,46965.4,819.73,47.5,24.83,1.38,0.0
21150910:1109,53707.6,956.32,56.31,27.0,1.93,0.0
21150910:1209,57372.81,1028.3,60.87,28.35,2.55,0.0
21150910:1309,56883.26,1012.95,59.17,29.02,3.1,0.0
21150910:1409,53014.63,930.88,52.07,29.09,3.45,0.0
21150910:1509,44938.87,774.2,41.94,28.59,3.59,0.0
21150910:1609,32511.77,554.85,30.38,27.6,3.45,0.0
21150910:1709,17092.68,308.9,18.18,26.21,3.38,0.0
21150910:1809,2199.58,63.95,5.76,24.37,3.1,0.0
21150910:1909,0.0,0.0,0.0,22.26,2.83,0.0
21150910:2009,0.0,0.0,0.0,21.17,2.21,0.0
21150910:2109,0.0,0.0,0.0,20.55,1.66,0.0
21150910:2209,0.0,0.0,0.0,19.95,1.31,0.0
21150910:2309,0.0,0.0,0.0,19.4,0.9,0.0
21150911:0009,0.0,0.0,0.0,19.55,0.48,0.0
21150911:0109,0.0,0.0,0.0,19.56,0.28,0.0
21150911:0209,0.0,0.0,0.0,19.32,0.14,0.0
21150911:0309,0.0,0.0,0.0,19.07,0.14,0.0
21150911:0409,0.0,0.0,0.0,19.0,0.28,0.0
21150911:0509,0.0,0.0,0.0,18.7,0.41,0.0
21150911:0609,0.0,0.0,0.0,18.63,0.55,0.0
21150911:0709,5024.58,105.87,12.14,19.23,0.69,0.0
21150911:0809,19271.01,334.79,24.48,20.1,0.55,0.0
21150911:0909,32879.88,558.62,36.39,21.84,0.83,0.0
21150911:1009,43351.04,745.96,47.29,23.57,1.52,0.0
21150911:1109,42606.46,734.56,56.02,24.81,2.07,0.0
21150911:1209,52874.22,930.72,60.5,25.77,2.28,0.0
21150911:1309,16186.43,282.99,58.78,26.55,2.76,0.0
21150911:1409,51853.36,899.92,51.71,27.05,3.38,0.0
21150911:1509,43890.69,746.8,41.62,26.6,3.72,0.0
21150911:1609,29629.08,500.6,30.08,25.61,3.52,0.0
21150911:1709,15805.42,283.33,17.89,24.38,3.31,0.0
21150911:1809,1554.43,46.16,5.47,22.86,3.24,0.0
21150911:1909,0.0,0.0,0.0,21.17,2.34,0.0
21150911:2009,0.0,0.0,0.0,20.36,2.28,0.0
21150911:2109,0.0,0.0,0.0,19.88,1.93,0.0
21150911:2209,0.0,0.0,0.0,19.55,1.17,0.0
21150911:2309,0.0,0.0,0.0,19.14,1.45,0.0
21150912:0009,0.0,0.0,0.0,18.88,1.1,0.0
21150912:0109,0.0,0.0,0.0,18.67,1.31,0.0
21150912:0209,0.0,0.0,0.0,18.53,1.31,0.0
21150912:0309,0.0,0.0,0.0,18.87,1.31,0.0
21150912:0409,0.0,0.0,0.0,18.56,1.1,0.0
21150912:0509,0.0,0.0,0.0,18.59,0.9,0.0
21150912:0609,0.0,0.0,0.0,18.5,0.83,0.0
21150912:0709,5583.2,125.26,12.01,18.98,0.97,0.0
21150912:0809,19896.43,343.56,24.34,20.33,1.59,0.0
21150912:0909,29403.66,494.12,36.22,21.49,1.52,0.0
21150912:1009,39179.58,667.97,47.07,22.44,1.38,0.0
21150912:1109,39511.26,677.43,55.73,24.17,1.93,0.0
21150912:1209,55307.57,970.59,60.13,25.03,2.48,0.0
21150912:1309,57365.22,1005.88,58.39,25.52,2.9,0.0
21150912:1409,49542.97,856.07,51.35,25.87,2.97,0.0
21150912:1509,44897.89,765.48,41.29,25.54,3.03,0.0
21150912:1609,32378.18,546.63,29.78,25.03,3.17,0.0
21150912:1709,16474.85,295.03,17.6,23.92,3.38,0.0
21150912:1809,1647.79,52.71,5.18,22.44,3.1,0.0
21150912:1909,0.0,0.0,0.0,20.98,3.03,0.0
21150912:2009,0.0,0.0,0.0,20.21,2.28,0.0
21150912:2109,0.0,0.0,0.0,19.65,1.66,0.0
21150912:2209,0.0,0.0,0.0,18.98,1.1,0.0
21150912:2309,0.0,0.0,0.0,18.32,0.9,0.0
21150913:0009,0.0,0.0,0.0,18.33,0.69,0.0
21150913:0109,0.0,0.0,0.0,17.83,0.76,0.0
21150913:0209,0.0,0.0,0.0,17.7,0.69,0.0
21150913:0309,0.0,0.0,0.0,17.8,0.55,0.0
21150913:0409,0.0,0.0,0.0,17.7,0.62,0.0
21150913:0509,0.0,0.0,0.0,17.62,0.62,0.0
21150913:0609,0.0,0.0,0.0,16.92,0.97,0.0
21150913:0709,5214.33,110.41,11.87,17.02,1.17,0.0
21150913:0809,20932.46,361.12,24.19,19.88,1.45,0.0
21150913:0909,27912.22,467.24,36.04,21.93,2.28,0.0
21150913:1009,44289.17,751.8,46.84,23.56,2.62,0.0
21150913:1109,54361.1,940.68,55.43,24.97,3.1,0.0
21150913:1209,58982.65,1028.5,59.76,25.77,3.59,0.0
21150913:1309,58034.66,1006.15,58.0,26.15,4.07,0.0
21150913:1409,54203.98,927.14,50.99,25.95,4.41,0.0
21150913:1509,45801.86,768.76,40.96,25.25,4.69,0.0
21150913:1609,32809.29,547.15,29.47,24.22,4.55,0.0
21150913:1709,16798.19,299.66,17.31,23.14,3.93,0.0
21150913:1809,1488.4,48.55,4.89,22.01,2.76,0.0
21150913:1909,0.0,0.0,0.0,20.54,2.55,0.0
21150913:2009,0.0,0.0,0.0,19.74,2.34,0.0
21150913:2109,0.0,0.0,0.0,19.22,2.07,0.0
21150913:2209,0.0,0.0,0.0,18.75,1.79,0.0
21150913:2309,0.0,0.0,0.0,18.32,1.59,0.0
21150914:0009,0.0,0.0,0.0,17.82,1.45,0.0
21150914:0109,0.0,0.0,0.0,17.35,1.52,0.0
21150914:0209,0.0,0.0,0.0,17.04,1.52,0.0
21150914:0309,0.0,0.0,0.0,16.89,1.59,0.0
21150914:0409,0.0,0.0,0.0,17.09,1.66,0.0
21150914:0509,0.0,0.0,0.0,17.25,1.72,0.0
21150914:0609,0.0,0.0,0.0,17.3,1.79,0.0
21150914:0709,5193.84,110.99,11.74,17.81,1.45,0.0
21150914:0809,15634.64,269.76,24.04,19.79,1.59,0.0
21150914:0909,33880.24,567.99,35.87,21.74,2.0,0.0
21150914:1009,47404.86,813.54,46.62,23.41,2.0,0.0
21150914:1109,54210.82,952.75,55.14,24.92,2.07,0.0
21150914:1209,57906.39,1028.98,59.39,26.2,2.41,0.0
21150914:1309,57784.95,1017.69,57.61,26.58,3.03,0.0
21150914:1409,53501.15,926.29,50.62,26.55,3.52,0.0
21150914:1509,44917.62,762.1,40.63,25.93,3.72,0.0
21150914:1609,31459.03,529.46,29.17,25.04,3.66,0.0
21150914:1709,15866.9,284.83,17.01,23.94,3.38,0.0
21150914:1809,1183.28,37.79,4.6,22.64,2.9,0.0
21150914:1909,0.0,0.0,0.0,21.2,2.28,0.0
21150914:2009,0.0,0.0,0.0,20.48,1.59,0.0
21150914:2109,0.0,0.0,0.0,19.78,0.97,0.0
21150914:2209,0.0,0.0,0.0,19.69,0.48,0.0
21150914:2309,0.0,0.0,0.0,18.03,1.03,0.0
21150915:0009,0.0,0.0,0.0,17.5,1.1,0.0
21150915:0109,0.0,0.0,0.0,17.23,1.03,0.0
21150915:0209,0.0,0.0,0.0,17.08,1.03,0.0
21150915:0309,0.0,0.0,0.0,17.05,1.1,0.0
21150915:0409,0.0,0.0,0.0,16.82,1.24,0.0
21150915:0509,0.0,0.0,0.0,16.8,1.24,0.0
21150915:0609,0.0,0.0,0.0,17.28,1.1,0.0
21150915:0709,4740.71,99.81,11.6,18.12,0.97,0.0
21150915:0809,9376.69,168.07,23.89,20.07,0.9,0.0
21150915:0909,18625.1,319.18,35.69,21.63,0.34,0.0
21150915:1009,37841.46,650.79,46.39,23.11,0.9,0.0
21150915:1109,41452.79,713.14,54.84,24.57,2.0,0.0
21150915:1209,47914.91,825.56,59.01,25.27,3.03,0.0
21150915:1309,58351.16,1011.34,57.21,25.08,3.66,0.0
21150915:1409,54205.5,931.1,50.26,25.07,3.59,0.0
21150915:1509,45377.57,765.5,40.3,24.75,3.72,0.0
21150915:1609,31882.55,534.37,28.86,24.11,3.59,0.0
21150915:1709,15705.99,281.36,16.72,23.13,3.24,0.0
21150915:1809,1244.76,43.26,4.31,21.94,2.69,0.0
21150915:1909,0.0,0.0,0.0,20.74,2.14,0.0
21150915:2009,0.0,0.0,0.0,19.97,1.38,0.0
21150915:2109,0.0,0.0,0.0,19.37,0.48,0.0
21150915:2209,0.0,0.0,0.0,18.89,0.62,0.0
21150915:2309,0.0,0.0,0.0,16.97,1.38,0.0
21150916:0009,0.0,0.0,0.0,16.3,1.38,0.0
21150916:0109,0.0,0.0,0.0,15.9,1.45,0.0
21150916:0209,0.0,0.0,0.0,15.79,1.66,0.0
21150916:0309,0.0,0.0,0.0,15.7,1.72,0.0
21150916:0409,0.0,0.0,0.0,15.55,1.72,0.0
21150916:0509,0.0,0.0,0.0,15.35,1.72,0.0
21150916:0609,0.0,0.0,0.0,15.3,1.86,0.0
21150916:0709,5749.42,129.47,11.46,16.36,1.72,0.0
21150916:0809,21655.79,372.15,23.74,19.77,1.86,0.0
21150916:0909,35597.1,598.75,35.51,21.99,1.86,0.0
21150916:1009,46422.72,794.61,46.16,23.7,2.21,0.0
21150916:1109,54606.26,953.54,54.53,25.09,2.55,0.0
21150916:1209,57741.68,1015.35,58.64,26.22,3.03,0.0
21150916:1309,57748.52,1010.56,56.82,26.68,3.52,0.0
21150916:1409,53519.37,923.46,49.89,26.83,3.93,0.0
21150916:1509,45099.78,763.35,39.97,26.28,4.21,0.0
21150916:1609,32053.33,539.39,28.55,25.5,4.07,0.0
21150916:1709,15886.63,286.22,16.42,24.38,3.86,0.0
21150916:1809,1132.43,41.16,4.02,23.01,3.31,0.0
21150916:1909,0.0,0.0,0.0,21.58,2.83,0.0
21150916:2009,0.0,0.0,0.0,20.84,2.41,0.0
21150916:2109,0.0,0.0,0.0,20.25,2.21,0.0
21150916:2209,0.0,0.0,0.0,19.69,2.21,0.0
21150916:2309,0.0,0.0,0.0,19.2,2.28,0.0
21150917:0009,0.0,0.0,0.0,18.77,2.28,0.0
21150917:0109,0.0,0.0,0.0,18.46,2.41,0.0
21150917:0209,0.0,0.0,0.0,18.48,2.55,0.0
21150917:0309,0.0,0.0,0.0,18.56,2.62,0.0
21150917:0409,0.0,0.0,0.0,18.64,2.55,0.0
21150917:0509,0.0,0.0,0.0,18.64,2.55,0.0
21150917:0609,0.0,0.0,0.0,18.9,2.48,0.0
21150917:0709,5642.41,127.26,11.32,19.66,2.14,0.0
21150917:0809,20507.42,353.31,23.59,20.79,2.0,0.0
21150917:0909,17818.28,303.74,35.33,22.12,1.86,0.0
21150917:1009,30935.32,522.55,45.93,22.93,1.86,0.0
21150917:1109,38151.14,647.2,54.23,23.06,2.21,0.0
21150917:1209,41354.87,697.87,58.26,23.05,3.17,0.0
21150917:1309,41817.86,699.16,56.42,22.93,4.21,0.0
21150917:1409,49391.92,823.22,49.52,22.05,4.48,0.0
21150917:1509,45743.41,756.51,39.63,21.63,4.21,0.0
21150917:1609,32426.0,536.66,28.24,21.92,3.93,0.0
21150917:1709,15979.23,284.77,16.13,21.63,3.59,0.0
21150917:1809,979.87,35.57,3.73,20.99,3.31,0.0
21150917:1909,0.0,0.0,0.0,19.91,2.76,0.0
21150917:2009,0.0,0.0,0.0,19.43,2.28,0.0
21150917:2109,0.0,0.0,0.0,19.05,1.93,0.0
21150917:2209,0.0,0.0,0.0,18.73,1.66,0.0
21150917:2309,0.0,0.0,0.0,18.35,1.59,0.0
21150918:0009,0.0,0.0,0.0,17.98,1.66,0.0
21150918:0109,0.0,0.0,0.0,17.57,1.72,0.0
21150918:0209,0.0,0.0,0.0,17.15,1.72,0.0
21150918:0309,0.0,0.0,0.0,16.83,1.72,0.0
21150918:0409,0.0,0.0,0.0,16.59,1.72,0.0
21150918:0509,0.0,0.0,0.0,16.38,1.66,0.0
21150918:0609,0.0,0.0,0.0,16.21,1.59,0.0
21150918:0709,5701.61,127.0,11.18,16.19,1.24,0.0
21150918:0809,20727.53,355.14,23.43,18.82,1.31,0.0
21150918:0909,36676.4,615.02,35.14,20.82,1.66,0.0
21150918:1009,47732.75,814.92,45.7,22.74,2.14,0.0
21150918:1109,54863.56,953.23,53.92,24.3,2.62,0.0
21150918:1209,58716.24,1028.61,57.88,25.43,3.1,0.0
21150918:1309,58276.78,1014.85,56.03,26.01,3.66,0.0
21150918:1409,53678.76,920.54,49.15,25.94,4.07,0.0
21150918:1509,45054.24,758.92,39.3,25.38,4.21,0.0
21150918:1609,31648.02,530.74,27.93,24.6,3.93,0.0
21150918:1709,15501.82,279.46,15.83,23.62,3.45,0.0
21150918:1809,861.46,33.11,3.43,22.36,2.69,0.0
21150918:1909,0.0,0.0,0.0,20.95,2.0,0.0
21150918:2009,0.0,0.0,0.0,20.16,1.45,0.0
21150918:2109,0.0,0.0,0.0,19.5,1.24,0.0
21150918:2209,0.0,0.0,0.0,18.73,1.59,0.0
21150918:2309,0.0,0.0,0.0,18.2,1.66,0.0
21150919:0009,0.0,0.0,0.0,17.77,1.59,0.0
21150919:0109,0.0,0.0,0.0,17.37,1.59,0.0
21150919:0209,0.0,0.0,0.0,17.07,1.66,0.0
21150919:0309,0.0,0.0,0.0,16.88,1.72,0.0
21150919:0409,0.0,0.0,0.0,16.72,1.79,0.0
21150919:0509,0.0,0.0,0.0,16.58,1.86,0.0
21150919:0609,0.0,0.0,0.0,16.46,2.0,0.0
21150919:0709,5717.55,127.74,11.04,16.92,1.52,0.0
21150919:0809,21606.45,373.6,23.28,20.28,1.1,0.0
21150919:0909,35195.59,607.48,34.96,23.16,0.34,0.0
21150919:1009,45661.44,811.05,45.46,25.34,0.55,0.0
21150919:1109,52222.24,941.32,53.61,27.17,1.24,0.0
21150919:1209,56301.1,1021.11,57.5,28.49,1.86,0.0
21150919:1309,55894.28,1001.29,55.63,29.07,2.62,0.0
21150919:1409,52244.25,919.71,48.78,29.04,3.1,0.0
21150919:1509,43612.9,751.97,38.96,28.44,3.24,0.0
21150919:1609,30632.48,523.32,27.62,27.5,3.24,0.0
21150919:1709,15081.33,276.0,15.53,26.13,3.1,0.0
21150919:1809,705.11,28.87,3.14,24.44,2.41,0.0
21150919:1909,0.0,0.0,0.0,22.79,1.79,0.0
21150919:2009,0.0,0.0,0.0,21.82,1.24,0.0
21150919:2109,0.0,0.0,0.0,21.03,1.31,0.0
21150919:2209,0.0,0.0,0.0,20.38,1.66,0.0
21150919:2309,0.0,0.0,0.0,19.88,1.59,0.0
21150920:0009,0.0,0.0,0.0,19.43,1.52,0.0
21150920:0109,0.0,0.0,0.0,19.01,1.52,0.0
21150920:0209,0.0,0.0,0.0,18.63,1.45,0.0
21150920:0309,0.0,0.0,0.0,18.17,1.24,0.0
21150920:0409,0.0,0.0,0.0,17.87,1.1,0.0
21150920:0509,0.0,0.0,0.0,17.59,1.1,0.0
21150920:0609,0.0,0.0,0.0,17.75,0.9,0.0
21150920:0709,3278.12,70.3,10.9,18.5,0.97,0.0
21150920:0809,5842.02,111.82,23.12,21.55,0.83,0.0
21150920:0909,16172.01,280.56,34.77,24.05,1.24,0.0
21150920:1009,14174.32,249.87,45.22,25.58,1.52,0.0
21150920:1109,15892.7,280.92,53.3,27.06,1.03,0.0
21150920:1209,29329.28,519.48,57.12,28.0,0.21,0.0
21150920:1309,28991.52,502.4,55.23,27.57,1.86,0.0
21150920:1409,20017.87,348.92,48.41,27.86,2.07,0.0
21150920:1509,5782.82,113.5,38.62,27.77,2.34,0.0
21150920:1609,13088.96,232.4,27.3,27.04,2.34,0.0
21150920:1709,7375.2,140.73,15.23,25.75,2.14,0.0
21150920:1809,0.0,1.88,2.85,24.63,1.72,0.0
21150920:1909,0.0,0.0,0.0,24.49,1.03,0.0
21150920:2009,0.0,0.0,0.0,23.84,0.9,0.0
21150920:2109,0.0,0.0,0.0,23.35,1.38,0.0
21150920:2209,0.0,0.0,0.0,22.87,1.52,0.0
21150920:2309,0.0,0.0,0.0,21.92,1.38,0.0
21150921:0009,0.0,0.0,0.0,21.59,1.17,0.0
21150921:0109,0.0,0.0,0.0,21.59,0.97,0.0
21150921:0209,0.0,0.0,0.0,21.32,0.9,0.0
21150921:0309,0.0,0.0,0.0,20.48,1.03,0.0
21150921:0409,0.0,0.0,0.0,19.14,1.38,0.0
21150921:0509,0.0,0.0,0.0,18.61,1.45,0.0
21150921:0609,0.0,0.0,0.0,18.3,1.45,0.0
21150921:0709,5643.16,128.35,10.76,19.14,1.17,0.0
21150921:0809,21403.8,376.59,22.96,23.18,0.62,0.0
21150921:0909,35435.43,619.42,34.58,26.86,0.76,0.0
21150921:1009,43922.57,784.3,44.98,29.24,1.17,0.0
21150921:1109,46887.23,846.35,52.98,30.9,1.66,0.0
21150921:1209,56131.09,1026.62,56.74,31.91,2.41,0.0
21150921:1309,55968.66,1012.71,54.83,32.21,3.1,0.0
21150921:1409,51494.36,916.79,48.04,31.98,3.38,0.0
21150921:1509,43245.54,758.09,38.28,31.57,3.17,0.0
21150921:1609,29717.89,517.89,26.99,30.91,2.83,0.0
21150921:1709,13984.58,261.97,14.93,29.63,2.48,0.0
21150921:1809,205.69,13.29,2.55,27.54,2.07,0.0
21150921:1909,0.0,0.0,0.0,25.26,1.86,0.0
21150921:2009,0.0,0.0,0.0,23.91,1.93,0.0
21150921:2109,0.0,0.0,0.0,23.0,1.93,0.0
21150921:2209,0.0,0.0,0.0,22.23,1.93,0.0
21150921:2309,0.0,0.0,0.0,21.55,1.86,0.0
21150922:0009,0.0,0.0,0.0,20.88,1.66,0.0
21150922:0109,0.0,0.0,0.0,20.12,1.52,0.0
21150922:0209,0.0,0.0,0.0,19.44,1.52,0.0
21150922:0309,0.0,0.0,0.0,18.78,1.52,0.0
21150922:0409,0.0,0.0,0.0,18.34,1.59,0.0
21150922:0509,0.0,0.0,0.0,18.18,1.66,0.0
21150922:0609,0.0,0.0,0.0,17.95,1.72,0.0
21150922:0709,5555.88,124.4,10.61,19.34,1.38,0.0
21150922:0809,20926.39,367.47,22.8,23.47,0.9,0.0
21150922:0909,34137.54,592.64,34.39,27.43,1.38,0.0
21150922:1009,45363.15,806.52,44.73,29.95,1.79,0.0
21150922:1109,52158.48,946.87,52.67,31.84,2.21,0.0
21150922:1209,55804.72,1020.1,56.36,32.98,2.76,0.0
21150922:1309,53853.33,971.0,54.44,33.27,3.52,0.0
21150922:1409,51181.65,908.8,47.67,32.92,4.0,0.0
21150922:1509,42860.73,745.02,37.95,32.06,4.34,0.0
21150922:1609,28939.91,499.65,26.68,30.69,4.21,0.0
21150922:1709,8062.86,154.79,14.63,29.0,3.59,0.0
21150922:1809,206.45,12.19,2.26,27.06,3.03,0.0
21150922:1909,0.0,0.0,0.0,25.3,2.48,0.0
21150922:2009,0.0,0.0,0.0,24.27,2.41,0.0
21150922:2109,0.0,0.0,0.0,23.54,2.28,0.0
21150922:2209,0.0,0.0,0.0,22.79,2.14,0.0
21150922:2309,0.0,0.0,0.0,22.03,2.0,0.0
21150923:0009,0.0,0.0,0.0,21.3,1.79,0.0
21150923:0109,0.0,0.0,0.0,20.75,1.72,0.0
21150923:0209,0.0,0.0,0.0,20.38,1.66,0.0
21150923:0309,0.0,0.0,0.0,20.11,1.31,0.0
21150923:0409,0.0,0.0,0.0,19.83,1.17,0.0
21150923:0509,0.0,0.0,0.0,20.33,0.48,0.0
21150923:0609,0.0,0.0,0.0,19.84,0.62,0.0
21150923:0709,4488.73,96.67,10.47,19.79,1.31,0.0
21150923:0809,18139.34,314.55,22.64,21.88,1.52,0.0
21150923:0909,23982.12,405.61,34.19,23.52,2.14,0.0
21150923:1009,29978.98,506.09,44.48,24.36,2.76,0.0
21150923:1109,51702.32,890.7,52.35,24.86,3.1,0.0
21150923:1209,55610.41,965.24,55.98,25.72,3.52,0.0
21150923:1309,37527.24,640.78,54.04,25.84,2.97,0.0
21150923:1409,21475.91,370.25,47.29,26.35,2.21,0.0
21150923:1509,17261.94,301.68,37.61,26.84,1.52,0.0
21150923:1609,12213.83,219.18,26.36,26.91,0.9,0.0
21150923:1709,7189.25,139.14,14.33,26.84,0.83,0.0
21150923:1809,0.0,0.0,0.0,26.17,1.17,0.0
21150923:1909,0.0,0.0,0.0,22.99,1.45,0.0
21150923:2009,0.0,0.0,0.0,22.22,1.24,0.0
21150923:2109,0.0,0.0,0.0,21.56,1.31,0.0
21150923:2209,0.0,0.0,0.0,20.84,1.59,0.0
21150923:2309,0.0,0.0,0.0,20.19,1.59,0.0
21150924:0009,0.0,0.0,0.0,19.63,1.45,0.0
21150924:0109,0.0,0.0,0.0,19.08,1.31,0.0
21150924:0209,0.0,0.0,0.0,18.51,1.17,0.0
21150924:0309,0.0,0.0,0.0,18.71,0.69,0.0
21150924:0409,0.0,0.0,0.0,19.0,0.07,0.0
21150924:0509,0.0,0.0,0.0,17.75,0.83,0.0
21150924:0609,0.0,0.0,0.0,17.52,1.17,0.0
21150924:0709,5584.72,124.88,10.32,18.16,0.83,0.0
21150924:0809,21189.0,365.07,22.47,20.21,1.17,0.0
21150924:0909,30971.75,522.55,33.99,21.92,1.24,0.0
21150924:1009,46750.61,811.35,44.23,23.82,1.38,0.0
21150924:1109,53202.11,940.63,52.03,25.43,1.79,0.0
21150924:1209,57223.29,1018.69,55.59,26.34,2.28,0.0
21150924:1309,56457.46,995.98,53.64,26.78,2.83,0.0
21150924:1409,52156.2,904.57,46.92,26.71,3.24,0.0
21150924:1509,43448.2,740.38,37.27,26.01,3.1,0.0
21150924:1609,30056.4,509.14,26.05,25.25,2.9,0.0
21150924:1709,13466.94,246.79,14.04,24.07,2.62,0.0
21150924:1809,0.0,0.0,0.0,22.57,2.34,0.0
21150924:1909,0.0,0.0,0.0,20.72,2.21,0.0
21150924:2009,0.0,0.0,0.0,20.01,1.66,0.0
21150924:2109,0.0,0.0,0.0,19.55,1.17,0.0
21150924:2209,0.0,0.0,0.0,18.94,0.83,0.0
21150924:2309,0.0,0.0,0.0,18.58,0.69,0.0
21150925:0009,0.0,0.0,0.0,17.9,0.76,0.0
21150925:0109,0.0,0.0,0.0,17.82,0.76,0.0
21150925:0209,0.0,0.0,0.0,18.42,0.48,0.0
21150925:0309,0.0,0.0,0.0,18.37,0.41,0.0
21150925:0409,0.0,0.0,0.0,18.5,0.28,0.0
21150925:0509,0.0,0.0,0.0,18.38,0.21,0.0
21150925:0609,0.0,0.0,0.0,18.23,0.07,0.0
21150925:0709,2716.46,60.5,10.17,18.71,0.34,0.0
21150925:0809,20796.6,359.36,22.31,19.64,0.41,0.0
21150925:0909,25484.94,431.85,33.79,21.17,0.41,0.0
21150925:1009,44399.98,774.1,43.98,23.0,0.69,0.0
21150925:1109,52871.94,933.85,51.71,24.65,1.59,0.0
21150925:1209,57571.67,1017.94,55.21,25.46,2.41,0.0
21150925:1309,56936.38,1001.25,53.24,25.67,2.69,0.0
21150925:1409,52130.4,903.54,46.55,25.93,2.97,0.0
21150925:1509,43181.79,733.05,36.93,25.46,3.17,0.0
21150925:1609,29812.0,501.56,25.73,24.57,3.45,0.0
21150925:1709,13608.11,247.9,13.74,23.11,3.38,0.0
21150925:1809,0.0,0.0,0.0,21.66,2.97,0.0
21150925:1909,0.0,0.0,0.0,20.4,2.0,0.0
21150925:2009,0.0,0.0,0.0,19.8,1.45,0.0
21150925:2109,0.0,0.0,0.0,19.23,1.1,0.0
21150925:2209,0.0,0.0,0.0,18.43,0.76,0.0
21150925:2309,0.0,0.0,0.0,18.86,0.34,0.0
21150926:0009,0.0,0.0,0.0,18.59,0.28,0.0
21150926:0109,0.0,0.0,0.0,18.29,0.14,0.0
21150926:0209,0.0,0.0,0.0,17.9,0.34,0.0
21150926:0309,0.0,0.0,0.0,17.02,0.76,0.0
21150926:0409,0.0,0.0,0.0,16.89,0.83,0.0
21150926:0509,0.0,0.0,0.0,16.63,0.9,0.0
21150926:0609,0.0,0.0,0.0,16.36,0.97,0.0
21150926:0709,5656.07,125.52,10.02,16.19,1.24,0.0
21150926:0809,21900.19,376.34,22.14,18.9,0.69,0.0
21150926:0909,28610.5,487.94,33.59,21.24,0.0,0.0
21150926:1009,41921.85,735.34,43.73,23.96,0.41,0.0
21150926:1109,50990.38,907.46,51.38,25.44,1.24,0.0
21150926:1209,54663.18,969.22,54.82,26.33,2.21,0.0
21150926:1309,56380.8,993.14,52.84,26.56,2.83,0.0
21150926:1409,52385.42,907.71,46.18,26.17,3.1,0.0
21150926:1509,43351.8,735.69,36.59,25.65,3.31,0.0
21150926:1609,30042.74,505.97,25.42,24.69,3.38,0.0
21150926:1709,12511.36,229.41,13.44,23.59,3.24,0.0
21150926:1809,0.0,0.0,0.0,22.13,2.76,0.0
21150926:1909,0.0,0.0,0.0,20.66,2.34,0.0
21150926:2009,0.0,0.0,0.0,20.12,1.79,0.0
21150926:2109,0.0,0.0,0.0,19.73,1.1,0.0
21150926:2209,0.0,0.0,0.0,19.11,0.69,0.0
21150926:2309,0.0,0.0,0.0,18.41,0.76,0.0
21150927:0009,0.0,0.0,0.0,17.98,0.83,0.0
21150927:0109,0.0,0.0,0.0,17.92,0.76,0.0
21150927:0209,0.0,0.0,0.0,17.98,0.62,0.0
21150927:0309,0.0,0.0,0.0,17.9,0.41,0.0
21150927:0409,0.0,0.0,0.0,17.8,0.48,0.0
21150927:0509,0.0,0.0,0.0,17.1,0.9,0.0
21150927:0609,0.0,0.0,0.0,16.53,1.17,0.0
21150927:0709,5394.97,119.45,9.87,17.3,0.9,0.0
21150927:0809,17501.78,300.12,21.97,19.62,1.59,0.0
21150927:0909,35099.2,588.58,33.39,21.33,1.72,0.0
21150927:1009,46779.45,806.43,43.47,23.64,1.72,0.0
21150927:1109,52846.13,933.11,51.06,25.09,1.72,0.0
21150927:1209,56720.07,1016.4,54.44,26.76,2.0,0.0
21150927:1309,55707.56,991.12,52.44,27.79,2.55,0.0
21150927:1409,51673.48,905.55,45.8,28.13,2.97,0.0
21150927:1509,42459.98,727.02,36.25,27.81,3.45,0.0
21150927:1609,29171.41,495.47,25.11,26.7,3.66,0.0
21150927:1709,12756.51,235.76,13.14,25.08,3.45,0.0
21150927:1809,0.0,0.0,0.0,23.28,2.48,0.0
21150927:1909,0.0,0.0,0.0,21.85,1.72,0.0
21150927:2009,0.0,0.0,0.0,21.11,1.17,0.0
21150927:2109,0.0,0.0,0.0,20.58,1.31,0.0
21150927:2209,0.0,0.0,0.0,20.29,1.45,0.0
21150927:2309,0.0,0.0,0.0,19.9,1.52,0.0
21150928:0009,0.0,0.0,0.0,19.53,1.59,0.0
21150928:0109,0.0,0.0,0.0,19.42,1.59,0.0
21150928:0209,0.0,0.0,0.0,19.2,1.38,0.0
21150928:0309,0.0,0.0,0.0,18.73,0.9,0.0
21150928:0409,0.0,0.0,0.0,18.13,1.1,0.0
21150928:0509,0.0,0.0,0.0,17.63,1.38,0.0
21150928:0609,0.0,0.0,0.0,17.4,1.38,0.0
21150928:0709,4223.08,91.42,9.72,18.54,1.72,0.0
21150928:0809,20184.09,348.55,21.8,20.57,0.9,0.0
21150928:0909,35189.52,604.48,33.18,23.65,0.76,0.0
21150928:1009,34678.71,603.01,43.21,26.36,0.97,0.0
21150928:1109,50700.44,926.02,50.73,27.78,0.69,0.0
21150928:1209,52397.56,960.76,54.05,27.88,0.83,0.0
21150928:1309,54519.73,990.27,52.05,28.08,1.45,0.0
21150928:1409,22836.03,397.52,45.43,27.65,1.31,0.0
21150928:1509,5727.41,112.56,35.91,27.46,1.59,0.0
21150928:1609,3158.96,68.47,24.79,25.35,1.93,0.0
21150928:1709,13223.3,244.58,12.85,23.86,1.72,0.0
21150928:1809,0.0,0.0,0.0,22.98,0.97,0.0
21150928:1909,0.0,0.0,0.0,22.45,1.31,0.0
21150928:2009,0.0,0.0,0.0,21.56,2.0,0.0
21150928:2109,0.0,0.0,0.0,20.82,2.21,0.0
21150928:2209,0.0,0.0,0.0,20.41,2.0,0.0
21150928:2309,0.0,0.0,0.0,20.01,1.93,0.0
21150929:0009,0.0,0.0,0.0,19.72,1.86,0.0
21150929:0109,0.0,0.0,0.0,19.49,1.52,0.0
21150929:0209,0.0,0.0,0.0,19.06,1.52,0.0
21150929:0309,0.0,0.0,0.0,18.7,1.66,0.0
21150929:0409,0.0,0.0,0.0,18.48,1.72,0.0
21150929:0509,0.0,0.0,0.0,18.37,1.86,0.0
21150929:0609,0.0,0.0,0.0,17.54,1.93,0.0
21150929:0709,5437.48,120.9,9.56,18.34,1.66,0.0
21150929:0809,21466.8,369.13,21.63,20.11,1.17,0.0
21150929:0909,35783.06,608.67,32.98,22.21,0.97,0.0
21150929:1009,45580.99,799.81,42.95,24.04,0.76,0.0
21150929:1109,49753.21,880.1,50.4,25.37,1.38,0.0
21150929:1209,4586.64,92.86,53.67,26.17,2.34,0.0
21150929:1309,10808.16,194.17,51.65,25.67,2.9,0.0
21150929:1409,9260.56,167.9,45.06,23.84,2.34,0.0
21150929:1509,3513.41,74.1,35.57,24.0,2.14,0.0
21150929:1609,15845.64,273.31,24.48,24.08,2.48,0.0
21150929:1709,12449.12,229.65,12.55,23.14,2.41,0.0
21150929:1809,0.0,0.0,0.0,22.27,1.59,0.0
21150929:1909,0.0,0.0,0.0,21.64,0.83,0.0
21150929:2009,0.0,0.0,0.0,20.56,0.69,0.0
21150929:2109,0.0,0.0,0.0,19.74,0.76,0.0
21150929:2209,0.0,0.0,0.0,19.19,0.83,0.0
21150929:2309,0.0,0.0,0.0,19.07,0.83,0.0
21150930:0009,0.0,0.0,0.0,18.2,0.97,0.0
21150930:0109,0.0,0.0,0.0,17.64,1.03,0.0
21150930:0209,0.0,0.0,0.0,17.31,0.97,0.0
21150930:0309,0.0,0.0,0.0,17.01,0.97,0.0
21150930:0409,0.0,0.0,0.0,16.71,0.97,0.0
21150930:0509,0.0,0.0,0.0,16.33,1.1,0.0
21150930:0609,0.0,0.0,0.0,15.96,1.31,0.0
21150930:0709,5498.96,122.05,9.41,16.51,1.1,0.0
21150930:0809,21742.31,376.01,21.45,19.85,0.34,0.0
21150930:0909,35670.72,613.07,32.77,22.82,0.48,0.0
21150930:1009,46304.31,810.45,42.69,24.6,1.1,0.0
21150930:1109,0.0,0.0,0.0,25.74,1.72,0.0
21150930:1209,56857.45,1012.87,53.28,26.41,2.21,0.0
21150930:1309,56163.72,993.62,51.25,26.66,2.55,0.0
21150930:1409,49814.69,867.9,44.69,26.75,2.62,0.0
21150930:1509,39461.17,672.01,35.23,26.14,2.83,0.0
21150930:1609,25851.54,438.78,24.17,25.39,2.9,0.0
21150930:1709,10844.59,202.29,12.25,24.2,2.69,0.0
21150930:1809,0.0,0.0,0.0,22.79,2.21,0.0
21150930:1909,0.0,0.0,0.0,21.65,2.34,0.0
21150930:2009,0.0,0.0,0.0,20.88,1.72,0.0
21150930:2109,0.0,0.0,0.0,20.32,0.97,0.0
21150930:2209,0.0,0.0,0.0,19.81,0.76,0.0
21150930:2309,0.0,0.0,0.0,19.07,0.9,0.0
21151001:0009,0.0,0.0,0.0,18.91,0.83,0.0
21151001:0109,0.0,0.0,0.0,18.3,0.9,0.0
21151001:0209,0.0,0.0,0.0,18.45,0.83,0.0
21151001:0309,0.0,0.0,0.0,18.75,0.34,0.0
21151001:0409,0.0,0.0,0.0,18.72,0.41,0.0
21151001:0509,0.0,0.0,0.0,18.15,0.76,0.0
21151001:0609,0.0,0.0,0.0,18.11,0.83,0.0
21151001:0709,0.0,0.0,0.0,19.3,0.21,0.0
21151001:0809,17466.11,302.6,21.28,20.21,0.34,0.0
21151001:0909,27320.2,463.49,32.56,22.16,0.69,0.0
21151001:1009,46598.81,815.78,42.43,23.55,0.83,0.0
21151001:1109,54037.76,961.28,49.74,25.28,1.52,0.0
21151001:1209,57662.75,1030.94,52.9,26.56,2.14,0.0
21151001:1309,56799.77,1004.55,50.86,27.05,2.76,0.0
21151001:1409,51166.47,889.78,44.32,27.45,3.17,0.0
21151001:1509,42350.68,722.99,34.9,27.21,3.38,0.0
21151001:1609,28508.04,484.74,23.86,26.44,3.31,0.0
21151001:1709,11951.97,223.4,11.96,25.1,2.9,0.0
21151001:1809,0.0,0.0,0.0,23.33,2.21,0.0
21151001:1909,0.0,0.0,0.0,21.9,2.21,0.0
21151001:2009,0.0,0.0,0.0,21.11,2.07,0.0
21151001:2109,0.0,0.0,0.0,20.61,1.93,0.0
21151001:2209,0.0,0.0,0.0,20.07,1.72,0.0
21151001:2309,0.0,0.0,0.0,19.25,1.59,0.0
21151002:0009,0.0,0.0,0.0,18.49,1.52,0.0
21151002:0109,0.0,0.0,0.0,17.77,1.31,0.0
21151002:0209,0.0,0.0,0.0,17.47,1.1,0.0
21151002:0309,0.0,0.0,0.0,18.41,0.83,0.0
21151002:0409,0.0,0.0,0.0,18.93,0.55,0.0
21151002:0509,0.0,0.0,0.0,19.24,0.28,0.0
21151002:0609,0.0,0.0,0.0,19.24,0.07,0.0
21151002:0709,3892.15,85.99,9.1,19.57,0.21,0.0
21151002:0809,20288.83,351.26,21.1,20.06,0.21,0.0
21151002:0909,28346.37,483.76,32.34,22.48,0.34,0.0
21151002:1009,44396.19,781.26,42.16,24.51,0.62,0.0
21151002:1109,49321.34,875.24,49.41,25.68,1.24,0.0
21151002:1209,46665.6,822.59,52.51,26.74,1.72,0.0
21151002:1309,51657.54,919.79,50.46,27.96,2.07,0.0
21151002:1409,50184.32,882.18,43.95,28.17,2.55,0.0
21151002:1509,41974.98,720.64,34.56,27.74,3.03,0.0
21151002:1609,29106.13,496.99,23.55,26.83,2.97,0.0
21151002:1709,10229.8,193.46,11.67,25.48,2.55,0.0
21151002:1809,0.0,0.0,0.0,23.6,1.93,0.0
21151002:1909,0.0,0.0,0.0,21.89,1.66,0.0
21151002:2009,0.0,0.0,0.0,20.98,1.03,0.0
21151002:2109,0.0,0.0,0.0,20.41,0.34,0.0
21151002:2209,0.0,0.0,0.0,19.06,1.17,0.0
21151002:2309,0.0,0.0,0.0,18.5,1.1,0.0
21151003:0009,0.0,0.0,0.0,18.12,1.24,0.0
21151003:0109,0.0,0.0,0.0,18.54,0.9,0.0
21151003:0209,0.0,0.0,0.0,18.19,1.03,0.0
21151003:0309,0.0,0.0,0.0,17.92,1.03,0.0
21151003:0409,0.0,0.0,0.0,18.35,0.83,0.0
21151003:0509,0.0,0.0,0.0,18.62,0.76,0.0
21151003:0609,0.0,0.0,0.0,17.41,1.1,0.0
21151003:0709,4384.74,96.94,8.94,18.4,0.83,0.0
21151003:0809,11032.82,195.36,20.92,20.05,0.41,0.0
21151003:0909,16386.81,282.27,32.13,21.95,0.48,0.0
21151003:1009,26527.05,454.28,41.89,23.59,0.62,0.0
21151003:1109,52448.42,933.76,49.08,25.27,1.31,0.0
21151003:1209,41426.22,724.82,52.13,26.72,1.59,0.0
21151003:1309,54637.37,981.14,50.07,27.43,1.79,0.0
21151003:1409,27325.52,472.13,43.59,27.95,2.0,0.0
21151003:1509,38738.6,669.44,34.23,27.93,2.21,0.0
21151003:1609,20947.64,362.1,23.24,27.38,2.28,0.0
21151003:1709,9084.47,173.92,11.38,26.09,2.34,0.0
21151003:1809,0.0,0.0,0.0,24.19,2.0,0.0
21151003:1909,0.0,0.0,0.0,22.75,1.66,0.0
21151003:2009,0.0,0.0,0.0,21.85,0.97,0.0
21151003:2109,0.0,0.0,0.0,20.9,1.31,0.0
21151003:2209,0.0,0.0,0.0,20.23,1.72,0.0
21151003:2309,0.0,0.0,0.0,19.84,1.79,0.0
21151004:0009,0.0,0.0,0.0,19.5,1.79,0.0
21151004:0109,0.0,0.0,0.0,19.17,1.79,0.0
21151004:0209,0.0,0.0,0.0,18.9,1.72,0.0
21151004:0309,0.0,0.0,0.0,18.8,1.79,0.0
21151004:0409,0.0,0.0,0.0,18.95,2.07,0.0
21151004:0509,0.0,0.0,0.0,19.11,2.21,0.0
21151004:0609,0.0,0.0,0.0,19.17,2.14,0.0
21151004:0709,4974.49,111.84,8.78,20.28,2.28,0.0
21151004:0809,19989.02,347.89,20.73,23.46,1.66,0.0
21151004:0909,34064.68,595.25,31.91,28.04,1.03,0.0
21151004:1009,43660.72,808.12,41.62,31.35,0.07,0.0
21151004:1109,50734.6,945.36,48.74,33.05,1.1,0.0
21151004:1209,54735.28,1020.14,51.75,33.92,1.86,0.0
21151004:1309,53834.35,992.05,49.68,34.33,2.41,0.0
21151004:1409,47257.62,851.87,43.22,34.34,2.83,0.0
21151004:1509,37332.17,655.27,33.89,33.72,3.59,0.0
21151004:1609,19831.15,347.7,22.94,31.59,4.14,0.0
21151004:1709,9712.16,187.36,11.09,28.66,3.31,0.0
21151004:1809,0.0,0.0,0.0,26.6,2.14,0.0
21151004:1909,0.0,0.0,0.0,25.46,1.31,0.0
21151004:2009,0.0,0.0,0.0,24.43,0.55,0.0
21151004:2109,0.0,0.0,0.0,23.14,1.52,0.0
21151004:2209,0.0,0.0,0.0,22.35,1.72,0.0
21151004:2309,0.0,0.0,0.0,21.72,2.0,0.0
21151005:0009,0.0,0.0,0.0,21.12,1.66,0.0
21151005:0109,0.0,0.0,0.0,20.62,1.59,0.0
21151005:0209,0.0,0.0,0.0,20.29,1.52,0.0
21151005:0309,0.0,0.0,0.0,20.03,1.03,0.0
21151005:0409,0.0,0.0,0.0,19.61,1.72,0.0
21151005:0509,0.0,0.0,0.0,19.67,2.14,0.0
21151005:0609,0.0,0.0,0.0,20.05,2.83,0.0
21151005:0709,3666.73,83.1,8.61,23.29,3.72,0.0
21151005:0809,16571.25,293.61,20.55,24.94,0.48,0.0
21151005:0909,7633.26,143.52,31.69,26.83,2.34,0.0
21151005:1009,46667.12,813.1,41.35,27.98,2.55,0.0
21151005:1109,50439.34,898.46,48.41,28.94,2.14,0.0
21151005:1209,52632.1,970.12,51.36,29.97,1.1,0.0
21151005:1309,46382.49,869.89,49.29,31.29,0.07,0.0
21151005:1409,9504.2,179.16,42.85,32.62,1.45,0.0
21151005:1509,18084.69,317.87,33.56,30.84,3.52,0.0
21151005:1609,11676.46,209.82,22.63,28.15,3.24,0.0
21151005:1709,5748.67,115.61,10.8,26.8,2.21,0.0
21151005:1809,0.0,0.0,0.0,25.82,1.86,0.0
21151005:1909,0.0,0.0,0.0,24.06,1.45,0.0
21151005:2009,0.0,0.0,0.0,23.25,0.62,0.0
21151005:2109,0.0,0.0,0.0,22.19,0.9,0.0
21151005:2209,0.0,0.0,0.0,21.55,1.52,0.0
21151005:2309,0.0,0.0,0.0,21.07,1.52,0.0
21151006:0009,0.0,0.0,0.0,20.69,1.31,0.0
21151006:0109,0.0,0.0,0.0,20.49,1.1,0.0
21151006:0209,0.0,0.0,0.0,20.28,1.03,0.0
21151006:0309,0.0,0.0,0.0,20.31,0.97,0.0
21151006:0409,0.0,0.0,0.0,20.55,0.83,0.0
21151006:0509,0.0,0.0,0.0,21.29,0.48,0.0
21151006:0609,0.0,0.0,0.0,21.15,0.28,0.0
21151006:0709,4699.73,105.89,8.45,19.96,0.83,0.0
21151006:0809,20045.19,348.88,20.37,21.93,0.55,0.0
21151006:0909,33740.59,580.39,31.47,23.96,0.62,0.0
21151006:1009,43789.75,767.34,41.08,25.74,1.1,0.0
21151006:1109,43564.32,760.39,48.08,27.04,2.0,0.0
21151006:1209,56315.52,996.68,50.98,28.0,3.03,0.0
21151006:1309,55737.92,974.6,48.9,27.69,3.66,0.0
21151006:1409,49980.91,859.14,42.49,27.11,3.86,0.0
21151006:1509,39706.33,671.5,33.23,26.4,3.72,0.0
21151006:1609,25128.21,425.93,22.33,25.52,3.45,0.0
21151006:1709,10781.6,203.5,10.52,24.3,2.97,0.0
21151006:1809,0.0,0.0,0.0,22.87,2.21,0.0
21151006:1909,0.0,0.0,0.0,21.83,1.86,0.0
21151006:2009,0.0,0.0,0.0,21.21,1.45,0.0
21151006:2109,0.0,0.0,0.0,20.56,0.9,0.0
21151006:2209,0.0,0.0,0.0,20.34,0.55,0.0
21151006:2309,0.0,0.0,0.0,20.18,0.41,0.0
21151007:0009,0.0,0.0,0.0,19.8,0.41,0.0
21151007:0109,0.0,0.0,0.0,19.59,0.41,0.0
21151007:0209,0.0,0.0,0.0,18.79,0.76,0.0
21151007:0309,0.0,0.0,0.0,18.42,1.1,0.0
21151007:0409,0.0,0.0,0.0,18.67,1.1,0.0
21151007:0509,0.0,0.0,0.0,18.76,1.31,0.0
21151007:0609,0.0,0.0,0.0,19.03,1.31,0.0
21151007:0709,5089.1,114.94,8.29,19.53,1.66,0.0
21151007:0809,19258.87,329.44,20.18,20.5,2.21,0.0
21151007:0909,25508.47,426.09,31.24,21.63,2.21,0.0
21151007:1009,16439.18,282.53,40.8,23.15,2.28,0.0
21151007:1109,39813.34,675.31,47.74,24.07,2.69,0.0
21151007:1209,26670.5,449.14,50.6,24.13,3.59,0.0
21151007:1309,36210.37,606.89,48.51,23.9,3.79,0.0
21151007:1409,44378.73,745.6,42.13,23.9,3.86,0.0
21151007:1509,42007.61,701.0,32.9,23.71,3.86,0.0
21151007:1609,27841.64,465.09,22.03,23.15,3.79,0.0
21151007:1709,10952.37,204.6,10.23,22.1,3.72,0.0
21151007:1809,0.0,0.0,0.0,20.86,3.31,0.0
21151007:1909,0.0,0.0,0.0,19.91,3.1,0.0
21151007:2009,0.0,0.0,0.0,19.34,2.9,0.0
21151007:2109,0.0,0.0,0.0,19.06,2.69,0.0
21151007:2209,0.0,0.0,0.0,18.77,2.28,0.0
21151007:2309,0.0,0.0,0.0,18.42,1.86,0.0
21151008:0009,0.0,0.0,0.0,17.86,1.59,0.0
21151008:0109,0.0,0.0,0.0,17.07,1.45,0.0
21151008:0209,0.0,0.0,0.0,16.43,1.38,0.0
21151008:0309,0.0,0.0,0.0,16.07,1.24,0.0
21151008:0409,0.0,0.0,0.0,15.76,1.17,0.0
21151008:0509,0.0,0.0,0.0,15.65,1.1,0.0
21151008:0609,0.0,0.0,0.0,15.82,1.03,0.0
21151008:0709,5517.93,123.42,8.12,15.72,1.17,0.0
21151008:0809,20862.63,355.41,19.99,18.27,0.97,0.0
21151008:0909,35547.77,592.79,31.02,20.02,1.59,0.0
21151008:1009,39175.79,659.14,40.53,21.13,1.72,0.0
21151008:1109,38352.27,646.93,47.4,22.3,2.21,0.0
21151008:1209,41445.95,700.2,50.22,23.02,2.83,0.0
21151008:1309,47974.11,811.78,48.13,23.36,3.52,0.0
21151008:1409,28882.23,481.16,41.77,23.17,3.86,0.0
21151008:1509,33607.0,556.04,32.58,22.6,3.79,0.0
21151008:1609,26355.52,438.03,21.73,21.7,3.59,0.0
21151008:1709,10695.83,199.11,9.95,20.5,3.38,0.0
21151008:1809,0.0,0.0,0.0,19.26,2.9,0.0
21151008:1909,0.0,0.0,0.0,18.23,2.34,0.0
21151008:2009,0.0,0.0,0.0,17.64,1.72,0.0
21151008:2109,0.0,0.0,0.0,17.05,1.45,0.0
21151008:2209,0.0,0.0,0.0,15.86,1.17,0.0
21151008:2309,0.0,0.0,0.0,15.85,0.9,0.0
21151009:0009,0.0,0.0,0.0,15.79,0.83,0.0
21151009:0109,0.0,0.0,0.0,14.71,1.03,0.0
21151009:0209,0.0,0.0,0.0,13.39,1.38,0.0
21151009:0309,0.0,0.0,0.0,12.95,1.45,0.0
21151009:0409,0.0,0.0,0.0,12.78,1.59,0.0
21151009:0509,0.0,0.0,0.0,12.9,1.72,0.0
21151009:0609,0.0,0.0,0.0,13.03,1.79,0.0
21151009:0709,4956.27,108.38,7.95,13.23,1.79,0.0
21151009:0809,20772.31,349.32,19.8,15.91,1.17,0.0
21151009:0909,33851.4,564.67,30.79,18.55,0.83,0.0
21151009:1009,45343.42,780.94,40.25,20.3,0.62,0.0
21151009:1109,51186.96,899.86,47.07,21.68,0.83,0.0
21151009:1209,55096.57,977.87,49.84,23.02,1.24,0.0
21151009:1309,54644.21,962.04,47.74,23.79,1.72,0.0
21151009:1409,50210.89,865.44,41.41,24.1,2.34,0.0
21151009:1509,41440.64,695.56,32.25,23.67,3.1,0.0
21151009:1609,27500.09,458.34,21.43,22.38,3.59,0.0
21151009:1709,10465.85,195.53,9.67,20.76,3.59,0.0
21151009:1809,0.0,0.0,0.0,19.41,2.76,0.0
21151009:1909,0.0,0.0,0.0,18.63,1.59,0.0
21151009:2009,0.0,0.0,0.0,17.97,0.48,0.0
21151009:2109,0.0,0.0,0.0,18.0,0.34,0.0
21151009:2209,0.0,0.0,0.0,15.9,1.24,0.0
21151009:2309,0.0,0.0,0.0,15.01,1.52,0.0
21151010:0009,0.0,0.0,0.0,14.48,1.66,0.0
21151010:0109,0.0,0.0,0.0,14.24,1.66,0.0
21151010:0209,0.0,0.0,0.0,14.11,1.59,0.0
21151010:0309,0.0,0.0,0.0,14.01,1.59,0.0
21151010:0409,0.0,0.0,0.0,14.13,1.72,0.0
21151010:0509,0.0,0.0,0.0,13.71,1.66,0.0
21151010:0609,0.0,0.0,0.0,13.36,1.52,0.0
21151010:0709,3796.52,83.81,7.78,13.84,1.86,0.0
21151010:0809,19523.0,328.93,19.61,16.8,1.66,0.0
21151010:0909,29412.01,487.49,30.56,19.87,1.86,0.0
21151010:1009,31229.06,522.13,39.97,22.15,2.34,0.0
21151010:1109,24257.64,409.37,46.73,23.38,2.76,0.0
21151010:1209,10770.97,192.29,49.46,24.13,2.76,0.0
21151010:1309,12190.3,215.74,47.36,24.59,2.55,0.0
21151010:1409,35329.93,598.01,41.06,24.84,2.69,0.0
21151010:1509,24352.52,409.68,31.93,23.91,2.76,0.0
21151010:1609,8029.46,147.14,21.13,22.53,2.07,0.0
21151010:1709,585.95,20.64,9.4,20.75,1.03,0.0
21151010:1809,0.0,0.0,0.0,20.05,1.66,0.0
21151010:1909,0.0,0.0,0.0,21.34,2.41,0.0
21151010:2009,0.0,0.0,0.0,21.01,2.69,0.0
21151010:2109,0.0,0.0,0.0,20.77,3.03,0.0
21151010:2209,0.0,0.0,0.0,20.39,2.97,0.0
21151010:2309,0.0,0.0,0.0,20.16,2.9,0.0
21151011:0009,0.0,0.0,0.0,19.87,2.97,0.0
21151011:0109,0.0,0.0,0.0,19.68,3.03,0.0
21151011:0209,0.0,0.0,0.0,19.48,3.03,0.0
21151011:0309,0.0,0.0,0.0,19.28,3.1,0.0
21151011:0409,0.0,0.0,0.0,19.25,3.1,0.0
21151011:0509,0.0,0.0,0.0,19.5,3.31,0.0
21151011:0609,0.0,0.0,0.0,19.38,3.31,0.0
21151011:0709,2853.08,65.88,7.61,19.79,3.52,0.0
21151011:0809,16647.15,283.69,19.41,20.44,4.62,0.0
21151011:0909,33833.94,554.48,30.33,21.49,4.76,0.0
21151011:1009,37842.98,624.75,39.69,22.61,4.69,0.0
21151011:1109,30813.12,513.37,46.39,23.78,4.62,0.0
21151011:1209,49350.18,834.92,49.08,24.76,4.55,0.0
21151011:1309,49631.77,842.23,46.98,25.21,4.41,0.0
21151011:1409,47799.54,808.53,40.7,25.21,4.21,0.0
21151011:1509,41750.31,700.02,31.61,24.85,3.93,0.0
21151011:1609,27308.06,458.63,20.84,23.97,3.66,0.0
21151011:1709,9989.96,189.97,9.12,22.9,3.17,0.0
21151011:1809,0.0,0.0,0.0,21.8,2.21,0.0
21151011:1909,0.0,0.0,0.0,21.0,1.72,0.0
21151011:2009,0.0,0.0,0.0,20.41,1.66,0.0
21151011:2109,0.0,0.0,0.0,19.78,1.86,0.0
21151011:2209,0.0,0.0,0.0,19.3,2.0,0.0
21151011:2309,0.0,0.0,0.0,18.98,2.14,0.0
21151012:0009,0.0,0.0,0.0,19.0,2.14,0.0
21151012:0109,0.0,0.0,0.0,18.68,2.28,0.0
21151012:0209,0.0,0.0,0.0,18.69,2.28,0.0
21151012:0309,0.0,0.0,0.0,18.7,2.41,0.0
21151012:0409,0.0,0.0,0.0,18.63,2.55,0.0
21151012:0509,0.0,0.0,0.0,18.67,2.69,0.0
21151012:0609,0.0,0.0,0.0,18.58,2.76,0.0
21151012:0709,4630.66,105.03,7.44,19.05,2.97,0.0
21151012:0809,21092.61,357.5,19.22,20.07,3.38,0.0
21151012:0909,34567.9,570.13,30.1,21.62,3.72,0.0
21151012:1009,39121.14,652.28,39.41,23.13,3.66,0.0
21151012:1109,36095.0,605.27,46.06,24.29,3.86,0.0
21151012:1209,54284.44,929.73,48.71,25.19,4.14,0.0
21151012:1309,56893.88,976.97,46.6,25.46,4.28,0.0
21151012:1409,51705.36,876.37,40.35,24.95,4.28,0.0
21151012:1509,31033.23,516.32,31.29,24.1,4.07,0.0
21151012:1609,15364.44,263.81,20.55,23.55,3.79,0.0
21151012:1709,9450.31,180.24,8.85,22.52,3.52,0.0
21151012:1809,0.0,0.0,0.0,21.35,2.69,0.0
21151012:1909,0.0,0.0,0.0,20.7,2.21,0.0
21151012:2009,0.0,0.0,0.0,20.25,1.79,0.0
21151012:2109,0.0,0.0,0.0,19.91,1.66,0.0
21151012:2209,0.0,0.0,0.0,19.51,1.72,0.0
21151012:2309,0.0,0.0,0.0,19.28,1.79,0.0
21151013:0009,0.0,0.0,0.0,19.04,1.72,0.0
21151013:0109,0.0,0.0,0.0,18.91,1.86,0.0
21151013:0209,0.0,0.0,0.0,18.75,1.93,0.0
21151013:0309,0.0,0.0,0.0,18.58,2.0,0.0
21151013:0409,0.0,0.0,0.0,18.31,2.14,0.0
21151013:0509,0.0,0.0,0.0,18.26,2.14,0.0
21151013:0609,0.0,0.0,0.0,18.11,2.21,0.0
21151013:0709,3216.64,73.81,7.27,18.43,2.28,0.0
21151013:0809,18643.32,316.11,19.02,19.22,2.97,0.0
21151013:0909,17047.14,286.98,29.87,20.46,3.17,0.0
21151013:1009,40905.55,681.47,39.12,22.06,3.24,0.0
21151013:1109,45156.71,761.39,45.72,23.39,3.45,0.0
21151013:1209,20838.34,353.75,48.33,24.33,3.86,0.0
21151013:1309,39813.34,668.51,46.22,24.82,4.34,0.0
21151013:1409,51388.1,868.22,40.0,25.02,4.62,0.0
21151013:1509,41380.68,688.45,30.97,24.37,4.62,0.0
21151013:1609,26851.14,448.49,20.26,23.46,4.41,0.0
21151013:1709,9268.91,177.06,8.59,22.23,3.86,0.0
21151013:1809,0.0,0.0,0.0,20.94,2.97,0.0
21151013:1909,0.0,0.0,0.0,20.25,2.41,0.0
21151013:2009,0.0,0.0,0.0,19.69,2.0,0.0
21151013:2109,0.0,0.0,0.0,19.05,2.07,0.0
21151013:2209,0.0,0.0,0.0,18.51,2.28,0.0
21151013:2309,0.0,0.0,0.0,18.22,2.48,0.0
21151014:0009,0.0,0.0,0.0,18.07,2.69,0.0
21151014:0109,0.0,0.0,0.0,17.87,2.69,0.0
21151014:0209,0.0,0.0,0.0,17.89,2.62,0.0
21151014:0309,0.0,0.0,0.0,17.86,2.69,0.0
21151014:0409,0.0,0.0,0.0,17.86,2.9,0.0
21151014:0509,0.0,0.0,0.0,17.69,3.24,0.0
21151014:0609,0.0,0.0,0.0,17.52,3.31,0.0
21151014:0709,5032.17,114.19,7.09,18.17,3.1,0.0
21151014:0809,18870.26,318.06,18.82,19.16,4.55,0.0
21151014:0909,24190.85,397.29,29.63,20.15,4.41,0.0
21151014:1009,14404.3,246.29,38.84,21.28,4.34,0.0
21151014:1109,27731.58,460.31,45.39,22.2,4.14,0.0
21151014:1209,7813.15,143.52,47.96,22.81,4.14,0.0
21151014:1309,33791.44,562.55,45.85,23.09,4.0,0.0
21151014:1409,35253.27,586.51,39.65,23.53,4.07,0.0
21151014:1509,41513.51,691.53,30.66,23.52,3.86,0.0
21151014:1609,26130.85,437.02,19.98,22.82,3.59,0.0
21151014:1709,8231.36,158.82,8.32,21.82,3.03,0.0
21151014:1809,0.0,0.0,0.0,20.86,2.21,0.0
21151014:1909,0.0,0.0,0.0,20.2,1.93,0.0
21151014:2009,0.0,0.0,0.0,19.65,1.45,0.0
21151014:2109,0.0,0.0,0.0,19.13,1.31,0.0
21151014:2209,0.0,0.0,0.0,18.41,1.59,0.0
21151014:2309,0.0,0.0,0.0,18.02,1.66,0.0
21151015:0009,0.0,0.0,0.0,17.84,1.72,0.0
21151015:0109,0.0,0.0,0.0,17.66,1.72,0.0
21151015:0209,0.0,0.0,0.0,17.59,1.66,0.0
21151015:0309,0.0,0.0,0.0,17.4,1.66,0.0
21151015:0409,0.0,0.0,0.0,17.07,1.66,0.0
21151015:0509,0.0,0.0,0.0,16.7,1.59,0.0
21151015:0609,0.0,0.0,0.0,16.34,1.66,0.0
21151015:0709,4569.94,103.3,6.92,16.13,1.59,0.0
21151015:0809,21144.98,359.17,18.62,18.06,1.17,0.0
21151015:0909,35416.46,597.92,29.39,20.66,0.83,0.0
21151015:1009,45876.24,803.12,38.56,22.55,0.48,0.0
21151015:1109,52322.42,924.83,45.05,24.17,1.31,0.0
21151015:1209,57410.76,1016.63,47.59,25.12,2.14,0.0
21151015:1309,55198.28,969.88,45.48,25.59,2.41,0.0
21151015:1409,49666.68,855.86,39.31,25.57,2.83,0.0
21151015:1509,40743.12,682.57,30.35,24.44,3.66,0.0
21151015:1609,25835.6,433.1,19.7,23.25,3.59,0.0
21151015:1709,8774.8,169.13,8.06,22.1,3.03,0.0
21151015:1809,0.0,0.0,0.0,20.78,2.07,0.0
21151015:1909,0.0,0.0,0.0,19.76,1.72,0.0
21151015:2009,0.0,0.0,0.0,19.02,1.17,0.0
21151015:2109,0.0,0.0,0.0,18.12,0.9,0.0
21151015:2209,0.0,0.0,0.0,17.12,1.24,0.0
21151015:2309,0.0,0.0,0.0,16.56,1.24,0.0
21151016:0009,0.0,0.0,0.0,16.43,1.1,0.0
21151016:0109,0.0,0.0,0.0,15.92,1.31,0.0
21151016:0209,0.0,0.0,0.0,15.59,1.66,0.0
21151016:0309,0.0,0.0,0.0,15.62,1.72,0.0
21151016:0409,0.0,0.0,0.0,15.55,1.45,0.0
21151016:0509,0.0,0.0,0.0,15.39,1.31,0.0
21151016:0609,0.0,0.0,0.0,15.1,1.38,0.0
21151016:0709,4040.92,91.49,6.74,15.26,1.52,0.0
21151016:0809,21881.97,371.86,18.42,17.83,0.97,0.0
21151016:0909,35540.18,597.55,29.16,20.92,1.24,0.0
21151016:1009,46541.12,801.79,38.27,23.14,1.52,0.0
21151016:1109,51818.45,915.56,44.71,24.84,1.45,0.0
21151016:1209,54474.95,978.56,47.22,26.3,1.45,0.0
21151016:1309,54382.35,981.64,45.11,27.34,1.45,0.0
21151016:1409,48521.35,859.21,38.97,27.89,1.72,0.0
21151016:1509,38968.58,673.68,30.04,27.85,2.07,0.0
21151016:1609,25470.52,437.18,19.42,26.96,2.62,0.0
21151016:1709,6995.7,139.93,7.8,25.46,2.55,0.0
21151016:1809,0.0,0.0,0.0,23.29,2.14,0.0
21151016:1909,0.0,0.0,0.0,22.29,1.79,0.0
21151016:2009,0.0,0.0,0.0,21.49,1.79,0.0
21151016:2109,0.0,0.0,0.0,20.89,2.14,0.0
21151016:2209,0.0,0.0,0.0,20.76,2.48,0.0
21151016:2309,0.0,0.0,0.0,20.82,2.69,0.0
21151017:0009,0.0,0.0,0.0,20.86,2.55,0.0
21151017:0109,0.0,0.0,0.0,20.53,2.07,0.0
21151017:0209,0.0,0.0,0.0,19.75,1.93,0.0
21151017:0309,0.0,0.0,0.0,19.57,2.14,0.0
21151017:0409,0.0,0.0,0.0,20.12,2.48,0.0
21151017:0509,0.0,0.0,0.0,20.86,2.62,0.0
21151017:0609,0.0,0.0,0.0,20.81,1.66,0.0
21151017:0709,2022.74,50.17,6.56,20.04,2.0,0.0
21151017:0809,4605.61,91.6,18.22,21.89,1.86,0.0
21151017:0909,12430.9,218.7,28.92,24.2,2.48,0.0
21151017:1009,6673.13,126.63,37.99,25.54,4.76,0.0
21151017:1109,19481.25,332.04,44.38,25.97,6.07,0.0
21151017:1209,55145.9,934.22,46.85,26.14,6.0,0.0
21151017:1309,3811.7,79.73,44.75,26.54,6.21,0.0
21151017:1409,26136.17,435.71,38.63,25.11,6.48,0.0
21151017:1509,36016.07,599.5,29.74,24.69,4.41,0.0
21151017:1609,23194.28,390.7,19.14,24.31,4.28,0.0
21151017:1709,77.42,8.44,7.54,23.0,2.69,0.0
21151017:1809,0.0,0.0,0.0,22.29,1.45,0.0
21151017:1909,0.0,0.0,0.0,21.66,1.38,0.0
21151017:2009,0.0,0.0,0.0,20.81,0.97,0.0
21151017:2109,0.0,0.0,0.0,20.19,1.1,0.0
21151017:2209,0.0,0.0,0.0,19.44,1.52,0.0
21151017:2309,0.0,0.0,0.0,19.09,1.66,0.0
21151018:0009,0.0,0.0,0.0,18.82,1.79,0.0
21151018:0109,0.0,0.0,0.0,18.63,1.93,0.0
21151018:0209,0.0,0.0,0.0,18.7,2.0,0.0
21151018:0309,0.0,0.0,0.0,18.71,2.0,0.0
21151018:0409,0.0,0.0,0.0,18.59,2.28,0.0
21151018:0509,0.0,0.0,0.0,18.4,2.34,0.0
21151018:0609,0.0,0.0,0.0,18.52,2.41,0.0
21151018:0709,4421.18,102.55,6.38,19.04,2.69,0.0
21151018:0809,21417.46,365.54,18.01,20.37,2.21,0.0
21151018:0909,27560.05,460.44,28.68,22.53,2.48,0.0
21151018:1009,42591.28,714.48,37.7,23.72,3.52,0.0
21151018:1109,47954.38,814.86,44.05,24.33,3.45,0.0
21151018:1209,34266.57,578.06,46.49,24.98,3.45,0.0
21151018:1309,30117.12,507.22,44.38,25.18,3.72,0.0
21151018:1409,5029.89,98.49,38.3,22.27,3.52,0.0
21151018:1509,2903.93,62.85,29.44,20.9,4.07,0.0
21151018:1609,2742.27,60.03,18.87,20.45,3.31,0.0
21151018:1709,6598.75,130.48,7.29,20.63,2.9,0.0
21151018:1809,0.0,0.0,0.0,20.33,2.69,0.0
21151018:1909,0.0,0.0,0.0,19.18,3.79,0.0
21151018:2009,0.0,0.0,0.0,18.9,3.59,0.0
21151018:2109,0.0,0.0,0.0,18.89,3.38,0.0
21151018:2209,0.0,0.0,0.0,18.89,3.31,0.0
21151018:2309,0.0,0.0,0.0,18.84,3.24,0.0
21151019:0009,0.0,0.0,0.0,18.8,2.9,0.0
21151019:0109,0.0,0.0,0.0,18.87,2.76,0.0
21151019:0209,0.0,0.0,0.0,18.65,2.9,0.0
21151019:0309,0.0,0.0,0.0,18.53,3.03,0.0
21151019:0409,0.0,0.0,0.0,18.63,3.1,0.0
21151019:0509,0.0,0.0,0.0,18.69,3.17,0.0
21151019:0609,0.0,0.0,0.0,18.71,2.9,0.0
21151019:0709,2160.11,53.25,6.2,18.21,2.55,0.0
21151019:0809,9762.26,172.84,17.81,18.77,2.41,0.0
21151019:0909,7589.24,138.46,28.44,20.0,2.9,0.0
21151019:1009,16856.63,285.6,37.42,22.02,4.28,0.0
21151019:1109,59106.37,985.93,43.71,23.4,6.34,0.0
21151019:1209,56647.96,950.44,46.12,24.89,6.62,0.0
21151019:1309,13324.25,232.9,44.02,25.49,6.83,0.0
21151019:1409,9916.34,176.35,37.96,22.34,5.45,0.0
21151019:1509,34565.62,564.94,29.14,22.67,6.07,0.0
21151019:1609,3848.89,78.79,18.6,21.65,5.24,0.0
21151019:1709,8221.49,159.58,7.04,21.55,5.03,0.0
21151019:1809,0.0,0.0,0.0,20.82,3.93,0.0
21151019:1909,0.0,0.0,0.0,20.59,3.17,0.0
21151019:2009,0.0,0.0,0.0,20.07,3.1,0.0
21151019:2109,0.0,0.0,0.0,19.8,3.1,0.0
21151019:2209,0.0,0.0,0.0,19.53,3.24,0.0
21151019:2309,0.0,0.0,0.0,19.28,3.38,0.0
21151020:0009,0.0,0.0,0.0,19.03,3.59,0.0
21151020:0109,0.0,0.0,0.0,18.93,3.79,0.0
21151020:0209,0.0,0.0,0.0,18.92,3.93,0.0
21151020:0309,0.0,0.0,0.0,18.87,4.07,0.0
21151020:0409,0.0,0.0,0.0,18.58,4.28,0.0
21151020:0509,0.0,0.0,0.0,18.5,4.9,0.0
21151020:0609,0.0,0.0,0.0,18.14,5.24,0.0
21151020:0709,3588.55,84.16,6.02,19.48,5.79,0.0
21151020:0809,14712.46,251.76,17.6,20.03,5.38,0.0
21151020:0909,24029.18,394.48,28.2,21.0,5.66,0.0
21151020:1009,49016.98,806.01,37.13,22.24,5.79,0.0
21151020:1109,53707.6,894.46,43.38,23.32,5.86,0.0
21151020:1209,58374.69,985.12,45.76,24.05,5.52,0.0
21151020:1309,55905.66,950.14,43.67,24.46,4.55,0.0
21151020:1409,28139.17,471.7,37.64,24.74,3.86,0.0
21151020:1509,20728.29,348.78,28.84,23.78,3.72,0.0
21151020:1609,24423.1,411.38,18.33,23.25,2.97,0.0
21151020:1709,7795.69,153.85,6.8,22.64,1.86,0.0
21151020:1809,0.0,0.0,0.0,21.55,1.1,0.0
21151020:1909,0.0,0.0,0.0,20.46,1.17,0.0
21151020:2009,0.0,0.0,0.0,19.06,1.17,0.0
21151020:2109,0.0,0.0,0.0,18.45,1.66,0.0
21151020:2209,0.0,0.0,0.0,18.17,1.79,0.0
21151020:2309,0.0,0.0,0.0,17.91,1.86,0.0
21151021:0009,0.0,0.0,0.0,17.62,1.79,0.0
21151021:0109,0.0,0.0,0.0,17.36,1.86,0.0
21151021:0209,0.0,0.0,0.0,17.0,1.86,0.0
21151021:0309,0.0,0.0,0.0,16.86,1.93,0.0
21151021:0409,0.0,0.0,0.0,16.73,1.93,0.0
21151021:0509,0.0,0.0,0.0,16.67,1.79,0.0
21151021:0609,0.0,0.0,0.0,16.26,1.72,0.0
21151021:0709,3838.26,89.36,5.83,16.55,1.52,0.0
21151021:0809,21977.6,374.06,17.39,18.06,0.97,0.0
21151021:0909,35557.63,603.33,27.95,20.83,0.55,0.0
21151021:1009,46248.91,815.6,36.84,22.87,0.28,0.0
21151021:1109,51359.25,913.18,43.05,24.32,0.97,0.0
21151021:1209,57103.37,1016.57,45.41,25.3,1.86,0.0
21151021:1309,55158.81,962.01,43.31,25.56,2.83,0.0
21151021:1409,49961.18,852.59,37.31,25.31,3.52,0.0
21151021:1509,40979.17,685.71,28.55,24.37,3.72,0.0
21151021:1609,25928.96,435.79,18.07,23.48,3.45,0.0
21151021:1709,7378.24,146.38,6.56,22.49,2.9,0.0
21151021:1809,0.0,0.0,0.0,21.18,2.62,0.0
21151021:1909,0.0,0.0,0.0,20.36,2.41,0.0
21151021:2009,0.0,0.0,0.0,19.71,2.21,0.0
21151021:2109,0.0,0.0,0.0,19.17,1.79,0.0
21151021:2209,0.0,0.0,0.0,18.55,1.66,0.0
21151021:2309,0.0,0.0,0.0,17.89,1.52,0.0
21151022:0009,0.0,0.0,0.0,17.26,1.38,0.0
21151022:0109,0.0,0.0,0.0,16.64,1.38,0.0
21151022:0209,0.0,0.0,0.0,16.02,1.66,0.0
21151022:0309,0.0,0.0,0.0,16.06,2.0,0.0
21151022:0409,0.0,0.0,0.0,16.41,2.07,0.0
21151022:0509,0.0,0.0,0.0,16.55,2.0,0.0
21151022:0609,0.0,0.0,0.0,16.31,2.07,0.0
21151022:0709,3577.93,86.06,5.65,16.83,2.21,0.0
21151022:0809,20593.95,347.5,17.18,17.98,2.34,0.0
21151022:0909,37905.98,630.41,27.71,20.46,2.14,0.0
21151022:1009,39338.97,663.37,36.56,22.88,2.21,0.0
21151022:1109,54167.55,944.36,42.72,24.84,2.41,0.0
21151022:1209,53114.06,928.46,45.05,26.11,2.69,0.0
21151022:1309,54225.24,944.72,42.96,26.58,3.17,0.0
21151022:1409,49605.96,849.88,36.99,26.31,3.59,0.0
21151022:1509,28289.45,474.89,28.26,25.65,3.79,0.0
21151022:1609,26800.29,451.98,17.81,24.59,3.79,0.0
21151022:1709,5580.17,114.49,6.32,22.98,3.1,0.0
21151022:1809,0.0,0.0,0.0,21.44,2.83,0.0
21151022:1909,0.0,0.0,0.0,20.59,2.48,0.0
21151022:2009,0.0,0.0,0.0,20.02,2.41,0.0
21151022:2109,0.0,0.0,0.0,19.57,2.14,0.0
21151022:2209,0.0,0.0,0.0,19.03,1.79,0.0
21151022:2309,0.0,0.0,0.0,18.23,1.31,0.0
21151023:0009,0.0,0.0,0.0,17.98,0.97,0.0
21151023:0109,0.0,0.0,0.0,17.53,0.97,0.0
21151023:0209,0.0,0.0,0.0,16.76,1.03,0.0
21151023:0309,0.0,0.0,0.0,16.31,1.1,0.0
21151023:0409,0.0,0.0,0.0,15.88,1.17,0.0
21151023:0509,0.0,0.0,0.0,15.46,1.38,0.0
21151023:0609,0.0,0.0,0.0,14.95,1.52,0.0
21151023:0709,3199.18,77.28,5.46,15.11,1.31,0.0
21151023:0809,10238.15,181.03,16.97,18.1,0.55,0.0
21151023:0909,11215.74,198.4,27.47,21.46,0.21,0.0
21151023:1009,37642.61,649.13,36.27,23.65,0.69,0.0
21151023:1109,41150.7,717.47,42.39,25.15,1.03,0.0
21151023:1209,40317.32,700.42,44.7,26.13,1.59,0.0
21151023:1309,31505.33,538.48,42.62,26.5,2.41,0.0
21151023:1409,13527.66,238.41,36.67,26.15,2.9,0.0
21151023:1509,8336.1,153.57,27.98,25.19,3.17,0.0
21151023:1609,7683.36,141.94,17.56,23.56,2.97,0.0
21151023:1709,1626.54,41.78,6.09,22.23,2.41,0.0
21151023:1809,0.0,0.0,0.0,21.2,2.0,0.0
21151023:1909,0.0,0.0,0.0,20.66,1.45,0.0
21151023:2009,0.0,0.0,0.0,20.28,1.1,0.0
21151023:2109,0.0,0.0,0.0,19.87,1.03,0.0
21151023:2209,0.0,0.0,0.0,19.42,0.83,0.0
21151023:2309,0.0,0.0,0.0,19.4,0.69,0.0
21151024:0009,0.0,0.0,0.0,19.52,0.48,0.0
21151024:0109,0.0,0.0,0.0,19.31,0.55,0.0
21151024:0209,0.0,0.0,0.0,18.53,0.76,0.0
21151024:0309,0.0,0.0,0.0,19.22,0.41,0.0
21151024:0409,0.0,0.0,0.0,18.74,0.55,0.0
21151024:0509,0.0,0.0,0.0,18.46,1.24,0.0
21151024:0609,0.0,0.0,0.0,18.32,1.59,0.0
21151024:0709,2966.93,73.53,5.28,18.04,0.83,0.0
21151024:0809,5903.5,111.65,16.76,18.53,0.34,0.0
21151024:0909,2968.45,63.78,27.22,19.56,0.55,0.0
21151024:1009,14633.52,251.28,35.98,20.27,1.03,0.0
21151024:1109,53237.78,933.52,42.06,21.98,1.17,0.0
21151024:1209,56205.47,1010.52,44.35,22.76,0.76,0.0
21151024:1309,54080.27,961.23,42.27,23.24,1.03,0.0
21151024:1409,49883.0,863.73,36.36,23.25,1.66,0.0
21151024:1509,34825.2,583.5,27.7,23.03,2.28,0.0
21151024:1609,25025.75,420.98,17.31,22.37,2.48,0.0
21151024:1709,3606.77,78.73,5.86,21.58,2.21,0.0
21151024:1809,0.0,0.0,0.0,20.8,1.72,0.0
21151024:1909,0.0,0.0,0.0,20.24,2.0,0.0
21151024:2009,0.0,0.0,0.0,19.73,1.79,0.0
21151024:2109,0.0,0.0,0.0,19.23,1.66,0.0
21151024:2209,0.0,0.0,0.0,18.74,1.66,0.0
21151024:2309,0.0,0.0,0.0,18.34,1.52,0.0
21151025:0009,0.0,0.0,0.0,17.89,1.24,0.0
21151025:0109,0.0,0.0,0.0,17.67,1.17,0.0
21151025:0209,0.0,0.0,0.0,17.18,1.24,0.0
21151025:0309,0.0,0.0,0.0,16.92,1.24,0.0
21151025:0409,0.0,0.0,0.0,16.98,1.1,0.0
21151025:0509,0.0,0.0,0.0,16.91,1.31,0.0
21151025:0609,0.0,0.0,0.0,16.85,1.17,0.0
21151025:0709,1806.42,47.66,5.09,16.69,1.1,0.0
21151025:0809,14231.25,246.32,16.55,18.51,0.55,0.0
21151025:0909,18266.09,310.37,26.98,21.05,0.69,0.0
21151025:1009,30886.75,523.64,35.7,22.63,0.97,0.0
21151025:1109,16827.03,291.11,41.74,23.96,1.38,0.0
21151025:1209,55136.04,973.2,44.0,24.85,1.93,0.0
21151025:1309,54180.46,944.86,41.94,25.35,2.62,0.0
21151025:1409,35223.67,593.69,36.05,24.97,3.03,0.0
21151025:1509,15285.5,263.26,27.42,24.24,3.17,0.0
21151025:1609,11519.34,202.86,17.06,23.29,3.03,0.0
21151025:1709,6355.87,129.74,5.64,22.17,2.34,0.0
21151025:1809,0.0,0.0,0.0,20.91,1.59,0.0
21151025:1909,0.0,0.0,0.0,20.73,0.62,0.0
21151025:2009,0.0,0.0,0.0,19.83,0.62,0.0
21151025:2109,0.0,0.0,0.0,18.8,1.03,0.0
21151025:2209,0.0,0.0,0.0,18.51,1.52,0.0
21151025:2309,0.0,0.0,0.0,18.21,1.79,0.0
21151026:0009,0.0,0.0,0.0,17.89,1.86,0.0
21151026:0109,0.0,0.0,0.0,17.8,2.14,0.0
21151026:0209,0.0,0.0,0.0,17.59,2.83,0.0
21151026:0309,0.0,0.0,0.0,17.7,3.66,0.0
21151026:0409,0.0,0.0,0.0,17.77,4.0,0.0
21151026:0509,0.0,0.0,0.0,17.68,3.86,0.0
21151026:0609,0.0,0.0,0.0,17.65,3.72,0.0
21151026:0709,2735.44,69.15,4.9,18.06,3.52,0.0
21151026:0809,6696.66,123.83,16.34,18.77,3.86,0.0
21151026:0909,12201.68,210.05,26.73,19.83,3.86,0.0
21151026:1009,17592.86,295.45,35.41,20.77,4.0,0.0
21151026:1109,28133.09,466.44,41.42,22.15,3.93,0.0
21151026:1209,13131.46,228.26,43.66,22.94,4.07,0.0
21151026:1309,41361.71,689.9,41.6,23.22,4.07,0.0
21151026:1409,27824.18,460.85,35.74,22.5,4.0,0.0
21151026:1509,8948.61,161.1,27.15,22.22,3.93,0.0
21151026:1609,6064.41,114.91,16.82,21.69,3.31,0.0
21151026:1709,1283.47,35.07,5.42,21.04,2.69,0.0
21151026:1809,0.0,0.0,0.0,20.23,1.86,0.0
21151026:1909,0.0,0.0,0.0,20.08,1.52,0.0
21151026:2009,0.0,0.0,0.0,19.6,1.72,0.0
21151026:2109,0.0,0.0,0.0,19.16,1.93,0.0
21151026:2209,0.0,0.0,0.0,18.72,2.07,0.0
21151026:2309,0.0,0.0,0.0,18.5,2.21,0.0
21151027:0009,0.0,0.0,0.0,18.08,2.34,0.0
21151027:0109,0.0,0.0,0.0,17.94,2.41,0.0
21151027:0209,0.0,0.0,0.0,17.59,2.76,0.0
21151027:0309,0.0,0.0,0.0,17.43,2.83,0.0
21151027:0409,0.0,0.0,0.0,17.31,2.97,0.0
21151027:0509,0.0,0.0,0.0,17.21,3.03,0.0
21151027:0609,0.0,0.0,0.0,17.0,3.24,0.0
21151027:0709,2648.91,67.34,4.71,17.42,3.52,0.0
21151027:0809,20134.75,339.48,16.12,18.4,3.31,0.0
21151027:0909,35969.77,586.32,26.48,19.91,4.21,0.0
21151027:1009,41372.33,676.71,35.13,21.2,5.03,0.0
21151027:1109,35592.55,582.79,41.09,21.57,5.38,0.0
21151027:1209,11253.69,196.98,43.31,21.65,5.1,0.0
21151027:1309,17924.54,301.81,41.27,21.65,4.76,0.0
21151027:1409,16627.41,279.95,35.44,20.45,3.93,0.0
21151027:1509,17516.96,292.57,26.88,19.86,3.31,0.0
21151027:1609,12246.46,210.95,16.58,19.47,2.83,0.0
21151027:1709,592.78,20.64,5.2,18.84,2.21,0.0
21151027:1809,0.0,0.0,0.0,18.36,1.86,0.0
21151027:1909,0.0,0.0,0.0,18.11,1.17,0.0
21151027:2009,0.0,0.0,0.0,18.04,0.69,0.0
21151027:2109,0.0,0.0,0.0,18.1,0.14,0.0
21151027:2209,0.0,0.0,0.0,17.99,0.28,0.0
21151027:2309,0.0,0.0,0.0,17.72,0.21,0.0
21151028:0009,0.0,0.0,0.0,17.52,0.28,0.0
21151028:0109,0.0,0.0,0.0,17.3,0.34,0.0
21151028:0209,0.0,0.0,0.0,16.96,0.48,0.0
21151028:0309,0.0,0.0,0.0,16.49,0.62,0.0
21151028:0409,0.0,0.0,0.0,15.84,0.83,0.0
21151028:0509,0.0,0.0,0.0,16.48,0.62,0.0
21151028:0609,0.0,0.0,0.0,15.45,0.83,0.0
21151028:0709,1992.38,52.39,4.52,14.88,1.17,0.0
21151028:0809,17653.58,299.61,15.91,16.59,0.97,0.0
21151028:0909,23141.15,385.42,26.24,18.47,0.62,0.0
21151028:1009,41938.54,718.05,34.85,19.67,0.34,0.0
21151028:1109,44784.04,769.65,40.78,20.8,0.9,0.0
21151028:1209,34011.55,572.77,42.98,21.53,1.52,0.0
21151028:1309,47844.32,819.16,40.94,21.83,1.79,0.0
21151028:1409,49207.49,839.13,35.14,22.0,2.07,0.0
21151028:1509,40159.45,669.9,26.62,21.73,2.48,0.0
21151028:1609,24416.27,407.13,16.34,20.99,3.03,0.0
21151028:1709,4973.73,104.33,4.99,19.96,2.76,0.0
21151028:1809,0.0,0.0,0.0,18.59,2.41,0.0
21151028:1909,0.0,0.0,0.0,18.09,2.34,0.0
21151028:2009,0.0,0.0,0.0,17.5,2.28,0.0
21151028:2109,0.0,0.0,0.0,17.05,2.28,0.0
21151028:2209,0.0,0.0,0.0,16.71,2.21,0.0
21151028:2309,0.0,0.0,0.0,16.32,2.21,0.0
21151029:0009,0.0,0.0,0.0,15.97,2.14,0.0
21151029:0109,0.0,0.0,0.0,15.56,2.14,0.0
21151029:0209,0.0,0.0,0.0,15.23,2.07,0.0
21151029:0309,0.0,0.0,0.0,14.92,2.07,0.0
21151029:0409,0.0,0.0,0.0,14.64,2.0,0.0
21151029:0509,0.0,0.0,0.0,14.42,2.07,0.0
21151029:0609,0.0,0.0,0.0,14.28,2.14,0.0
21151029:0709,2421.97,62.46,4.33,14.39,2.14,0.0
21151029:0809,19784.09,332.03,15.69,15.77,1.79,0.0
21151029:0909,36035.04,591.05,25.99,18.26,2.28,0.0
21151029:1009,48132.74,805.37,34.56,20.05,2.48,0.0
21151029:1109,54278.37,927.94,40.46,21.54,2.48,0.0
21151029:1209,58192.53,1011.82,42.64,22.72,2.41,0.0
21151029:1309,55640.77,962.01,40.62,23.38,2.62,0.0
21151029:1409,49714.5,842.31,34.85,23.43,3.17,0.0
21151029:1509,39900.63,661.4,26.36,22.74,3.72,0.0
21151029:1609,24224.24,404.06,16.11,21.62,3.66,0.0
21151029:1709,4847.73,102.4,4.78,20.36,2.97,0.0
21151029:1809,0.0,0.0,0.0,18.93,2.34,0.0
21151029:1909,0.0,0.0,0.0,18.4,2.28,0.0
21151029:2009,0.0,0.0,0.0,17.77,1.66,0.0
21151029:2109,0.0,0.0,0.0,17.61,0.76,0.0
21151029:2209,0.0,0.0,0.0,17.72,0.28,0.0
21151029:2309,0.0,0.0,0.0,15.73,1.1,0.0
21151030:0009,0.0,0.0,0.0,14.42,1.31,0.0
21151030:0109,0.0,0.0,0.0,13.84,1.31,0.0
21151030:0209,0.0,0.0,0.0,13.46,1.31,0.0
21151030:0309,0.0,0.0,0.0,13.14,1.31,0.0
21151030:0409,0.0,0.0,0.0,12.9,1.31,0.0
21151030:0509,0.0,0.0,0.0,12.7,1.31,0.0
21151030:0609,0.0,0.0,0.0,12.53,1.31,0.0
21151030:0709,2201.86,57.53,4.14,12.8,1.31,0.0
21151030:0809,19541.97,331.9,15.48,16.11,0.34,0.0
21151030:0909,34763.72,584.32,25.75,18.83,0.41,0.0
21151030:1009,46681.54,796.53,34.28,20.84,1.31,0.0
21151030:1109,53738.72,932.4,40.14,22.05,1.72,0.0
21151030:1209,57245.3,1001.87,42.31,22.88,2.0,0.0
21151030:1309,52732.28,909.25,40.3,23.29,2.41,0.0
21151030:1409,35025.57,585.57,34.56,23.15,2.83,0.0
21151030:1509,36670.33,609.9,26.1,22.49,2.9,0.0
21151030:1609,23646.65,397.17,15.89,21.63,2.41,0.0
21151030:1709,4416.62,95.12,4.58,20.59,1.72,0.0
21151030:1809,0.0,0.0,0.0,19.25,1.52,0.0
21151030:1909,0.0,0.0,0.0,18.49,1.24,0.0
21151030:2009,0.0,0.0,0.0,17.66,0.76,0.0
21151030:2109,0.0,0.0,0.0,18.0,0.34,0.0
21151030:2209,0.0,0.0,0.0,17.25,0.69,0.0
21151030:2309,0.0,0.0,0.0,15.43,1.31,0.0
21151031:0009,0.0,0.0,0.0,14.85,1.59,0.0
21151031:0109,0.0,0.0,0.0,14.82,1.66,0.0
21151031:0209,0.0,0.0,0.0,15.18,1.86,0.0
21151031:0309,0.0,0.0,0.0,15.65,2.0,0.0
21151031:0409,0.0,0.0,0.0,16.11,2.14,0.0
21151031:0509,0.0,0.0,0.0,16.28,2.28,0.0
21151031:0609,0.0,0.0,0.0,16.22,2.34,0.0
21151031:0709,940.4,29.52,3.95,16.45,2.21,0.0
21151031:0809,11081.4,193.57,15.26,17.5,1.79,0.0
21151031:0909,31068.15,515.42,25.5,19.64,1.52,0.0
21151031:1009,46086.48,782.82,34.0,21.05,1.59,0.0
21151031:1109,26078.48,437.86,39.83,22.05,1.86,0.0
21151031:1209,56429.37,978.16,41.98,22.61,2.34,0.0
21151031:1309,41971.94,705.44,39.98,22.44,2.76,0.0
21151031:1409,20893.75,349.14,34.27,21.85,3.59,0.0
21151031:1509,11778.92,204.06,25.85,20.78,4.0,0.0
21151031:1609,16571.25,278.3,15.67,19.89,4.28,0.0
21151031:1709,1575.68,41.19,4.38,19.07,4.07,0.0
21151031:1809,0.0,0.0,0.0,18.3,3.72,0.0
21151031:1909,0.0,0.0,0.0,18.4,3.86,0.0
21151031:2009,0.0,0.0,0.0,18.18,3.59,0.0
21151031:2109,0.0,0.0,0.0,18.04,3.59,0.0
21151031:2209,0.0,0.0,0.0,17.86,3.52,0.0
21151031:2309,0.0,0.0,0.0,17.73,2.9,0.0
21151101:0009,0.0,0.0,0.0,17.56,2.41,0.0
21151101:0109,0.0,0.0,0.0,17.27,2.28,0.0
21151101:0209,0.0,0.0,0.0,16.98,2.07,0.0
21151101:0309,0.0,0.0,0.0,16.97,1.86,0.0
21151101:0409,0.0,0.0,0.0,16.87,1.66,0.0
21151101:0509,0.0,0.0,0.0,16.8,2.14,0.0
21151101:0609,0.0,0.0,0.0,16.61,3.38,0.0
21151101:0709,1207.57,36.18,3.76,16.63,3.72,0.0
21151101:0809,3086.09,64.72,15.05,16.41,4.69,0.0
21151101:0909,4380.95,85.36,25.26,15.55,5.52,0.0
21151101:1009,3339.6,68.47,33.72,14.87,4.34,0.0
21151101:1109,6720.19,121.94,39.52,14.77,3.1,0.0
21151101:1209,3105.83,64.72,41.66,14.73,2.07,0.0
21151101:1309,2531.27,55.34,39.67,15.16,1.1,0.0
21151101:1409,29128.9,471.11,33.99,15.41,2.14,0.0
21151101:1509,15500.3,255.76,25.61,14.55,2.48,0.0
21151101:1609,22304.73,362.3,15.45,14.54,2.76,0.0
21151101:1709,658.81,22.11,4.19,14.35,3.45,0.0
21151101:1809,0.0,0.0,0.0,13.78,3.24,0.0
21151101:1909,0.0,0.0,0.0,14.44,3.93,0.0
21151101:2009,0.0,0.0,0.0,14.17,3.79,0.0
21151101:2109,0.0,0.0,0.0,13.94,3.59,0.0
21151101:2209,0.0,0.0,0.0,13.81,3.45,0.0
21151101:2309,0.0,0.0,0.0,13.48,3.45,0.0
21151102:0009,0.0,0.0,0.0,13.48,3.59,0.0
21151102:0109,0.0,0.0,0.0,13.33,3.45,0.0
21151102:0209,0.0,0.0,0.0,13.11,3.31,0.0
21151102:0309,0.0,0.0,0.0,12.94,3.17,0.0
21151102:0409,0.0,0.0,0.0,12.8,3.24,0.0
21151102:0509,0.0,0.0,0.0,12.61,3.52,0.0
21151102:0609,0.0,0.0,0.0,12.6,3.72,0.0
21151102:0709,2579.84,67.64,3.56,13.32,3.52,0.0
21151102:0809,8616.17,151.53,14.83,14.05,3.45,0.0
21151102:0909,17850.16,291.76,25.01,15.58,4.07,0.0
21151102:1009,26666.71,428.89,33.44,17.03,5.17,0.0
21151102:1109,57548.9,940.75,39.21,18.09,5.24,0.0
21151102:1209,59169.36,974.01,41.34,18.97,5.38,0.0
21151102:1309,39473.31,639.6,39.36,19.45,5.52,0.0
21151102:1409,37808.83,611.5,33.71,19.66,5.52,0.0
21151102:1509,26173.36,424.8,25.36,19.46,5.1,0.0
21151102:1609,16584.91,277.6,15.24,19.31,4.62,0.0
21151102:1709,5826.08,120.26,4.0,18.43,3.45,0.0
21151102:1809,0.0,0.0,0.0,17.47,3.03,0.0
21151102:1909,0.0,0.0,0.0,17.35,3.38,0.0
21151102:2009,0.0,0.0,0.0,16.88,3.38,0.0
21151102:2109,0.0,0.0,0.0,16.53,3.59,0.0
21151102:2209,0.0,0.0,0.0,16.45,3.93,0.0
21151102:2309,0.0,0.0,0.0,16.16,4.07,0.0
21151103:0009,0.0,0.0,0.0,15.78,3.93,0.0
21151103:0109,0.0,0.0,0.0,15.4,3.79,0.0
21151103:0209,0.0,0.0,0.0,15.21,3.45,0.0
21151103:0309,0.0,0.0,0.0,14.77,3.45,0.0
21151103:0409,0.0,0.0,0.0,14.43,3.45,0.0
21151103:0509,0.0,0.0,0.0,14.26,3.45,0.0
21151103:0609,0.0,0.0,0.0,14.12,3.38,0.0
21151103:0709,2467.51,65.87,3.37,14.42,3.17,0.0
21151103:0809,19530.59,326.07,14.62,15.34,2.83,0.0
21151103:0909,35717.02,580.39,24.77,17.39,2.9,0.0
21151103:1009,48292.13,803.31,33.17,19.14,2.62,0.0
21151103:1109,52279.16,888.09,38.91,20.36,2.28,0.0
21151103:1209,52350.51,895.06,41.03,21.25,2.28,0.0
21151103:1309,50519.04,859.97,39.06,21.79,2.48,0.0
21151103:1409,49704.63,839.71,33.44,21.87,2.76,0.0
21151103:1509,38690.02,638.38,25.13,21.13,3.24,0.0
21151103:1609,17203.49,289.66,15.03,20.08,3.03,0.0
21151103:1709,4998.02,106.0,3.82,19.2,2.21,0.0
21151103:1809,0.0,0.0,0.0,17.94,1.45,0.0
21151103:1909,0.0,0.0,0.0,16.95,0.9,0.0
21151103:2009,0.0,0.0,0.0,16.01,1.1,0.0
21151103:2109,0.0,0.0,0.0,15.03,1.45,0.0
21151103:2209,0.0,0.0,0.0,14.32,1.59,0.0
21151103:2309,0.0,0.0,0.0,13.96,1.59,0.0
21151104:0009,0.0,0.0,0.0,13.67,1.59,0.0
21151104:0109,0.0,0.0,0.0,13.23,1.66,0.0
21151104:0209,0.0,0.0,0.0,13.03,1.38,0.0
21151104:0309,0.0,0.0,0.0,12.57,1.59,0.0
21151104:0409,0.0,0.0,0.0,12.55,1.93,0.0
21151104:0509,0.0,0.0,0.0,12.62,1.86,0.0
21151104:0609,0.0,0.0,0.0,12.44,1.86,0.0
21151104:0709,2223.87,60.39,3.18,12.54,1.86,0.0
21151104:0809,20895.27,348.85,14.4,13.85,1.31,0.0
21151104:0909,36493.48,606.79,24.52,17.82,0.97,0.0
21151104:1009,46331.64,800.14,32.89,19.74,0.41,0.0
21151104:1109,51151.29,900.41,38.61,20.93,0.55,0.0
21151104:1209,27528.93,463.04,40.71,21.7,1.45,0.0
21151104:1309,54468.12,940.65,38.76,21.87,2.07,0.0
21151104:1409,48121.36,816.97,33.18,21.67,2.14,0.0
21151104:1509,39951.48,669.48,24.9,21.4,1.93,0.0
21151104:1609,25127.45,422.84,14.83,20.87,1.59,0.0
21151104:1709,5044.31,107.6,3.64,19.9,1.52,0.0
21151104:1809,0.0,0.0,0.0,18.42,1.86,0.0
21151104:1909,0.0,0.0,0.0,17.84,1.72,0.0
21151104:2009,0.0,0.0,0.0,17.15,1.52,0.0
21151104:2109,0.0,0.0,0.0,16.41,1.59,0.0
21151104:2209,0.0,0.0,0.0,15.65,1.66,0.0
21151104:2309,0.0,0.0,0.0,15.17,1.59,0.0
21151105:0009,0.0,0.0,0.0,14.96,1.38,0.0
21151105:0109,0.0,0.0,0.0,14.53,1.52,0.0
21151105:0209,0.0,0.0,0.0,14.21,1.66,0.0
21151105:0309,0.0,0.0,0.0,14.08,1.72,0.0
21151105:0409,0.0,0.0,0.0,13.86,1.66,0.0
21151105:0509,0.0,0.0,0.0,13.62,1.59,0.0
21151105:0609,0.0,0.0,0.0,13.45,1.59,0.0
21151105:0709,1929.38,54.37,2.98,13.52,1.86,0.0
21151105:0809,20792.05,349.01,14.19,15.05,1.45,0.0
21151105:0909,36252.88,599.86,24.28,18.6,1.66,0.0
21151105:1009,46956.29,792.12,32.62,20.62,2.0,0.0
21151105:1109,52745.19,905.02,38.31,22.08,2.28,0.0
21151105:1209,56816.46,981.42,40.41,22.99,2.76,0.0
21151105:1309,56087.06,959.7,38.47,23.3,3.38,0.0
21151105:1409,50330.05,848.64,32.92,23.19,3.59,0.0
21151105:1509,39194.0,649.41,24.67,22.79,3.79,0.0
21151105:1609,24928.6,416.3,14.63,21.86,3.72,0.0
21151105:1709,4635.97,100.38,3.47,20.48,3.24,0.0
21151105:1809,0.0,0.0,0.0,18.98,3.17,0.0
21151105:1909,0.0,0.0,0.0,18.4,3.03,0.0
21151105:2009,0.0,0.0,0.0,17.93,2.69,0.0
21151105:2109,0.0,0.0,0.0,17.55,2.48,0.0
21151105:2209,0.0,0.0,0.0,17.34,2.21,0.0
21151105:2309,0.0,0.0,0.0,17.14,2.0,0.0
21151106:0009,0.0,0.0,0.0,16.86,1.72,0.0
21151106:0109,0.0,0.0,0.0,16.44,1.52,0.0
21151106:0209,0.0,0.0,0.0,15.9,1.38,0.0
21151106:0309,0.0,0.0,0.0,15.3,1.52,0.0
21151106:0409,0.0,0.0,0.0,14.84,1.52,0.0
21151106:0509,0.0,0.0,0.0,14.38,1.66,0.0
21151106:0609,0.0,0.0,0.0,14.17,1.72,0.0
21151106:0709,1054.25,34.46,2.79,14.46,1.31,0.0
21151106:0809,17308.24,292.85,13.97,15.46,1.17,0.0
21151106:0909,35989.5,597.81,24.04,17.35,0.83,0.0
21151106:1009,46133.54,788.48,32.35,19.86,0.9,0.0
21151106:1109,51886.76,909.33,38.01,22.23,1.1,0.0
21151106:1209,55334.14,978.26,40.1,23.88,1.59,0.0
21151106:1309,54386.9,956.47,38.18,24.97,2.0,0.0
21151106:1409,49220.39,851.68,32.66,25.46,2.34,0.0
21151106:1509,38607.29,653.93,24.45,25.24,2.62,0.0
21151106:1609,24569.59,417.28,14.44,24.2,2.69,0.0
21151106:1709,4661.02,102.03,3.3,22.29,2.48,0.0
21151106:1809,0.0,0.0,0.0,20.4,2.28,0.0
21151106:1909,0.0,0.0,0.0,19.69,2.0,0.0
21151106:2009,0.0,0.0,0.0,18.92,1.72,0.0
21151106:2109,0.0,0.0,0.0,17.92,1.59,0.0
21151106:2209,0.0,0.0,0.0,17.16,1.45,0.0
21151106:2309,0.0,0.0,0.0,16.98,1.24,0.0
21151107:0009,0.0,0.0,0.0,17.38,1.1,0.0
21151107:0109,0.0,0.0,0.0,16.08,1.38,0.0
21151107:0209,0.0,0.0,0.0,14.9,1.72,0.0
21151107:0309,0.0,0.0,0.0,13.98,1.59,0.0
21151107:0409,0.0,0.0,0.0,13.53,1.45,0.0
21151107:0509,0.0,0.0,0.0,13.3,1.59,0.0
21151107:0609,0.0,0.0,0.0,13.29,1.72,0.0
21151107:0709,1421.61,43.63,2.59,13.42,1.93,0.0
21151107:0809,20241.01,339.7,13.76,14.92,1.59,0.0
21151107:0909,36000.13,599.8,23.8,19.02,1.24,0.0
21151107:1009,45589.34,792.57,32.08,22.4,0.69,0.0
21151107:1109,50933.45,913.61,37.72,24.65,0.62,0.0
21151107:1209,54049.91,976.35,39.81,25.93,1.03,0.0
21151107:1309,53338.73,954.5,37.9,26.5,1.45,0.0
21151107:1409,47762.35,836.11,32.41,26.5,1.79,0.0
21151107:1509,38406.92,656.56,24.23,25.94,2.07,0.0
21151107:1609,24193.12,414.36,14.26,24.91,1.93,0.0
21151107:1709,3732.0,85.04,3.14,23.13,1.45,0.0
21151107:1809,0.0,0.0,0.0,21.44,0.76,0.0
21151107:1909,0.0,0.0,0.0,21.6,0.21,0.0
21151107:2009,0.0,0.0,0.0,20.04,1.1,0.0
21151107:2109,0.0,0.0,0.0,17.88,1.72,0.0
21151107:2209,0.0,0.0,0.0,17.01,1.79,0.0
21151107:2309,0.0,0.0,0.0,16.51,1.79,0.0
21151108:0009,0.0,0.0,0.0,16.27,1.86,0.0
21151108:0109,0.0,0.0,0.0,16.13,1.72,0.0
21151108:0209,0.0,0.0,0.0,16.1,1.66,0.0
21151108:0309,0.0,0.0,0.0,15.84,1.72,0.0
21151108:0409,0.0,0.0,0.0,15.31,1.79,0.0
21151108:0509,0.0,0.0,0.0,14.85,1.86,0.0
21151108:0609,0.0,0.0,0.0,14.84,2.0,0.0
21151108:0709,1392.76,43.91,2.4,14.66,2.0,0.0
21151108:0809,19721.86,333.12,13.54,16.0,1.52,0.0
21151108:0909,35490.08,595.98,23.56,19.79,0.9,0.0
21151108:1009,45086.88,789.11,31.81,22.72,0.41,0.0
21151108:1109,50721.69,896.06,37.43,24.45,1.17,0.0
21151108:1209,54441.55,966.22,39.51,25.2,1.66,0.0
21151108:1309,53703.8,944.37,37.62,25.46,2.07,0.0
21151108:1409,48355.89,833.69,32.16,25.26,2.41,0.0
21151108:1509,38453.98,648.29,24.02,24.38,2.62,0.0
21151108:1609,23888.01,404.54,14.08,23.08,2.34,0.0
21151108:1709,2624.62,63.6,2.98,21.57,1.52,0.0
21151108:1809,0.0,0.0,0.0,19.96,1.1,0.0
21151108:1909,0.0,0.0,0.0,19.07,0.76,0.0
21151108:2009,0.0,0.0,0.0,17.46,1.17,0.0
21151108:2109,0.0,0.0,0.0,16.45,1.66,0.0
21151108:2209,0.0,0.0,0.0,15.89,1.52,0.0
21151108:2309,0.0,0.0,0.0,15.58,1.52,0.0
21151109:0009,0.0,0.0,0.0,15.44,1.52,0.0
21151109:0109,0.0,0.0,0.0,15.4,1.38,0.0
21151109:0209,0.0,0.0,0.0,15.53,1.17,0.0
21151109:0309,0.0,0.0,0.0,15.37,1.24,0.0
21151109:0409,0.0,0.0,0.0,15.36,1.31,0.0
21151109:0509,0.0,0.0,0.0,15.44,1.38,0.0
21151109:0609,0.0,0.0,0.0,15.32,1.45,0.0
21151109:0709,0.0,0.0,0.0,15.86,1.45,0.0
21151109:0809,11681.77,203.61,13.33,17.04,1.38,0.0
21151109:0909,21220.88,352.35,23.32,18.65,1.38,0.0
21151109:1009,45520.27,780.57,31.54,19.96,0.69,0.0
21151109:1109,51019.98,908.08,37.14,21.64,0.28,0.0
21151109:1209,54912.89,977.24,39.22,23.02,1.03,0.0
21151109:1309,53767.56,942.17,37.35,23.67,1.72,0.0
21151109:1409,48419.65,831.51,31.92,23.79,2.14,0.0
21151109:1509,37996.3,639.72,23.81,23.53,2.28,0.0
21151109:1609,23396.18,396.04,13.9,22.83,2.28,0.0
21151109:1709,3020.82,71.29,2.83,21.44,1.93,0.0
21151109:1809,0.0,0.0,0.0,19.56,2.0,0.0
21151109:1909,0.0,0.0,0.0,18.92,1.66,0.0
21151109:2009,0.0,0.0,0.0,17.77,1.24,0.0
21151109:2109,0.0,0.0,0.0,18.04,0.69,0.0
21151109:2209,0.0,0.0,0.0,18.01,0.55,0.0
21151109:2309,0.0,0.0,0.0,15.63,1.38,0.0
21151110:0009,0.0,0.0,0.0,14.93,1.45,0.0
21151110:0109,0.0,0.0,0.0,14.61,1.45,0.0
21151110:0209,0.0,0.0,0.0,14.63,1.45,0.0
21151110:0309,0.0,0.0,0.0,14.55,1.52,0.0
21151110:0409,0.0,0.0,0.0,14.3,1.52,0.0
21151110:0509,0.0,0.0,0.0,14.1,1.52,0.0
21151110:0609,0.0,0.0,0.0,13.87,1.59,0.0
21151110:0709,0.0,0.0,0.0,14.42,1.93,0.0
21151110:0809,8064.38,144.66,13.12,15.48,1.59,0.0
21151110:0909,13396.35,228.27,23.08,18.34,1.59,0.0
21151110:1009,28694.75,475.81,31.28,19.96,1.66,0.0
21151110:1109,52544.81,905.86,36.86,21.13,1.66,0.0
21151110:1209,55841.15,975.15,38.94,22.57,1.86,0.0
21151110:1309,54250.28,939.89,37.09,23.05,2.21,0.0
21151110:1409,48330.84,821.91,31.69,22.92,2.48,0.0
21151110:1509,38227.04,638.2,23.61,22.11,2.41,0.0
21151110:1609,23163.92,389.62,13.73,21.28,2.14,0.0
21151110:1709,3133.15,73.21,2.68,20.19,1.66,0.0
21151110:1809,0.0,0.0,0.0,18.78,1.38,0.0
21151110:1909,0.0,0.0,0.0,17.94,1.03,0.0
21151110:2009,0.0,0.0,0.0,17.75,0.41,0.0
21151110:2109,0.0,0.0,0.0,16.52,0.97,0.0
21151110:2209,0.0,0.0,0.0,15.07,1.38,0.0
21151110:2309,0.0,0.0,0.0,14.55,1.38,0.0
21151111:0009,0.0,0.0,0.0,14.39,1.17,0.0
21151111:0109,0.0,0.0,0.0,14.64,0.83,0.0
21151111:0209,0.0,0.0,0.0,15.07,0.34,0.0
21151111:0309,0.0,0.0,0.0,15.18,0.34,0.0
21151111:0409,0.0,0.0,0.0,15.19,0.55,0.0
21151111:0509,0.0,0.0,0.0,14.71,0.83,0.0
21151111:0609,0.0,0.0,0.0,14.96,1.1,0.0
21151111:0709,0.0,0.0,0.0,15.51,1.31,0.0
21151111:0809,5903.5,110.72,12.9,16.48,1.86,0.0
21151111:0909,6734.61,123.77,22.85,17.48,1.86,0.0
21151111:1009,9942.14,176.06,31.02,19.52,1.03,0.0
21151111:1109,10657.12,189.29,36.58,21.32,0.62,0.0
21151111:1209,17337.84,296.94,38.66,22.41,1.45,0.0
21151111:1309,41323.0,698.22,36.82,22.56,2.21,0.0
21151111:1409,48769.54,826.52,31.46,22.51,2.62,0.0
21151111:1509,38188.33,635.16,23.42,22.05,2.76,0.0
21151111:1609,23119.9,387.39,13.56,21.11,2.69,0.0
21151111:1709,2811.34,67.27,2.54,19.88,2.14,0.0
21151111:1809,0.0,0.0,0.0,18.43,1.93,0.0
21151111:1909,0.0,0.0,0.0,17.91,1.86,0.0
21151111:2009,0.0,0.0,0.0,17.14,1.72,0.0
21151111:2109,0.0,0.0,0.0,16.64,1.66,0.0
21151111:2209,0.0,0.0,0.0,16.08,1.59,0.0
21151111:2309,0.0,0.0,0.0,15.49,1.52,0.0
21151112:0009,0.0,0.0,0.0,15.08,1.38,0.0
21151112:0109,0.0,0.0,0.0,14.72,1.38,0.0
21151112:0209,0.0,0.0,0.0,14.52,1.38,0.0
21151112:0309,0.0,0.0,0.0,14.07,1.38,0.0
21151112:0409,0.0,0.0,0.0,13.94,1.24,0.0
21151112:0509,0.0,0.0,0.0,13.97,1.03,0.0
21151112:0609,0.0,0.0,0.0,13.63,0.97,0.0
21151112:0709,0.0,0.0,0.0,14.09,0.83,0.0
21151112:0809,13444.17,230.58,12.69,14.78,0.83,0.0
21151112:0909,31544.04,521.87,22.61,16.91,0.62,0.0
21151112:1009,45628.04,778.5,30.77,19.3,0.76,0.0
21151112:1109,51402.52,899.87,36.31,21.21,0.83,0.0
21151112:1209,54833.96,969.37,38.38,22.55,1.17,0.0
21151112:1309,53905.7,942.04,36.57,23.42,1.79,0.0
21151112:1409,48233.69,825.07,31.23,23.52,2.28,0.0
21151112:1509,37869.55,633.42,23.23,22.96,2.62,0.0
21151112:1609,23664.1,398.06,13.4,21.85,2.55,0.0
21151112:1709,3281.92,76.49,2.4,20.34,2.0,0.0
21151112:1809,0.0,0.0,0.0,18.72,1.72,0.0
21151112:1909,0.0,0.0,0.0,17.85,1.45,0.0
21151112:2009,0.0,0.0,0.0,16.67,1.24,0.0
21151112:2109,0.0,0.0,0.0,16.35,1.03,0.0
21151112:2209,0.0,0.0,0.0,16.12,1.03,0.0
21151112:2309,0.0,0.0,0.0,15.8,0.97,0.0
21151113:0009,0.0,0.0,0.0,15.82,0.83,0.0
21151113:0109,0.0,0.0,0.0,15.46,0.9,0.0
21151113:0209,0.0,0.0,0.0,13.94,1.1,0.0
21151113:0309,0.0,0.0,0.0,13.64,1.1,0.0
21151113:0409,0.0,0.0,0.0,13.44,1.31,0.0
21151113:0509,0.0,0.0,0.0,13.52,1.45,0.0
21151113:0609,0.0,0.0,0.0,13.75,1.45,0.0
21151113:0709,0.0,0.0,0.0,14.02,1.38,0.0
21151113:0809,18386.02,311.95,12.48,14.97,0.69,0.0
21151113:0909,34385.74,576.64,22.38,17.94,0.28,0.0
21151113:1009,45880.03,781.14,30.51,19.84,1.03,0.0
21151113:1109,52451.45,904.0,36.04,21.17,1.66,0.0
21151113:1209,56320.84,975.03,38.11,22.04,2.21,0.0
21151113:1309,54311.76,932.79,36.32,22.51,2.55,0.0
21151113:1409,48604.84,822.51,31.01,22.46,2.69,0.0
21151113:1509,38328.74,637.66,23.04,21.96,2.69,0.0
21151113:1609,23385.55,392.17,13.25,21.0,2.41,0.0
21151113:1709,181.4,11.26,2.27,19.61,1.79,0.0
21151113:1809,0.0,0.0,0.0,17.96,1.79,0.0
21151113:1909,0.0,0.0,0.0,17.1,1.66,0.0
21151113:2009,0.0,0.0,0.0,15.97,1.59,0.0
21151113:2109,0.0,0.0,0.0,15.15,1.59,0.0
21151113:2209,0.0,0.0,0.0,14.46,1.59,0.0
21151113:2309,0.0,0.0,0.0,13.98,1.52,0.0
21151114:0009,0.0,0.0,0.0,13.64,1.24,0.0
21151114:0109,0.0,0.0,0.0,13.79,1.03,0.0
21151114:0209,0.0,0.0,0.0,14.11,1.03,0.0
21151114:0309,0.0,0.0,0.0,13.59,1.17,0.0
21151114:0409,0.0,0.0,0.0,12.67,1.45,0.0
21151114:0509,0.0,0.0,0.0,12.05,1.72,0.0
21151114:0609,0.0,0.0,0.0,11.72,1.86,0.0
21151114:0709,0.0,0.0,0.0,11.8,1.59,0.0
21151114:0809,14269.96,242.2,12.27,13.15,0.97,0.0
21151114:0909,31185.79,515.4,22.15,17.1,0.76,0.0
21151114:1009,42708.17,722.21,30.26,19.22,0.9,0.0
21151114:1109,51586.95,901.52,35.77,21.14,0.9,0.0
21151114:1209,54506.83,964.59,37.85,22.61,1.1,0.0
21151114:1309,53350.87,936.94,36.07,23.56,1.52,0.0
21151114:1409,47559.7,819.46,30.8,23.96,1.86,0.0
21151114:1509,37699.53,635.75,22.86,23.79,2.21,0.0
21151114:1609,22702.45,384.96,13.1,22.94,2.21,0.0
21151114:1709,0.0,0.0,0.0,21.06,2.07,0.0
21151114:1809,0.0,0.0,0.0,19.04,2.0,0.0
21151114:1909,0.0,0.0,0.0,18.23,1.72,0.0
21151114:2009,0.0,0.0,0.0,17.03,1.45,0.0
21151114:2109,0.0,0.0,0.0,17.5,0.76,0.0
21151114:2209,0.0,0.0,0.0,17.46,0.48,0.0
21151114:2309,0.0,0.0,0.0,14.56,1.45,0.0
21151115:0009,0.0,0.0,0.0,13.77,1.59,0.0
21151115:0109,0.0,0.0,0.0,13.4,1.66,0.0
21151115:0209,0.0,0.0,0.0,13.02,1.72,0.0
21151115:0309,0.0,0.0,0.0,12.63,1.72,0.0
21151115:0409,0.0,0.0,0.0,12.36,1.79,0.0
21151115:0509,0.0,0.0,0.0,12.2,1.93,0.0
21151115:0609,0.0,0.0,0.0,12.2,2.0,0.0
21151115:0709,0.0,0.0,0.0,12.22,2.0,0.0
21151115:0809,17621.7,295.69,12.06,13.23,1.59,0.0
21151115:0909,34108.7,560.98,21.92,16.95,1.31,0.0
21151115:1009,45174.16,763.0,30.01,19.74,1.38,0.0
21151115:1109,52072.71,897.6,35.51,21.61,1.72,0.0
21151115:1209,56261.63,976.84,37.59,22.62,2.21,0.0
21151115:1309,55089.74,949.34,35.83,22.89,2.55,0.0
21151115:1409,51530.79,874.65,30.59,22.57,2.83,0.0
21151115:1509,35004.32,580.6,22.69,21.88,2.69,0.0
21151115:1609,19362.85,326.25,12.96,20.89,2.48,0.0
21151115:1709,0.0,0.0,0.0,19.69,1.93,0.0
21151115:1809,0.0,0.0,0.0,18.34,1.66,0.0
21151115:1909,0.0,0.0,0.0,17.84,1.52,0.0
21151115:2009,0.0,0.0,0.0,17.02,1.52,0.0
21151115:2109,0.0,0.0,0.0,16.59,1.72,0.0
21151115:2209,0.0,0.0,0.0,16.32,1.79,0.0
21151115:2309,0.0,0.0,0.0,16.11,1.86,0.0
21151116:0009,0.0,0.0,0.0,16.05,2.0,0.0
21151116:0109,0.0,0.0,0.0,15.89,2.14,0.0
21151116:0209,0.0,0.0,0.0,15.86,2.14,0.0
21151116:0309,0.0,0.0,0.0,15.83,2.14,0.0
21151116:0409,0.0,0.0,0.0,15.76,1.93,0.0
21151116:0509,0.0,0.0,0.0,15.46,1.72,0.0
21151116:0609,0.0,0.0,0.0,15.39,1.52,0.0
21151116:0709,0.0,0.0,0.0,15.44,1.93,0.0
21151116:0809,17016.02,288.95,11.86,15.78,2.0,0.0
21151116:0909,33667.72,549.21,21.7,17.02,2.14,0.0
21151116:1009,45516.47,755.03,29.77,18.32,2.14,0.0
21151116:1109,52689.78,895.24,35.26,19.45,1.93,0.0
21151116:1209,55498.84,959.44,37.33,20.52,1.72,0.0
21151116:1309,52328.5,902.22,35.6,21.2,1.66,0.0
21151116:1409,46733.91,795.1,30.39,21.51,1.72,0.0
21151116:1509,35728.41,595.51,22.52,21.33,1.93,0.0
21151116:1609,21104.75,352.92,12.82,20.28,2.83,0.0
21151116:1709,0.0,0.0,0.0,18.71,2.48,0.0
21151116:1809,0.0,0.0,0.0,17.28,2.0,0.0
21151116:1909,0.0,0.0,0.0,16.96,1.79,0.0
21151116:2009,0.0,0.0,0.0,16.28,1.52,0.0
21151116:2109,0.0,0.0,0.0,15.58,1.45,0.0
21151116:2209,0.0,0.0,0.0,14.99,1.45,0.0
21151116:2309,0.0,0.0,0.0,14.64,1.31,0.0
21151117:0009,0.0,0.0,0.0,14.3,1.24,0.0
21151117:0109,0.0,0.0,0.0,14.06,1.1,0.0
21151117:0209,0.0,0.0,0.0,13.96,1.1,0.0
21151117:0309,0.0,0.0,0.0,13.82,1.1,0.0
21151117:0409,0.0,0.0,0.0,13.16,1.38,0.0
21151117:0509,0.0,0.0,0.0,12.84,1.66,0.0
21151117:0609,0.0,0.0,0.0,12.79,1.79,0.0
21151117:0709,0.0,0.0,0.0,13.26,1.45,0.0
21151117:0809,5977.12,111.3,11.65,14.55,1.52,0.0
21151117:0909,17067.63,282.32,21.47,16.2,1.93,0.0
21151117:1009,38753.02,636.65,29.53,17.76,2.0,0.0
21151117:1109,49103.5,827.81,35.0,19.45,2.0,0.0
21151117:1209,54512.9,935.09,37.08,20.67,2.07,0.0
21151117:1309,53899.63,922.18,35.37,21.43,2.34,0.0
21151117:1409,47896.7,806.58,30.2,21.79,2.69,0.0
21151117:1509,37409.59,618.18,22.36,21.5,3.1,0.0
21151117:1609,21471.35,358.74,12.69,20.6,3.24,0.0
21151117:1709,0.0,0.0,0.0,19.17,2.9,0.0
21151117:1809,0.0,0.0,0.0,17.64,2.76,0.0
21151117:1909,0.0,0.0,0.0,17.01,2.28,0.0
21151117:2009,0.0,0.0,0.0,16.37,2.0,0.0
21151117:2109,0.0,0.0,0.0,15.92,1.72,0.0
21151117:2209,0.0,0.0,0.0,15.37,1.52,0.0
21151117:2309,0.0,0.0,0.0,14.98,1.45,0.0
21151118:0009,0.0,0.0,0.0,14.52,1.45,0.0
21151118:0109,0.0,0.0,0.0,13.96,1.38,0.0
21151118:0209,0.0,0.0,0.0,13.27,1.45,0.0
21151118:0309,0.0,0.0,0.0,12.53,1.45,0.0
21151118:0409,0.0,0.0,0.0,12.09,1.24,0.0
21151118:0509,0.0,0.0,0.0,11.89,1.24,0.0
21151118:0609,0.0,0.0,0.0,11.79,1.17,0.0
21151118:0709,0.0,0.0,0.0,11.98,1.31,0.0
21151118:0809,14168.25,241.22,11.45,13.27,1.03,0.0
21151118:0909,31507.61,517.06,21.25,15.61,0.76,0.0
21151118:1009,44596.56,754.58,29.29,17.45,0.55,0.0
21151118:1109,50843.13,882.78,34.76,19.51,0.69,0.0
21151118:1209,54275.33,947.47,36.84,21.23,1.31,0.0
21151118:1309,53517.85,920.48,35.15,22.11,2.21,0.0
21151118:1409,47679.62,804.81,30.01,22.3,2.69,0.0
21151118:1509,37196.31,616.23,22.21,21.83,2.97,0.0
21151118:1609,22563.55,377.4,12.56,20.8,2.9,0.0
21151118:1709,0.0,0.0,0.0,19.19,2.41,0.0
21151118:1809,0.0,0.0,0.0,17.52,2.21,0.0
21151118:1909,0.0,0.0,0.0,16.66,1.93,0.0
21151118:2009,0.0,0.0,0.0,15.68,1.59,0.0
21151118:2109,0.0,0.0,0.0,15.11,1.38,0.0
21151118:2209,0.0,0.0,0.0,14.5,1.38,0.0
21151118:2309,0.0,0.0,0.0,13.65,1.45,0.0
21151119:0009,0.0,0.0,0.0,12.82,1.38,0.0
21151119:0109,0.0,0.0,0.0,12.48,1.24,0.0
21151119:0209,0.0,0.0,0.0,12.77,1.17,0.0
21151119:0309,0.0,0.0,0.0,13.34,1.17,0.0
21151119:0409,0.0,0.0,0.0,12.54,1.31,0.0
21151119:0509,0.0,0.0,0.0,11.38,1.66,0.0
21151119:0609,0.0,0.0,0.0,10.72,1.66,0.0
21151119:0709,0.0,0.0,0.0,10.78,1.59,0.0
21151119:0809,17217.92,288.7,11.25,11.73,1.1,0.0
21151119:0909,33299.61,549.31,21.03,15.73,0.55,0.0
21151119:1009,43534.72,744.83,29.05,18.23,0.14,0.0
21151119:1109,50199.5,873.1,34.51,20.41,0.76,0.0
21151119:1209,54189.56,944.49,36.6,21.79,1.52,0.0
21151119:1309,52907.61,910.48,34.94,22.44,2.21,0.0
21151119:1409,47558.18,802.93,29.83,22.38,2.69,0.0
21151119:1509,37046.03,614.17,22.06,21.77,2.83,0.0
21151119:1609,21837.19,366.11,12.44,20.69,2.48,0.0
21151119:1709,0.0,0.0,0.0,19.06,1.86,0.0
21151119:1809,0.0,0.0,0.0,17.25,2.0,0.0
21151119:1909,0.0,0.0,0.0,16.34,1.86,0.0
21151119:2009,0.0,0.0,0.0,15.61,1.86,0.0
21151119:2109,0.0,0.0,0.0,15.0,1.72,0.0
21151119:2209,0.0,0.0,0.0,14.1,1.72,0.0
21151119:2309,0.0,0.0,0.0,13.03,1.79,0.0
21151120:0009,0.0,0.0,0.0,12.47,1.66,0.0
21151120:0109,0.0,0.0,0.0,11.75,1.66,0.0
21151120:0209,0.0,0.0,0.0,11.15,1.66,0.0
21151120:0309,0.0,0.0,0.0,10.73,1.52,0.0
21151120:0409,0.0,0.0,0.0,10.41,1.38,0.0
21151120:0509,0.0,0.0,0.0,10.38,1.24,0.0
21151120:0609,0.0,0.0,0.0,11.32,1.1,0.0
21151120:0709,0.0,0.0,0.0,10.98,1.45,0.0
21151120:0809,14781.53,249.38,11.05,11.65,1.24,0.0
21151120:0909,32642.31,535.86,20.82,15.09,0.62,0.0
21151120:1009,43260.72,736.53,28.82,17.46,0.14,0.0
21151120:1109,50721.69,883.96,34.27,19.33,0.48,0.0
21151120:1209,53910.25,941.71,36.37,20.71,1.1,0.0
21151120:1309,52798.32,908.84,34.73,21.46,1.86,0.0
21151120:1409,47414.73,800.93,29.65,21.51,2.28,0.0
21151120:1509,37554.56,624.75,21.91,21.05,2.14,0.0
21151120:1609,21995.06,369.09,12.32,20.18,1.86,0.0
21151120:1709,0.0,0.0,0.0,18.71,1.45,0.0
21151120:1809,0.0,0.0,0.0,17.13,1.38,0.0
21151120:1909,0.0,0.0,0.0,15.68,1.31,0.0
21151120:2009,0.0,0.0,0.0,15.5,0.83,0.0
21151120:2109,0.0,0.0,0.0,15.75,0.07,0.0
21151120:2209,0.0,0.0,0.0,12.57,1.24,0.0
21151120:2309,0.0,0.0,0.0,11.52,1.59,0.0
21151121:0009,0.0,0.0,0.0,11.58,1.79,0.0
21151121:0109,0.0,0.0,0.0,11.94,1.86,0.0
21151121:0209,0.0,0.0,0.0,11.95,1.79,0.0
21151121:0309,0.0,0.0,0.0,11.69,1.66,0.0
21151121:0409,0.0,0.0,0.0,11.66,1.59,0.0
21151121:0509,0.0,0.0,0.0,12.11,1.66,0.0
21151121:0609,0.0,0.0,0.0,11.98,1.79,0.0
21151121:0709,0.0,0.0,0.0,12.73,2.14,0.0
21151121:0809,6871.23,125.1,10.85,13.4,2.07,0.0
21151121:0909,33281.39,537.33,20.6,15.14,2.28,0.0
21151121:1009,42949.53,701.57,28.6,16.67,2.41,0.0
21151121:1109,51925.47,867.03,34.04,18.32,2.55,0.0
21151121:1209,53569.46,901.88,36.14,19.78,2.83,0.0
21151121:1309,48030.28,799.44,34.52,20.46,3.31,0.0
21151121:1409,43915.74,723.01,29.48,20.46,3.72,0.0
21151121:1509,21847.06,359.0,21.77,20.16,4.07,0.0
21151121:1609,22241.74,367.99,12.21,19.46,4.07,0.0
21151121:1709,0.0,0.0,0.0,18.5,3.45,0.0
21151121:1809,0.0,0.0,0.0,17.55,2.9,0.0
21151121:1909,0.0,0.0,0.0,17.23,2.55,0.0
21151121:2009,0.0,0.0,0.0,16.82,2.62,0.0
21151121:2109,0.0,0.0,0.0,16.4,3.03,0.0
21151121:2209,0.0,0.0,0.0,16.12,4.07,0.0
21151121:2309,0.0,0.0,0.0,15.57,4.69,0.0
21151122:0009,0.0,0.0,0.0,15.22,4.07,0.0
21151122:0109,0.0,0.0,0.0,15.02,3.17,0.0
21151122:0209,0.0,0.0,0.0,14.79,2.55,0.0
21151122:0309,0.0,0.0,0.0,14.69,2.28,0.0
21151122:0409,0.0,0.0,0.0,14.34,2.14,0.0
21151122:0509,0.0,0.0,0.0,14.21,2.0,0.0
21151122:0609,0.0,0.0,0.0,13.88,1.79,0.0
21151122:0709,0.0,0.0,0.0,13.92,1.93,0.0
21151122:0809,6766.48,123.9,10.66,13.95,1.66,0.0
21151122:0909,33676.07,544.19,20.39,14.9,2.07,0.0
21151122:1009,35978.88,577.24,28.37,15.88,3.38,0.0
21151122:1109,39997.78,643.54,33.81,16.48,3.93,0.0
21151122:1209,46766.54,758.38,35.92,16.83,4.0,0.0
21151122:1309,42206.47,681.06,34.33,17.01,4.14,0.0
21151122:1409,38809.95,622.2,29.31,16.89,4.41,0.0
21151122:1509,27003.7,431.66,21.64,16.23,4.48,0.0
21151122:1609,20052.02,326.74,12.11,15.51,4.41,0.0
21151122:1709,0.0,0.0,0.0,14.59,3.72,0.0
21151122:1809,0.0,0.0,0.0,13.73,2.55,0.0
21151122:1909,0.0,0.0,0.0,13.24,2.34,0.0
21151122:2009,0.0,0.0,0.0,12.71,1.93,0.0
21151122:2109,0.0,0.0,0.0,12.77,0.76,0.0
21151122:2209,0.0,0.0,0.0,12.11,0.9,0.0
21151122:2309,0.0,0.0,0.0,10.77,1.31,0.0
21151123:0009,0.0,0.0,0.0,10.47,1.17,0.0
21151123:0109,0.0,0.0,0.0,10.37,1.31,0.0
21151123:0209,0.0,0.0,0.0,9.95,1.66,0.0
21151123:0309,0.0,0.0,0.0,10.25,1.79,0.0
21151123:0409,0.0,0.0,0.0,10.02,1.86,0.0
21151123:0509,0.0,0.0,0.0,9.77,1.66,0.0
21151123:0609,0.0,0.0,0.0,9.57,1.45,0.0
21151123:0709,0.0,0.0,0.0,9.47,2.0,0.0
21151123:0809,3359.33,67.79,10.46,9.86,1.79,0.0
21151123:0909,32384.25,515.9,20.19,11.58,1.79,0.0
21151123:1009,48253.42,791.59,28.15,12.89,1.24,0.0
21151123:1109,54858.24,934.84,33.59,13.84,0.55,0.0
21151123:1209,45481.56,756.04,35.71,14.75,0.97,0.0
21151123:1309,45147.6,740.19,34.14,15.58,2.07,0.0
21151123:1409,47652.3,775.55,29.15,15.67,2.83,0.0
21151123:1509,41597.0,668.66,21.52,15.62,3.24,0.0
21151123:1609,22989.35,373.8,12.01,15.18,3.17,0.0
21151123:1709,0.0,0.0,0.0,14.51,2.62,0.0
21151123:1809,0.0,0.0,0.0,13.5,2.41,0.0
21151123:1909,0.0,0.0,0.0,13.08,2.48,0.0
21151123:2009,0.0,0.0,0.0,12.62,2.34,0.0
21151123:2109,0.0,0.0,0.0,12.07,2.07,0.0
21151123:2209,0.0,0.0,0.0,11.34,1.72,0.0
21151123:2309,0.0,0.0,0.0,10.51,1.66,0.0
21151124:0009,0.0,0.0,0.0,9.94,1.52,0.0
21151124:0109,0.0,0.0,0.0,9.27,1.59,0.0
21151124:0209,0.0,0.0,0.0,8.69,1.66,0.0
21151124:0309,0.0,0.0,0.0,8.3,1.72,0.0
21151124:0409,0.0,0.0,0.0,7.99,1.72,0.0
21151124:0509,0.0,0.0,0.0,7.79,1.72,0.0
21151124:0609,0.0,0.0,0.0,7.77,1.72,0.0
21151124:0709,0.0,0.0,0.0,7.38,1.72,0.0
21151124:0809,17263.46,285.42,10.27,8.15,1.45,0.0
21151124:0909,34491.24,557.19,19.98,12.14,0.9,0.0
21151124:1009,45064.11,754.12,27.94,14.75,0.41,0.0
21151124:1109,53511.78,901.29,33.37,16.04,1.45,0.0
21151124:1209,54787.66,924.92,35.5,16.64,1.72,0.0
21151124:1309,54459.01,914.53,33.95,17.07,2.07,0.0
21151124:1409,49355.49,814.82,29.0,17.17,2.48,0.0
21151124:1509,36438.83,589.43,21.4,16.94,2.83,0.0
21151124:1609,22742.68,372.32,11.92,16.32,2.9,0.0
21151124:1709,0.0,0.0,0.0,15.11,2.48,0.0
21151124:1809,0.0,0.0,0.0,13.7,2.48,0.0
21151124:1909,0.0,0.0,0.0,13.05,2.55,0.0
21151124:2009,0.0,0.0,0.0,12.6,2.62,0.0
21151124:2109,0.0,0.0,0.0,12.29,2.62,0.0
21151124:2209,0.0,0.0,0.0,12.02,2.55,0.0
21151124:2309,0.0,0.0,0.0,11.64,2.34,0.0
21151125:0009,0.0,0.0,0.0,11.18,2.28,0.0
21151125:0109,0.0,0.0,0.0,10.55,2.14,0.0
21151125:0209,0.0,0.0,0.0,9.88,2.07,0.0
21151125:0309,0.0,0.0,0.0,9.27,2.0,0.0
21151125:0409,0.0,0.0,0.0,8.69,1.72,0.0
21151125:0509,0.0,0.0,0.0,8.26,1.59,0.0
21151125:0609,0.0,0.0,0.0,7.78,1.59,0.0
21151125:0709,0.0,0.0,0.0,7.09,1.72,0.0
21151125:0809,16561.38,274.11,10.08,7.96,1.52,0.0
21151125:0909,34275.68,553.67,19.78,12.33,0.97,0.0
21151125:1009,44289.17,740.1,27.73,15.32,0.55,0.0
21151125:1109,51785.05,891.36,33.16,16.72,0.48,0.0
21151125:1209,55041.16,944.05,35.3,17.63,1.24,0.0
21151125:1309,54261.67,913.84,33.77,18.08,2.21,0.0
21151125:1409,48673.91,806.55,28.86,18.07,2.48,0.0
21151125:1509,38154.93,622.74,21.28,17.76,2.41,0.0
21151125:1609,22474.75,370.98,11.84,17.19,2.14,0.0
21151125:1709,0.0,0.0,0.0,16.11,1.86,0.0
21151125:1809,0.0,0.0,0.0,14.84,2.0,0.0
21151125:1909,0.0,0.0,0.0,14.31,1.72,0.0
21151125:2009,0.0,0.0,0.0,13.32,1.17,0.0
21151125:2109,0.0,0.0,0.0,12.69,1.17,0.0
21151125:2209,0.0,0.0,0.0,11.47,1.45,0.0
21151125:2309,0.0,0.0,0.0,10.52,1.66,0.0
21151126:0009,0.0,0.0,0.0,10.05,1.79,0.0
21151126:0109,0.0,0.0,0.0,10.45,2.21,0.0
21151126:0209,0.0,0.0,0.0,10.71,2.34,0.0
21151126:0309,0.0,0.0,0.0,10.86,2.41,0.0
21151126:0409,0.0,0.0,0.0,10.66,2.34,0.0
21151126:0509,0.0,0.0,0.0,10.41,2.41,0.0
21151126:0609,0.0,0.0,0.0,10.64,2.41,0.0
21151126:0709,0.0,0.0,0.0,10.55,2.41,0.0
21151126:0809,16109.78,269.96,9.9,10.9,2.21,0.0
21151126:0909,33055.21,531.84,19.59,13.48,1.79,0.0
21151126:1009,43997.71,724.53,27.52,16.2,1.66,0.0
21151126:1109,50730.8,868.94,32.95,17.55,0.76,0.0
21151126:1209,53624.87,928.03,35.11,18.4,0.9,0.0
21151126:1309,52679.91,904.59,33.6,19.21,1.31,0.0
21151126:1409,46945.67,790.98,28.72,19.31,1.59,0.0
21151126:1509,36607.33,604.74,21.18,19.16,1.79,0.0
21151126:1609,21699.05,360.75,11.76,18.46,2.07,0.0
21151126:1709,0.0,0.0,0.0,17.04,2.0,0.0
21151126:1809,0.0,0.0,0.0,15.44,1.93,0.0
21151126:1909,0.0,0.0,0.0,14.73,1.79,0.0
21151126:2009,0.0,0.0,0.0,13.88,1.72,0.0
21151126:2109,0.0,0.0,0.0,13.21,1.24,0.0
21151126:2209,0.0,0.0,0.0,13.97,0.69,0.0
21151126:2309,0.0,0.0,0.0,11.59,1.31,0.0
21151127:0009,0.0,0.0,0.0,10.67,1.45,0.0
21151127:0109,0.0,0.0,0.0,10.62,1.66,0.0
21151127:0209,0.0,0.0,0.0,10.19,1.72,0.0
21151127:0309,0.0,0.0,0.0,9.67,1.72,0.0
21151127:0409,0.0,0.0,0.0,9.7,1.66,0.0
21151127:0509,0.0,0.0,0.0,9.61,1.59,0.0
21151127:0609,0.0,0.0,0.0,9.83,1.45,0.0
21151127:0709,0.0,0.0,0.0,9.78,1.59,0.0
21151127:0809,16036.15,269.32,9.71,10.16,1.24,0.0
21151127:0909,23672.45,385.3,19.39,14.04,0.76,0.0
21151127:1009,42818.98,715.19,27.32,16.05,0.62,0.0
21151127:1109,50098.55,858.17,32.75,17.57,0.69,0.0
21151127:1209,53661.3,925.88,34.92,18.73,1.1,0.0
21151127:1309,50799.87,863.8,33.44,19.4,1.66,0.0
21151127:1409,47146.04,789.99,28.59,19.59,2.07,0.0
21151127:1509,37032.37,609.41,21.08,19.32,2.28,0.0
21151127:1609,21941.93,364.53,11.68,18.63,2.28,0.0
21151127:1709,0.0,0.0,0.0,17.41,1.66,0.0
21151127:1809,0.0,0.0,0.0,16.16,1.66,0.0
21151127:1909,0.0,0.0,0.0,15.32,1.66,0.0
21151127:2009,0.0,0.0,0.0,14.35,1.45,0.0
21151127:2109,0.0,0.0,0.0,14.1,1.17,0.0
21151127:2209,0.0,0.0,0.0,13.09,1.31,0.0
21151127:2309,0.0,0.0,0.0,11.87,1.66,0.0
21151128:0009,0.0,0.0,0.0,10.93,1.52,0.0
21151128:0109,0.0,0.0,0.0,10.26,1.45,0.0
21151128:0209,0.0,0.0,0.0,9.81,1.38,0.0
21151128:0309,0.0,0.0,0.0,9.46,1.45,0.0
21151128:0409,0.0,0.0,0.0,9.15,1.52,0.0
21151128:0509,0.0,0.0,0.0,8.96,1.66,0.0
21151128:0609,0.0,0.0,0.0,8.96,1.66,0.0
21151128:0709,0.0,0.0,0.0,8.61,1.52,0.0
21151128:0809,16015.66,268.88,9.53,9.58,0.97,0.0
21151128:0909,29522.82,481.97,19.2,13.47,0.28,0.0
21151128:1009,37414.15,618.25,27.13,16.4,0.83,0.0
21151128:1109,46283.06,776.48,32.55,17.8,1.38,0.0
21151128:1209,50049.22,847.49,34.73,18.8,1.66,0.0
21151128:1309,49515.64,832.87,33.28,19.49,2.21,0.0
21151128:1409,46232.97,767.78,28.46,19.67,2.69,0.0
21151128:1509,36205.06,591.86,20.98,19.35,2.97,0.0
21151128:1609,22000.37,363.92,11.62,18.53,3.03,0.0
21151128:1709,0.0,0.0,0.0,17.09,2.48,0.0
21151128:1809,0.0,0.0,0.0,15.53,2.41,0.0
21151128:1909,0.0,0.0,0.0,14.8,2.21,0.0
21151128:2009,0.0,0.0,0.0,14.21,1.93,0.0
21151128:2109,0.0,0.0,0.0,13.58,1.86,0.0
21151128:2209,0.0,0.0,0.0,12.91,1.86,0.0
21151128:2309,0.0,0.0,0.0,12.36,1.79,0.0
21151129:0009,0.0,0.0,0.0,11.92,1.79,0.0
21151129:0109,0.0,0.0,0.0,11.29,1.79,0.0
21151129:0209,0.0,0.0,0.0,10.53,1.79,0.0
21151129:0309,0.0,0.0,0.0,10.0,1.79,0.0
21151129:0409,0.0,0.0,0.0,9.69,1.79,0.0
21151129:0509,0.0,0.0,0.0,9.52,1.86,0.0
21151129:0609,0.0,0.0,0.0,9.29,1.79,0.0
21151129:0709,0.0,0.0,0.0,9.29,1.79,0.0
21151129:0809,15233.89,256.19,9.36,10.0,1.66,0.0
21151129:0909,32299.25,521.71,19.02,13.5,1.38,0.0
21151129:1009,44145.72,728.65,26.94,16.24,1.52,0.0
21151129:1109,50714.86,853.96,32.36,18.23,1.79,0.0
21151129:1209,53580.09,914.27,34.56,19.78,1.93,0.0
21151129:1309,51895.11,884.29,33.13,20.89,2.14,0.0
21151129:1409,46704.31,788.11,28.34,21.6,2.28,0.0
21151129:1509,27918.3,462.61,20.89,21.8,2.48,0.0
21151129:1609,21861.48,367.47,11.55,21.2,2.34,0.0
21151129:1709,0.0,0.0,0.0,19.24,2.41,0.0
21151129:1809,0.0,0.0,0.0,17.47,2.21,0.0
21151129:1909,0.0,0.0,0.0,16.55,1.86,0.0
21151129:2009,0.0,0.0,0.0,15.48,1.24,0.0
21151129:2109,0.0,0.0,0.0,15.37,0.97,0.0
21151129:2209,0.0,0.0,0.0,13.5,1.66,0.0
21151129:2309,0.0,0.0,0.0,12.22,1.72,0.0
21151130:0009,0.0,0.0,0.0,11.77,1.79,0.0
21151130:0109,0.0,0.0,0.0,11.61,1.93,0.0
21151130:0209,0.0,0.0,0.0,11.65,2.07,0.0
21151130:0309,0.0,0.0,0.0,11.55,2.07,0.0
21151130:0409,0.0,0.0,0.0,11.17,2.0,0.0
21151130:0509,0.0,0.0,0.0,11.24,2.14,0.0
21151130:0609,0.0,0.0,0.0,11.31,2.21,0.0
21151130:0709,0.0,0.0,0.0,11.5,2.34,0.0
21151130:0809,10316.33,179.81,9.18,12.06,2.14,0.0
21151130:0909,29917.5,484.54,18.84,14.66,1.59,0.0
21151130:1009,41947.65,700.85,26.75,18.43,1.24,0.0
21151130:1109,52492.44,916.13,32.18,21.06,0.97,0.0
21151130:1209,50249.6,881.22,34.39,22.58,0.97,0.0
21151130:1309,44053.12,759.84,32.99,23.45,1.31,0.0
21151130:1409,39723.02,674.35,28.23,23.55,1.79,0.0
21151130:1509,35143.22,589.81,20.81,22.87,1.93,0.0
21151130:1609,18320.74,311.2,11.5,21.55,1.79,0.0
21151130:1709,0.0,0.0,0.0,19.47,1.86,0.0
21151130:1809,0.0,0.0,0.0,17.65,1.66,0.0
21151130:1909,0.0,0.0,0.0,16.58,1.45,0.0
21151130:2009,0.0,0.0,0.0,14.95,1.72,0.0
21151130:2109,0.0,0.0,0.0,13.75,1.86,0.0
21151130:2209,0.0,0.0,0.0,12.57,1.79,0.0
21151130:2309,0.0,0.0,0.0,11.78,1.72,0.0
21151201:0009,0.0,0.0,0.0,11.31,1.72,0.0
21151201:0109,0.0,0.0,0.0,10.97,1.72,0.0
21151201:0209,0.0,0.0,0.0,10.57,1.72,0.0
21151201:0309,0.0,0.0,0.0,10.27,1.66,0.0
21151201:0409,0.0,0.0,0.0,9.94,1.72,0.0
21151201:0509,0.0,0.0,0.0,9.92,1.72,0.0
21151201:0609,0.0,0.0,0.0,9.98,1.72,0.0
21151201:0709,0.0,0.0,0.0,9.69,2.07,0.0
21151201:0809,16294.21,273.96,9.01,10.26,1.79,0.0
21151201:0909,33258.62,542.18,18.66,14.05,0.9,0.0
21151201:1009,43474.0,740.03,26.57,18.55,0.41,0.0
21151201:1109,50840.86,885.81,32.0,21.16,0.9,0.0
21151201:1209,53977.8,947.82,34.23,22.54,1.31,0.0
21151201:1309,53501.15,934.8,32.85,23.26,1.66,0.0
21151201:1409,48428.0,831.03,28.13,23.43,2.0,0.0
21151201:1509,38642.97,649.5,20.74,23.03,2.21,0.0
21151201:1609,22493.72,379.83,11.45,21.92,2.0,0.0
21151201:1709,0.0,0.0,0.0,19.73,2.14,0.0
21151201:1809,0.0,0.0,0.0,17.7,2.34,0.0
21151201:1909,0.0,0.0,0.0,16.78,2.55,0.0
21151201:2009,0.0,0.0,0.0,15.91,2.48,0.0
21151201:2109,0.0,0.0,0.0,15.22,2.34,0.0
21151201:2209,0.0,0.0,0.0,14.49,2.07,0.0
21151201:2309,0.0,0.0,0.0,13.57,1.93,0.0
21151202:0009,0.0,0.0,0.0,12.71,1.86,0.0
21151202:0109,0.0,0.0,0.0,12.14,1.86,0.0
21151202:0209,0.0,0.0,0.0,11.58,1.93,0.0
21151202:0309,0.0,0.0,0.0,11.07,2.07,0.0
21151202:0409,0.0,0.0,0.0,10.71,2.07,0.0
21151202:0509,0.0,0.0,0.0,10.37,2.07,0.0
21151202:0609,0.0,0.0,0.0,10.08,1.93,0.0
21151202:0709,0.0,0.0,0.0,9.58,1.79,0.0
21151202:0809,17434.99,293.25,8.84,10.17,1.45,0.0
21151202:0909,26316.81,427.08,18.48,13.65,0.83,0.0
21151202:1009,32658.25,538.99,26.39,17.42,0.9,0.0
21151202:1109,48654.94,833.44,31.83,19.06,0.9,0.0
21151202:1209,10223.73,181.01,34.07,19.76,0.69,0.0
21151202:1309,10124.3,179.18,32.72,20.1,1.52,0.0
21151202:1409,13779.65,236.33,28.03,20.19,1.59,0.0
21151202:1509,9283.33,165.03,20.67,19.92,1.72,0.0
21151202:1609,3821.57,77.75,11.4,19.25,1.66,0.0
21151202:1709,0.0,0.0,0.0,17.87,1.66,0.0
21151202:1809,0.0,0.0,0.0,16.9,1.24,0.0
21151202:1909,0.0,0.0,0.0,16.51,0.55,0.0
21151202:2009,0.0,0.0,0.0,15.16,1.31,0.0
21151202:2109,0.0,0.0,0.0,14.66,1.38,0.0
21151202:2209,0.0,0.0,0.0,14.3,1.31,0.0
21151202:2309,0.0,0.0,0.0,13.98,1.17,0.0
21151203:0009,0.0,0.0,0.0,13.59,1.17,0.0
21151203:0109,0.0,0.0,0.0,13.4,1.24,0.0
21151203:0209,0.0,0.0,0.0,12.6,1.45,0.0
21151203:0309,0.0,0.0,0.0,12.0,1.38,0.0
21151203:0409,0.0,0.0,0.0,11.53,1.38,0.0
21151203:0509,0.0,0.0,0.0,10.88,1.59,0.0
21151203:0609,0.0,0.0,0.0,10.4,1.72,0.0
21151203:0709,0.0,0.0,0.0,10.23,1.66,0.0
21151203:0809,11899.6,204.62,8.68,10.8,1.72,0.0
21151203:0909,34962.58,568.09,18.31,14.61,1.59,0.0
21151203:1009,44209.47,733.76,26.22,17.88,1.72,0.0
21151203:1109,51819.97,881.05,31.67,19.66,1.79,0.0
21151203:1209,55057.86,951.2,33.92,21.03,1.79,0.0
21151203:1309,53757.69,923.9,32.6,21.82,2.14,0.0
21151203:1409,49009.39,828.48,27.93,21.96,2.55,0.0
21151203:1509,38806.15,643.34,20.61,21.4,2.76,0.0
21151203:1609,23198.84,387.32,11.37,20.31,2.48,0.0
21151203:1709,0.0,0.0,0.0,18.67,1.59,0.0
21151203:1809,0.0,0.0,0.0,17.24,0.9,0.0
21151203:1909,0.0,0.0,0.0,16.98,0.48,0.0
21151203:2009,0.0,0.0,0.0,14.69,1.31,0.0
21151203:2109,0.0,0.0,0.0,13.3,1.72,0.0
21151203:2209,0.0,0.0,0.0,12.37,1.59,0.0
21151203:2309,0.0,0.0,0.0,11.73,1.38,0.0
21151204:0009,0.0,0.0,0.0,11.76,1.17,0.0
21151204:0109,0.0,0.0,0.0,11.6,1.17,0.0
21151204:0209,0.0,0.0,0.0,11.95,1.17,0.0
21151204:0309,0.0,0.0,0.0,12.21,1.31,0.0
21151204:0409,0.0,0.0,0.0,12.21,1.59,0.0
21151204:0509,0.0,0.0,0.0,12.52,1.72,0.0
21151204:0609,0.0,0.0,0.0,12.25,1.72,0.0
21151204:0709,0.0,0.0,0.0,11.93,1.66,0.0
21151204:0809,14991.77,256.19,8.52,11.82,1.24,0.0
21151204:0909,32762.24,538.55,18.15,14.63,0.48,0.0
21151204:1009,43741.17,738.03,26.05,17.89,0.69,0.0
21151204:1109,51641.6,885.43,31.51,19.62,1.31,0.0
21151204:1209,55024.46,950.12,33.78,20.95,1.79,0.0
21151204:1309,54311.76,931.29,32.48,21.62,2.28,0.0
21151204:1409,48603.32,820.99,27.85,21.76,2.48,0.0
21151204:1509,38725.7,643.07,20.55,21.35,2.55,0.0
21151204:1609,23167.72,387.56,11.34,20.41,2.21,0.0
21151204:1709,0.0,0.0,0.0,18.72,1.86,0.0
21151204:1809,0.0,0.0,0.0,17.08,1.86,0.0
21151204:1909,0.0,0.0,0.0,16.22,1.45,0.0
21151204:2009,0.0,0.0,0.0,15.18,1.03,0.0
21151204:2109,0.0,0.0,0.0,15.88,0.62,0.0
21151204:2209,0.0,0.0,0.0,15.76,0.28,0.0
21151204:2309,0.0,0.0,0.0,15.49,0.21,0.0
21151205:0009,0.0,0.0,0.0,15.06,0.62,0.0
21151205:0109,0.0,0.0,0.0,12.75,1.45,0.0
21151205:0209,0.0,0.0,0.0,10.92,1.79,0.0
21151205:0309,0.0,0.0,0.0,10.2,1.72,0.0
21151205:0409,0.0,0.0,0.0,9.87,1.59,0.0
21151205:0509,0.0,0.0,0.0,9.6,1.52,0.0
21151205:0609,0.0,0.0,0.0,9.45,1.66,0.0
21151205:0709,0.0,0.0,0.0,9.81,1.52,0.0
21151205:0809,15444.89,262.4,8.36,10.45,1.17,0.0
21151205:0909,32262.81,526.3,17.99,13.55,0.62,0.0
21151205:1009,43247.82,729.46,25.89,16.97,0.41,0.0
21151205:1109,50139.54,862.96,31.35,18.76,0.76,0.0
21151205:1209,52605.53,911.36,33.64,20.24,1.17,0.0
21151205:1309,47711.5,815.37,32.38,21.08,1.52,0.0
21151205:1409,47847.36,813.63,27.77,21.37,1.79,0.0
21151205:1509,36072.23,600.47,20.5,20.95,1.86,0.0
21151205:1609,19947.28,335.05,11.31,19.98,1.79,0.0
21151205:1709,0.0,0.0,0.0,18.26,1.59,0.0
21151205:1809,0.0,0.0,0.0,16.55,1.45,0.0
21151205:1909,0.0,0.0,0.0,15.42,0.9,0.0
21151205:2009,0.0,0.0,0.0,15.85,0.34,0.0
21151205:2109,0.0,0.0,0.0,13.96,1.1,0.0
21151205:2209,0.0,0.0,0.0,11.89,1.72,0.0
21151205:2309,0.0,0.0,0.0,11.08,1.66,0.0
21151206:0009,0.0,0.0,0.0,10.67,1.66,0.0
21151206:0109,0.0,0.0,0.0,10.3,1.59,0.0
21151206:0209,0.0,0.0,0.0,9.92,1.59,0.0
21151206:0309,0.0,0.0,0.0,9.86,1.52,0.0
21151206:0409,0.0,0.0,0.0,9.9,1.66,0.0
21151206:0509,0.0,0.0,0.0,9.75,1.72,0.0
21151206:0609,0.0,0.0,0.0,9.65,1.66,0.0
21151206:0709,0.0,0.0,0.0,9.85,1.59,0.0
21151206:0809,12647.22,216.76,8.21,9.99,1.24,0.0
21151206:0909,30305.35,493.46,17.83,13.33,0.55,0.0
21151206:1009,39539.35,664.01,25.74,17.05,0.28,0.0
21151206:1109,49819.24,861.67,31.21,19.49,0.69,0.0
21151206:1209,53363.77,931.95,33.51,21.07,1.1,0.0
21151206:1309,52690.54,913.84,32.27,22.05,1.59,0.0
21151206:1409,42319.56,713.76,27.7,22.28,2.07,0.0
21151206:1509,30369.11,503.52,20.46,21.86,2.41,0.0
21151206:1609,19997.37,336.05,11.29,20.66,2.28,0.0
21151206:1709,0.0,0.0,0.0,18.59,2.07,0.0
21151206:1809,0.0,0.0,0.0,16.8,1.93,0.0
21151206:1909,0.0,0.0,0.0,16.76,2.21,0.0
21151206:2009,0.0,0.0,0.0,15.91,2.14,0.0
21151206:2109,0.0,0.0,0.0,14.97,2.14,0.0
21151206:2209,0.0,0.0,0.0,14.36,2.21,0.0
21151206:2309,0.0,0.0,0.0,13.84,2.14,0.0
21151207:0009,0.0,0.0,0.0,12.92,2.0,0.0
21151207:0109,0.0,0.0,0.0,11.95,1.72,0.0
21151207:0209,0.0,0.0,0.0,11.16,1.59,0.0
21151207:0309,0.0,0.0,0.0,10.64,1.52,0.0
21151207:0409,0.0,0.0,0.0,10.69,1.17,0.0
21151207:0509,0.0,0.0,0.0,10.77,1.38,0.0
21151207:0609,0.0,0.0,0.0,10.67,1.66,0.0
21151207:0709,0.0,0.0,0.0,10.35,1.66,0.0
21151207:0809,2268.65,50.38,8.06,11.17,1.45,0.0
21151207:0909,11121.63,189.51,17.68,14.19,1.03,0.0
21151207:1009,23141.15,381.84,25.59,17.61,0.97,0.0
21151207:1109,31824.87,536.53,31.07,20.25,0.41,0.0
21151207:1209,36014.55,616.54,33.39,22.13,0.48,0.0
21151207:1309,27727.79,466.18,32.18,22.51,1.52,0.0
21151207:1409,30715.21,512.58,27.64,22.35,2.07,0.0
21151207:1509,6810.51,127.03,20.42,21.69,2.0,0.0
21151207:1609,9250.69,165.06,11.28,20.46,1.66,0.0
21151207:1709,0.0,0.0,0.0,19.27,1.72,0.0
21151207:1809,0.0,0.0,0.0,18.28,1.93,0.0
21151207:1909,0.0,0.0,0.0,17.2,0.62,0.0
21151207:2009,0.0,0.0,0.0,16.19,1.1,0.0
21151207:2109,0.0,0.0,0.0,15.65,1.31,0.0
21151207:2209,0.0,0.0,0.0,15.57,1.03,0.0
21151207:2309,0.0,0.0,0.0,14.6,1.66,0.0
21151208:0009,0.0,0.0,0.0,14.35,1.24,0.0
21151208:0109,0.0,0.0,0.0,15.33,0.55,0.0
21151208:0209,0.0,0.0,0.0,15.97,0.48,0.0
21151208:0309,0.0,0.0,0.0,14.17,1.38,0.0
21151208:0409,0.0,0.0,0.0,13.78,1.79,0.0
21151208:0509,0.0,0.0,0.0,13.76,1.66,0.0
21151208:0609,0.0,0.0,0.0,13.84,1.93,0.0
21151208:0709,0.0,0.0,0.0,13.77,1.93,0.0
21151208:0809,4714.15,91.97,7.91,13.96,1.86,0.0
21151208:0909,31072.7,507.43,17.53,15.75,1.45,0.0
21151208:1009,38217.17,634.2,25.45,18.91,1.52,0.0
21151208:1109,41362.46,695.28,30.93,20.81,1.72,0.0
21151208:1209,43683.49,740.54,33.28,22.41,2.07,0.0
21151208:1309,33616.11,562.78,32.09,23.19,2.55,0.0
21151208:1409,25683.8,427.96,27.58,23.15,3.1,0.0
21151208:1509,12249.5,212.23,20.39,22.17,3.52,0.0
21151208:1609,6089.46,114.63,11.27,20.56,3.17,0.0
21151208:1709,0.0,0.0,0.0,18.88,2.69,0.0
21151208:1809,0.0,0.0,0.0,17.56,2.41,0.0
21151208:1909,0.0,0.0,0.0,16.94,1.79,0.0
21151208:2009,0.0,0.0,0.0,16.63,1.38,0.0
21151208:2109,0.0,0.0,0.0,16.17,1.59,0.0
21151208:2209,0.0,0.0,0.0,15.6,1.38,0.0
21151208:2309,0.0,0.0,0.0,15.29,1.66,0.0
21151209:0009,0.0,0.0,0.0,15.28,2.07,0.0
21151209:0109,0.0,0.0,0.0,15.28,2.34,0.0
21151209:0209,0.0,0.0,0.0,15.39,2.41,0.0
21151209:0309,0.0,0.0,0.0,15.23,2.48,0.0
21151209:0409,0.0,0.0,0.0,14.97,2.62,0.0
21151209:0509,0.0,0.0,0.0,14.8,2.48,0.0
21151209:0609,0.0,0.0,0.0,14.5,2.28,0.0
21151209:0709,0.0,0.0,0.0,13.57,1.93,0.0
21151209:0809,4231.42,83.87,7.77,13.29,1.72,0.0
21151209:0909,24539.99,399.0,17.39,14.86,1.45,0.0
21151209:1009,43532.44,724.55,25.31,17.47,1.31,0.0
21151209:1109,33928.82,568.21,30.81,19.84,0.9,0.0
21151209:1209,42129.05,722.8,33.17,21.33,0.76,0.0
21151209:1309,27553.98,465.06,32.01,22.26,0.97,0.0
21151209:1409,20253.16,342.56,27.53,22.4,1.31,0.0
21151209:1509,9956.56,177.03,20.37,21.97,1.72,0.0
21151209:1609,9881.42,175.24,11.27,20.91,1.86,0.0
21151209:1709,0.0,0.0,0.0,19.28,1.66,0.0
21151209:1809,0.0,0.0,0.0,17.97,1.38,0.0
21151209:1909,0.0,0.0,0.0,16.9,0.55,0.0
21151209:2009,0.0,0.0,0.0,16.73,0.48,0.0
21151209:2109,0.0,0.0,0.0,15.06,1.24,0.0
21151209:2209,0.0,0.0,0.0,14.28,1.24,0.0
21151209:2309,0.0,0.0,0.0,13.6,1.24,0.0
21151210:0009,0.0,0.0,0.0,12.93,1.38,0.0
21151210:0109,0.0,0.0,0.0,12.26,1.45,0.0
21151210:0209,0.0,0.0,0.0,11.7,1.45,0.0
21151210:0309,0.0,0.0,0.0,11.22,1.38,0.0
21151210:0409,0.0,0.0,0.0,10.7,1.38,0.0
21151210:0509,0.0,0.0,0.0,10.29,1.38,0.0
21151210:0609,0.0,0.0,0.0,10.09,1.24,0.0
21151210:0709,0.0,0.0,0.0,9.51,1.72,0.0
21151210:0809,13782.68,235.78,7.63,9.81,1.45,0.0
21151210:0909,31456.0,511.28,17.26,13.65,0.97,0.0
21151210:1009,42138.92,704.51,25.18,17.69,0.97,0.0
21151210:1109,49232.54,839.3,30.69,19.31,1.24,0.0
21151210:1209,53536.06,926.83,33.07,20.3,1.31,0.0
21151210:1309,53242.33,917.08,31.94,20.87,1.66,0.0
21151210:1409,48462.91,819.55,27.49,20.94,2.07,0.0
21151210:1509,35355.74,582.87,20.35,20.38,2.48,0.0
21151210:1609,14452.88,245.28,11.27,19.25,2.55,0.0
21151210:1709,0.0,0.0,0.0,17.7,2.07,0.0
21151210:1809,0.0,0.0,0.0,16.4,1.66,0.0
21151210:1909,0.0,0.0,0.0,15.7,1.66,0.0
21151210:2009,0.0,0.0,0.0,15.07,1.52,0.0
21151210:2109,0.0,0.0,0.0,14.24,1.24,0.0
21151210:2209,0.0,0.0,0.0,13.46,1.38,0.0
21151210:2309,0.0,0.0,0.0,12.54,1.52,0.0
21151211:0009,0.0,0.0,0.0,11.89,1.52,0.0
21151211:0109,0.0,0.0,0.0,11.36,1.52,0.0
21151211:0209,0.0,0.0,0.0,10.87,1.45,0.0
21151211:0309,0.0,0.0,0.0,10.53,1.38,0.0
21151211:0409,0.0,0.0,0.0,10.56,1.38,0.0
21151211:0509,0.0,0.0,0.0,10.53,1.45,0.0
21151211:0609,0.0,0.0,0.0,10.2,1.52,0.0
21151211:0709,0.0,0.0,0.0,9.54,1.79,0.0
21151211:0809,5632.54,105.55,7.5,10.1,1.79,0.0
21151211:0909,28553.58,460.25,17.12,13.05,1.38,0.0
21151211:1009,42475.16,702.61,25.05,16.4,1.24,0.0
21151211:1109,49717.54,851.95,30.57,18.49,0.83,0.0
21151211:1209,53471.55,924.78,32.98,19.62,1.17,0.0
21151211:1309,53681.03,916.59,31.88,20.27,2.0,0.0
21151211:1409,48960.81,818.74,27.45,20.12,2.62,0.0
21151211:1509,38534.43,631.26,20.34,19.49,2.97,0.0
21151211:1609,21720.3,359.09,11.28,18.43,2.76,0.0
21151211:1709,0.0,0.0,0.0,17.19,1.86,0.0
21151211:1809,0.0,0.0,0.0,15.88,1.38,0.0
21151211:1909,0.0,0.0,0.0,15.0,1.24,0.0
21151211:2009,0.0,0.0,0.0,14.16,0.97,0.0
21151211:2109,0.0,0.0,0.0,13.09,1.45,0.0
21151211:2209,0.0,0.0,0.0,12.28,1.59,0.0
21151211:2309,0.0,0.0,0.0,12.19,1.79,0.0
21151212:0009,0.0,0.0,0.0,11.85,1.93,0.0
21151212:0109,0.0,0.0,0.0,11.81,1.86,0.0
21151212:0209,0.0,0.0,0.0,11.53,1.86,0.0
21151212:0309,0.0,0.0,0.0,10.98,1.79,0.0
21151212:0409,0.0,0.0,0.0,10.5,1.72,0.0
21151212:0509,0.0,0.0,0.0,10.16,1.72,0.0
21151212:0609,0.0,0.0,0.0,9.91,1.66,0.0
21151212:0709,0.0,0.0,0.0,9.86,1.86,0.0
21151212:0809,13830.5,236.99,7.37,9.9,1.72,0.0
21151212:0909,31180.48,501.59,17.0,12.25,1.31,0.0
21151212:1009,41918.05,693.46,24.93,15.55,0.9,0.0
21151212:1109,49070.11,849.9,30.47,17.94,0.21,0.0
21151212:1209,52807.42,924.36,32.9,19.33,0.55,0.0
21151212:1309,52544.81,908.75,31.82,20.11,1.17,0.0
21151212:1409,48190.43,819.27,27.42,20.36,1.52,0.0
21151212:1509,38009.2,631.92,20.34,20.03,1.72,0.0
21151212:1609,22378.36,372.92,11.3,19.29,1.86,0.0
21151212:1709,0.0,0.0,0.0,17.89,1.72,0.0
21151212:1809,0.0,0.0,0.0,16.09,1.86,0.0
21151212:1909,0.0,0.0,0.0,15.3,1.59,0.0
21151212:2009,0.0,0.0,0.0,14.05,1.72,0.0
21151212:2109,0.0,0.0,0.0,13.05,1.86,0.0
21151212:2209,0.0,0.0,0.0,12.44,2.0,0.0
21151212:2309,0.0,0.0,0.0,11.8,2.14,0.0
21151213:0009,0.0,0.0,0.0,11.3,2.14,0.0
21151213:0109,0.0,0.0,0.0,10.7,2.0,0.0
21151213:0209,0.0,0.0,0.0,10.08,1.93,0.0
21151213:0309,0.0,0.0,0.0,9.63,1.93,0.0
21151213:0409,0.0,0.0,0.0,9.4,2.0,0.0
21151213:0509,0.0,0.0,0.0,9.11,2.07,0.0
21151213:0609,0.0,0.0,0.0,8.92,2.21,0.0
21151213:0709,0.0,0.0,0.0,9.23,2.34,0.0
21151213:0809,12670.75,217.87,7.25,9.78,2.41,0.0
21151213:0909,30299.28,484.97,16.87,12.63,2.07,0.0
21151213:1009,41256.2,679.63,24.82,16.9,1.59,0.0
21151213:1109,49277.32,840.79,30.37,19.96,1.38,0.0
21151213:1209,51960.38,900.2,32.82,21.36,1.38,0.0
21151213:1309,52226.79,902.09,31.77,21.99,1.72,0.0
21151213:1409,47287.98,804.9,27.4,22.15,1.93,0.0
21151213:1509,37364.81,625.93,20.34,21.97,1.86,0.0
21151213:1609,20983.31,353.07,11.32,21.12,1.93,0.0
21151213:1709,0.0,0.0,0.0,19.11,2.0,0.0
21151213:1809,0.0,0.0,0.0,17.11,1.79,0.0
21151213:1909,0.0,0.0,0.0,16.28,1.38,0.0
21151213:2009,0.0,0.0,0.0,15.2,1.79,0.0
21151213:2109,0.0,0.0,0.0,14.53,1.93,0.0
21151213:2209,0.0,0.0,0.0,13.4,2.34,0.0
21151213:2309,0.0,0.0,0.0,12.8,2.55,0.0
21151214:0009,0.0,0.0,0.0,12.59,2.62,0.0
21151214:0109,0.0,0.0,0.0,12.41,2.55,0.0
21151214:0209,0.0,0.0,0.0,12.2,2.41,0.0
21151214:0309,0.0,0.0,0.0,12.28,2.21,0.0
21151214:0409,0.0,0.0,0.0,12.45,2.07,0.0
21151214:0509,0.0,0.0,0.0,12.26,2.14,0.0
21151214:0609,0.0,0.0,0.0,12.37,2.21,0.0
21151214:0709,0.0,0.0,0.0,13.07,2.34,0.0
21151214:0809,9996.03,178.1,7.12,13.31,2.41,0.0
21151214:0909,29415.04,476.6,16.76,15.17,2.07,0.0
21151214:1009,13323.49,226.77,24.71,18.27,1.79,0.0
21151214:1109,34450.25,576.12,30.28,21.14,1.59,0.0
21151214:1209,27677.69,466.34,32.75,22.38,1.24,0.0
21151214:1309,30479.16,516.05,31.73,23.18,1.17,0.0
21151214:1409,20799.64,353.28,27.39,23.55,1.31,0.0
21151214:1509,15208.08,261.71,20.35,23.42,1.45,0.0
21151214:1609,6752.82,126.57,11.35,22.67,1.59,0.0
21151214:1709,0.0,0.0,0.0,20.75,2.0,0.0
21151214:1809,0.0,0.0,0.0,18.66,2.14,0.0
21151214:1909,0.0,0.0,0.0,17.95,1.93,0.0
21151214:2009,0.0,0.0,0.0,17.46,1.79,0.0
21151214:2109,0.0,0.0,0.0,16.81,1.93,0.0
21151214:2209,0.0,0.0,0.0,15.58,2.21,0.0
21151214:2309,0.0,0.0,0.0,14.63,2.34,0.0
21151215:0009,0.0,0.0,0.0,13.88,2.28,0.0
21151215:0109,0.0,0.0,0.0,13.04,2.14,0.0
21151215:0209,0.0,0.0,0.0,12.26,2.07,0.0
21151215:0309,0.0,0.0,0.0,11.67,2.0,0.0
21151215:0409,0.0,0.0,0.0,11.31,2.07,0.0
21151215:0509,0.0,0.0,0.0,11.02,2.14,0.0
21151215:0609,0.0,0.0,0.0,10.8,2.14,0.0
21151215:0709,0.0,0.0,0.0,10.55,2.07,0.0
21151215:0809,12270.75,212.96,7.01,10.52,2.0,0.0
21151215:0909,30274.23,489.28,16.65,13.47,1.45,0.0
21151215:1009,41734.37,699.88,24.61,18.85,1.1,0.0
21151215:1109,48737.67,845.13,30.19,22.38,1.17,0.0
21151215:1209,52386.94,920.87,32.69,24.28,1.52,0.0
21151215:1309,51705.36,907.79,31.69,25.13,1.72,0.0
21151215:1409,46220.06,798.35,27.38,25.41,2.0,0.0
21151215:1509,38420.58,652.07,20.37,25.17,2.28,0.0
21151215:1609,21338.53,363.41,11.38,24.15,2.21,0.0
21151215:1709,0.0,0.0,0.0,21.8,2.41,0.0
21151215:1809,0.0,0.0,0.0,19.61,2.62,0.0
21151215:1909,0.0,0.0,0.0,18.34,2.55,0.0
21151215:2009,0.0,0.0,0.0,17.35,2.55,0.0
21151215:2109,0.0,0.0,0.0,16.45,2.41,0.0
21151215:2209,0.0,0.0,0.0,15.7,2.34,0.0
21151215:2309,0.0,0.0,0.0,15.03,2.28,0.0
21151216:0009,0.0,0.0,0.0,14.34,2.21,0.0
21151216:0109,0.0,0.0,0.0,13.65,2.14,0.0
21151216:0209,0.0,0.0,0.0,13.07,2.14,0.0
21151216:0309,0.0,0.0,0.0,12.45,2.0,0.0
21151216:0409,0.0,0.0,0.0,11.7,1.86,0.0
21151216:0509,0.0,0.0,0.0,10.88,1.72,0.0
21151216:0609,0.0,0.0,0.0,10.23,1.66,0.0
21151216:0709,0.0,0.0,0.0,9.58,1.93,0.0
21151216:0809,11102.65,193.87,6.9,9.86,1.79,0.0
21151216:0909,30186.95,487.27,16.54,12.79,1.24,0.0
21151216:1009,41393.58,692.12,24.51,17.76,0.9,0.0
21151216:1109,49345.63,849.81,30.11,20.66,1.1,0.0
21151216:1209,52487.89,912.46,32.63,22.27,1.52,0.0
21151216:1309,50502.34,870.36,31.67,23.11,2.0,0.0
21151216:1409,46511.52,792.36,27.38,23.11,2.14,0.0
21151216:1509,36092.73,605.05,20.39,22.53,1.93,0.0
21151216:1609,16687.37,284.53,11.42,21.41,1.38,0.0
21151216:1709,0.0,0.0,0.0,19.85,1.03,0.0
21151216:1809,0.0,0.0,0.0,18.55,0.14,0.0
21151216:1909,0.0,0.0,0.0,18.11,0.41,0.0
21151216:2009,0.0,0.0,0.0,16.31,0.9,0.0
21151216:2109,0.0,0.0,0.0,14.69,1.45,0.0
21151216:2209,0.0,0.0,0.0,13.66,1.86,0.0
21151216:2309,0.0,0.0,0.0,12.8,1.93,0.0
21151217:0009,0.0,0.0,0.0,12.15,1.93,0.0
21151217:0109,0.0,0.0,0.0,11.89,1.93,0.0
21151217:0209,0.0,0.0,0.0,11.38,1.86,0.0
21151217:0309,0.0,0.0,0.0,10.67,1.79,0.0
21151217:0409,0.0,0.0,0.0,10.02,1.72,0.0
21151217:0509,0.0,0.0,0.0,9.41,1.79,0.0
21151217:0609,0.0,0.0,0.0,8.8,1.72,0.0
21151217:0709,0.0,0.0,0.0,8.59,1.79,0.0
21151217:0809,12200.17,210.98,6.79,8.8,1.66,0.0
21151217:0909,30245.39,488.73,16.44,12.69,1.1,0.0
21151217:1009,38825.13,647.67,24.42,17.69,0.76,0.0
21151217:1109,42872.12,741.2,30.04,20.84,0.28,0.0
21151217:1209,45185.55,796.46,32.58,22.37,0.14,0.0
21151217:1309,46027.28,808.43,31.65,23.24,0.55,0.0
21151217:1409,46626.13,806.69,27.39,23.24,1.24,0.0
21151217:1509,36146.62,611.71,20.42,22.94,1.31,0.0
21151217:1609,22646.28,383.48,11.47,22.1,1.31,0.0
21151217:1709,0.0,0.0,0.0,20.37,1.59,0.0
21151217:1809,0.0,0.0,0.0,18.2,1.66,0.0
21151217:1909,0.0,0.0,0.0,16.21,1.52,0.0
21151217:2009,0.0,0.0,0.0,14.61,1.79,0.0
21151217:2109,0.0,0.0,0.0,13.34,2.0,0.0
21151217:2209,0.0,0.0,0.0,12.23,1.86,0.0
21151217:2309,0.0,0.0,0.0,11.34,1.86,0.0
21151218:0009,0.0,0.0,0.0,10.69,1.93,0.0
21151218:0109,0.0,0.0,0.0,10.49,2.07,0.0
21151218:0209,0.0,0.0,0.0,10.44,2.21,0.0
21151218:0309,0.0,0.0,0.0,10.19,2.21,0.0
21151218:0409,0.0,0.0,0.0,9.67,2.0,0.0
21151218:0509,0.0,0.0,0.0,9.18,1.86,0.0
21151218:0609,0.0,0.0,0.0,8.77,1.86,0.0
21151218:0709,0.0,0.0,0.0,8.15,1.86,0.0
21151218:0809,9311.41,164.55,6.69,8.44,1.52,0.0
21151218:0909,27812.04,449.02,16.35,11.96,0.76,0.0
21151218:1009,43632.63,730.49,24.34,16.28,0.62,0.0
21151218:1109,47984.74,827.54,29.98,19.86,0.69,0.0
21151218:1209,48617.74,842.58,32.54,21.82,1.1,0.0
21151218:1309,53810.82,943.76,31.63,22.86,1.38,0.0
21151218:1409,47033.71,806.78,27.4,22.85,1.66,0.0
21151218:1509,29997.2,502.71,20.45,22.82,1.66,0.0
21151218:1609,25834.84,435.96,11.52,21.96,1.52,0.0
21151218:1709,0.0,0.0,0.0,20.07,1.79,0.0
21151218:1809,0.0,0.0,0.0,18.14,1.93,0.0
21151218:1909,0.0,0.0,0.0,16.62,2.07,0.0
21151218:2009,0.0,0.0,0.0,15.37,2.14,0.0
21151218:2109,0.0,0.0,0.0,14.07,2.07,0.0
21151218:2209,0.0,0.0,0.0,12.94,2.07,0.0
21151218:2309,0.0,0.0,0.0,11.95,2.14,0.0
21151219:0009,0.0,0.0,0.0,11.32,2.14,0.0
21151219:0109,0.0,0.0,0.0,10.93,2.28,0.0
21151219:0209,0.0,0.0,0.0,10.42,2.28,0.0
21151219:0309,0.0,0.0,0.0,9.91,2.21,0.0
21151219:0409,0.0,0.0,0.0,9.52,2.21,0.0
21151219:0509,0.0,0.0,0.0,9.21,2.28,0.0
21151219:0609,0.0,0.0,0.0,8.93,2.28,0.0
21151219:0709,0.0,0.0,0.0,9.0,2.41,0.0
21151219:0809,11651.41,202.92,6.59,9.61,2.48,0.0
21151219:0909,29922.06,480.48,16.26,13.1,2.07,0.0
21151219:1009,41617.49,687.5,24.26,18.23,1.93,0.0
21151219:1109,49308.44,839.4,29.92,21.71,2.07,0.0
21151219:1209,53218.8,918.0,32.51,23.48,2.41,0.0
21151219:1309,51578.6,892.79,31.63,24.54,2.34,0.0
21151219:1409,47152.88,808.2,27.42,25.09,2.55,0.0
21151219:1509,37943.93,638.25,20.49,24.72,2.9,0.0
21151219:1609,22959.75,387.74,11.58,23.33,2.55,0.0
21151219:1709,0.0,0.0,0.0,21.01,1.93,0.0
21151219:1809,0.0,0.0,0.0,19.38,1.66,0.0
21151219:1909,0.0,0.0,0.0,18.21,2.28,0.0
21151219:2009,0.0,0.0,0.0,17.14,2.62,0.0
21151219:2109,0.0,0.0,0.0,16.11,2.55,0.0
21151219:2209,0.0,0.0,0.0,15.29,2.55,0.0
21151219:2309,0.0,0.0,0.0,14.75,2.62,0.0
21151220:0009,0.0,0.0,0.0,14.25,2.62,0.0
21151220:0109,0.0,0.0,0.0,13.68,2.48,0.0
21151220:0209,0.0,0.0,0.0,13.16,2.48,0.0
21151220:0309,0.0,0.0,0.0,12.75,2.48,0.0
21151220:0409,0.0,0.0,0.0,12.37,2.34,0.0
21151220:0509,0.0,0.0,0.0,12.09,2.34,0.0
21151220:0609,0.0,0.0,0.0,12.03,2.48,0.0
21151220:0709,0.0,0.0,0.0,12.54,3.03,0.0
21151220:0809,7094.37,131.46,6.5,12.74,2.9,0.0
21151220:0909,18655.46,305.41,16.18,15.01,2.21,0.0
21151220:1009,13869.97,235.78,24.19,18.77,1.72,0.0
21151220:1109,33348.18,555.18,29.87,21.42,2.07,0.0
21151220:1209,46234.48,778.45,32.49,22.21,2.83,0.0
21151220:1309,43290.32,728.48,31.63,22.37,2.55,0.0
21151220:1409,40925.28,685.62,27.45,22.29,2.48,0.0
21151220:1509,22722.94,377.29,20.54,21.6,2.62,0.0
21151220:1609,25242.82,419.39,11.64,20.21,2.48,0.0
21151220:1709,0.0,0.0,0.0,18.57,1.79,0.0
21151220:1809,0.0,0.0,0.0,17.17,1.24,0.0
21151220:1909,0.0,0.0,0.0,16.46,0.69,0.0
21151220:2009,0.0,0.0,0.0,15.43,1.24,0.0
21151220:2109,0.0,0.0,0.0,14.5,1.45,0.0
21151220:2209,0.0,0.0,0.0,13.98,1.38,0.0
21151220:2309,0.0,0.0,0.0,13.34,1.38,0.0
21151221:0009,0.0,0.0,0.0,13.09,1.1,0.0
21151221:0109,0.0,0.0,0.0,12.8,0.97,0.0
21151221:0209,0.0,0.0,0.0,12.7,1.38,0.0
21151221:0309,0.0,0.0,0.0,12.93,2.07,0.0
21151221:0409,0.0,0.0,0.0,13.48,2.34,0.0
21151221:0509,0.0,0.0,0.0,13.82,2.41,0.0
21151221:0609,0.0,0.0,0.0,14.05,2.41,0.0
21151221:0709,0.0,0.0,0.0,14.04,2.21,0.0
21151221:0809,7472.36,138.74,6.41,14.12,2.14,0.0
21151221:0909,13003.19,217.7,16.1,14.72,2.76,0.0
21151221:1009,12944.75,217.37,24.13,15.59,3.24,0.0
21151221:1109,14617.58,244.87,29.83,16.91,3.1,0.0
21151221:1209,33927.3,552.83,32.47,18.21,2.9,0.0
21151221:1309,53648.4,894.21,31.64,19.33,3.31,0.0
21151221:1409,50667.8,837.16,27.48,19.77,3.72,0.0
21151221:1509,35233.54,572.86,20.6,19.65,3.79,0.0
21151221:1609,23503.19,386.92,11.71,19.08,3.45,0.0
21151221:1709,0.0,0.0,0.0,17.86,2.55,0.0
21151221:1809,0.0,0.0,0.0,16.3,2.28,0.0
21151221:1909,0.0,0.0,0.0,15.43,2.0,0.0
21151221:2009,0.0,0.0,0.0,14.72,1.38,0.0
21151221:2109,0.0,0.0,0.0,15.21,0.21,0.0
21151221:2209,0.0,0.0,0.0,12.77,1.45,0.0
21151221:2309,0.0,0.0,0.0,11.59,1.52,0.0
21151222:0009,0.0,0.0,0.0,10.93,1.59,0.0
21151222:0109,0.0,0.0,0.0,10.57,1.66,0.0
21151222:0209,0.0,0.0,0.0,10.32,1.79,0.0
21151222:0309,0.0,0.0,0.0,10.06,1.79,0.0
21151222:0409,0.0,0.0,0.0,10.05,1.79,0.0
21151222:0509,0.0,0.0,0.0,10.03,1.86,0.0
21151222:0609,0.0,0.0,0.0,10.3,1.86,0.0
21151222:0709,0.0,0.0,0.0,11.06,1.79,0.0
21151222:0809,10328.47,184.0,6.33,11.39,1.66,0.0
21151222:0909,27597.24,445.67,16.03,12.96,1.31,0.0
21151222:1009,42335.5,700.26,24.07,15.39,0.9,0.0
21151222:1109,49908.8,851.42,29.79,17.67,0.83,0.0
21151222:1209,56229.76,978.72,32.46,19.03,1.03,0.0
21151222:1309,33931.85,565.52,31.66,19.85,1.31,0.0
21151222:1409,40180.7,672.37,27.53,20.36,1.66,0.0
21151222:1509,41439.88,690.34,20.66,20.1,1.93,0.0
21151222:1609,25586.65,424.04,11.78,19.15,2.0,0.0
21151222:1709,0.0,0.0,0.0,17.67,1.66,0.0
21151222:1809,0.0,0.0,0.0,15.95,1.45,0.0
21151222:1909,0.0,0.0,0.0,15.28,1.17,0.0
21151222:2009,0.0,0.0,0.0,14.35,0.97,0.0
21151222:2109,0.0,0.0,0.0,13.75,0.97,0.0
21151222:2209,0.0,0.0,0.0,12.92,1.17,0.0
21151222:2309,0.0,0.0,0.0,11.96,1.45,0.0
21151223:0009,0.0,0.0,0.0,11.21,1.66,0.0
21151223:0109,0.0,0.0,0.0,10.49,1.66,0.0
21151223:0209,0.0,0.0,0.0,9.82,1.66,0.0
21151223:0309,0.0,0.0,0.0,9.49,1.52,0.0
21151223:0409,0.0,0.0,0.0,9.11,1.52,0.0
21151223:0509,0.0,0.0,0.0,9.0,1.52,0.0
21151223:0609,0.0,0.0,0.0,8.83,1.59,0.0
21151223:0709,0.0,0.0,0.0,9.88,1.52,0.0
21151223:0809,12787.63,223.9,6.25,10.19,1.31,0.0
21151223:0909,8578.22,149.56,15.96,12.53,0.83,0.0
21151223:1009,13410.01,226.68,24.02,15.86,0.69,0.0
21151223:1109,41291.88,691.89,29.76,17.72,0.83,0.0
21151223:1209,28803.29,476.31,32.46,18.84,1.38,0.0
21151223:1309,21647.44,360.03,31.69,19.47,1.72,0.0
21151223:1409,42463.01,710.96,27.58,19.8,1.66,0.0
21151223:1509,42005.34,701.35,20.72,19.53,1.59,0.0
21151223:1609,25334.66,421.06,11.86,18.94,1.45,0.0
21151223:1709,0.0,0.0,0.0,17.6,1.38,0.0
21151223:1809,0.0,0.0,0.0,15.93,1.59,0.0
21151223:1909,0.0,0.0,0.0,14.87,1.52,0.0
21151223:2009,0.0,0.0,0.0,13.64,1.17,0.0
21151223:2109,0.0,0.0,0.0,14.3,0.62,0.0
21151223:2209,0.0,0.0,0.0,12.6,1.1,0.0
21151223:2309,0.0,0.0,0.0,11.08,1.66,0.0
21151224:0009,0.0,0.0,0.0,11.28,1.72,0.0
21151224:0109,0.0,0.0,0.0,11.65,1.93,0.0
21151224:0209,0.0,0.0,0.0,11.77,2.0,0.0
21151224:0309,0.0,0.0,0.0,11.81,1.93,0.0
21151224:0409,0.0,0.0,0.0,11.82,1.86,0.0
21151224:0509,0.0,0.0,0.0,11.78,1.86,0.0
21151224:0609,0.0,0.0,0.0,11.62,1.86,0.0
21151224:0709,0.0,0.0,0.0,12.38,1.93,0.0
21151224:0809,11401.7,202.84,6.18,12.4,1.86,0.0
21151224:0909,28764.58,464.79,15.9,13.71,1.72,0.0
21151224:1009,27626.08,447.32,23.98,15.6,1.72,0.0
21151224:1109,48595.73,814.8,29.74,17.04,1.38,0.0
21151224:1209,51109.54,871.36,32.46,18.35,1.24,0.0
21151224:1309,52922.03,910.14,31.72,19.21,1.24,0.0
21151224:1409,48949.43,827.25,27.63,19.83,1.79,0.0
21151224:1509,38888.12,640.15,20.8,19.53,2.48,0.0
21151224:1609,24108.12,397.09,11.95,18.59,2.62,0.0
21151224:1709,0.0,0.0,0.0,17.22,1.93,0.0
21151224:1809,0.0,0.0,0.0,15.67,1.72,0.0
21151224:1909,0.0,0.0,0.0,14.85,1.52,0.0
21151224:2009,0.0,0.0,0.0,13.68,1.38,0.0
21151224:2109,0.0,0.0,0.0,12.68,1.59,0.0
21151224:2209,0.0,0.0,0.0,11.92,1.79,0.0
21151224:2309,0.0,0.0,0.0,11.38,1.79,0.0
21151225:0009,0.0,0.0,0.0,10.81,1.66,0.0
21151225:0109,0.0,0.0,0.0,10.19,1.52,0.0
21151225:0209,0.0,0.0,0.0,9.81,1.38,0.0
21151225:0309,0.0,0.0,0.0,9.49,1.38,0.0
21151225:0409,0.0,0.0,0.0,9.07,1.59,0.0
21151225:0509,0.0,0.0,0.0,8.92,1.79,0.0
21151225:0609,0.0,0.0,0.0,9.01,2.07,0.0
21151225:0709,0.0,0.0,0.0,9.07,2.07,0.0
21151225:0809,10954.65,192.89,6.11,9.03,1.86,0.0
21151225:0909,30583.15,491.61,15.85,11.42,1.17,0.0
21151225:1009,41699.46,689.99,23.94,15.45,0.83,0.0
21151225:1109,49537.65,848.03,29.73,18.2,0.76,0.0
21151225:1209,52851.45,924.64,32.48,20.21,0.76,0.0
21151225:1309,52168.35,910.96,31.76,21.4,1.03,0.0
21151225:1409,48282.27,820.72,27.7,21.74,2.0,0.0
21151225:1509,39551.49,653.84,20.88,21.03,2.9,0.0
21151225:1609,24839.79,409.63,12.04,19.54,3.1,0.0
21151225:1709,0.0,0.0,0.0,17.69,2.48,0.0
21151225:1809,0.0,0.0,0.0,15.84,2.14,0.0
21151225:1909,0.0,0.0,0.0,15.11,1.93,0.0
21151225:2009,0.0,0.0,0.0,14.29,2.0,0.0
21151225:2109,0.0,0.0,0.0,13.67,2.07,0.0
21151225:2209,0.0,0.0,0.0,13.19,2.14,0.0
21151225:2309,0.0,0.0,0.0,12.83,2.07,0.0
21151226:0009,0.0,0.0,0.0,12.43,2.0,0.0
21151226:0109,0.0,0.0,0.0,11.86,1.79,0.0
21151226:0209,0.0,0.0,0.0,11.19,1.79,0.0
21151226:0309,0.0,0.0,0.0,10.58,1.93,0.0
21151226:0409,0.0,0.0,0.0,10.23,2.0,0.0
21151226:0509,0.0,0.0,0.0,9.89,2.0,0.0
21151226:0609,0.0,0.0,0.0,9.41,1.93,0.0
21151226:0709,0.0,0.0,0.0,8.64,1.86,0.0
21151226:0809,10312.53,182.02,6.05,8.19,1.59,0.0
21151226:0909,27626.08,443.4,15.8,11.03,1.03,0.0
21151226:1009,41264.55,682.77,23.91,15.59,0.83,0.0
21151226:1109,47042.82,799.34,29.72,19.14,1.1,0.0
21151226:1209,52612.36,909.59,32.5,21.49,1.59,0.0
21151226:1309,47118.72,803.88,31.81,22.8,2.14,0.0
21151226:1409,33086.33,552.78,27.77,22.99,2.41,0.0
21151226:1509,37528.76,625.21,20.96,22.67,2.76,0.0
21151226:1609,15195.94,258.9,12.13,21.42,2.55,0.0
21151226:1709,0.0,0.0,0.0,19.59,2.62,0.0
21151226:1809,0.0,0.0,0.0,17.89,2.62,0.0
21151226:1909,0.0,0.0,0.0,17.18,2.55,0.0
21151226:2009,0.0,0.0,0.0,16.4,2.48,0.0
21151226:2109,0.0,0.0,0.0,15.76,2.48,0.0
21151226:2209,0.0,0.0,0.0,15.27,2.41,0.0
21151226:2309,0.0,0.0,0.0,14.61,2.28,0.0
21151227:0009,0.0,0.0,0.0,13.67,2.21,0.0
21151227:0109,0.0,0.0,0.0,12.38,2.14,0.0
21151227:0209,0.0,0.0,0.0,11.29,2.0,0.0
21151227:0309,0.0,0.0,0.0,10.66,2.0,0.0
21151227:0409,0.0,0.0,0.0,10.05,2.07,0.0
21151227:0509,0.0,0.0,0.0,9.72,2.21,0.0
21151227:0609,0.0,0.0,0.0,9.8,2.48,0.0
21151227:0709,0.0,0.0,0.0,10.62,2.9,0.0
21151227:0809,10506.84,187.39,6.0,11.25,2.83,0.0
21151227:0909,29453.75,474.69,15.76,13.81,2.21,0.0
21151227:1009,41373.85,682.11,23.89,18.06,2.0,0.0
21151227:1109,49375.23,840.03,29.72,21.21,1.93,0.0
21151227:1209,52690.54,910.7,32.53,22.99,2.07,0.0
21151227:1309,52254.87,903.76,31.86,23.73,2.21,0.0
21151227:1409,47603.72,810.03,27.84,23.57,2.55,0.0
21151227:1509,38941.25,651.06,21.06,22.59,2.48,0.0
21151227:1609,27129.7,453.87,12.24,21.26,1.93,0.0
21151227:1709,0.0,0.0,0.0,19.35,1.52,0.0
21151227:1809,0.0,0.0,0.0,17.44,1.59,0.0
21151227:1909,0.0,0.0,0.0,16.65,2.07,0.0
21151227:2009,0.0,0.0,0.0,15.8,1.93,0.0
21151227:2109,0.0,0.0,0.0,15.03,1.93,0.0
21151227:2209,0.0,0.0,0.0,13.96,1.59,0.0
21151227:2309,0.0,0.0,0.0,13.13,1.93,0.0
21151228:0009,0.0,0.0,0.0,12.85,2.48,0.0
21151228:0109,0.0,0.0,0.0,13.09,2.76,0.0
21151228:0209,0.0,0.0,0.0,13.32,2.9,0.0
21151228:0309,0.0,0.0,0.0,13.5,2.83,0.0
21151228:0409,0.0,0.0,0.0,13.36,2.41,0.0
21151228:0509,0.0,0.0,0.0,13.02,2.0,0.0
21151228:0609,0.0,0.0,0.0,11.96,1.93,0.0
21151228:0709,0.0,0.0,0.0,10.54,2.14,0.0
21151228:0809,11295.44,200.13,5.95,10.42,2.14,0.0
21151228:0909,31418.05,506.21,15.72,12.39,1.52,0.0
21151228:1009,42917.66,716.46,23.88,16.72,0.83,0.0
21151228:1109,51644.64,896.32,29.73,19.47,0.69,0.0
21151228:1209,49464.79,842.13,32.56,21.18,2.0,0.0
21151228:1309,21038.72,351.25,31.93,21.32,2.9,0.0
21151228:1409,16941.64,285.66,27.93,21.2,3.03,0.0
21151228:1509,9955.04,175.65,21.15,20.6,2.62,0.0
21151228:1609,13356.88,228.48,12.34,19.95,2.21,0.0
21151228:1709,0.0,0.0,0.0,18.91,2.14,0.0
21151228:1809,0.0,0.0,0.0,17.55,2.21,0.0
21151228:1909,0.0,0.0,0.0,16.9,2.21,0.0
21151228:2009,0.0,0.0,0.0,15.96,2.28,0.0
21151228:2109,0.0,0.0,0.0,14.82,2.21,0.0
21151228:2209,0.0,0.0,0.0,13.74,2.28,0.0
21151228:2309,0.0,0.0,0.0,13.1,2.41,0.0
21151229:0009,0.0,0.0,0.0,12.78,2.41,0.0
21151229:0109,0.0,0.0,0.0,12.48,2.41,0.0
21151229:0209,0.0,0.0,0.0,12.26,2.48,0.0
21151229:0309,0.0,0.0,0.0,12.08,2.62,0.0
21151229:0409,0.0,0.0,0.0,11.97,2.69,0.0
21151229:0509,0.0,0.0,0.0,11.76,2.62,0.0
21151229:0609,0.0,0.0,0.0,11.5,2.48,0.0
21151229:0709,0.0,0.0,0.0,11.92,2.55,0.0
21151229:0809,8842.35,161.09,5.9,11.78,2.28,0.0
21151229:0909,27986.61,452.95,15.69,13.66,1.59,0.0
21151229:1009,40643.69,674.1,23.87,17.07,1.1,0.0
21151229:1109,49090.6,832.84,29.75,19.27,1.45,0.0
21151229:1209,52846.13,910.73,32.61,20.33,1.45,0.0
21151229:1309,52178.21,899.23,32.0,21.11,1.59,0.0
21151229:1409,48281.51,820.72,28.02,21.3,1.86,0.0
21151229:1509,39357.19,655.58,21.26,20.9,2.07,0.0
21151229:1609,23304.34,387.37,12.45,20.09,2.21,0.0
21151229:1709,0.0,0.0,0.0,18.57,1.93,0.0
21151229:1809,0.0,0.0,0.0,16.75,1.66,0.0
21151229:1909,0.0,0.0,0.0,15.86,0.97,0.0
21151229:2009,0.0,0.0,0.0,15.7,0.55,0.0
21151229:2109,0.0,0.0,0.0,14.96,0.69,0.0
21151229:2209,0.0,0.0,0.0,12.63,1.59,0.0
21151229:2309,0.0,0.0,0.0,12.21,1.45,0.0
21151230:0009,0.0,0.0,0.0,12.3,1.59,0.0
21151230:0109,0.0,0.0,0.0,12.51,1.66,0.0
21151230:0209,0.0,0.0,0.0,12.65,1.79,0.0
21151230:0309,0.0,0.0,0.0,12.46,1.72,0.0
21151230:0409,0.0,0.0,0.0,12.17,1.59,0.0
21151230:0509,0.0,0.0,0.0,12.05,1.52,0.0
21151230:0609,0.0,0.0,0.0,11.72,1.66,0.0
21151230:0709,0.0,0.0,0.0,12.25,1.72,0.0
21151230:0809,10327.71,186.11,5.86,11.89,1.86,0.0
21151230:0909,29238.2,474.29,15.67,13.41,1.24,0.0
21151230:1009,41149.19,684.97,23.86,16.55,0.76,0.0
21151230:1109,48608.64,839.28,29.77,18.65,0.41,0.0
21151230:1209,40507.83,683.6,32.66,19.95,1.1,0.0
21151230:1309,43342.7,726.89,32.08,20.55,2.07,0.0
21151230:1409,46896.33,785.61,28.12,20.65,2.48,0.0
21151230:1509,40170.08,664.16,21.37,20.28,2.55,0.0
21151230:1609,25510.75,421.26,12.57,19.41,2.48,0.0
21151230:1709,0.0,0.0,0.0,18.13,1.79,0.0
21151230:1809,0.0,0.0,0.0,16.62,1.38,0.0
21151230:1909,0.0,0.0,0.0,15.66,1.31,0.0
21151230:2009,0.0,0.0,0.0,14.22,1.45,0.0
21151230:2109,0.0,0.0,0.0,13.27,1.59,0.0
21151230:2209,0.0,0.0,0.0,12.53,1.79,0.0
21151230:2309,0.0,0.0,0.0,12.04,1.66,0.0
21151231:0009,0.0,0.0,0.0,11.41,1.79,0.0
21151231:0109,0.0,0.0,0.0,11.13,1.93,0.0
21151231:0209,0.0,0.0,0.0,10.88,1.52,0.0
21151231:0309,0.0,0.0,0.0,10.49,1.38,0.0
21151231:0409,0.0,0.0,0.0,10.27,1.52,0.0
21151231:0509,0.0,0.0,0.0,10.13,1.45,0.0
21151231:0609,0.0,0.0,0.0,9.94,1.52,0.0
21151231:0709,0.0,0.0,0.0,9.66,1.66,0.0
21151231:0809,10796.02,192.46,5.83,9.73,1.45,0.0
21151231:0909,29303.47,473.9,15.65,11.88,0.83,0.0
21151231:1009,41119.58,684.23,23.87,15.29,0.41,0.0
21151231:1109,49832.14,845.82,29.8,17.63,1.03,0.0
21151231:1209,53860.92,919.06,32.72,19.11,1.72,0.0
21151231:1309,53246.89,907.87,32.16,19.92,1.93,0.0
21151231:1409,49156.64,830.68,28.22,20.3,2.0,0.0
21151231:1509,39820.94,660.15,21.48,20.17,2.21,0.0
21151231:1609,25681.52,424.15,12.69,19.42,2.41,0.0
21151231:1709,1768.47,44.91,2.48,17.88,2.14,0.0
21151231:1809,0.0,0.0,0.0,15.92,2.14,0.0
21151231:1909,0.0,0.0,0.0,15.03,1.79,0.0
21151231:2009,0.0,0.0,0.0,13.99,1.59,0.0
21151231:2109,0.0,0.0,0.0,12.93,1.45,0.0
21151231:2209,0.0,0.0,0.0,11.98,1.59,0.0
21151231:2309,0.0,0.0,0.0,11.13,1.72,0.0
