Latitude (decimal degrees):	48.857
Longitude (decimal degrees):	2.352
Elevation (m):	32
Radiation database:	PVGIS-SARAH3


Slope: 38 deg. (optimum)
Azimuth: -6 deg. (optimum)
Nominal power of the PV system (c-Si) (kWp):	75.9
System losses (%):	14.0
time,P,G(i),H_sun,T2m,WS10m,Int
20140101:0010,0.0,0.0,0.0,5.82,4.07,0.0
20140101:0110,0.0,0.0,0.0,5.42,4.07,0.0
20140101:0210,0.0,0.0,0.0,5.13,4.0,0.0
20140101:0310,0.0,0.0,0.0,4.93,4.07,0.0
20140101:0410,0.0,0.0,0.0,4.76,4.0,0.0
20140101:0510,0.0,0.0,0.0,4.57,4.07,0.0
20140101:0610,0.0,0.0,0.0,4.52,4.21,0.0
20140101:0710,0.0,0.0,0.0,4.76,4.48,0.0
20140101:0810,667.16,21.14,2.64,5.41,4.83,0.0
20140101:0910,4188.16,78.81,9.45,6.63,5.31,0.0
20140101:1010,8431.73,142.0,14.53,7.4,5.79,0.0
20140101:1110,6632.14,116.44,17.49,8.08,6.21,0.0
20140101:1210,7589.24,130.78,18.04,8.55,6.41,0.0
20140101:1310,6461.37,114.32,16.11,9.28,6.83,0.0
20140101:1410,5544.5,100.56,11.92,9.8,6.97,0.0
20140101:1510,832.62,24.66,5.81,10.13,7.31,0.0
20140101:1610,0.0,0.0,0.0,10.11,7.38,0.0
20140101:1710,0.0,0.0,0.0,10.08,7.52,0.0
20140101:1810,0.0,0.0,0.0,10.0,7.66,0.0
20140101:1910,0.0,0.0,0.0,9.6,8.0,0.0
20140101:2010,0.0,0.0,0.0,9.7,8.0,0.0
20140101:2110,0.0,0.0,0.0,9.72,8.21,0.0
20140101:2210,0.0,0.0,0.0,9.65,8.55,0.0
20140101:2310,0.0,0.0,0.0,9.61,8.48,0.0
20140102:0010,0.0,0.0,0.0,9.8,8.21,0.0
20140102:0110,0.0,0.0,0.0,10.02,8.0,0.0
20140102:0210,0.0,0.0,0.0,10.02,7.59,0.0
20140102:0310,0.0,0.0,0.0,9.71,7.03,0.0
20140102:0410,0.0,0.0,0.0,9.33,6.9,0.0
20140102:0510,0.0,0.0,0.0,9.1,6.97,0.0
20140102:0610,0.0,0.0,0.0,8.76,6.62,0.0
20140102:0710,0.0,0.0,0.0,8.74,5.86,0.0
20140102:0810,7756.98,134.23,2.66,8.3,5.38,0.0
20140102:0910,28180.15,430.9,9.48,8.12,4.97,0.0
20140102:1010,38781.86,593.36,14.58,8.62,4.55,0.0
20140102:1110,48640.52,744.99,17.56,9.39,6.28,0.0
20140102:1210,34248.36,524.84,18.13,9.93,5.52,0.0
20140102:1310,37280.56,573.56,16.22,10.19,4.97,0.0
20140102:1410,10249.54,170.38,12.03,10.15,4.9,0.0
20140102:1510,8463.61,145.95,5.94,9.87,4.07,0.0
20140102:1610,0.0,0.0,0.0,9.06,3.86,0.0
20140102:1710,0.0,0.0,0.0,8.2,3.86,0.0
20140102:1810,0.0,0.0,0.0,7.92,4.07,0.0
20140102:1910,0.0,0.0,0.0,7.89,4.14,0.0
20140102:2010,0.0,0.0,0.0,7.84,4.34,0.0
20140102:2110,0.0,0.0,0.0,7.92,4.69,0.0
20140102:2210,0.0,0.0,0.0,7.95,4.97,0.0
20140102:2310,0.0,0.0,0.0,8.03,5.03,0.0
20140103:0010,0.0,0.0,0.0,8.2,5.31,0.0
20140103:0110,0.0,0.0,0.0,8.4,5.52,0.0
20140103:0210,0.0,0.0,0.0,8.91,5.93,0.0
20140103:0310,0.0,0.0,0.0,9.36,6.21,0.0
20140103:0410,0.0,0.0,0.0,9.85,6.28,0.0
20140103:0510,0.0,0.0,0.0,10.32,6.28,0.0
20140103:0610,0.0,0.0,0.0,10.75,6.07,0.0
20140103:0710,0.0,0.0,0.0,10.88,6.41,0.0
20140103:0810,685.38,21.92,2.68,10.88,6.14,0.0
20140103:0910,4972.21,92.11,9.52,10.95,6.21,0.0
20140103:1010,37731.41,579.48,14.64,11.34,6.48,0.0
20140103:1110,23363.54,363.44,17.64,11.83,6.9,0.0
20140103:1210,7394.18,129.65,18.22,11.93,6.69,0.0
20140103:1310,8153.18,141.11,16.33,12.45,6.28,0.0
20140103:1410,15180.0,242.89,12.16,11.61,8.07,0.0
20140103:1510,3704.68,73.3,6.07,11.35,7.45,0.0
20140103:1610,0.0,0.0,0.0,10.51,6.83,0.0
20140103:1710,0.0,0.0,0.0,9.76,6.83,0.0
20140103:1810,0.0,0.0,0.0,9.32,6.48,0.0
20140103:1910,0.0,0.0,0.0,9.21,6.83,0.0
20140103:2010,0.0,0.0,0.0,8.73,6.28,0.0
20140103:2110,0.0,0.0,0.0,8.37,5.59,0.0
20140103:2210,0.0,0.0,0.0,7.79,5.1,0.0
20140103:2310,0.0,0.0,0.0,7.4,4.69,0.0
20140104:0010,0.0,0.0,0.0,6.96,4.62,0.0
20140104:0110,0.0,0.0,0.0,6.91,4.9,0.0
20140104:0210,0.0,0.0,0.0,7.16,4.9,0.0
20140104:0310,0.0,0.0,0.0,7.23,4.76,0.0
20140104:0410,0.0,0.0,0.0,7.28,4.69,0.0
20140104:0510,0.0,0.0,0.0,7.35,4.48,0.0
20140104:0610,0.0,0.0,0.0,7.39,4.0,0.0
20140104:0710,0.0,0.0,0.0,7.16,4.34,0.0
20140104:0810,3395.01,67.45,2.71,7.32,4.76,0.0
20140104:0910,27273.91,416.92,9.56,7.94,5.03,0.0
20140104:1010,39611.45,605.82,14.71,9.12,5.17,0.0
20140104:1110,21100.96,328.73,17.73,10.22,5.52,0.0
20140104:1210,35298.05,546.0,18.33,10.81,4.41,0.0
20140104:1310,18627.38,292.74,16.45,10.62,5.93,0.0
20140104:1410,926.74,26.49,12.29,10.55,5.31,0.0
20140104:1510,1779.86,41.64,6.21,10.29,4.69,0.0
20140104:1610,0.0,0.0,0.0,9.67,4.0,0.0
20140104:1710,0.0,0.0,0.0,8.76,3.17,0.0
20140104:1810,0.0,0.0,0.0,8.15,2.62,0.0
20140104:1910,0.0,0.0,0.0,8.06,4.62,0.0
20140104:2010,0.0,0.0,0.0,7.62,4.28,0.0
20140104:2110,0.0,0.0,0.0,7.1,4.14,0.0
20140104:2210,0.0,0.0,0.0,6.58,4.28,0.0
20140104:2310,0.0,0.0,0.0,5.72,4.34,0.0
20140105:0010,0.0,0.0,0.0,4.89,4.0,0.0
20140105:0110,0.0,0.0,0.0,4.19,3.79,0.0
20140105:0210,0.0,0.0,0.0,3.57,3.59,0.0
20140105:0310,0.0,0.0,0.0,3.02,3.38,0.0
20140105:0410,0.0,0.0,0.0,3.04,3.45,0.0
20140105:0510,0.0,0.0,0.0,3.55,3.66,0.0
20140105:0610,0.0,0.0,0.0,4.03,3.38,0.0
20140105:0710,0.0,0.0,0.0,3.72,2.83,0.0
20140105:0810,1344.95,33.31,2.75,3.44,2.69,0.0
20140105:0910,18121.12,279.64,9.62,4.2,2.62,0.0
20140105:1010,25564.64,389.7,14.78,5.57,3.03,0.0
20140105:1110,33819.52,513.44,17.82,6.51,4.07,0.0
20140105:1210,43564.32,667.37,18.44,7.12,3.86,0.0
20140105:1310,29908.4,456.59,16.58,7.53,4.14,0.0
20140105:1410,25849.26,397.96,12.43,7.78,3.66,0.0
20140105:1510,2279.28,49.54,6.35,7.53,3.24,0.0
20140105:1610,0.0,0.0,0.0,7.12,3.66,0.0
20140105:1710,0.0,0.0,0.0,7.29,4.41,0.0
20140105:1810,0.0,0.0,0.0,7.79,5.1,0.0
20140105:1910,0.0,0.0,0.0,8.48,5.93,0.0
20140105:2010,0.0,0.0,0.0,8.78,6.48,0.0
20140105:2110,0.0,0.0,0.0,8.85,6.55,0.0
20140105:2210,0.0,0.0,0.0,8.9,6.41,0.0
20140105:2310,0.0,0.0,0.0,9.07,6.34,0.0
20140106:0010,0.0,0.0,0.0,9.56,6.28,0.0
20140106:0110,0.0,0.0,0.0,10.26,6.28,0.0
20140106:0210,0.0,0.0,0.0,10.8,6.55,0.0
20140106:0310,0.0,0.0,0.0,11.06,6.9,0.0
20140106:0410,0.0,0.0,0.0,11.4,6.9,0.0
20140106:0510,0.0,0.0,0.0,11.46,6.9,0.0
20140106:0610,0.0,0.0,0.0,11.12,6.76,0.0
20140106:0710,0.0,0.0,0.0,10.96,6.41,0.0
20140106:0810,2003.0,45.65,2.79,11.16,6.21,0.0
20140106:0910,9504.2,159.66,9.68,11.39,6.21,0.0
20140106:1010,8497.01,145.53,14.86,11.89,6.41,0.0
20140106:1110,23690.67,370.49,17.92,12.59,5.72,0.0
20140106:1210,12584.22,207.03,18.56,12.98,5.86,0.0
20140106:1310,6771.8,120.77,16.72,13.03,6.76,0.0
20140106:1410,8241.22,142.13,12.57,12.58,6.55,0.0
20140106:1510,1450.45,36.12,6.5,11.77,5.86,0.0
20140106:1610,0.0,0.0,0.0,11.41,5.79,0.0
20140106:1710,0.0,0.0,0.0,11.28,6.07,0.0
20140106:1810,0.0,0.0,0.0,11.11,6.48,0.0
20140106:1910,0.0,0.0,0.0,11.7,6.76,0.0
20140106:2010,0.0,0.0,0.0,11.47,6.48,0.0
20140106:2110,0.0,0.0,0.0,11.03,6.28,0.0
20140106:2210,0.0,0.0,0.0,10.56,6.14,0.0
20140106:2310,0.0,0.0,0.0,9.95,5.93,0.0
20140107:0010,0.0,0.0,0.0,9.6,5.66,0.0
20140107:0110,0.0,0.0,0.0,9.24,5.38,0.0
20140107:0210,0.0,0.0,0.0,8.92,5.1,0.0
20140107:0310,0.0,0.0,0.0,8.51,4.76,0.0
20140107:0410,0.0,0.0,0.0,8.12,4.48,0.0
20140107:0510,0.0,0.0,0.0,8.1,4.48,0.0
20140107:0610,0.0,0.0,0.0,8.49,4.69,0.0
20140107:0710,0.0,0.0,0.0,8.77,4.9,0.0
20140107:0810,2615.51,55.5,2.84,9.46,5.1,0.0
20140107:0910,5368.41,97.84,9.75,10.13,5.38,0.0
20140107:1010,9282.57,156.55,14.95,10.76,5.45,0.0
20140107:1110,31118.24,479.89,18.03,10.93,5.31,0.0
20140107:1210,3577.17,71.25,18.69,11.37,4.76,0.0
20140107:1310,11291.64,186.92,16.86,11.33,4.55,0.0
20140107:1410,2062.96,46.59,12.72,11.26,4.14,0.0
20140107:1510,15879.8,258.38,6.66,11.03,3.86,0.0
20140107:1610,0.0,0.0,0.0,10.62,3.72,0.0
20140107:1710,0.0,0.0,0.0,10.2,3.66,0.0
20140107:1810,0.0,0.0,0.0,9.93,3.59,0.0
20140107:1910,0.0,0.0,0.0,9.69,3.72,0.0
20140107:2010,0.0,0.0,0.0,9.7,3.72,0.0
20140107:2110,0.0,0.0,0.0,9.83,4.14,0.0
20140107:2210,0.0,0.0,0.0,10.13,4.41,0.0
20140107:2310,0.0,0.0,0.0,10.18,4.76,0.0
20140108:0010,0.0,0.0,0.0,10.16,4.97,0.0
20140108:0110,0.0,0.0,0.0,9.83,4.76,0.0
20140108:0210,0.0,0.0,0.0,9.51,4.21,0.0
20140108:0310,0.0,0.0,0.0,9.15,3.72,0.0
20140108:0410,0.0,0.0,0.0,8.76,3.31,0.0
20140108:0510,0.0,0.0,0.0,8.42,3.03,0.0
20140108:0610,0.0,0.0,0.0,8.52,3.1,0.0
20140108:0710,0.0,0.0,0.0,8.75,2.76,0.0
20140108:0810,1950.63,44.4,2.9,8.73,2.76,0.0
20140108:0910,8640.46,146.13,9.82,8.98,2.9,0.0
20140108:1010,27372.58,423.1,15.05,10.01,4.07,0.0
20140108:1110,31235.89,482.67,18.15,10.85,4.69,0.0
20140108:1210,18341.99,291.16,18.83,11.58,4.21,0.0
20140108:1310,6881.09,122.36,17.01,12.27,3.93,0.0
20140108:1410,30598.33,480.96,12.88,12.66,3.45,0.0
20140108:1510,10338.34,176.08,6.82,12.41,2.62,0.0
20140108:1610,0.0,0.0,0.0,11.7,2.62,0.0
20140108:1710,0.0,0.0,0.0,10.76,2.62,0.0
20140108:1810,0.0,0.0,0.0,10.35,2.9,0.0
20140108:1910,0.0,0.0,0.0,10.3,3.1,0.0
20140108:2010,0.0,0.0,0.0,9.93,3.17,0.0
20140108:2110,0.0,0.0,0.0,9.72,3.17,0.0
20140108:2210,0.0,0.0,0.0,9.72,3.31,0.0
20140108:2310,0.0,0.0,0.0,10.21,3.79,0.0
20140109:0010,0.0,0.0,0.0,10.59,4.21,0.0
20140109:0110,0.0,0.0,0.0,10.19,4.34,0.0
20140109:0210,0.0,0.0,0.0,9.91,4.83,0.0
20140109:0310,0.0,0.0,0.0,9.8,5.24,0.0
20140109:0410,0.0,0.0,0.0,9.79,5.31,0.0
20140109:0510,0.0,0.0,0.0,9.7,5.17,0.0
20140109:0610,0.0,0.0,0.0,9.64,5.24,0.0
20140109:0710,0.0,0.0,0.0,9.98,5.79,0.0
20140109:0810,1322.18,33.71,2.96,10.17,5.93,0.0
20140109:0910,5765.36,103.79,9.9,10.13,5.79,0.0
20140109:1010,4585.88,86.43,15.15,10.21,6.0,0.0
20140109:1110,1126.36,30.14,18.27,10.36,6.34,0.0
20140109:1210,10895.45,180.22,18.97,10.33,6.28,0.0
20140109:1310,6222.28,111.21,17.16,10.01,6.14,0.0
20140109:1410,5421.54,98.77,13.04,9.66,5.93,0.0
20140109:1510,299.81,13.7,6.99,9.31,5.31,0.0
20140109:1610,0.0,0.0,0.0,8.82,4.34,0.0
20140109:1710,0.0,0.0,0.0,8.35,3.66,0.0
20140109:1810,0.0,0.0,0.0,8.01,3.17,0.0
20140109:1910,0.0,0.0,0.0,7.48,3.24,0.0
20140109:2010,0.0,0.0,0.0,6.82,3.17,0.0
20140109:2110,0.0,0.0,0.0,5.97,3.17,0.0
20140109:2210,0.0,0.0,0.0,5.43,3.03,0.0
20140109:2310,0.0,0.0,0.0,5.25,2.9,0.0
20140110:0010,0.0,0.0,0.0,5.16,2.76,0.0
20140110:0110,0.0,0.0,0.0,4.81,2.62,0.0
20140110:0210,0.0,0.0,0.0,4.56,2.62,0.0
20140110:0310,0.0,0.0,0.0,4.39,2.55,0.0
20140110:0410,0.0,0.0,0.0,4.01,2.48,0.0
20140110:0510,0.0,0.0,0.0,3.75,2.28,0.0
20140110:0610,0.0,0.0,0.0,3.54,2.14,0.0
20140110:0710,0.0,0.0,0.0,4.44,2.07,0.0
20140110:0810,689.93,21.54,3.03,4.7,2.62,0.0
20140110:0910,2984.39,60.02,9.99,4.71,2.83,0.0
20140110:1010,3454.97,67.6,15.26,4.78,3.1,0.0
20140110:1110,4157.04,78.56,18.4,5.21,2.83,0.0
20140110:1210,5303.89,96.15,19.12,5.89,2.76,0.0
20140110:1310,6086.42,108.0,17.32,6.5,2.9,0.0
20140110:1410,13948.9,222.51,13.21,6.93,2.76,0.0
20140110:1510,562.42,19.18,7.16,7.17,2.07,0.0
20140110:1610,0.0,0.0,0.0,7.16,1.52,0.0
20140110:1710,0.0,0.0,0.0,6.95,1.31,0.0
20140110:1810,0.0,0.0,0.0,6.77,1.31,0.0
20140110:1910,0.0,0.0,0.0,6.19,1.38,0.0
20140110:2010,0.0,0.0,0.0,5.99,1.38,0.0
20140110:2110,0.0,0.0,0.0,5.9,1.45,0.0
20140110:2210,0.0,0.0,0.0,5.17,1.72,0.0
20140110:2310,0.0,0.0,0.0,5.22,1.66,0.0
20140111:0010,0.0,0.0,0.0,5.61,1.45,0.0
20140111:0110,0.0,0.0,0.0,5.04,0.97,0.0
20140111:0210,0.0,0.0,0.0,5.01,0.97,0.0
20140111:0310,0.0,0.0,0.0,4.86,1.24,0.0
20140111:0410,0.0,0.0,0.0,5.04,1.1,0.0
20140111:0510,0.0,0.0,0.0,5.14,0.83,0.0
20140111:0610,0.0,0.0,0.0,5.27,0.55,0.0
20140111:0710,0.0,0.0,0.0,4.22,1.03,0.0
20140111:0810,1307.0,32.74,3.11,4.02,1.31,0.0
20140111:0910,21847.06,336.23,10.09,4.55,1.59,0.0
20140111:1010,41247.1,637.47,15.38,6.26,2.07,0.0
20140111:1110,20823.92,324.77,18.54,7.49,2.0,0.0
20140111:1210,36285.51,565.45,19.27,8.77,2.07,0.0
20140111:1310,41917.29,655.35,17.49,9.48,2.62,0.0
20140111:1410,2243.6,49.33,13.39,9.77,3.59,0.0
20140111:1510,7785.82,135.33,7.33,9.46,2.55,0.0
20140111:1610,0.0,0.0,0.0,9.02,1.93,0.0
20140111:1710,0.0,0.0,0.0,8.31,1.52,0.0
20140111:1810,0.0,0.0,0.0,7.34,1.66,0.0
20140111:1910,0.0,0.0,0.0,6.81,0.55,0.0
20140111:2010,0.0,0.0,0.0,6.2,0.55,0.0
20140111:2110,0.0,0.0,0.0,3.64,1.38,0.0
20140111:2210,0.0,0.0,0.0,2.24,1.59,0.0
20140111:2310,0.0,0.0,0.0,1.8,1.52,0.0
20140112:0010,0.0,0.0,0.0,1.26,1.59,0.0
20140112:0110,0.0,0.0,0.0,0.95,1.66,0.0
20140112:0210,0.0,0.0,0.0,1.46,1.79,0.0
20140112:0310,0.0,0.0,0.0,1.56,2.21,0.0
20140112:0410,0.0,0.0,0.0,1.59,2.48,0.0
20140112:0510,0.0,0.0,0.0,2.71,2.55,0.0
20140112:0610,0.0,0.0,0.0,3.48,2.76,0.0
20140112:0710,0.0,0.0,0.0,3.04,2.76,0.0
20140112:0810,1280.43,32.23,3.19,3.77,3.52,0.0
20140112:0910,5269.74,94.46,10.19,4.52,3.17,0.0
20140112:1010,6322.47,110.6,15.5,5.35,4.48,0.0
20140112:1110,6197.99,109.42,18.69,6.22,4.83,0.0
20140112:1210,6462.13,113.78,19.44,7.03,4.48,0.0
20140112:1310,3874.7,74.9,17.67,7.73,4.07,0.0
20140112:1410,2766.56,57.55,13.57,8.23,3.59,0.0
20140112:1510,1706.23,40.11,7.52,8.59,3.24,0.0
20140112:1610,0.0,0.0,0.0,8.39,3.31,0.0
20140112:1710,0.0,0.0,0.0,7.69,3.31,0.0
20140112:1810,0.0,0.0,0.0,6.98,3.59,0.0
20140112:1910,0.0,0.0,0.0,6.22,3.72,0.0
20140112:2010,0.0,0.0,0.0,6.23,3.72,0.0
20140112:2110,0.0,0.0,0.0,6.35,3.72,0.0
20140112:2210,0.0,0.0,0.0,6.82,3.79,0.0
20140112:2310,0.0,0.0,0.0,7.2,4.0,0.0
20140113:0010,0.0,0.0,0.0,7.88,4.28,0.0
20140113:0110,0.0,0.0,0.0,8.52,4.28,0.0
20140113:0210,0.0,0.0,0.0,8.59,3.93,0.0
20140113:0310,0.0,0.0,0.0,8.35,3.66,0.0
20140113:0410,0.0,0.0,0.0,7.95,3.24,0.0
20140113:0510,0.0,0.0,0.0,7.55,3.03,0.0
20140113:0610,0.0,0.0,0.0,7.25,3.03,0.0
20140113:0710,0.0,0.0,0.0,6.29,2.9,0.0
20140113:0810,6051.51,107.83,3.28,5.77,2.83,0.0
20140113:0910,4898.59,89.64,10.3,6.26,2.76,0.0
20140113:1010,2775.66,57.55,15.63,7.52,3.1,0.0
20140113:1110,10059.03,167.36,18.84,8.77,4.14,0.0
20140113:1210,35453.65,547.7,19.61,9.51,3.66,0.0
20140113:1310,4067.48,78.56,17.85,9.77,3.52,0.0
20140113:1410,422.76,16.44,13.76,9.77,3.38,0.0
20140113:1510,8978.97,152.91,7.7,9.36,3.38,0.0
20140113:1610,0.0,0.0,0.0,8.19,3.03,0.0
20140113:1710,0.0,0.0,0.0,7.1,3.17,0.0
20140113:1810,0.0,0.0,0.0,6.45,3.38,0.0
20140113:1910,0.0,0.0,0.0,5.77,3.52,0.0
20140113:2010,0.0,0.0,0.0,5.61,3.72,0.0
20140113:2110,0.0,0.0,0.0,5.44,3.86,0.0
20140113:2210,0.0,0.0,0.0,5.64,4.14,0.0
20140113:2310,0.0,0.0,0.0,5.58,4.28,0.0
20140114:0010,0.0,0.0,0.0,5.66,4.34,0.0
20140114:0110,0.0,0.0,0.0,5.94,4.41,0.0
20140114:0210,0.0,0.0,0.0,6.13,4.34,0.0
20140114:0310,0.0,0.0,0.0,6.11,4.28,0.0
20140114:0410,0.0,0.0,0.0,6.11,4.21,0.0
20140114:0510,0.0,0.0,0.0,5.8,4.21,0.0
20140114:0610,0.0,0.0,0.0,5.62,4.14,0.0
20140114:0710,0.0,0.0,0.0,5.24,4.62,0.0
20140114:0810,0.0,0.0,0.0,4.7,4.55,0.0
20140114:0910,957.1,26.49,10.42,4.74,4.48,0.0
20140114:1010,4270.13,80.06,15.77,5.17,4.97,0.0
20140114:1110,45549.11,689.23,19.0,5.9,5.1,0.0
20140114:1210,18710.87,289.87,19.78,6.46,4.83,0.0
20140114:1310,23374.92,357.89,18.04,6.95,4.9,0.0
20140114:1410,2389.33,51.15,13.95,6.93,4.41,0.0
20140114:1510,5095.93,93.27,7.9,6.87,3.79,0.0
20140114:1610,0.0,0.0,0.0,6.18,3.24,0.0
20140114:1710,0.0,0.0,0.0,4.9,2.76,0.0
20140114:1810,0.0,0.0,0.0,3.88,2.48,0.0
20140114:1910,0.0,0.0,0.0,3.39,2.34,0.0
20140114:2010,0.0,0.0,0.0,2.45,2.34,0.0
20140114:2110,0.0,0.0,0.0,1.73,2.48,0.0
20140114:2210,0.0,0.0,0.0,1.37,2.62,0.0
20140114:2310,0.0,0.0,0.0,1.84,2.76,0.0
20140115:0010,0.0,0.0,0.0,2.67,2.83,0.0
20140115:0110,0.0,0.0,0.0,3.12,2.97,0.0
20140115:0210,0.0,0.0,0.0,3.76,3.38,0.0
20140115:0310,0.0,0.0,0.0,4.14,3.86,0.0
20140115:0410,0.0,0.0,0.0,4.26,4.34,0.0
20140115:0510,0.0,0.0,0.0,4.36,4.83,0.0
20140115:0610,0.0,0.0,0.0,4.54,4.97,0.0
20140115:0710,0.0,0.0,0.0,4.39,4.76,0.0
20140115:0810,154.08,10.05,3.48,4.64,4.83,0.0
20140115:0910,1743.42,40.19,10.54,5.06,4.69,0.0
20140115:1010,2013.63,44.76,15.92,5.56,4.62,0.0
20140115:1110,8936.47,149.43,19.16,6.33,4.55,0.0
20140115:1210,4780.18,88.61,19.96,7.09,4.55,0.0
20140115:1310,7077.68,122.87,18.23,7.31,4.41,0.0
20140115:1410,3120.25,63.03,14.15,7.61,4.28,0.0
20140115:1510,2285.35,49.62,8.1,7.9,4.28,0.0
20140115:1610,0.0,0.0,0.0,8.11,4.41,0.0
20140115:1710,0.0,0.0,0.0,8.28,4.55,0.0
20140115:1810,0.0,0.0,0.0,8.38,4.69,0.0
20140115:1910,0.0,0.0,0.0,8.1,5.17,0.0
20140115:2010,0.0,0.0,0.0,8.29,5.45,0.0
20140115:2110,0.0,0.0,0.0,8.36,5.66,0.0
20140115:2210,0.0,0.0,0.0,8.4,5.72,0.0
20140115:2310,0.0,0.0,0.0,8.49,5.59,0.0
20140116:0010,0.0,0.0,0.0,8.42,5.24,0.0
20140116:0110,0.0,0.0,0.0,8.13,4.83,0.0
20140116:0210,0.0,0.0,0.0,7.83,4.69,0.0
20140116:0310,0.0,0.0,0.0,7.47,4.55,0.0
20140116:0410,0.0,0.0,0.0,7.52,4.48,0.0
20140116:0510,0.0,0.0,0.0,7.67,4.34,0.0
20140116:0610,0.0,0.0,0.0,7.86,4.14,0.0
20140116:0710,0.0,0.0,0.0,7.69,3.79,0.0
20140116:0810,0.0,2.74,3.6,7.76,3.59,0.0
20140116:0910,1345.71,33.8,10.68,8.0,4.48,0.0
20140116:1010,5147.54,94.35,16.07,8.07,4.83,0.0
20140116:1110,7218.09,125.44,19.34,8.23,4.9,0.0
20140116:1210,12576.63,204.2,20.15,9.21,5.03,0.0
20140116:1310,14433.14,231.41,18.43,9.71,4.97,0.0
20140116:1410,13991.41,225.01,14.35,9.94,4.9,0.0
20140116:1510,5040.52,93.19,8.3,9.36,5.79,0.0
20140116:1610,0.0,0.0,0.0,8.92,5.59,0.0
20140116:1710,0.0,0.0,0.0,8.51,5.72,0.0
20140116:1810,0.0,0.0,0.0,8.3,5.72,0.0
20140116:1910,0.0,0.0,0.0,7.51,5.66,0.0
20140116:2010,0.0,0.0,0.0,7.47,5.72,0.0
20140116:2110,0.0,0.0,0.0,7.34,5.93,0.0
20140116:2210,0.0,0.0,0.0,7.29,6.0,0.0
20140116:2310,0.0,0.0,0.0,7.11,6.0,0.0
20140117:0010,0.0,0.0,0.0,7.48,6.14,0.0
20140117:0110,0.0,0.0,0.0,7.73,6.14,0.0
20140117:0210,0.0,0.0,0.0,7.79,5.93,0.0
20140117:0310,0.0,0.0,0.0,7.57,5.66,0.0
20140117:0410,0.0,0.0,0.0,7.37,5.45,0.0
20140117:0510,0.0,0.0,0.0,7.4,5.45,0.0
20140117:0610,0.0,0.0,0.0,7.21,5.38,0.0
20140117:0710,0.0,0.0,0.0,7.35,5.24,0.0
20140117:0810,3980.2,76.57,3.71,7.22,5.31,0.0
20140117:0910,14937.88,235.71,10.81,7.48,5.38,0.0
20140117:1010,23141.15,355.99,16.23,7.84,4.41,0.0
20140117:1110,50865.9,783.85,19.52,8.49,4.97,0.0
20140117:1210,51212.01,791.84,20.35,9.35,5.17,0.0
20140117:1310,47256.1,728.35,18.64,10.01,5.59,0.0
20140117:1410,36011.51,554.49,14.56,10.37,5.38,0.0
20140117:1510,10782.35,179.8,8.51,10.19,4.97,0.0
20140117:1610,0.0,0.0,0.0,9.31,4.69,0.0
20140117:1710,0.0,0.0,0.0,8.27,4.41,0.0
20140117:1810,0.0,0.0,0.0,7.69,4.21,0.0
20140117:1910,0.0,0.0,0.0,7.22,3.93,0.0
20140117:2010,0.0,0.0,0.0,6.57,3.45,0.0
20140117:2110,0.0,0.0,0.0,5.85,3.1,0.0
20140117:2210,0.0,0.0,0.0,5.15,2.9,0.0
20140117:2310,0.0,0.0,0.0,4.86,2.83,0.0
20140118:0010,0.0,0.0,0.0,4.81,2.76,0.0
20140118:0110,0.0,0.0,0.0,4.93,2.83,0.0
20140118:0210,0.0,0.0,0.0,4.86,2.9,0.0
20140118:0310,0.0,0.0,0.0,4.28,3.03,0.0
20140118:0410,0.0,0.0,0.0,4.0,3.24,0.0
20140118:0510,0.0,0.0,0.0,3.78,3.31,0.0
20140118:0610,0.0,0.0,0.0,3.53,3.31,0.0
20140118:0710,0.0,0.0,0.0,3.71,3.31,0.0
20140118:0810,891.07,25.22,3.84,3.54,3.38,0.0
20140118:0910,1059.56,28.32,10.96,4.42,3.59,0.0
20140118:1010,24300.9,371.66,16.39,6.16,3.45,0.0
20140118:1110,44299.79,681.19,19.7,7.9,4.0,0.0
20140118:1210,45806.41,708.96,20.55,9.1,4.14,0.0
20140118:1310,41953.73,650.2,18.85,10.01,4.07,0.0
20140118:1410,33148.57,514.6,14.77,10.42,3.72,0.0
20140118:1510,9688.64,163.9,8.72,10.19,3.17,0.0
20140118:1610,0.0,0.0,0.0,9.12,3.03,0.0
20140118:1710,0.0,0.0,0.0,8.11,2.9,0.0
20140118:1810,0.0,0.0,0.0,7.8,2.69,0.0
20140118:1910,0.0,0.0,0.0,6.85,2.83,0.0
20140118:2010,0.0,0.0,0.0,6.7,2.83,0.0
20140118:2110,0.0,0.0,0.0,6.74,2.76,0.0
20140118:2210,0.0,0.0,0.0,6.83,2.83,0.0
20140118:2310,0.0,0.0,0.0,7.09,2.97,0.0
20140119:0010,0.0,0.0,0.0,7.14,2.55,0.0
20140119:0110,0.0,0.0,0.0,6.92,2.0,0.0
20140119:0210,0.0,0.0,0.0,6.74,1.72,0.0
20140119:0310,0.0,0.0,0.0,6.62,1.66,0.0
20140119:0410,0.0,0.0,0.0,6.69,1.52,0.0
20140119:0510,0.0,0.0,0.0,6.65,1.45,0.0
20140119:0610,0.0,0.0,0.0,6.51,1.52,0.0
20140119:0710,0.0,0.0,0.0,5.66,2.34,0.0
20140119:0810,6874.26,120.36,3.97,6.02,2.21,0.0
20140119:0910,1673.6,39.28,11.11,6.55,2.0,0.0
20140119:1010,6327.02,111.8,16.57,7.16,2.9,0.0
20140119:1110,22298.66,345.97,19.9,7.51,2.62,0.0
20140119:1210,7196.84,125.49,20.76,8.03,2.55,0.0
20140119:1310,13469.97,217.38,19.07,8.29,2.48,0.0
20140119:1410,14975.07,239.54,14.99,8.47,2.21,0.0
20140119:1510,9111.8,154.32,8.93,8.17,1.79,0.0
20140119:1610,0.0,0.0,0.0,7.66,1.38,0.0
20140119:1710,0.0,0.0,0.0,6.99,1.59,0.0
20140119:1810,0.0,0.0,0.0,6.58,1.59,0.0
20140119:1910,0.0,0.0,0.0,5.91,1.66,0.0
20140119:2010,0.0,0.0,0.0,5.64,1.59,0.0
20140119:2110,0.0,0.0,0.0,5.42,1.52,0.0
20140119:2210,0.0,0.0,0.0,5.13,1.86,0.0
20140119:2310,0.0,0.0,0.0,5.06,1.86,0.0
20140120:0010,0.0,0.0,0.0,4.83,1.93,0.0
20140120:0110,0.0,0.0,0.0,4.69,2.14,0.0
20140120:0210,0.0,0.0,0.0,4.59,2.28,0.0
20140120:0310,0.0,0.0,0.0,4.41,2.14,0.0
20140120:0410,0.0,0.0,0.0,4.28,2.0,0.0
20140120:0510,0.0,0.0,0.0,4.03,2.0,0.0
20140120:0610,0.0,0.0,0.0,3.89,2.07,0.0
20140120:0710,0.0,0.0,0.0,3.69,2.21,0.0
20140120:0810,915.35,25.66,4.11,3.49,2.14,0.0
20140120:0910,3849.65,73.2,11.26,3.76,1.93,0.0
20140120:1010,8808.95,146.97,16.75,4.79,2.07,0.0
20140120:1110,8462.85,143.02,20.1,5.99,2.28,0.0
20140120:1210,3072.43,62.12,20.98,6.73,2.55,0.0
20140120:1310,9208.95,154.49,19.29,7.28,2.69,0.0
20140120:1410,5597.62,101.07,15.22,7.63,2.83,0.0
20140120:1510,5615.08,101.36,9.16,7.3,2.21,0.0
20140120:1610,0.0,0.0,0.0,6.66,1.72,0.0
20140120:1710,0.0,0.0,0.0,5.73,1.86,0.0
20140120:1810,0.0,0.0,0.0,4.95,2.0,0.0
20140120:1910,0.0,0.0,0.0,4.78,1.86,0.0
20140120:2010,0.0,0.0,0.0,4.27,2.14,0.0
20140120:2110,0.0,0.0,0.0,3.38,2.34,0.0
20140120:2210,0.0,0.0,0.0,2.62,2.48,0.0
20140120:2310,0.0,0.0,0.0,2.11,2.34,0.0
20140121:0010,0.0,0.0,0.0,1.83,2.14,0.0
20140121:0110,0.0,0.0,0.0,1.3,2.07,0.0
20140121:0210,0.0,0.0,0.0,1.15,2.0,0.0
20140121:0310,0.0,0.0,0.0,0.7,2.14,0.0
20140121:0410,0.0,0.0,0.0,0.67,2.14,0.0
20140121:0510,0.0,0.0,0.0,0.74,2.14,0.0
20140121:0610,0.0,0.0,0.0,0.83,2.07,0.0
20140121:0710,0.0,0.0,0.0,0.45,1.79,0.0
20140121:0810,491.07,17.36,4.25,0.92,1.72,0.0
20140121:0910,3166.55,62.37,11.43,2.0,2.14,0.0
20140121:1010,3546.81,68.51,16.93,2.72,2.41,0.0
20140121:1110,3240.17,63.94,20.3,3.46,2.55,0.0
20140121:1210,3287.99,64.86,21.2,4.19,3.03,0.0
20140121:1310,2755.17,56.64,19.52,4.84,3.1,0.0
20140121:1410,2463.71,52.07,15.45,5.25,2.83,0.0
20140121:1510,2356.7,50.34,9.38,5.29,2.28,0.0
20140121:1610,0.0,2.56,1.78,5.18,2.21,0.0
20140121:1710,0.0,0.0,0.0,4.73,2.41,0.0
20140121:1810,0.0,0.0,0.0,4.21,2.62,0.0
20140121:1910,0.0,0.0,0.0,3.33,2.9,0.0
20140121:2010,0.0,0.0,0.0,3.05,3.03,0.0
20140121:2110,0.0,0.0,0.0,2.94,3.17,0.0
20140121:2210,0.0,0.0,0.0,2.77,3.17,0.0
20140121:2310,0.0,0.0,0.0,2.47,2.97,0.0
20140122:0010,0.0,0.0,0.0,2.25,2.97,0.0
20140122:0110,0.0,0.0,0.0,1.95,3.03,0.0
20140122:0210,0.0,0.0,0.0,1.71,3.17,0.0
20140122:0310,0.0,0.0,0.0,1.39,3.31,0.0
20140122:0410,0.0,0.0,0.0,1.28,3.38,0.0
20140122:0510,0.0,0.0,0.0,1.24,3.45,0.0
20140122:0610,0.0,0.0,0.0,1.28,3.38,0.0
20140122:0710,0.0,0.0,0.0,0.64,3.24,0.0
20140122:0810,1468.67,35.02,4.4,0.47,3.1,0.0
20140122:0910,11032.82,175.6,11.6,1.2,2.9,0.0
20140122:1010,8481.83,140.63,17.12,2.26,3.03,0.0
20140122:1110,38975.41,588.77,20.52,3.51,3.03,0.0
20140122:1210,23711.92,362.08,21.43,4.5,2.83,0.0
20140122:1310,14169.77,224.71,19.75,5.19,2.55,0.0
20140122:1410,16765.55,262.56,15.68,5.44,2.14,0.0
20140122:1510,4771.07,87.89,9.61,5.34,1.66,0.0
20140122:1610,0.0,3.41,2.0,4.92,1.45,0.0
20140122:1710,0.0,0.0,0.0,4.55,1.52,0.0
20140122:1810,0.0,0.0,0.0,4.37,1.52,0.0
20140122:1910,0.0,0.0,0.0,3.96,2.14,0.0
20140122:2010,0.0,0.0,0.0,4.0,2.14,0.0
20140122:2110,0.0,0.0,0.0,4.02,2.07,0.0
20140122:2210,0.0,0.0,0.0,4.08,2.0,0.0
20140122:2310,0.0,0.0,0.0,4.07,1.86,0.0
20140123:0010,0.0,0.0,0.0,4.23,1.79,0.0
20140123:0110,0.0,0.0,0.0,4.33,1.66,0.0
20140123:0210,0.0,0.0,0.0,4.63,1.66,0.0
20140123:0310,0.0,0.0,0.0,5.01,1.93,0.0
20140123:0410,0.0,0.0,0.0,5.28,2.28,0.0
20140123:0510,0.0,0.0,0.0,5.33,2.55,0.0
20140123:0610,0.0,0.0,0.0,5.28,2.69,0.0
20140123:0710,0.0,0.0,0.0,5.13,2.55,0.0
20140123:0810,4689.86,86.7,4.56,4.71,3.03,0.0
20140123:0910,6987.35,120.28,11.78,5.45,2.76,0.0
20140123:1010,33449.13,507.72,17.32,6.5,4.14,0.0
20140123:1110,23762.77,365.01,20.73,7.54,4.76,0.0
20140123:1210,47851.91,736.01,21.66,8.19,4.69,0.0
20140123:1310,15035.03,239.47,19.99,8.86,5.31,0.0
20140123:1410,12093.91,196.27,15.92,8.5,5.17,0.0
20140123:1510,22713.08,352.86,9.84,7.61,5.72,0.0
20140123:1610,94.12,8.53,2.23,7.02,5.93,0.0
20140123:1710,0.0,0.0,0.0,6.83,5.45,0.0
20140123:1810,0.0,0.0,0.0,5.88,4.9,0.0
20140123:1910,0.0,0.0,0.0,6.0,4.28,0.0
20140123:2010,0.0,0.0,0.0,5.42,4.41,0.0
20140123:2110,0.0,0.0,0.0,4.97,4.21,0.0
20140123:2210,0.0,0.0,0.0,4.73,4.07,0.0
20140123:2310,0.0,0.0,0.0,4.45,3.45,0.0
20140124:0010,0.0,0.0,0.0,4.04,2.83,0.0
20140124:0110,0.0,0.0,0.0,3.45,2.48,0.0
20140124:0210,0.0,0.0,0.0,2.88,2.55,0.0
20140124:0310,0.0,0.0,0.0,2.52,2.55,0.0
20140124:0410,0.0,0.0,0.0,2.25,2.34,0.0
20140124:0510,0.0,0.0,0.0,2.19,2.14,0.0
20140124:0610,0.0,0.0,0.0,2.17,1.93,0.0
20140124:0710,0.0,0.0,0.0,2.53,1.59,0.0
20140124:0810,1569.61,37.01,4.72,2.64,1.45,0.0
20140124:0910,3187.04,63.11,11.96,3.47,1.24,0.0
20140124:1010,10651.05,174.17,17.53,5.08,1.31,0.0
20140124:1110,12778.52,205.91,20.96,5.67,1.45,0.0
20140124:1210,36968.61,571.03,21.9,5.95,1.72,0.0
20140124:1310,23102.44,356.51,20.24,6.27,2.41,0.0
20140124:1410,16512.05,259.64,16.17,6.47,2.62,0.0
20140124:1510,7972.54,136.05,10.08,6.41,2.28,0.0
20140124:1610,125.99,9.38,2.46,6.07,2.21,0.0
20140124:1710,0.0,0.0,0.0,5.22,2.28,0.0
20140124:1810,0.0,0.0,0.0,4.79,2.21,0.0
20140124:1910,0.0,0.0,0.0,3.66,2.21,0.0
20140124:2010,0.0,0.0,0.0,3.29,2.28,0.0
20140124:2110,0.0,0.0,0.0,3.38,2.48,0.0
20140124:2210,0.0,0.0,0.0,3.11,2.55,0.0
20140124:2310,0.0,0.0,0.0,2.83,2.55,0.0
20140125:0010,0.0,0.0,0.0,2.8,2.76,0.0
20140125:0110,0.0,0.0,0.0,2.72,2.9,0.0
20140125:0210,0.0,0.0,0.0,2.9,2.69,0.0
20140125:0310,0.0,0.0,0.0,2.97,2.76,0.0
20140125:0410,0.0,0.0,0.0,2.94,2.97,0.0
20140125:0510,0.0,0.0,0.0,2.96,3.03,0.0
20140125:0610,0.0,0.0,0.0,2.87,3.03,0.0
20140125:0710,0.0,0.0,0.0,2.75,3.03,0.0
20140125:0810,354.45,14.62,4.89,2.69,2.76,0.0
20140125:0910,2721.77,55.72,12.15,3.0,2.62,0.0
20140125:1010,12178.91,194.38,17.74,3.57,2.55,0.0
20140125:1110,31225.26,473.48,21.19,4.15,2.62,0.0
20140125:1210,12693.52,203.11,22.15,4.61,2.9,0.0
20140125:1310,3210.57,63.94,20.49,5.37,2.97,0.0
20140125:1410,850.84,24.66,16.42,6.01,2.76,0.0
20140125:1510,1301.68,32.89,10.32,6.78,2.97,0.0
20140125:1610,94.12,8.53,2.69,6.91,2.83,0.0
20140125:1710,0.0,0.0,0.0,6.82,3.38,0.0
20140125:1810,0.0,0.0,0.0,7.0,4.28,0.0
20140125:1910,0.0,0.0,0.0,7.5,4.76,0.0
20140125:2010,0.0,0.0,0.0,8.21,5.86,0.0
20140125:2110,0.0,0.0,0.0,8.68,6.48,0.0
20140125:2210,0.0,0.0,0.0,8.51,6.21,0.0
20140125:2310,0.0,0.0,0.0,7.64,5.31,0.0
20140126:0010,0.0,0.0,0.0,6.62,4.83,0.0
20140126:0110,0.0,0.0,0.0,6.01,4.48,0.0
20140126:0210,0.0,0.0,0.0,5.4,3.66,0.0
20140126:0310,0.0,0.0,0.0,4.41,2.9,0.0
20140126:0410,0.0,0.0,0.0,3.75,2.69,0.0
20140126:0510,0.0,0.0,0.0,3.28,2.76,0.0
20140126:0610,0.0,0.0,0.0,3.17,2.62,0.0
20140126:0710,0.0,0.0,0.0,3.28,2.34,0.0
20140126:0810,3320.63,65.24,5.06,3.24,2.62,0.0
20140126:0910,3894.43,74.03,12.35,4.14,2.83,0.0
20140126:1010,7095.13,122.22,17.96,5.19,3.1,0.0
20140126:1110,7192.28,124.32,21.43,6.12,3.86,0.0
20140126:1210,3893.67,74.9,22.4,6.99,5.93,0.0
20140126:1310,3067.88,62.12,20.75,7.46,5.79,0.0
20140126:1410,2782.49,57.55,16.67,7.35,5.72,0.0
20140126:1510,1092.2,29.23,10.57,7.62,6.28,0.0
20140126:1610,0.0,5.12,2.93,8.14,6.76,0.0
20140126:1710,0.0,0.0,0.0,8.79,6.83,0.0
20140126:1810,0.0,0.0,0.0,9.33,7.1,0.0
20140126:1910,0.0,0.0,0.0,9.69,6.97,0.0
20140126:2010,0.0,0.0,0.0,9.2,6.9,0.0
20140126:2110,0.0,0.0,0.0,7.71,6.34,0.0
20140126:2210,0.0,0.0,0.0,6.5,6.0,0.0
20140126:2310,0.0,0.0,0.0,5.48,5.72,0.0
20140127:0010,0.0,0.0,0.0,4.74,5.31,0.0
20140127:0110,0.0,0.0,0.0,4.13,4.97,0.0
20140127:0210,0.0,0.0,0.0,3.71,4.97,0.0
20140127:0310,0.0,0.0,0.0,3.38,5.03,0.0
20140127:0410,0.0,0.0,0.0,3.27,5.17,0.0
20140127:0510,0.0,0.0,0.0,2.99,5.17,0.0
20140127:0610,0.0,0.0,0.0,3.07,5.24,0.0
20140127:0710,0.0,0.0,0.0,3.4,5.24,0.0
20140127:0810,25.05,6.39,5.24,3.23,5.17,0.0
20140127:0910,11154.26,178.57,12.55,3.61,5.31,0.0
20140127:1010,7667.42,129.76,18.18,4.15,5.1,0.0
20140127:1110,13984.58,220.47,21.67,4.72,5.72,0.0
20140127:1210,39603.1,594.25,22.65,5.37,6.0,0.0
20140127:1310,10304.94,169.2,21.01,6.39,6.34,0.0
20140127:1410,7268.94,125.34,16.93,7.0,5.66,0.0
20140127:1510,897.14,25.58,10.82,6.67,5.17,0.0
20140127:1610,0.0,4.26,3.16,6.36,4.83,0.0
20140127:1710,0.0,0.0,0.0,5.57,4.41,0.0
20140127:1810,0.0,0.0,0.0,5.01,4.34,0.0
20140127:1910,0.0,0.0,0.0,4.35,4.21,0.0
20140127:2010,0.0,0.0,0.0,4.07,4.21,0.0
20140127:2110,0.0,0.0,0.0,3.71,4.21,0.0
20140127:2210,0.0,0.0,0.0,3.24,4.21,0.0
20140127:2310,0.0,0.0,0.0,2.74,4.21,0.0
20140128:0010,0.0,0.0,0.0,2.26,4.28,0.0
20140128:0110,0.0,0.0,0.0,2.01,4.41,0.0
20140128:0210,0.0,0.0,0.0,1.94,4.34,0.0
20140128:0310,0.0,0.0,0.0,1.89,4.48,0.0
20140128:0410,0.0,0.0,0.0,1.83,4.62,0.0
20140128:0510,0.0,0.0,0.0,2.03,4.69,0.0
20140128:0610,0.0,0.0,0.0,2.54,4.83,0.0
20140128:0710,0.0,0.0,0.0,2.8,5.38,0.0
20140128:0810,0.0,4.57,5.43,3.01,5.31,0.0
20140128:0910,2544.93,52.98,12.76,3.6,5.38,0.0
20140128:1010,2880.41,58.46,18.41,4.38,4.69,0.0
20140128:1110,8367.22,140.75,21.92,5.23,5.66,0.0
20140128:1210,5718.31,102.31,22.92,6.02,5.52,0.0
20140128:1310,8671.58,145.9,21.27,6.7,6.07,0.0
20140128:1410,5960.43,106.22,17.19,7.05,4.62,0.0
20140128:1510,3720.62,72.13,11.07,6.82,4.69,0.0
20140128:1610,229.22,11.94,3.41,6.24,4.21,0.0
20140128:1710,0.0,0.0,0.0,5.69,4.0,0.0
20140128:1810,0.0,0.0,0.0,5.18,4.07,0.0
20140128:1910,0.0,0.0,0.0,5.21,4.07,0.0
20140128:2010,0.0,0.0,0.0,4.86,4.0,0.0
20140128:2110,0.0,0.0,0.0,4.49,4.14,0.0
20140128:2210,0.0,0.0,0.0,4.3,4.28,0.0
20140128:2310,0.0,0.0,0.0,4.25,4.34,0.0
20140129:0010,0.0,0.0,0.0,4.31,4.34,0.0
20140129:0110,0.0,0.0,0.0,4.31,4.34,0.0
20140129:0210,0.0,0.0,0.0,4.2,4.34,0.0
20140129:0310,0.0,0.0,0.0,4.05,4.28,0.0
20140129:0410,0.0,0.0,0.0,3.78,4.0,0.0
20140129:0510,0.0,0.0,0.0,3.55,3.59,0.0
20140129:0610,0.0,0.0,0.0,3.41,3.45,0.0
20140129:0710,0.0,0.0,0.0,3.23,3.24,0.0
20140129:0810,1174.93,30.29,5.62,3.52,3.31,0.0
20140129:0910,2476.62,52.07,12.97,4.28,3.31,0.0
20140129:1010,17463.83,271.69,18.65,5.14,2.83,0.0
20140129:1110,6151.7,108.7,22.18,5.43,3.59,0.0
20140129:1210,4156.28,78.56,23.18,5.35,3.45,0.0
20140129:1310,3152.89,63.03,21.54,5.29,2.62,0.0
20140129:1410,3732.76,72.16,17.45,5.42,1.79,0.0
20140129:1510,8182.78,138.83,11.33,5.67,1.66,0.0
20140129:1610,422.0,16.21,3.65,5.69,1.59,0.0
20140129:1710,0.0,0.0,0.0,5.38,1.86,0.0
20140129:1810,0.0,0.0,0.0,5.26,2.14,0.0
20140129:1910,0.0,0.0,0.0,4.79,2.07,0.0
20140129:2010,0.0,0.0,0.0,4.73,2.21,0.0
20140129:2110,0.0,0.0,0.0,4.82,2.14,0.0
20140129:2210,0.0,0.0,0.0,4.82,1.93,0.0
20140129:2310,0.0,0.0,0.0,4.68,1.93,0.0
20140130:0010,0.0,0.0,0.0,4.57,2.14,0.0
20140130:0110,0.0,0.0,0.0,4.42,2.0,0.0
20140130:0210,0.0,0.0,0.0,4.08,2.07,0.0
20140130:0310,0.0,0.0,0.0,3.68,2.14,0.0
20140130:0410,0.0,0.0,0.0,3.72,2.0,0.0
20140130:0510,0.0,0.0,0.0,3.83,1.93,0.0
20140130:0610,0.0,0.0,0.0,3.92,1.79,0.0
20140130:0710,0.0,0.0,0.0,1.33,1.86,0.0
20140130:0810,2154.8,46.36,5.82,1.01,1.72,0.0
20140130:0910,4554.0,83.51,13.19,2.31,1.59,0.0
20140130:1010,6330.06,110.87,18.89,4.18,1.79,0.0
20140130:1110,12802.81,206.33,22.44,5.71,1.79,0.0
20140130:1210,6818.86,119.48,23.46,6.85,2.14,0.0
20140130:1310,5476.18,99.57,21.82,7.41,1.86,0.0
20140130:1410,3924.03,75.82,17.72,7.61,1.31,0.0
20140130:1510,2487.24,52.98,11.59,7.51,0.83,0.0
20140130:1610,340.03,14.5,3.9,6.87,1.1,0.0
20140130:1710,0.0,0.0,0.0,5.81,1.72,0.0
20140130:1810,0.0,0.0,0.0,4.58,1.86,0.0
20140130:1910,0.0,0.0,0.0,4.01,1.72,0.0
20140130:2010,0.0,0.0,0.0,3.01,1.93,0.0
20140130:2110,0.0,0.0,0.0,2.26,1.86,0.0
20140130:2210,0.0,0.0,0.0,1.66,1.79,0.0
20140130:2310,0.0,0.0,0.0,0.95,1.72,0.0
20140131:0010,0.0,0.0,0.0,0.7,1.38,0.0
20140131:0110,0.0,0.0,0.0,0.8,1.1,0.0
20140131:0210,0.0,0.0,0.0,0.58,0.76,0.0
20140131:0310,0.0,0.0,0.0,-0.8,0.69,0.0
20140131:0410,0.0,0.0,0.0,-1.59,0.62,0.0
20140131:0510,0.0,0.0,0.0,-1.48,1.03,0.0
20140131:0610,0.0,0.0,0.0,-1.66,0.97,0.0
20140131:0710,0.0,0.0,0.0,-0.94,0.97,0.0
20140131:0810,5969.54,103.78,6.03,-0.68,1.38,0.0
20140131:0910,9336.46,151.68,13.42,0.38,1.79,0.0
20140131:1010,14638.07,228.2,19.14,1.9,2.41,0.0
20140131:1110,49758.52,759.13,22.7,3.22,3.03,0.0
20140131:1210,56832.4,873.5,23.73,4.38,3.86,0.0
20140131:1310,32671.91,493.5,22.1,5.73,4.9,0.0
20140131:1410,16861.19,263.95,18.0,6.75,4.48,0.0
20140131:1510,6016.59,107.06,11.85,7.18,4.28,0.0
20140131:1610,627.69,20.47,4.15,7.19,4.21,0.0
20140131:1710,0.0,0.0,0.0,6.72,4.55,0.0
20140131:1810,0.0,0.0,0.0,6.61,5.1,0.0
20140131:1910,0.0,0.0,0.0,6.88,5.93,0.0
20140131:2010,0.0,0.0,0.0,6.58,6.34,0.0
20140131:2110,0.0,0.0,0.0,6.38,6.55,0.0
20140131:2210,0.0,0.0,0.0,5.99,6.83,0.0
20140131:2310,0.0,0.0,0.0,5.98,7.03,0.0
20140201:0010,0.0,0.0,0.0,6.1,7.17,0.0
20140201:0110,0.0,0.0,0.0,6.34,7.38,0.0
20140201:0210,0.0,0.0,0.0,6.68,7.59,0.0
20140201:0310,0.0,0.0,0.0,7.12,7.86,0.0
20140201:0410,0.0,0.0,0.0,7.64,8.0,0.0
20140201:0510,0.0,0.0,0.0,8.04,8.0,0.0
20140201:0610,0.0,0.0,0.0,8.29,7.86,0.0
20140201:0710,0.0,0.0,0.0,7.89,7.1,0.0
20140201:0810,1752.53,40.78,6.24,7.88,5.38,0.0
20140201:0910,4082.66,77.94,13.65,7.72,4.48,0.0
20140201:1010,4411.31,83.13,19.39,7.46,3.86,0.0
20140201:1110,12677.58,205.21,22.98,7.64,3.72,0.0
20140201:1210,19679.35,307.16,24.02,7.98,4.14,0.0
20140201:1310,30478.4,466.94,22.38,8.46,4.69,0.0
20140201:1410,37480.94,574.01,18.27,8.7,4.83,0.0
20140201:1510,11780.44,192.9,12.11,8.54,4.28,0.0
20140201:1610,667.92,21.32,4.4,7.92,3.52,0.0
20140201:1710,0.0,0.0,0.0,6.56,3.31,0.0
20140201:1810,0.0,0.0,0.0,5.4,3.66,0.0
20140201:1910,0.0,0.0,0.0,4.7,3.45,0.0
20140201:2010,0.0,0.0,0.0,4.28,3.38,0.0
20140201:2110,0.0,0.0,0.0,3.52,3.31,0.0
20140201:2210,0.0,0.0,0.0,2.95,3.38,0.0
20140201:2310,0.0,0.0,0.0,2.5,3.45,0.0
20140202:0010,0.0,0.0,0.0,2.14,3.31,0.0
20140202:0110,0.0,0.0,0.0,1.85,3.24,0.0
20140202:0210,0.0,0.0,0.0,1.59,3.38,0.0
20140202:0310,0.0,0.0,0.0,1.46,3.45,0.0
20140202:0410,0.0,0.0,0.0,1.4,3.52,0.0
20140202:0510,0.0,0.0,0.0,1.32,3.52,0.0
20140202:0610,0.0,0.0,0.0,1.22,3.45,0.0
20140202:0710,0.0,0.0,0.0,1.26,3.52,0.0
20140202:0810,18009.55,278.85,6.46,1.39,3.52,0.0
20140202:0910,34605.85,520.25,13.88,2.8,3.17,0.0
20140202:1010,45327.48,687.59,19.65,4.79,3.93,0.0
20140202:1110,52731.52,811.29,23.25,6.57,4.34,0.0
20140202:1210,52948.6,816.39,24.3,8.18,5.17,0.0
20140202:1310,48178.28,744.29,22.67,8.66,4.48,0.0
20140202:1410,25842.43,399.76,18.55,8.78,3.72,0.0
20140202:1510,16105.22,257.73,12.38,8.77,2.9,0.0
20140202:1610,666.4,21.32,4.66,8.19,2.21,0.0
20140202:1710,0.0,0.0,0.0,6.41,2.48,0.0
20140202:1810,0.0,0.0,0.0,5.23,2.55,0.0
20140202:1910,0.0,0.0,0.0,4.45,2.48,0.0
20140202:2010,0.0,0.0,0.0,3.75,2.41,0.0
20140202:2110,0.0,0.0,0.0,3.48,2.41,0.0
20140202:2210,0.0,0.0,0.0,2.98,2.41,0.0
20140202:2310,0.0,0.0,0.0,2.49,2.41,0.0
20140203:0010,0.0,0.0,0.0,2.02,2.41,0.0
20140203:0110,0.0,0.0,0.0,1.45,2.62,0.0
20140203:0210,0.0,0.0,0.0,1.16,2.76,0.0
20140203:0310,0.0,0.0,0.0,0.92,2.69,0.0
20140203:0410,0.0,0.0,0.0,0.63,2.69,0.0
20140203:0510,0.0,0.0,0.0,0.36,2.76,0.0
20140203:0610,0.0,0.0,0.0,0.21,2.9,0.0
20140203:0710,0.0,0.0,0.0,0.1,3.03,0.0
20140203:0810,17737.83,273.79,6.68,0.3,3.17,0.0
20140203:0910,34866.18,522.25,14.13,1.99,3.17,0.0
20140203:1010,46807.53,710.48,19.91,4.27,3.72,0.0
20140203:1110,53085.98,818.42,23.54,6.02,3.86,0.0
20140203:1210,53934.54,837.9,24.6,7.24,3.86,0.0
20140203:1310,52393.01,815.14,22.96,8.03,3.86,0.0
20140203:1410,42504.0,655.73,18.84,8.36,3.86,0.0
20140203:1510,26421.55,410.38,12.65,8.38,4.28,0.0
20140203:1610,625.42,20.47,4.91,7.75,3.31,0.0
20140203:1710,0.0,0.0,0.0,6.26,3.1,0.0
20140203:1810,0.0,0.0,0.0,5.13,3.24,0.0
20140203:1910,0.0,0.0,0.0,4.34,3.79,0.0
20140203:2010,0.0,0.0,0.0,3.79,4.0,0.0
20140203:2110,0.0,0.0,0.0,3.97,4.28,0.0
20140203:2210,0.0,0.0,0.0,4.29,4.76,0.0
20140203:2310,0.0,0.0,0.0,5.36,5.66,0.0
20140204:0010,0.0,0.0,0.0,6.24,6.28,0.0
20140204:0110,0.0,0.0,0.0,6.58,6.41,0.0
20140204:0210,0.0,0.0,0.0,6.7,6.28,0.0
20140204:0310,0.0,0.0,0.0,5.99,5.45,0.0
20140204:0410,0.0,0.0,0.0,5.21,4.48,0.0
20140204:0510,0.0,0.0,0.0,4.08,3.59,0.0
20140204:0610,0.0,0.0,0.0,3.24,3.24,0.0
20140204:0710,0.0,0.0,0.0,3.14,3.38,0.0
20140204:0810,10474.2,171.06,6.91,3.3,3.52,0.0
20140204:0910,7946.73,133.87,14.38,4.62,3.93,0.0
20140204:1010,5112.62,93.17,20.18,5.98,5.79,0.0
20140204:1110,17352.26,271.03,23.82,6.82,5.72,0.0
20140204:1210,43650.85,664.03,24.89,7.54,5.72,0.0
20140204:1310,26146.79,401.03,23.26,8.27,5.59,0.0
20140204:1410,7271.22,126.34,19.13,8.34,4.69,0.0
20140204:1510,9863.2,164.39,12.93,8.4,5.24,0.0
20140204:1610,6350.55,118.28,5.17,8.04,5.17,0.0
20140204:1710,0.0,0.0,0.0,7.45,5.24,0.0
20140204:1810,0.0,0.0,0.0,7.02,5.45,0.0
20140204:1910,0.0,0.0,0.0,6.39,5.45,0.0
20140204:2010,0.0,0.0,0.0,6.07,5.79,0.0
20140204:2110,0.0,0.0,0.0,6.05,6.34,0.0
20140204:2210,0.0,0.0,0.0,6.32,6.69,0.0
20140204:2310,0.0,0.0,0.0,6.7,6.76,0.0
20140205:0010,0.0,0.0,0.0,7.18,6.97,0.0
20140205:0110,0.0,0.0,0.0,7.03,7.31,0.0
20140205:0210,0.0,0.0,0.0,5.39,7.66,0.0
20140205:0310,0.0,0.0,0.0,5.03,7.31,0.0
20140205:0410,0.0,0.0,0.0,5.4,6.9,0.0
20140205:0510,0.0,0.0,0.0,6.14,6.62,0.0
20140205:0610,0.0,0.0,0.0,6.87,6.62,0.0
20140205:0710,0.0,0.0,0.0,7.0,6.14,0.0
20140205:0810,2014.39,45.04,7.14,7.24,6.21,0.0
20140205:0910,11325.8,183.86,14.63,7.45,6.62,0.0
20140205:1010,3476.22,68.51,20.46,7.44,7.1,0.0
20140205:1110,31351.25,473.08,24.12,7.41,8.07,0.0
20140205:1210,40616.37,614.49,25.2,8.24,7.59,0.0
20140205:1310,1496.75,36.54,23.56,8.98,7.17,0.0
20140205:1410,37285.12,567.28,19.42,9.52,7.52,0.0
20140205:1510,5621.91,101.77,13.2,9.15,7.79,0.0
20140205:1610,4031.05,80.37,5.43,8.34,7.93,0.0
20140205:1710,0.0,0.0,0.0,7.69,7.86,0.0
20140205:1810,0.0,0.0,0.0,7.81,7.17,0.0
20140205:1910,0.0,0.0,0.0,7.79,6.55,0.0
20140205:2010,0.0,0.0,0.0,7.53,6.41,0.0
20140205:2110,0.0,0.0,0.0,7.43,6.34,0.0
20140205:2210,0.0,0.0,0.0,7.27,6.14,0.0
20140205:2310,0.0,0.0,0.0,7.04,6.0,0.0
20140206:0010,0.0,0.0,0.0,6.67,6.0,0.0
20140206:0110,0.0,0.0,0.0,6.38,5.86,0.0
20140206:0210,0.0,0.0,0.0,6.12,5.66,0.0
20140206:0310,0.0,0.0,0.0,5.93,5.52,0.0
20140206:0410,0.0,0.0,0.0,5.68,5.24,0.0
20140206:0510,0.0,0.0,0.0,5.32,4.97,0.0
20140206:0610,0.0,0.0,0.0,4.97,4.9,0.0
20140206:0710,0.0,0.0,0.0,6.25,5.17,0.0
20140206:0810,2117.61,46.61,7.38,6.4,5.24,0.0
20140206:0910,4595.74,85.7,14.89,7.34,4.9,0.0
20140206:1010,3522.52,69.42,20.74,7.83,4.21,0.0
20140206:1110,2891.03,59.38,24.41,7.64,4.69,0.0
20140206:1210,4541.86,84.95,25.5,7.16,5.24,0.0
20140206:1310,3656.86,71.25,23.87,7.04,5.86,0.0
20140206:1410,12324.64,198.92,19.71,7.37,5.86,0.0
20140206:1510,18771.59,294.36,13.48,8.17,5.59,0.0
20140206:1610,1085.37,29.51,5.7,9.23,5.52,0.0
20140206:1710,0.0,0.0,0.0,9.28,5.52,0.0
20140206:1810,0.0,0.0,0.0,9.66,5.72,0.0
20140206:1910,0.0,0.0,0.0,10.27,5.31,0.0
20140206:2010,0.0,0.0,0.0,10.88,5.38,0.0
20140206:2110,0.0,0.0,0.0,11.78,6.0,0.0
20140206:2210,0.0,0.0,0.0,12.36,6.97,0.0
20140206:2310,0.0,0.0,0.0,12.15,7.93,0.0
20140207:0010,0.0,0.0,0.0,11.18,7.93,0.0
20140207:0110,0.0,0.0,0.0,11.79,8.34,0.0
20140207:0210,0.0,0.0,0.0,11.75,9.03,0.0
20140207:0310,0.0,0.0,0.0,11.44,9.72,0.0
20140207:0410,0.0,0.0,0.0,11.32,10.69,0.0
20140207:0510,0.0,0.0,0.0,10.75,10.97,0.0
20140207:0610,0.0,0.0,0.0,9.87,11.17,0.0
20140207:0710,0.0,0.0,0.0,8.92,9.52,0.0
20140207:0810,13772.06,221.9,7.62,8.33,9.03,0.0
20140207:0910,8604.78,144.92,15.15,8.03,7.93,0.0
20140207:1010,35897.66,539.92,21.02,8.27,9.45,0.0
20140207:1110,49882.24,754.33,24.72,8.77,9.17,0.0
20140207:1210,21745.35,336.28,25.81,9.15,8.62,0.0
20140207:1310,8198.72,140.61,24.18,9.43,7.66,0.0
20140207:1410,17259.66,272.01,20.01,9.46,6.62,0.0
20140207:1510,22983.28,358.59,13.76,9.47,5.59,0.0
20140207:1610,4672.4,90.74,5.96,9.07,4.48,0.0
20140207:1710,0.0,0.0,0.0,8.02,4.0,0.0
20140207:1810,0.0,0.0,0.0,7.02,4.21,0.0
20140207:1910,0.0,0.0,0.0,6.58,4.48,0.0
20140207:2010,0.0,0.0,0.0,6.6,5.1,0.0
20140207:2110,0.0,0.0,0.0,6.68,5.59,0.0
20140207:2210,0.0,0.0,0.0,7.02,5.93,0.0
20140207:2310,0.0,0.0,0.0,7.23,6.41,0.0
20140208:0010,0.0,0.0,0.0,7.51,7.17,0.0
20140208:0110,0.0,0.0,0.0,7.74,7.66,0.0
20140208:0210,0.0,0.0,0.0,8.0,7.93,0.0
20140208:0310,0.0,0.0,0.0,7.96,8.07,0.0
20140208:0410,0.0,0.0,0.0,7.79,8.28,0.0
20140208:0510,0.0,0.0,0.0,7.3,8.41,0.0
20140208:0610,0.0,0.0,0.0,7.23,8.62,0.0
20140208:0710,0.0,0.0,0.0,7.57,7.93,0.0
20140208:0810,14845.28,237.4,7.87,7.93,8.07,0.0
20140208:0910,1398.84,34.71,15.42,8.06,8.0,0.0
20140208:1010,3644.72,71.25,21.32,7.9,7.52,0.0
20140208:1110,6456.81,114.18,25.02,8.14,7.24,0.0
20140208:1210,23118.38,356.8,26.13,8.76,6.76,0.0
20140208:1310,9533.8,160.66,24.49,9.84,6.48,0.0
20140208:1410,43910.43,673.74,20.31,10.13,6.41,0.0
20140208:1510,17174.65,270.54,14.05,8.03,6.0,0.0
20140208:1610,6979.01,126.92,6.23,7.9,6.48,0.0
20140208:1710,0.0,0.0,0.0,7.4,7.17,0.0
20140208:1810,0.0,0.0,0.0,6.63,7.31,0.0
20140208:1910,0.0,0.0,0.0,6.11,7.17,0.0
20140208:2010,0.0,0.0,0.0,5.58,7.31,0.0
20140208:2110,0.0,0.0,0.0,5.29,7.31,0.0
20140208:2210,0.0,0.0,0.0,5.22,7.38,0.0
20140208:2310,0.0,0.0,0.0,5.08,7.31,0.0
20140209:0010,0.0,0.0,0.0,5.05,7.17,0.0
20140209:0110,0.0,0.0,0.0,5.2,7.31,0.0
20140209:0210,0.0,0.0,0.0,5.16,7.24,0.0
20140209:0310,0.0,0.0,0.0,4.88,7.1,0.0
20140209:0410,0.0,0.0,0.0,4.65,7.1,0.0
20140209:0510,0.0,0.0,0.0,4.48,7.1,0.0
20140209:0610,0.0,0.0,0.0,4.18,7.03,0.0
20140209:0710,0.0,0.0,0.0,4.02,7.1,0.0
20140209:0810,19063.04,294.88,8.13,4.18,7.1,0.0
20140209:0910,36043.39,540.49,15.7,5.09,5.86,0.0
20140209:1010,22325.98,339.39,21.61,6.27,9.17,0.0
20140209:1110,45290.29,679.04,25.34,6.97,8.9,0.0
20140209:1210,13011.54,209.56,26.45,8.08,8.9,0.0
20140209:1310,25541.11,390.46,24.8,8.47,8.21,0.0
20140209:1410,7004.81,122.43,20.61,8.63,7.03,0.0
20140209:1510,22092.97,343.83,14.33,8.65,5.79,0.0
20140209:1610,8068.17,144.1,6.5,8.13,5.38,0.0
20140209:1710,0.0,0.0,0.0,7.1,4.97,0.0
20140209:1810,0.0,0.0,0.0,6.02,4.69,0.0
20140209:1910,0.0,0.0,0.0,6.17,4.97,0.0
20140209:2010,0.0,0.0,0.0,5.64,4.69,0.0
20140209:2110,0.0,0.0,0.0,5.06,4.21,0.0
20140209:2210,0.0,0.0,0.0,4.88,3.38,0.0
20140209:2310,0.0,0.0,0.0,4.66,2.55,0.0
20140210:0010,0.0,0.0,0.0,4.17,2.34,0.0
20140210:0110,0.0,0.0,0.0,3.8,2.48,0.0
20140210:0210,0.0,0.0,0.0,3.61,2.55,0.0
20140210:0310,0.0,0.0,0.0,3.56,2.48,0.0
20140210:0410,0.0,0.0,0.0,3.6,2.28,0.0
20140210:0510,0.0,0.0,0.0,3.6,2.21,0.0
20140210:0610,0.0,0.0,0.0,3.54,2.41,0.0
20140210:0710,0.0,0.0,0.0,3.93,2.55,0.0
20140210:0810,3234.1,64.05,8.39,4.45,2.83,0.0
20140210:0910,10650.29,173.69,15.98,5.12,2.48,0.0
20140210:1010,28112.6,432.07,21.91,5.79,2.0,0.0
20140210:1110,52257.15,830.66,25.65,6.18,1.45,0.0
20140210:1210,34010.03,532.17,26.77,6.82,0.9,0.0
20140210:1310,27147.15,420.04,25.12,7.44,2.48,0.0
20140210:1410,43667.55,672.81,20.92,7.71,3.72,0.0
20140210:1510,10353.52,171.57,14.62,8.01,4.07,0.0
20140210:1610,3078.5,63.74,6.77,7.86,3.52,0.0
20140210:1710,0.0,0.0,0.0,7.37,3.31,0.0
20140210:1810,0.0,0.0,0.0,6.72,3.38,0.0
20140210:1910,0.0,0.0,0.0,7.1,4.34,0.0
20140210:2010,0.0,0.0,0.0,6.7,4.62,0.0
20140210:2110,0.0,0.0,0.0,6.28,4.41,0.0
20140210:2210,0.0,0.0,0.0,6.09,4.48,0.0
20140210:2310,0.0,0.0,0.0,5.56,4.41,0.0
20140211:0010,0.0,0.0,0.0,5.14,4.21,0.0
20140211:0110,0.0,0.0,0.0,4.82,4.0,0.0
20140211:0210,0.0,0.0,0.0,4.58,3.93,0.0
20140211:0310,0.0,0.0,0.0,4.24,3.86,0.0
20140211:0410,0.0,0.0,0.0,3.82,3.72,0.0
20140211:0510,0.0,0.0,0.0,3.43,3.86,0.0
20140211:0610,0.0,0.0,0.0,3.0,3.79,0.0
20140211:0710,0.0,0.0,0.0,2.13,3.79,0.0
20140211:0810,15057.04,235.94,8.65,2.31,4.28,0.0
20140211:0910,12103.01,192.65,16.26,3.61,4.62,0.0
20140211:1010,11495.81,185.74,22.22,5.35,5.72,0.0
20140211:1110,19790.17,305.93,25.97,6.69,6.41,0.0
20140211:1210,14820.23,235.53,27.1,7.51,7.03,0.0
20140211:1310,12294.28,199.1,25.44,7.86,8.28,0.0
20140211:1410,8681.44,146.66,21.22,7.87,7.1,0.0
20140211:1510,4533.51,84.64,14.91,6.98,6.34,0.0
20140211:1610,1439.06,35.36,7.04,6.21,5.79,0.0
20140211:1710,0.0,0.0,0.0,5.63,5.03,0.0
20140211:1810,0.0,0.0,0.0,5.25,4.28,0.0
20140211:1910,0.0,0.0,0.0,5.34,4.07,0.0
20140211:2010,0.0,0.0,0.0,5.17,4.07,0.0
20140211:2110,0.0,0.0,0.0,5.12,4.69,0.0
20140211:2210,0.0,0.0,0.0,5.07,3.59,0.0
20140211:2310,0.0,0.0,0.0,4.29,3.03,0.0
20140212:0010,0.0,0.0,0.0,3.42,3.31,0.0
20140212:0110,0.0,0.0,0.0,2.7,3.59,0.0
20140212:0210,0.0,0.0,0.0,2.39,3.72,0.0
20140212:0310,0.0,0.0,0.0,2.15,3.52,0.0
20140212:0410,0.0,0.0,0.0,1.66,3.45,0.0
20140212:0510,0.0,0.0,0.0,1.27,3.38,0.0
20140212:0610,0.0,0.0,0.0,0.97,3.38,0.0
20140212:0710,0.0,0.0,0.0,0.96,3.66,0.0
20140212:0810,19115.42,294.0,8.92,1.48,3.79,0.0
20140212:0910,38387.18,576.01,16.55,3.06,3.86,0.0
20140212:1010,49322.86,748.03,22.53,5.21,4.83,0.0
20140212:1110,55973.21,857.39,26.3,7.1,5.86,0.0
20140212:1210,44891.81,682.05,27.43,8.64,7.52,0.0
20140212:1310,17057.01,268.9,25.77,9.59,10.0,0.0
20140212:1410,8736.85,148.29,21.53,9.6,9.72,0.0
20140212:1510,6191.16,110.41,15.2,9.29,8.07,0.0
20140212:1610,302.08,13.7,7.31,8.23,7.59,0.0
20140212:1710,0.0,0.0,0.0,7.11,7.93,0.0
20140212:1810,0.0,0.0,0.0,6.74,8.21,0.0
20140212:1910,0.0,0.0,0.0,6.75,7.86,0.0
20140212:2010,0.0,0.0,0.0,7.23,7.86,0.0
20140212:2110,0.0,0.0,0.0,7.57,7.03,0.0
20140212:2210,0.0,0.0,0.0,7.47,6.0,0.0
20140212:2310,0.0,0.0,0.0,7.04,5.52,0.0
20140213:0010,0.0,0.0,0.0,6.26,5.52,0.0
20140213:0110,0.0,0.0,0.0,5.61,5.52,0.0
20140213:0210,0.0,0.0,0.0,5.11,4.9,0.0
20140213:0310,0.0,0.0,0.0,4.77,4.41,0.0
20140213:0410,0.0,0.0,0.0,5.03,4.41,0.0
20140213:0510,0.0,0.0,0.0,5.42,4.28,0.0
20140213:0610,0.0,0.0,0.0,5.76,4.28,0.0
20140213:0710,0.0,0.0,0.0,6.24,4.62,0.0
20140213:0810,1201.5,31.06,9.2,6.33,3.93,0.0
20140213:0910,4492.52,84.06,16.84,6.76,3.79,0.0
20140213:1010,7922.44,135.4,22.84,7.13,5.66,0.0
20140213:1110,8053.75,137.52,26.63,7.37,6.69,0.0
20140213:1210,7416.19,128.8,27.77,8.51,6.21,0.0
20140213:1310,16213.0,255.1,26.1,7.4,7.52,0.0
20140213:1410,38127.61,576.22,21.85,7.37,6.69,0.0
20140213:1510,12728.43,205.34,15.49,7.6,6.21,0.0
20140213:1610,12595.6,213.68,7.59,7.39,6.07,0.0
20140213:1710,0.0,0.0,0.0,6.64,5.03,0.0
20140213:1810,0.0,0.0,0.0,5.99,4.48,0.0
20140213:1910,0.0,0.0,0.0,4.83,4.76,0.0
20140213:2010,0.0,0.0,0.0,4.5,4.41,0.0
20140213:2110,0.0,0.0,0.0,4.1,4.07,0.0
20140213:2210,0.0,0.0,0.0,3.81,4.07,0.0
20140213:2310,0.0,0.0,0.0,3.51,4.21,0.0
20140214:0010,0.0,0.0,0.0,3.29,4.28,0.0
20140214:0110,0.0,0.0,0.0,2.99,3.86,0.0
20140214:0210,0.0,0.0,0.0,2.84,3.45,0.0
20140214:0310,0.0,0.0,0.0,2.67,3.24,0.0
20140214:0410,0.0,0.0,0.0,2.96,3.24,0.0
20140214:0510,0.0,0.0,0.0,3.0,3.31,0.0
20140214:0610,0.0,0.0,0.0,3.43,3.45,0.0
20140214:0710,0.0,0.0,0.0,3.82,3.38,0.0
20140214:0810,5340.32,96.04,9.47,4.5,3.86,0.0
20140214:0910,4102.4,77.65,17.14,5.25,4.62,0.0
20140214:1010,10459.78,171.37,23.16,5.89,5.72,0.0
20140214:1110,6201.03,109.62,26.96,6.36,6.34,0.0
20140214:1210,4615.48,85.87,28.1,6.71,6.34,0.0
20140214:1310,7782.79,133.77,26.43,7.62,5.66,0.0
20140214:1410,22547.61,349.73,22.16,9.19,5.59,0.0
20140214:1510,6870.47,121.36,15.78,10.51,5.59,0.0
20140214:1610,2685.34,57.7,7.86,11.7,6.0,0.0
20140214:1710,0.0,0.0,0.0,12.5,6.48,0.0
20140214:1810,0.0,0.0,0.0,13.14,6.9,0.0
20140214:1910,0.0,0.0,0.0,13.64,6.55,0.0
20140214:2010,0.0,0.0,0.0,13.5,6.83,0.0
20140214:2110,0.0,0.0,0.0,13.03,7.66,0.0
20140214:2210,0.0,0.0,0.0,12.12,8.62,0.0
20140214:2310,0.0,0.0,0.0,10.7,8.69,0.0
20140215:0010,0.0,0.0,0.0,10.11,8.41,0.0
20140215:0110,0.0,0.0,0.0,9.57,7.93,0.0
20140215:0210,0.0,0.0,0.0,8.99,7.52,0.0
20140215:0310,0.0,0.0,0.0,9.11,7.45,0.0
20140215:0410,0.0,0.0,0.0,8.92,7.31,0.0
20140215:0510,0.0,0.0,0.0,8.83,7.24,0.0
20140215:0610,0.0,0.0,0.0,8.72,7.1,0.0
20140215:0710,0.0,0.0,0.0,8.4,6.69,0.0
20140215:0810,1291.06,32.89,9.76,8.58,6.48,0.0
20140215:0910,10946.3,180.12,17.45,8.98,5.66,0.0
20140215:1010,10599.44,175.73,23.48,9.48,7.66,0.0
20140215:1110,47187.79,723.48,27.3,10.12,7.24,0.0
20140215:1210,31276.11,480.77,28.45,10.58,7.31,0.0
20140215:1310,17157.95,272.91,26.76,10.86,7.17,0.0
20140215:1410,11964.12,196.78,22.48,10.8,6.83,0.0
20140215:1510,8189.61,141.02,16.08,10.57,6.21,0.0
20140215:1610,2855.36,60.03,8.14,9.93,5.79,0.0
20140215:1710,0.0,0.0,0.0,9.27,5.52,0.0
20140215:1810,0.0,0.0,0.0,8.61,5.59,0.0
20140215:1910,0.0,0.0,0.0,8.0,5.66,0.0
20140215:2010,0.0,0.0,0.0,7.43,5.93,0.0
20140215:2110,0.0,0.0,0.0,7.06,6.07,0.0
20140215:2210,0.0,0.0,0.0,6.71,6.07,0.0
20140215:2310,0.0,0.0,0.0,6.46,5.93,0.0
20140216:0010,0.0,0.0,0.0,6.29,5.66,0.0
20140216:0110,0.0,0.0,0.0,6.22,5.38,0.0
20140216:0210,0.0,0.0,0.0,5.93,5.03,0.0
20140216:0310,0.0,0.0,0.0,5.77,4.76,0.0
20140216:0410,0.0,0.0,0.0,5.81,4.48,0.0
20140216:0510,0.0,0.0,0.0,5.78,4.21,0.0
20140216:0610,0.0,0.0,0.0,5.25,3.86,0.0
20140216:0710,0.0,0.0,0.0,6.05,3.86,0.0
20140216:0810,20159.04,315.47,10.05,6.16,3.59,0.0
20140216:0910,36901.82,559.99,17.75,6.93,5.1,0.0
20140216:1010,49605.2,761.3,23.81,7.52,4.83,0.0
20140216:1110,55025.22,856.75,27.64,8.52,4.55,0.0
20140216:1210,40790.94,628.98,28.79,9.11,4.62,0.0
20140216:1310,49294.01,766.34,27.1,9.66,4.62,0.0
20140216:1410,46329.36,720.62,22.79,10.16,4.41,0.0
20140216:1510,32529.22,508.28,16.38,10.25,3.86,0.0
20140216:1610,9844.23,172.3,8.41,9.75,2.9,0.0
20140216:1710,0.0,0.0,0.0,8.35,2.9,0.0
20140216:1810,0.0,0.0,0.0,6.94,3.17,0.0
20140216:1910,0.0,0.0,0.0,7.07,3.52,0.0
20140216:2010,0.0,0.0,0.0,6.41,3.59,0.0
20140216:2110,0.0,0.0,0.0,6.25,3.79,0.0
20140216:2210,0.0,0.0,0.0,6.35,3.79,0.0
20140216:2310,0.0,0.0,0.0,6.03,3.66,0.0
20140217:0010,0.0,0.0,0.0,5.48,3.38,0.0
20140217:0110,0.0,0.0,0.0,5.18,3.24,0.0
20140217:0210,0.0,0.0,0.0,4.57,3.03,0.0
20140217:0310,0.0,0.0,0.0,4.07,2.83,0.0
20140217:0410,0.0,0.0,0.0,3.89,2.76,0.0
20140217:0510,0.0,0.0,0.0,3.44,2.83,0.0
20140217:0610,0.0,0.0,0.0,3.29,2.97,0.0
20140217:0710,0.0,0.0,0.0,5.11,3.1,0.0
20140217:0810,5857.2,104.19,10.34,5.5,3.31,0.0
20140217:0910,6995.7,121.23,18.06,6.21,4.14,0.0
20140217:1010,7371.41,127.52,24.14,7.12,4.48,0.0
20140217:1110,26706.93,411.39,27.99,7.79,4.14,0.0
20140217:1210,25002.98,387.45,29.14,8.5,4.21,0.0
20140217:1310,37184.17,574.08,27.44,9.34,4.28,0.0
20140217:1410,42386.36,658.99,23.11,10.01,3.93,0.0
20140217:1510,28844.28,450.89,16.67,10.38,4.0,0.0
20140217:1610,7269.7,131.16,8.69,9.99,3.45,0.0
20140217:1710,0.0,0.0,0.0,8.73,3.31,0.0
20140217:1810,0.0,0.0,0.0,7.37,3.31,0.0
20140217:1910,0.0,0.0,0.0,6.9,3.03,0.0
20140217:2010,0.0,0.0,0.0,6.35,3.03,0.0
20140217:2110,0.0,0.0,0.0,5.96,3.17,0.0
20140217:2210,0.0,0.0,0.0,5.54,3.31,0.0
20140217:2310,0.0,0.0,0.0,5.15,3.17,0.0
20140218:0010,0.0,0.0,0.0,4.55,2.9,0.0
20140218:0110,0.0,0.0,0.0,4.03,2.69,0.0
20140218:0210,0.0,0.0,0.0,3.6,2.69,0.0
20140218:0310,0.0,0.0,0.0,3.27,2.55,0.0
20140218:0410,0.0,0.0,0.0,2.98,2.41,0.0
20140218:0510,0.0,0.0,0.0,2.74,2.41,0.0
20140218:0610,0.0,0.0,0.0,2.41,2.41,0.0
20140218:0710,0.0,4.26,1.77,2.6,2.34,0.0
20140218:0810,1979.47,43.85,10.63,3.14,2.14,0.0
20140218:0910,9667.38,160.17,18.38,5.65,2.48,0.0
20140218:1010,10333.03,171.83,24.47,7.86,2.9,0.0
20140218:1110,13190.66,215.41,28.34,9.51,3.17,0.0
20140218:1210,15268.04,247.12,29.49,10.41,3.17,0.0
20140218:1310,10344.41,174.48,27.78,10.99,3.17,0.0
20140218:1410,4974.49,93.17,23.44,11.11,3.03,0.0
20140218:1510,5564.23,102.0,16.97,10.53,2.55,0.0
20140218:1610,784.81,23.75,8.97,9.93,2.83,0.0
20140218:1710,0.0,0.0,0.0,9.14,2.9,0.0
20140218:1810,0.0,0.0,0.0,8.44,3.1,0.0
20140218:1910,0.0,0.0,0.0,7.65,3.24,0.0
20140218:2010,0.0,0.0,0.0,7.26,3.45,0.0
20140218:2110,0.0,0.0,0.0,7.0,3.52,0.0
20140218:2210,0.0,0.0,0.0,6.54,3.31,0.0
20140218:2310,0.0,0.0,0.0,6.1,3.24,0.0
20140219:0010,0.0,0.0,0.0,5.81,3.1,0.0
20140219:0110,0.0,0.0,0.0,5.58,3.03,0.0
20140219:0210,0.0,0.0,0.0,5.3,2.83,0.0
20140219:0310,0.0,0.0,0.0,5.35,2.62,0.0
20140219:0410,0.0,0.0,0.0,5.15,2.48,0.0
20140219:0510,0.0,0.0,0.0,4.91,2.41,0.0
20140219:0610,0.0,0.0,0.0,5.43,2.34,0.0
20140219:0710,0.0,2.56,2.05,6.74,2.55,0.0
20140219:0810,5007.88,92.1,10.93,7.11,2.48,0.0
20140219:0910,7082.99,123.58,18.7,7.68,2.28,0.0
20140219:1010,19208.01,302.79,24.81,8.32,2.41,0.0
20140219:1110,26614.34,415.7,28.69,8.86,2.34,0.0
20140219:1210,41376.88,652.52,29.85,9.52,2.14,0.0
20140219:1310,5708.44,104.14,28.12,10.1,2.62,0.0
20140219:1410,12406.61,204.43,23.76,10.76,3.38,0.0
20140219:1510,11231.68,187.13,17.27,10.78,2.9,0.0
20140219:1610,4103.91,80.51,9.25,10.42,2.21,0.0
20140219:1710,0.0,0.0,0.0,9.72,2.07,0.0
20140219:1810,0.0,0.0,0.0,8.35,2.28,0.0
20140219:1910,0.0,0.0,0.0,7.99,2.07,0.0
20140219:2010,0.0,0.0,0.0,7.37,2.34,0.0
20140219:2110,0.0,0.0,0.0,6.84,2.55,0.0
20140219:2210,0.0,0.0,0.0,6.58,2.69,0.0
20140219:2310,0.0,0.0,0.0,6.26,2.76,0.0
20140220:0010,0.0,0.0,0.0,5.99,2.9,0.0
20140220:0110,0.0,0.0,0.0,5.61,3.03,0.0
20140220:0210,0.0,0.0,0.0,5.95,3.1,0.0
20140220:0310,0.0,0.0,0.0,6.5,3.52,0.0
20140220:0410,0.0,0.0,0.0,6.95,4.07,0.0
20140220:0510,0.0,0.0,0.0,7.37,4.55,0.0
20140220:0610,0.0,0.0,0.0,7.64,4.76,0.0
20140220:0710,0.0,0.85,2.34,8.19,4.76,0.0
20140220:0810,1137.74,30.14,11.24,8.4,4.97,0.0
20140220:0910,1873.97,42.93,19.02,8.62,5.03,0.0
20140220:1010,3796.52,73.99,25.15,8.91,4.97,0.0
20140220:1110,4138.07,79.47,29.04,9.42,5.1,0.0
20140220:1210,6878.06,121.49,30.2,9.96,6.0,0.0
20140220:1310,4295.94,82.21,28.47,10.45,6.14,0.0
20140220:1410,3244.73,65.77,24.08,10.77,5.45,0.0
20140220:1510,4437.87,84.43,17.57,10.49,5.52,0.0
20140220:1610,147.25,10.05,9.53,10.24,5.79,0.0
20140220:1710,0.0,0.0,0.0,10.1,5.79,0.0
20140220:1810,0.0,0.0,0.0,10.15,5.45,0.0
20140220:1910,0.0,0.0,0.0,10.19,5.72,0.0
20140220:2010,0.0,0.0,0.0,9.7,5.03,0.0
20140220:2110,0.0,0.0,0.0,8.94,4.41,0.0
20140220:2210,0.0,0.0,0.0,8.21,4.62,0.0
20140220:2310,0.0,0.0,0.0,7.83,4.69,0.0
20140221:0010,0.0,0.0,0.0,7.37,4.55,0.0
20140221:0110,0.0,0.0,0.0,7.03,4.48,0.0
20140221:0210,0.0,0.0,0.0,6.27,4.62,0.0
20140221:0310,0.0,0.0,0.0,5.69,4.83,0.0
20140221:0410,0.0,0.0,0.0,5.52,4.9,0.0
20140221:0510,0.0,0.0,0.0,5.4,4.83,0.0
20140221:0610,0.0,0.0,0.0,5.27,4.76,0.0
20140221:0710,160.15,10.24,2.63,5.25,5.45,0.0
20140221:0810,21021.26,325.43,11.55,5.32,4.83,0.0
20140221:0910,30397.19,458.77,19.35,5.91,5.86,0.0
20140221:1010,43085.39,652.55,25.5,6.91,6.0,0.0
20140221:1110,12540.2,203.65,29.4,7.87,5.59,0.0
20140221:1210,20166.63,315.12,30.57,8.42,5.59,0.0
20140221:1310,19380.31,303.7,28.82,8.78,5.86,0.0
20140221:1410,4324.78,82.21,24.41,9.0,5.59,0.0
20140221:1510,22249.33,347.16,17.88,9.11,5.17,0.0
20140221:1610,12188.02,206.88,9.81,8.78,4.34,0.0
20140221:1710,0.0,0.0,0.0,7.92,3.66,0.0
20140221:1810,0.0,0.0,0.0,6.62,3.38,0.0
20140221:1910,0.0,0.0,0.0,6.27,3.86,0.0
20140221:2010,0.0,0.0,0.0,5.57,3.93,0.0
20140221:2110,0.0,0.0,0.0,4.98,4.14,0.0
20140221:2210,0.0,0.0,0.0,4.61,4.28,0.0
20140221:2310,0.0,0.0,0.0,4.32,4.21,0.0
20140222:0010,0.0,0.0,0.0,3.99,4.21,0.0
20140222:0110,0.0,0.0,0.0,3.68,4.34,0.0
20140222:0210,0.0,0.0,0.0,3.81,4.41,0.0
20140222:0310,0.0,0.0,0.0,3.99,4.48,0.0
20140222:0410,0.0,0.0,0.0,4.0,4.28,0.0
20140222:0510,0.0,0.0,0.0,3.86,4.21,0.0
20140222:0610,0.0,0.0,0.0,3.98,4.34,0.0
20140222:0710,230.74,11.94,2.93,5.13,3.79,0.0
20140222:0810,4177.54,78.81,11.86,5.39,3.38,0.0
20140222:0910,5580.93,100.18,19.68,5.59,3.31,0.0
20140222:1010,12939.43,207.68,25.85,5.79,4.28,0.0
20140222:1110,25931.99,397.83,29.77,6.39,4.07,0.0
20140222:1210,5729.69,103.22,30.93,7.35,3.24,0.0
20140222:1310,17810.69,282.05,29.17,8.03,2.97,0.0
20140222:1410,6582.81,116.92,24.74,8.81,2.34,0.0
20140222:1510,6374.84,113.89,18.18,9.21,1.86,0.0
20140222:1610,4804.47,91.15,10.09,9.17,1.66,0.0
20140222:1710,0.0,0.0,0.0,8.54,1.66,0.0
20140222:1810,0.0,0.0,0.0,7.4,2.07,0.0
20140222:1910,0.0,0.0,0.0,6.97,1.93,0.0
20140222:2010,0.0,0.0,0.0,6.2,2.07,0.0
20140222:2110,0.0,0.0,0.0,5.39,2.21,0.0
20140222:2210,0.0,0.0,0.0,4.86,2.34,0.0
20140222:2310,0.0,0.0,0.0,4.9,2.48,0.0
20140223:0010,0.0,0.0,0.0,4.51,2.55,0.0
20140223:0110,0.0,0.0,0.0,4.51,2.55,0.0
20140223:0210,0.0,0.0,0.0,4.29,2.62,0.0
20140223:0310,0.0,0.0,0.0,4.59,2.69,0.0
20140223:0410,0.0,0.0,0.0,4.22,2.83,0.0
20140223:0510,0.0,0.0,0.0,4.01,3.03,0.0
20140223:0610,0.0,0.0,0.0,3.89,3.17,0.0
20140223:0710,346.1,14.5,3.23,4.12,3.45,0.0
20140223:0810,19526.03,303.84,12.18,4.91,3.52,0.0
20140223:0910,40813.71,623.8,20.02,6.53,3.79,0.0
20140223:1010,49443.54,762.78,26.2,8.54,4.9,0.0
20140223:1110,54925.79,860.62,30.13,9.62,4.55,0.0
20140223:1210,46094.83,718.71,31.29,10.73,4.83,0.0
20140223:1310,47083.81,735.97,29.52,11.44,4.97,0.0
20140223:1410,43675.9,680.46,25.07,11.38,4.83,0.0
20140223:1510,32868.5,514.36,18.48,11.33,4.41,0.0
20140223:1610,14452.12,244.75,10.37,10.79,3.72,0.0
20140223:1710,0.0,0.0,0.0,9.43,3.31,0.0
20140223:1810,0.0,0.0,0.0,7.89,3.38,0.0
20140223:1910,0.0,0.0,0.0,7.58,3.03,0.0
20140223:2010,0.0,0.0,0.0,6.9,3.24,0.0
20140223:2110,0.0,0.0,0.0,6.56,3.59,0.0
20140223:2210,0.0,0.0,0.0,6.43,4.07,0.0
20140223:2310,0.0,0.0,0.0,6.21,4.21,0.0
20140224:0010,0.0,0.0,0.0,5.86,4.07,0.0
20140224:0110,0.0,0.0,0.0,5.42,3.79,0.0
20140224:0210,0.0,0.0,0.0,5.03,3.59,0.0
20140224:0310,0.0,0.0,0.0,4.76,3.38,0.0
20140224:0410,0.0,0.0,0.0,4.5,3.31,0.0
20140224:0510,0.0,0.0,0.0,4.24,3.31,0.0
20140224:0610,0.0,0.0,0.0,4.0,3.24,0.0
20140224:0710,346.1,14.5,3.54,4.32,3.52,0.0
20140224:0810,26612.06,410.09,12.49,5.33,3.59,0.0
20140224:0910,42236.07,649.47,20.35,7.57,3.79,0.0
20140224:1010,52735.32,824.0,26.56,9.66,4.41,0.0
20140224:1110,60023.24,952.05,30.5,11.29,4.9,0.0
20140224:1210,44028.83,690.96,31.66,12.53,4.97,0.0
20140224:1310,39448.27,619.39,29.87,13.37,5.03,0.0
20140224:1410,42749.92,673.15,25.4,13.81,4.97,0.0
20140224:1510,29728.51,470.71,18.78,14.0,4.76,0.0
20140224:1610,9781.99,172.31,10.65,13.59,3.79,0.0
20140224:1710,0.0,0.0,0.0,12.34,3.38,0.0
20140224:1810,0.0,0.0,0.0,10.52,3.1,0.0
20140224:1910,0.0,0.0,0.0,9.6,3.24,0.0
20140224:2010,0.0,0.0,0.0,8.96,3.38,0.0
20140224:2110,0.0,0.0,0.0,8.48,3.52,0.0
20140224:2210,0.0,0.0,0.0,8.12,3.72,0.0
20140224:2310,0.0,0.0,0.0,8.13,4.41,0.0
20140225:0010,0.0,0.0,0.0,8.6,5.31,0.0
20140225:0110,0.0,0.0,0.0,8.91,5.72,0.0
20140225:0210,0.0,0.0,0.0,8.81,5.79,0.0
20140225:0310,0.0,0.0,0.0,8.48,5.59,0.0
20140225:0410,0.0,0.0,0.0,8.18,5.38,0.0
20140225:0510,0.0,0.0,0.0,7.95,5.45,0.0
20140225:0610,0.0,0.0,0.0,7.82,5.52,0.0
20140225:0710,456.16,17.06,3.85,8.28,5.66,0.0
20140225:0810,604.16,20.1,12.82,8.49,6.0,0.0
20140225:0910,5221.92,95.91,20.69,8.86,6.0,0.0
20140225:1010,11640.78,191.42,26.92,9.45,6.48,0.0
20140225:1110,10934.15,182.02,30.87,10.36,6.76,0.0
20140225:1210,7547.5,132.45,32.03,11.78,7.1,0.0
20140225:1310,2937.33,61.2,30.23,12.46,7.17,0.0
20140225:1410,8798.33,150.48,25.73,10.5,5.86,0.0
20140225:1510,5785.1,104.67,19.09,9.48,5.86,0.0
20140225:1610,7836.68,138.09,10.93,8.99,5.72,0.0
20140225:1710,0.0,5.12,1.78,8.76,5.31,0.0
20140225:1810,0.0,0.0,0.0,8.13,4.83,0.0
20140225:1910,0.0,0.0,0.0,8.2,4.62,0.0
20140225:2010,0.0,0.0,0.0,7.66,4.28,0.0
20140225:2110,0.0,0.0,0.0,7.14,4.0,0.0
20140225:2210,0.0,0.0,0.0,6.48,3.45,0.0
20140225:2310,0.0,0.0,0.0,5.86,3.03,0.0
20140226:0010,0.0,0.0,0.0,5.17,2.9,0.0
20140226:0110,0.0,0.0,0.0,4.75,2.76,0.0
20140226:0210,0.0,0.0,0.0,4.24,2.62,0.0
20140226:0310,0.0,0.0,0.0,3.9,2.55,0.0
20140226:0410,0.0,0.0,0.0,3.48,2.48,0.0
20140226:0510,0.0,0.0,0.0,3.13,2.34,0.0
20140226:0610,0.0,0.0,0.0,2.71,2.34,0.0
20140226:0710,470.58,17.06,4.16,3.03,2.28,0.0
20140226:0810,8182.02,138.04,13.14,4.2,2.07,0.0
20140226:0910,12616.86,203.07,21.04,5.82,3.03,0.0
20140226:1010,28003.3,432.02,27.28,7.18,2.9,0.0
20140226:1110,42655.04,664.98,31.24,8.43,2.97,0.0
20140226:1210,5197.63,95.91,32.4,9.22,2.9,0.0
20140226:1310,6919.8,122.41,30.58,9.75,2.9,0.0
20140226:1410,3306.96,66.68,26.06,10.11,2.97,0.0
20140226:1510,18647.11,297.26,19.39,10.02,2.69,0.0
20140226:1610,6964.58,125.37,11.21,10.02,2.28,0.0
20140226:1710,34.91,6.82,2.04,9.09,1.86,0.0
20140226:1810,0.0,0.0,0.0,7.43,2.21,0.0
20140226:1910,0.0,0.0,0.0,6.32,2.14,0.0
20140226:2010,0.0,0.0,0.0,5.1,2.14,0.0
20140226:2110,0.0,0.0,0.0,4.22,1.93,0.0
20140226:2210,0.0,0.0,0.0,3.71,1.93,0.0
20140226:2310,0.0,0.0,0.0,2.98,2.21,0.0
20140227:0010,0.0,0.0,0.0,2.59,2.48,0.0
20140227:0110,0.0,0.0,0.0,2.47,2.97,0.0
20140227:0210,0.0,0.0,0.0,2.62,3.24,0.0
20140227:0310,0.0,0.0,0.0,2.81,3.24,0.0
20140227:0410,0.0,0.0,0.0,3.03,3.59,0.0
20140227:0510,0.0,0.0,0.0,3.29,4.21,0.0
20140227:0610,0.0,0.0,0.0,3.79,4.83,0.0
20140227:0710,3437.51,71.32,4.47,4.04,5.31,0.0
20140227:0810,2358.97,50.24,13.47,4.86,6.0,0.0
20140227:0910,3157.44,63.03,21.39,5.48,6.62,0.0
20140227:1010,3977.16,75.82,27.65,5.86,7.17,0.0
20140227:1110,4872.78,89.52,31.62,6.1,7.31,0.0
20140227:1210,3319.11,65.77,32.78,6.32,6.48,0.0
20140227:1310,18055.85,282.69,30.94,6.71,5.03,0.0
20140227:1410,19173.86,300.23,26.39,7.8,4.34,0.0
20140227:1510,15985.3,254.38,19.69,8.34,4.48,0.0
20140227:1610,10926.56,185.31,11.49,7.69,3.93,0.0
20140227:1710,63.76,7.68,2.31,7.34,3.24,0.0
20140227:1810,0.0,0.0,0.0,6.03,3.59,0.0
20140227:1910,0.0,0.0,0.0,5.9,3.72,0.0
20140227:2010,0.0,0.0,0.0,5.64,3.93,0.0
20140227:2110,0.0,0.0,0.0,5.0,3.72,0.0
20140227:2210,0.0,0.0,0.0,4.4,3.59,0.0
20140227:2310,0.0,0.0,0.0,3.99,3.86,0.0
20140228:0010,0.0,0.0,0.0,3.89,4.07,0.0
20140228:0110,0.0,0.0,0.0,4.1,3.66,0.0
20140228:0210,0.0,0.0,0.0,3.78,3.24,0.0
20140228:0310,0.0,0.0,0.0,3.66,3.52,0.0
20140228:0410,0.0,0.0,0.0,3.79,4.14,0.0
20140228:0510,0.0,0.0,0.0,4.13,4.62,0.0
20140228:0610,0.0,0.0,0.0,4.45,5.03,0.0
20140228:0710,0.0,5.48,4.79,4.95,5.59,0.0
20140228:0810,2185.16,47.5,13.8,5.21,5.1,0.0
20140228:0910,3679.63,71.25,21.74,5.64,4.48,0.0
20140228:1010,7162.68,124.23,28.01,6.27,3.24,0.0
20140228:1110,27580.54,425.51,32.0,6.87,3.1,0.0
20140228:1210,34999.01,540.03,33.16,7.86,3.52,0.0
20140228:1310,5461.01,99.57,31.3,8.51,3.79,0.0
20140228:1410,42831.13,665.55,26.72,8.89,3.45,0.0
20140228:1510,13515.51,220.08,20.0,8.92,2.07,0.0
20140228:1610,793.91,23.75,11.77,7.83,2.62,0.0
20140228:1710,36.43,6.82,2.57,6.36,2.0,0.0
20140228:1810,0.0,0.0,0.0,5.7,1.66,0.0
20140228:1910,0.0,0.0,0.0,5.1,0.97,0.0
20140228:2010,0.0,0.0,0.0,4.74,0.97,0.0
20140228:2110,0.0,0.0,0.0,4.61,1.59,0.0
20140228:2210,0.0,0.0,0.0,4.23,2.21,0.0
20140228:2310,0.0,0.0,0.0,4.14,2.48,0.0
20140301:0010,0.0,0.0,0.0,3.35,2.69,0.0
20140301:0110,0.0,0.0,0.0,2.9,2.83,0.0
20140301:0210,0.0,0.0,0.0,2.47,2.83,0.0
20140301:0310,0.0,0.0,0.0,2.45,2.9,0.0
20140301:0410,0.0,0.0,0.0,3.04,2.97,0.0
20140301:0510,0.0,0.0,0.0,3.55,3.17,0.0
20140301:0610,0.0,0.0,0.0,3.86,3.24,0.0
20140301:0710,1470.94,36.46,5.11,4.03,3.1,0.0
20140301:0810,4097.84,77.31,14.14,4.34,3.31,0.0
20140301:0910,5923.24,105.05,22.09,4.88,3.66,0.0
20140301:1010,4030.29,76.73,28.38,5.87,4.34,0.0
20140301:1110,8890.17,149.81,32.38,6.59,4.48,0.0
20140301:1210,7562.68,130.63,33.53,7.4,4.28,0.0
20140301:1310,27179.03,419.75,31.66,8.01,4.14,0.0
20140301:1410,10492.42,174.52,27.05,8.45,4.14,0.0
20140301:1510,16262.33,259.04,20.3,8.48,3.86,0.0
20140301:1610,2317.23,50.24,12.05,8.14,3.03,0.0
20140301:1710,192.03,11.09,2.83,7.47,2.41,0.0
20140301:1810,0.0,0.0,0.0,5.81,2.14,0.0
20140301:1910,0.0,0.0,0.0,5.04,0.83,0.0
20140301:2010,0.0,0.0,0.0,3.67,1.17,0.0
20140301:2110,0.0,0.0,0.0,1.61,1.72,0.0
20140301:2210,0.0,0.0,0.0,0.36,1.93,0.0
20140301:2310,0.0,0.0,0.0,0.0,1.72,0.0
20140302:0010,0.0,0.0,0.0,-0.2,1.52,0.0
20140302:0110,0.0,0.0,0.0,-0.69,1.45,0.0
20140302:0210,0.0,0.0,0.0,-1.26,1.52,0.0
20140302:0310,0.0,0.0,0.0,-2.04,1.72,0.0
20140302:0410,0.0,0.0,0.0,-2.51,1.86,0.0
20140302:0510,0.0,0.0,0.0,-2.67,2.0,0.0
20140302:0610,0.0,0.0,0.0,-2.85,1.93,0.0
20140302:0710,7556.6,135.02,5.44,-1.7,2.21,0.0
20140302:0810,27185.86,414.09,14.48,1.2,1.86,0.0
20140302:0910,42776.48,658.0,22.44,4.78,2.28,0.0
20140302:1010,52697.37,821.97,28.76,6.66,3.1,0.0
20140302:1110,57295.39,889.88,32.76,8.23,5.24,0.0
20140302:1210,0.0,0.0,0.0,8.88,5.93,0.0
20140302:1310,42289.96,649.14,32.02,9.02,5.79,0.0
20140302:1410,24240.18,375.2,27.39,8.82,5.52,0.0
20140302:1510,18121.12,285.88,20.61,8.86,5.38,0.0
20140302:1610,4656.46,87.78,12.33,8.49,4.48,0.0
20140302:1710,93.36,8.53,3.1,8.1,4.69,0.0
20140302:1810,0.0,0.0,0.0,7.59,4.97,0.0
20140302:1910,0.0,0.0,0.0,7.35,5.45,0.0
20140302:2010,0.0,0.0,0.0,6.92,5.79,0.0
20140302:2110,0.0,0.0,0.0,6.57,6.0,0.0
20140302:2210,0.0,0.0,0.0,6.65,6.14,0.0
20140302:2310,0.0,0.0,0.0,6.63,6.07,0.0
20140303:0010,0.0,0.0,0.0,5.4,5.79,0.0
20140303:0110,0.0,0.0,0.0,5.25,5.72,0.0
20140303:0210,0.0,0.0,0.0,6.06,4.9,0.0
20140303:0310,0.0,0.0,0.0,6.53,5.52,0.0
20140303:0410,0.0,0.0,0.0,5.85,5.59,0.0
20140303:0510,0.0,0.0,0.0,5.18,5.31,0.0
20140303:0610,0.0,0.0,0.0,4.95,5.03,0.0
20140303:0710,8240.46,148.0,5.76,4.35,4.76,0.0
20140303:0810,27249.62,416.74,14.82,4.77,4.21,0.0
20140303:0910,20201.54,311.04,22.8,6.35,6.69,0.0
20140303:1010,12675.3,204.74,29.13,7.07,6.28,0.0
20140303:1110,6145.62,109.62,33.15,8.2,6.14,0.0
20140303:1210,0.0,0.0,0.0,9.17,5.72,0.0
20140303:1310,8029.46,138.85,32.39,9.91,5.45,0.0
20140303:1410,5132.36,95.0,27.72,9.98,5.52,0.0
20140303:1510,8206.31,140.75,20.91,9.09,5.59,0.0
20140303:1610,18331.37,299.04,12.61,6.98,5.24,0.0
20140303:1710,302.08,13.65,3.36,6.64,3.86,0.0
20140303:1810,0.0,0.0,0.0,6.05,3.24,0.0
20140303:1910,0.0,0.0,0.0,5.32,2.55,0.0
20140303:2010,0.0,0.0,0.0,4.59,2.28,0.0
20140303:2110,0.0,0.0,0.0,4.03,2.07,0.0
20140303:2210,0.0,0.0,0.0,3.21,1.93,0.0
20140303:2310,0.0,0.0,0.0,2.59,1.79,0.0
20140304:0010,0.0,0.0,0.0,1.93,1.79,0.0
20140304:0110,0.0,0.0,0.0,1.52,1.93,0.0
20140304:0210,0.0,0.0,0.0,1.27,2.14,0.0
20140304:0310,0.0,0.0,0.0,1.12,2.34,0.0
20140304:0410,0.0,0.0,0.0,1.04,2.48,0.0
20140304:0510,0.0,0.0,0.0,0.88,2.41,0.0
20140304:0610,0.0,0.0,0.0,0.82,2.34,0.0
20140304:0710,3568.82,71.13,6.09,1.32,2.34,0.0
20140304:0810,10077.24,165.08,15.16,3.31,2.14,0.0
20140304:0910,17292.3,271.17,23.16,5.81,2.83,0.0
20140304:1010,33773.98,519.82,29.51,7.46,3.38,0.0
20140304:1110,21330.18,334.94,33.54,8.59,3.45,0.0
20140304:1210,0.0,0.0,0.0,9.33,3.52,0.0
20140304:1310,16270.68,261.46,32.75,9.9,3.79,0.0
20140304:1410,10297.35,173.11,28.05,10.16,3.52,0.0
20140304:1510,6681.48,118.93,21.21,10.2,2.97,0.0
20140304:1610,11492.02,196.12,12.89,9.77,1.66,0.0
20140304:1710,412.9,16.21,3.62,9.28,0.97,0.0
20140304:1810,0.0,0.0,0.0,7.66,1.24,0.0
20140304:1910,0.0,0.0,0.0,7.54,1.1,0.0
20140304:2010,0.0,0.0,0.0,6.36,1.24,0.0
20140304:2110,0.0,0.0,0.0,5.36,1.31,0.0
20140304:2210,0.0,0.0,0.0,5.82,0.97,0.0
20140304:2310,0.0,0.0,0.0,5.62,0.9,0.0
20140305:0010,0.0,0.0,0.0,5.28,0.69,0.0
20140305:0110,0.0,0.0,0.0,4.83,0.9,0.0
20140305:0210,0.0,0.0,0.0,3.54,1.31,0.0
20140305:0310,0.0,0.0,0.0,3.1,1.52,0.0
20140305:0410,0.0,0.0,0.0,3.38,1.59,0.0
20140305:0510,0.0,0.0,0.0,3.78,1.72,0.0
20140305:0610,0.0,0.0,0.0,4.0,1.79,0.0
20140305:0710,9273.46,163.07,6.43,2.23,1.72,0.0
20140305:0810,27920.57,431.55,15.51,3.81,1.38,0.0
20140305:0910,42645.17,669.67,23.52,6.22,1.17,0.0
20140305:1010,50290.58,810.13,29.89,8.29,1.17,0.0
20140305:1110,52045.39,844.42,33.93,9.75,1.52,0.0
20140305:1210,33925.78,537.73,35.06,10.62,1.79,0.0
20140305:1310,43418.6,693.6,33.11,11.02,2.0,0.0
20140305:1410,18012.59,289.87,28.39,11.35,2.41,0.0
20140305:1510,25210.94,399.02,21.52,11.28,2.83,0.0
20140305:1610,17082.81,286.55,13.16,10.89,2.21,0.0
20140305:1710,371.15,15.35,3.89,10.12,1.52,0.0
20140305:1810,0.0,0.0,0.0,8.67,1.59,0.0
20140305:1910,0.0,0.0,0.0,6.99,1.66,0.0
20140305:2010,0.0,0.0,0.0,5.84,1.59,0.0
20140305:2110,0.0,0.0,0.0,6.43,1.17,0.0
20140305:2210,0.0,0.0,0.0,6.49,0.97,0.0
20140305:2310,0.0,0.0,0.0,5.36,1.1,0.0
20140306:0010,0.0,0.0,0.0,3.5,1.31,0.0
20140306:0110,0.0,0.0,0.0,2.49,1.45,0.0
20140306:0210,0.0,0.0,0.0,1.71,1.59,0.0
20140306:0310,0.0,0.0,0.0,1.88,1.31,0.0
20140306:0410,0.0,0.0,0.0,2.7,0.9,0.0
20140306:0510,0.0,0.0,0.0,2.3,0.55,0.0
20140306:0610,0.0,0.0,0.0,1.89,0.55,0.0
20140306:0710,9495.85,165.69,6.76,1.12,1.1,0.0
20140306:0810,27931.2,431.64,15.85,2.81,0.83,0.0
20140306:0910,42252.01,662.45,23.89,6.43,1.31,0.0
20140306:1010,51103.47,821.12,30.27,8.67,1.52,0.0
20140306:1110,55630.91,910.33,34.32,10.45,1.66,0.0
20140306:1210,51577.84,840.33,35.45,11.71,1.86,0.0
20140306:1310,52497.75,859.33,33.48,12.33,1.79,0.0
20140306:1410,44403.02,718.62,28.72,12.61,1.59,0.0
20140306:1510,33049.14,531.58,21.82,12.61,1.38,0.0
20140306:1610,15998.2,271.57,13.44,12.35,1.38,0.0
20140306:1710,528.26,18.77,4.15,11.43,1.59,0.0
20140306:1810,0.0,0.0,0.0,9.52,2.0,0.0
20140306:1910,0.0,0.0,0.0,7.57,1.93,0.0
20140306:2010,0.0,0.0,0.0,5.7,2.21,0.0
20140306:2110,0.0,0.0,0.0,4.42,2.28,0.0
20140306:2210,0.0,0.0,0.0,3.5,2.28,0.0
20140306:2310,0.0,0.0,0.0,2.8,2.21,0.0
20140307:0010,0.0,0.0,0.0,2.22,2.28,0.0
20140307:0110,0.0,0.0,0.0,1.73,2.28,0.0
20140307:0210,0.0,0.0,0.0,1.22,2.14,0.0
20140307:0310,0.0,0.0,0.0,0.69,2.07,0.0
20140307:0410,0.0,0.0,0.0,0.23,2.07,0.0
20140307:0510,0.0,0.0,0.0,-0.08,2.14,0.0
20140307:0610,0.0,0.0,0.0,-0.39,2.07,0.0
20140307:0710,6959.27,123.95,7.1,-0.18,1.86,0.0
20140307:0810,23119.14,357.11,16.2,3.25,1.45,0.0
20140307:0910,39669.14,619.64,24.26,6.97,1.59,0.0
20140307:1010,50317.91,808.12,30.65,9.66,1.79,0.0
20140307:1110,55677.2,911.66,34.71,11.84,2.07,0.0
20140307:1210,53300.02,872.87,35.84,13.23,2.28,0.0
20140307:1310,50498.55,824.74,33.84,13.9,2.28,0.0
20140307:1410,38576.18,621.11,29.06,14.1,2.07,0.0
20140307:1510,9549.74,165.12,22.12,13.89,1.38,0.0
20140307:1610,4090.25,80.53,13.72,13.49,0.97,0.0
20140307:1710,607.2,20.47,4.41,12.58,1.79,0.0
20140307:1810,0.0,0.0,0.0,10.38,2.76,0.0
20140307:1910,0.0,0.0,0.0,9.42,2.55,0.0
20140307:2010,0.0,0.0,0.0,8.22,2.83,0.0
20140307:2110,0.0,0.0,0.0,7.68,2.97,0.0
20140307:2210,0.0,0.0,0.0,7.06,2.69,0.0
20140307:2310,0.0,0.0,0.0,6.35,2.34,0.0
20140308:0010,0.0,0.0,0.0,5.58,2.28,0.0
20140308:0110,0.0,0.0,0.0,4.93,2.34,0.0
20140308:0210,0.0,0.0,0.0,4.39,2.34,0.0
20140308:0310,0.0,0.0,0.0,3.88,2.28,0.0
20140308:0410,0.0,0.0,0.0,3.48,2.41,0.0
20140308:0510,0.0,0.0,0.0,3.25,2.55,0.0
20140308:0610,0.0,0.0,0.0,3.05,2.62,0.0
20140308:0710,10483.31,181.13,7.44,3.05,2.55,0.0
20140308:0810,28882.99,445.87,16.56,5.36,2.48,0.0
20140308:0910,43776.84,679.23,24.62,8.22,3.31,0.0
20140308:1010,53627.9,850.1,31.04,10.58,3.66,0.0
20140308:1110,59114.72,955.57,35.1,12.68,3.79,0.0
20140308:1210,56200.16,913.48,36.22,14.34,3.72,0.0
20140308:1310,54222.2,886.22,34.21,15.52,3.38,0.0
20140308:1410,45873.96,744.0,29.39,16.16,3.17,0.0
20140308:1510,33129.59,535.12,22.43,16.29,3.03,0.0
20140308:1610,17553.39,299.99,14.0,15.77,2.48,0.0
20140308:1710,644.39,21.32,4.67,14.17,2.48,0.0
20140308:1810,0.0,0.0,0.0,11.83,2.69,0.0
20140308:1910,0.0,0.0,0.0,10.89,2.97,0.0
20140308:2010,0.0,0.0,0.0,9.8,3.1,0.0
20140308:2110,0.0,0.0,0.0,8.95,3.1,0.0
20140308:2210,0.0,0.0,0.0,8.16,3.03,0.0
20140308:2310,0.0,0.0,0.0,7.45,3.1,0.0
20140309:0010,0.0,0.0,0.0,6.91,3.24,0.0
20140309:0110,0.0,0.0,0.0,6.46,3.17,0.0
20140309:0210,0.0,0.0,0.0,5.95,3.1,0.0
20140309:0310,0.0,0.0,0.0,5.36,2.97,0.0
20140309:0410,0.0,0.0,0.0,4.81,2.9,0.0
20140309:0510,0.0,0.0,0.0,4.39,2.83,0.0
20140309:0610,0.0,0.0,0.0,4.03,2.76,0.0
20140309:0710,11649.13,200.52,7.78,4.8,2.97,0.0
20140309:0810,30086.0,467.68,16.91,7.1,2.62,0.0
20140309:0910,44605.67,704.98,24.99,10.53,2.69,0.0
20140309:1010,53819.17,873.81,31.43,13.38,2.9,0.0
20140309:1110,58321.56,964.59,35.5,15.51,3.1,0.0
20140309:1210,55737.17,922.93,36.61,16.82,3.24,0.0
20140309:1310,54325.42,901.55,34.57,17.64,3.1,0.0
20140309:1410,46333.16,763.45,29.72,18.07,2.69,0.0
20140309:1510,34413.82,564.38,22.73,18.13,2.34,0.0
20140309:1610,18327.57,316.39,14.27,17.6,1.86,0.0
20140309:1710,679.3,22.18,4.93,15.99,2.34,0.0
20140309:1810,0.0,0.0,0.0,13.49,2.69,0.0
20140309:1910,0.0,0.0,0.0,11.91,2.14,0.0
20140309:2010,0.0,0.0,0.0,9.49,2.0,0.0
20140309:2110,0.0,0.0,0.0,7.51,2.21,0.0
20140309:2210,0.0,0.0,0.0,6.11,2.28,0.0
20140309:2310,0.0,0.0,0.0,5.57,2.0,0.0
20140310:0010,0.0,0.0,0.0,7.05,1.24,0.0
20140310:0110,0.0,0.0,0.0,7.44,0.69,0.0
20140310:0210,0.0,0.0,0.0,6.71,0.97,0.0
20140310:0310,0.0,0.0,0.0,5.71,1.1,0.0
20140310:0410,0.0,0.0,0.0,3.1,1.52,0.0
20140310:0510,0.0,0.0,0.0,2.46,1.31,0.0
20140310:0610,0.0,0.0,0.0,1.59,0.97,0.0
20140310:0710,12026.36,204.76,8.12,2.49,1.59,0.0
20140310:0810,30361.52,474.48,17.26,5.87,1.17,0.0
20140310:0910,44318.01,707.99,25.37,10.11,1.59,0.0
20140310:1010,53887.48,881.27,31.81,12.67,2.14,0.0
20140310:1110,58918.89,979.05,35.9,14.63,2.55,0.0
20140310:1210,56589.52,937.19,37.0,16.07,3.03,0.0
20140310:1310,55602.82,916.47,34.94,16.93,3.52,0.0
20140310:1410,47405.62,769.79,30.06,17.28,3.86,0.0
20140310:1510,35005.08,564.68,23.03,17.15,4.0,0.0
20140310:1610,18337.44,312.84,14.55,16.55,3.38,0.0
20140310:1710,768.87,23.88,5.19,15.08,3.31,0.0
20140310:1810,0.0,0.0,0.0,12.94,3.24,0.0
20140310:1910,0.0,0.0,0.0,12.25,4.0,0.0
20140310:2010,0.0,0.0,0.0,11.15,4.21,0.0
20140310:2110,0.0,0.0,0.0,10.11,4.41,0.0
20140310:2210,0.0,0.0,0.0,9.1,4.41,0.0
20140310:2310,0.0,0.0,0.0,8.22,4.28,0.0
20140311:0010,0.0,0.0,0.0,7.56,3.93,0.0
20140311:0110,0.0,0.0,0.0,6.99,3.66,0.0
20140311:0210,0.0,0.0,0.0,6.55,3.52,0.0
20140311:0310,0.0,0.0,0.0,6.13,3.52,0.0
20140311:0410,0.0,0.0,0.0,5.74,3.52,0.0
20140311:0510,0.0,0.0,0.0,5.4,3.52,0.0
20140311:0610,0.0,0.0,0.0,5.12,3.45,0.0
20140311:0710,7021.51,126.55,8.47,6.02,3.66,0.0
20140311:0810,25822.7,399.11,17.62,7.15,4.21,0.0
20140311:0910,42863.77,661.7,25.74,8.57,4.14,0.0
20140311:1010,53772.11,847.45,32.2,10.43,4.21,0.0
20140311:1110,60128.74,964.42,36.29,12.05,4.34,0.0
20140311:1210,60938.59,985.01,37.39,13.5,4.48,0.0
20140311:1310,56011.92,902.53,35.3,14.51,4.48,0.0
20140311:1410,45186.31,719.53,30.39,15.01,4.62,0.0
20140311:1510,33748.94,537.29,23.33,15.2,4.62,0.0
20140311:1610,17357.57,293.42,14.82,14.87,4.21,0.0
20140311:1710,952.54,27.29,5.45,13.77,3.72,0.0
20140311:1810,0.0,0.0,0.0,12.02,3.79,0.0
20140311:1910,0.0,0.0,0.0,10.9,3.86,0.0
20140311:2010,0.0,0.0,0.0,10.07,3.86,0.0
20140311:2110,0.0,0.0,0.0,9.39,3.72,0.0
20140311:2210,0.0,0.0,0.0,8.79,3.52,0.0
20140311:2310,0.0,0.0,0.0,8.25,3.31,0.0
20140312:0010,0.0,0.0,0.0,7.73,3.17,0.0
20140312:0110,0.0,0.0,0.0,7.29,3.1,0.0
20140312:0210,0.0,0.0,0.0,6.85,2.97,0.0
20140312:0310,0.0,0.0,0.0,6.29,2.83,0.0
20140312:0410,0.0,0.0,0.0,5.73,2.69,0.0
20140312:0510,0.0,0.0,0.0,5.13,2.62,0.0
20140312:0610,0.0,0.0,0.0,4.47,2.48,0.0
20140312:0710,11795.62,201.46,8.81,4.51,2.28,0.0
20140312:0810,29947.1,467.94,17.98,7.33,1.93,0.0
20140312:0910,44628.44,706.48,26.11,9.95,2.28,0.0
20140312:1010,53971.73,875.79,32.59,11.78,2.34,0.0
20140312:1110,59617.93,986.14,36.69,13.33,2.48,0.0
20140312:1210,59396.3,985.99,37.78,14.62,2.69,0.0
20140312:1310,56207.74,927.98,35.67,15.56,2.9,0.0
20140312:1410,47266.73,769.51,30.72,16.1,2.97,0.0
20140312:1510,34464.67,556.91,23.63,16.25,3.03,0.0
20140312:1610,17995.13,306.71,15.1,15.95,2.76,0.0
20140312:1710,946.47,27.29,5.7,14.74,2.14,0.0
20140312:1810,0.0,0.0,0.0,12.84,2.28,0.0
20140312:1910,0.0,0.0,0.0,11.07,1.93,0.0
20140312:2010,0.0,0.0,0.0,9.0,1.72,0.0
20140312:2110,0.0,0.0,0.0,8.07,1.59,0.0
20140312:2210,0.0,0.0,0.0,7.38,1.45,0.0
20140312:2310,0.0,0.0,0.0,6.67,1.38,0.0
20140313:0010,0.0,0.0,0.0,6.48,1.24,0.0
20140313:0110,0.0,0.0,0.0,6.81,0.97,0.0
20140313:0210,0.0,0.0,0.0,6.29,0.62,0.0
20140313:0310,0.0,0.0,0.0,5.86,0.21,0.0
20140313:0410,0.0,0.0,0.0,5.43,0.21,0.0
20140313:0510,0.0,0.0,0.0,4.93,0.41,0.0
20140313:0610,0.0,0.0,0.0,4.4,0.48,0.0
20140313:0710,12068.1,205.8,9.16,3.99,0.9,0.0
20140313:0810,29628.32,466.62,18.34,6.03,0.41,0.0
20140313:0910,43190.14,701.66,26.49,10.02,0.41,0.0
20140313:1010,52527.35,883.45,32.99,12.86,0.62,0.0
20140313:1110,57934.47,991.74,37.09,14.85,1.03,0.0
20140313:1210,59237.67,1017.49,38.18,15.94,1.31,0.0
20140313:1310,55251.41,939.25,36.04,16.48,1.38,0.0
20140313:1410,46514.56,773.6,31.05,16.76,1.52,0.0
20140313:1510,33959.94,557.38,23.93,16.77,1.52,0.0
20140313:1610,17848.64,307.08,15.37,16.48,1.31,0.0
20140313:1710,1030.72,29.0,5.96,15.72,0.97,0.0
20140313:1810,0.0,0.0,0.0,13.48,1.1,0.0
20140313:1910,0.0,0.0,0.0,10.64,2.28,0.0
20140313:2010,0.0,0.0,0.0,8.77,2.28,0.0
20140313:2110,0.0,0.0,0.0,7.4,2.21,0.0
20140313:2210,0.0,0.0,0.0,6.36,2.07,0.0
20140313:2310,0.0,0.0,0.0,5.56,2.0,0.0
20140314:0010,0.0,0.0,0.0,4.94,1.93,0.0
20140314:0110,0.0,0.0,0.0,4.27,2.0,0.0
20140314:0210,0.0,0.0,0.0,3.8,2.0,0.0
20140314:0310,0.0,0.0,0.0,3.37,2.0,0.0
20140314:0410,0.0,0.0,0.0,2.96,1.93,0.0
20140314:0510,0.0,0.0,0.0,2.56,1.93,0.0
20140314:0610,0.0,0.0,0.0,2.42,1.79,0.0
20140314:0710,11373.62,193.18,9.51,3.15,1.38,0.0
20140314:0810,28876.16,453.38,18.7,6.73,0.97,0.0
20140314:0910,43457.3,701.11,26.87,9.59,0.69,0.0
20140314:1010,52891.67,881.18,33.38,11.9,0.83,0.0
20140314:1110,59006.94,1002.82,37.49,13.97,1.24,0.0
20140314:1210,60090.79,1028.52,38.57,15.51,1.45,0.0
20140314:1310,55331.1,935.38,36.4,16.48,1.66,0.0
20140314:1410,46557.82,770.21,31.38,16.94,1.93,0.0
20140314:1510,33974.36,554.61,24.22,16.93,2.14,0.0
20140314:1610,17642.2,302.1,15.64,16.55,2.28,0.0
20140314:1710,1170.38,31.56,6.22,15.4,2.0,0.0
20140314:1810,0.0,0.0,0.0,13.42,2.34,0.0
20140314:1910,0.0,0.0,0.0,12.32,2.69,0.0
20140314:2010,0.0,0.0,0.0,10.85,3.31,0.0
20140314:2110,0.0,0.0,0.0,9.56,2.83,0.0
20140314:2210,0.0,0.0,0.0,8.59,2.48,0.0
20140314:2310,0.0,0.0,0.0,7.56,2.97,0.0
20140315:0010,0.0,0.0,0.0,6.71,3.17,0.0
20140315:0110,0.0,0.0,0.0,5.89,2.97,0.0
20140315:0210,0.0,0.0,0.0,5.21,3.31,0.0
20140315:0310,0.0,0.0,0.0,5.11,3.52,0.0
20140315:0410,0.0,0.0,0.0,5.18,3.66,0.0
20140315:0510,0.0,0.0,0.0,5.59,3.79,0.0
20140315:0610,0.0,0.0,0.0,6.23,3.93,0.0
20140315:0710,3590.07,71.03,9.86,6.74,3.38,0.0
20140315:0810,4287.59,81.3,19.06,7.69,3.79,0.0
20140315:0910,11171.72,184.7,27.25,8.63,3.79,0.0
20140315:1010,37776.19,586.55,33.77,9.76,4.07,0.0
20140315:1110,31427.91,491.39,37.9,10.81,4.07,0.0
20140315:1210,39531.0,619.95,38.96,11.7,4.41,0.0
20140315:1310,15778.85,257.0,36.77,12.6,4.76,0.0
20140315:1410,18070.27,291.31,31.71,13.05,4.69,0.0
20140315:1510,10164.53,173.15,24.52,13.32,4.34,0.0
20140315:1610,10775.52,185.73,15.91,13.33,3.93,0.0
20140315:1710,1329.77,34.12,6.47,12.63,3.17,0.0
20140315:1810,0.0,0.0,0.0,11.35,3.03,0.0
20140315:1910,0.0,0.0,0.0,10.42,2.62,0.0
20140315:2010,0.0,0.0,0.0,9.63,2.9,0.0
20140315:2110,0.0,0.0,0.0,9.2,3.1,0.0
20140315:2210,0.0,0.0,0.0,8.43,3.17,0.0
20140315:2310,0.0,0.0,0.0,7.76,3.17,0.0
20140316:0010,0.0,0.0,0.0,7.19,3.17,0.0
20140316:0110,0.0,0.0,0.0,6.69,3.17,0.0
20140316:0210,0.0,0.0,0.0,6.29,3.1,0.0
20140316:0310,0.0,0.0,0.0,5.91,3.03,0.0
20140316:0410,0.0,0.0,0.0,5.58,2.9,0.0
20140316:0510,0.0,0.0,0.0,5.29,2.83,0.0
20140316:0610,0.0,0.0,0.0,5.03,2.62,0.0
20140316:0710,13209.64,223.45,10.21,5.62,2.28,0.0
20140316:0810,31419.56,489.08,19.42,7.53,2.48,0.0
20140316:0910,45881.55,719.58,27.62,9.7,3.17,0.0
20140316:1010,54641.93,876.86,34.17,11.25,3.03,0.0
20140316:1110,59504.84,969.26,38.3,12.85,3.31,0.0
20140316:1210,58751.91,959.2,39.35,14.26,3.66,0.0
20140316:1310,55989.91,910.69,37.13,15.25,3.93,0.0
20140316:1410,47265.97,759.57,32.04,15.66,4.07,0.0
20140316:1510,35590.27,570.08,24.82,15.63,3.93,0.0
20140316:1610,19138.19,323.38,16.18,15.18,3.66,0.0
20140316:1710,1132.43,30.71,6.73,14.16,2.83,0.0
20140316:1810,0.0,0.0,0.0,12.27,2.76,0.0
20140316:1910,0.0,0.0,0.0,11.4,2.9,0.0
20140316:2010,0.0,0.0,0.0,10.02,2.76,0.0
20140316:2110,0.0,0.0,0.0,8.8,2.62,0.0
20140316:2210,0.0,0.0,0.0,7.72,2.48,0.0
20140316:2310,0.0,0.0,0.0,6.82,2.41,0.0
20140317:0010,0.0,0.0,0.0,5.96,2.28,0.0
20140317:0110,0.0,0.0,0.0,5.31,2.21,0.0
20140317:0210,0.0,0.0,0.0,4.95,2.07,0.0
20140317:0310,0.0,0.0,0.0,5.01,1.93,0.0
20140317:0410,0.0,0.0,0.0,5.33,1.93,0.0
20140317:0510,0.0,0.0,0.0,5.44,2.07,0.0
20140317:0610,0.0,0.0,0.0,5.42,2.76,0.0
20140317:0710,2719.5,56.51,10.56,5.72,2.76,0.0
20140317:0810,4432.56,83.13,19.79,6.13,2.28,0.0
20140317:0910,8232.87,140.71,28.0,6.75,1.79,0.0
20140317:1010,15523.83,249.97,34.56,7.68,1.52,0.0
20140317:1110,20377.63,323.99,38.7,8.37,1.52,0.0
20140317:1210,34762.2,550.59,39.74,9.71,1.66,0.0
20140317:1310,50621.5,822.01,37.5,10.77,1.66,0.0
20140317:1410,41856.57,672.19,32.37,11.34,1.52,0.0
20140317:1510,28432.9,455.47,25.11,11.85,1.31,0.0
20140317:1610,11240.03,192.89,16.45,11.91,1.24,0.0
20140317:1710,2200.34,53.41,6.98,11.59,1.03,0.0
20140317:1810,0.0,0.0,0.0,11.17,0.69,0.0
20140317:1910,0.0,0.0,0.0,10.01,0.07,0.0
20140317:2010,0.0,0.0,0.0,9.78,0.28,0.0
20140317:2110,0.0,0.0,0.0,9.53,0.41,0.0
20140317:2210,0.0,0.0,0.0,9.28,0.34,0.0
20140317:2310,0.0,0.0,0.0,8.69,0.62,0.0
20140318:0010,0.0,0.0,0.0,8.23,0.76,0.0
20140318:0110,0.0,0.0,0.0,7.9,0.83,0.0
20140318:0210,0.0,0.0,0.0,7.6,1.1,0.0
20140318:0310,0.0,0.0,0.0,7.39,1.1,0.0
20140318:0410,0.0,0.0,0.0,7.18,1.24,0.0
20140318:0510,0.0,0.0,0.0,7.27,1.03,0.0
20140318:0610,0.0,0.0,0.0,6.86,1.17,0.0
20140318:0710,2398.44,51.47,10.91,6.69,1.31,0.0
20140318:0810,3978.68,76.73,20.15,7.94,1.72,0.0
20140318:0910,6698.18,118.75,28.38,8.96,2.28,0.0
20140318:1010,6023.42,108.7,34.96,9.53,2.62,0.0
20140318:1110,22984.8,363.29,39.1,9.91,2.97,0.0
20140318:1210,29856.02,468.5,40.14,10.49,3.45,0.0
20140318:1310,46749.09,735.78,37.86,10.71,3.86,0.0
20140318:1410,18578.04,296.83,32.7,11.17,4.41,0.0
20140318:1510,13345.5,218.8,25.4,11.1,4.55,0.0
20140318:1610,7750.91,136.28,16.72,10.98,4.97,0.0
20140318:1710,2195.79,52.53,7.24,10.72,3.79,0.0
20140318:1810,0.0,0.0,0.0,10.5,3.52,0.0
20140318:1910,0.0,0.0,0.0,10.44,4.21,0.0
20140318:2010,0.0,0.0,0.0,10.02,4.28,0.0
20140318:2110,0.0,0.0,0.0,9.76,4.28,0.0
20140318:2210,0.0,0.0,0.0,9.57,4.28,0.0
20140318:2310,0.0,0.0,0.0,9.37,4.28,0.0
20140319:0010,0.0,0.0,0.0,9.25,3.93,0.0
20140319:0110,0.0,0.0,0.0,9.09,3.66,0.0
20140319:0210,0.0,0.0,0.0,8.15,3.17,0.0
20140319:0310,0.0,0.0,0.0,7.31,2.9,0.0
20140319:0410,0.0,0.0,0.0,6.66,2.69,0.0
20140319:0510,0.0,0.0,0.0,6.15,2.55,0.0
20140319:0610,0.0,0.0,0.0,5.79,2.41,0.0
20140319:0710,4629.9,87.05,11.26,5.84,2.21,0.0
20140319:0810,17400.83,275.81,20.51,7.66,2.9,0.0
20140319:0910,27184.34,425.2,28.76,9.46,2.69,0.0
20140319:1010,40302.9,639.47,35.35,10.84,2.28,0.0
20140319:1110,54266.98,884.81,39.51,12.09,2.34,0.0
20140319:1210,36775.83,589.63,40.53,13.37,2.41,0.0
20140319:1310,43985.57,713.21,38.22,14.27,2.34,0.0
20140319:1410,40450.91,655.13,33.02,14.79,2.14,0.0
20140319:1510,28559.65,461.9,25.7,15.01,2.0,0.0
20140319:1610,9821.46,172.19,16.99,14.89,1.86,0.0
20140319:1710,2395.4,57.31,7.49,14.22,1.45,0.0
20140319:1810,0.0,0.0,0.0,12.79,2.0,0.0
20140319:1910,0.0,0.0,0.0,11.07,2.07,0.0
20140319:2010,0.0,0.0,0.0,9.67,2.28,0.0
20140319:2110,0.0,0.0,0.0,8.49,2.28,0.0
20140319:2210,0.0,0.0,0.0,7.32,2.14,0.0
20140319:2310,0.0,0.0,0.0,6.33,2.14,0.0
20140320:0010,0.0,0.0,0.0,5.5,2.14,0.0
20140320:0110,0.0,0.0,0.0,4.82,2.14,0.0
20140320:0210,0.0,0.0,0.0,4.29,2.14,0.0
20140320:0310,0.0,0.0,0.0,3.91,2.28,0.0
20140320:0410,0.0,0.0,0.0,3.76,2.34,0.0
20140320:0510,0.0,0.0,0.0,3.7,2.41,0.0
20140320:0610,12.14,5.97,1.86,3.72,2.55,0.0
20140320:0710,16540.13,274.4,11.62,5.85,3.03,0.0
20140320:0810,34207.37,534.29,20.88,8.99,3.03,0.0
20140320:0910,47711.5,753.72,29.14,11.78,3.79,0.0
20140320:1010,56618.36,910.73,35.75,13.9,4.41,0.0
20140320:1110,61064.59,996.08,39.91,15.78,4.83,0.0
20140320:1210,60877.87,999.14,40.92,17.32,5.03,0.0
20140320:1310,57373.57,938.02,38.59,18.38,5.38,0.0
20140320:1410,48560.82,784.58,33.35,18.85,5.79,0.0
20140320:1510,35553.84,572.8,25.99,18.86,5.93,0.0
20140320:1610,18635.73,317.88,17.25,18.52,5.52,0.0
20140320:1710,3376.03,82.41,7.74,17.61,5.17,0.0
20140320:1810,0.0,0.0,0.0,16.27,5.1,0.0
20140320:1910,0.0,0.0,0.0,15.0,4.76,0.0
20140320:2010,0.0,0.0,0.0,14.28,5.03,0.0
20140320:2110,0.0,0.0,0.0,13.53,5.31,0.0
20140320:2210,0.0,0.0,0.0,12.61,5.38,0.0
20140320:2310,0.0,0.0,0.0,11.59,5.38,0.0
20140321:0010,0.0,0.0,0.0,10.6,5.17,0.0
20140321:0110,0.0,0.0,0.0,9.77,4.97,0.0
20140321:0210,0.0,0.0,0.0,9.1,4.83,0.0
20140321:0310,0.0,0.0,0.0,8.64,4.76,0.0
20140321:0410,0.0,0.0,0.0,8.57,5.03,0.0
20140321:0510,0.0,0.0,0.0,8.6,5.38,0.0
20140321:0610,0.0,5.12,2.21,8.73,5.86,0.0
20140321:0710,340.79,14.62,11.97,9.1,6.41,0.0
20140321:0810,2979.83,61.2,21.24,9.6,6.9,0.0
20140321:0910,7671.21,133.37,29.52,10.12,7.52,0.0
20140321:1010,41253.93,633.5,36.15,9.06,5.93,0.0
20140321:1110,26558.17,412.51,40.31,8.29,4.21,0.0
20140321:1210,51195.31,806.84,41.31,9.56,3.79,0.0
20140321:1310,41265.31,647.06,38.95,10.72,3.86,0.0
20140321:1410,40534.39,636.12,33.67,11.38,3.86,0.0
20140321:1510,14083.25,230.51,26.28,11.35,3.66,0.0
20140321:1610,14268.44,238.37,17.52,11.2,3.86,0.0
20140321:1710,3056.49,70.06,7.99,10.57,3.31,0.0
20140321:1810,0.0,0.0,0.0,9.68,2.97,0.0
20140321:1910,0.0,0.0,0.0,9.5,2.41,0.0
20140321:2010,0.0,0.0,0.0,8.92,2.62,0.0
20140321:2110,0.0,0.0,0.0,8.33,2.83,0.0
20140321:2210,0.0,0.0,0.0,7.93,2.97,0.0
20140321:2310,0.0,0.0,0.0,7.67,3.31,0.0
20140322:0010,0.0,0.0,0.0,7.72,3.93,0.0
20140322:0110,0.0,0.0,0.0,7.64,4.34,0.0
20140322:0210,0.0,0.0,0.0,7.28,4.55,0.0
20140322:0310,0.0,0.0,0.0,7.05,4.48,0.0
20140322:0410,0.0,0.0,0.0,6.84,4.55,0.0
20140322:0510,0.0,0.0,0.0,6.62,4.69,0.0
20140322:0610,125.99,9.38,2.56,6.66,4.9,0.0
20140322:0710,2378.71,51.15,12.32,7.79,4.48,0.0
20140322:0810,10408.17,172.8,21.61,8.47,5.66,0.0
20140322:0910,13975.47,225.73,29.9,8.88,5.24,0.0
20140322:1010,15601.25,250.71,36.54,9.32,4.9,0.0
20140322:1110,16411.86,263.19,40.71,9.64,5.1,0.0
20140322:1210,44588.21,694.44,41.7,10.29,5.1,0.0
20140322:1310,44270.95,689.65,39.31,11.02,5.45,0.0
20140322:1410,25898.6,405.75,34.0,11.43,5.52,0.0
20140322:1510,25662.55,402.6,26.57,11.13,5.03,0.0
20140322:1610,15063.11,249.35,17.78,10.59,5.45,0.0
20140322:1710,4236.74,102.99,8.24,9.53,5.1,0.0
20140322:1810,0.0,0.0,0.0,8.56,4.62,0.0
20140322:1910,0.0,0.0,0.0,7.73,4.41,0.0
20140322:2010,0.0,0.0,0.0,6.99,3.79,0.0
20140322:2110,0.0,0.0,0.0,6.45,3.66,0.0
20140322:2210,0.0,0.0,0.0,5.69,3.72,0.0
20140322:2310,0.0,0.0,0.0,5.3,3.45,0.0
20140323:0010,0.0,0.0,0.0,4.94,3.17,0.0
20140323:0110,0.0,0.0,0.0,4.37,3.1,0.0
20140323:0210,0.0,0.0,0.0,3.64,3.1,0.0
20140323:0310,0.0,0.0,0.0,3.15,3.03,0.0
20140323:0410,0.0,0.0,0.0,2.9,3.03,0.0
20140323:0510,0.0,0.0,0.0,2.74,2.97,0.0
20140323:0610,233.77,11.94,2.91,3.27,3.03,0.0
20140323:0710,12063.55,200.94,12.68,4.42,2.76,0.0
20140323:0810,32104.94,489.15,21.97,5.53,4.55,0.0
20140323:0910,48264.05,738.61,30.28,6.85,4.9,0.0
20140323:1010,42828.85,658.14,36.94,8.0,5.03,0.0
20140323:1110,39468.0,610.33,41.12,8.91,4.76,0.0
20140323:1210,51513.33,807.19,42.09,9.76,4.69,0.0
20140323:1310,8190.37,141.59,39.67,10.32,4.83,0.0
20140323:1410,18082.42,286.32,34.32,8.97,5.45,0.0
20140323:1510,21261.87,331.06,26.85,7.83,5.72,0.0
20140323:1610,15636.16,254.83,18.05,7.42,4.97,0.0
20140323:1710,4261.78,100.56,8.49,7.22,5.03,0.0
20140323:1810,0.0,0.0,0.0,6.41,4.62,0.0
20140323:1910,0.0,0.0,0.0,5.28,3.86,0.0
20140323:2010,0.0,0.0,0.0,4.74,3.66,0.0
20140323:2110,0.0,0.0,0.0,4.37,3.52,0.0
20140323:2210,0.0,0.0,0.0,3.92,3.38,0.0
20140323:2310,0.0,0.0,0.0,3.4,3.24,0.0
20140324:0010,0.0,0.0,0.0,3.08,2.9,0.0
20140324:0110,0.0,0.0,0.0,2.91,2.55,0.0
20140324:0210,0.0,0.0,0.0,2.34,2.41,0.0
20140324:0310,0.0,0.0,0.0,1.87,2.34,0.0
20140324:0410,0.0,0.0,0.0,1.3,2.21,0.0
20140324:0510,0.0,0.0,0.0,0.89,2.0,0.0
20140324:0610,354.45,14.5,3.26,0.41,1.93,0.0
20140324:0710,18571.21,302.14,13.03,1.88,1.03,0.0
20140324:0810,35770.15,557.15,22.34,3.86,0.76,0.0
20140324:0910,36494.24,574.25,30.66,5.58,0.41,0.0
20140324:1010,26511.87,420.01,37.33,6.77,0.07,0.0
20140324:1110,41995.47,677.76,41.52,7.62,0.28,0.0
20140324:1210,22825.41,364.26,42.48,8.61,0.69,0.0
20140324:1310,25695.19,408.17,40.03,9.14,1.1,0.0
20140324:1410,15483.6,251.61,34.64,9.52,1.45,0.0
20140324:1510,15004.67,243.9,27.14,9.53,1.72,0.0
20140324:1610,13195.97,220.53,18.31,9.37,1.79,0.0
20140324:1710,3298.61,72.3,8.74,8.98,1.52,0.0
20140324:1810,0.0,0.0,0.0,8.19,1.66,0.0
20140324:1910,0.0,0.0,0.0,7.3,1.59,0.0
20140324:2010,0.0,0.0,0.0,5.74,1.79,0.0
20140324:2110,0.0,0.0,0.0,4.88,1.93,0.0
20140324:2210,0.0,0.0,0.0,4.31,2.07,0.0
20140324:2310,0.0,0.0,0.0,4.04,2.14,0.0
20140325:0010,0.0,0.0,0.0,3.92,2.21,0.0
20140325:0110,0.0,0.0,0.0,4.0,2.07,0.0
20140325:0210,0.0,0.0,0.0,3.8,2.0,0.0
20140325:0310,0.0,0.0,0.0,3.54,1.86,0.0
20140325:0410,0.0,0.0,0.0,3.45,1.72,0.0
20140325:0510,0.0,0.0,0.0,3.65,1.66,0.0
20140325:0610,308.15,13.65,3.61,3.68,1.72,0.0
20140325:0710,7632.5,132.43,13.38,4.77,2.55,0.0
20140325:0810,14335.23,228.0,22.7,5.14,3.31,0.0
20140325:0910,9561.12,158.84,31.04,5.37,4.48,0.0
20140325:1010,11613.46,188.96,37.73,5.4,4.34,0.0
20140325:1110,15492.71,245.85,41.92,5.72,4.34,0.0
20140325:1210,16931.77,267.2,42.87,5.99,4.34,0.0
20140325:1310,12407.37,201.66,40.39,6.45,3.86,0.0
20140325:1410,4536.54,84.95,34.96,7.12,3.52,0.0
20140325:1510,9624.12,161.34,27.42,7.3,3.1,0.0
20140325:1610,6346.0,112.87,18.57,7.43,2.83,0.0
20140325:1710,2109.26,47.71,8.99,7.37,2.55,0.0
20140325:1810,0.0,0.0,0.0,6.83,2.28,0.0
20140325:1910,0.0,0.0,0.0,6.03,1.93,0.0
20140325:2010,0.0,0.0,0.0,5.45,2.0,0.0
20140325:2110,0.0,0.0,0.0,4.96,2.28,0.0
20140325:2210,0.0,0.0,0.0,4.43,2.62,0.0
20140325:2310,0.0,0.0,0.0,3.98,2.9,0.0
20140326:0010,0.0,0.0,0.0,4.08,2.97,0.0
20140326:0110,0.0,0.0,0.0,4.0,2.83,0.0
20140326:0210,0.0,0.0,0.0,3.26,2.83,0.0
20140326:0310,0.0,0.0,0.0,2.6,2.83,0.0
20140326:0410,0.0,0.0,0.0,1.74,2.76,0.0
20140326:0510,0.0,0.0,0.0,1.19,2.76,0.0
20140326:0610,562.42,18.77,3.95,0.86,2.83,0.0
20140326:0710,18631.93,299.96,13.74,2.04,2.76,0.0
20140326:0810,34000.16,517.46,23.06,4.01,3.31,0.0
20140326:0910,50492.48,780.24,31.42,6.01,3.45,0.0
20140326:1010,60511.28,957.99,38.12,7.9,3.59,0.0
20140326:1110,60999.31,976.25,42.32,9.4,3.59,0.0
20140326:1210,20341.2,323.87,43.26,10.3,3.66,0.0
20140326:1310,5226.47,96.83,40.74,10.62,3.72,0.0
20140326:1410,0.0,0.0,0.0,10.79,3.66,0.0
20140326:1510,34791.8,546.14,27.71,10.25,3.17,0.0
20140326:1610,22064.89,363.87,18.83,9.96,2.83,0.0
20140326:1710,3784.37,82.57,9.23,8.91,2.76,0.0
20140326:1810,0.0,0.0,0.0,7.17,3.17,0.0
20140326:1910,0.0,0.0,0.0,6.09,2.41,0.0
20140326:2010,0.0,0.0,0.0,5.33,2.21,0.0
20140326:2110,0.0,0.0,0.0,4.74,2.07,0.0
20140326:2210,0.0,0.0,0.0,4.07,1.93,0.0
20140326:2310,0.0,0.0,0.0,3.47,1.79,0.0
20140327:0010,0.0,0.0,0.0,2.76,1.66,0.0
20140327:0110,0.0,0.0,0.0,2.08,1.59,0.0
20140327:0210,0.0,0.0,0.0,1.66,1.45,0.0
20140327:0310,0.0,0.0,0.0,1.31,1.38,0.0
20140327:0410,0.0,0.0,0.0,1.09,1.24,0.0
20140327:0510,0.0,0.0,0.0,0.63,1.24,0.0
20140327:0610,652.74,20.47,4.3,0.16,1.24,0.0
20140327:0710,12116.68,199.16,14.09,1.24,0.62,0.0
20140327:0810,29326.24,455.12,23.42,4.03,0.76,0.0
20140327:0910,45070.94,714.95,31.8,6.19,0.9,0.0
20140327:1010,50406.71,815.51,38.52,7.99,1.03,0.0
20140327:1110,61654.33,1032.25,42.72,9.3,1.1,0.0
20140327:1210,45861.82,740.67,43.65,10.18,1.45,0.0
20140327:1310,47666.72,769.94,41.1,10.67,1.72,0.0
20140327:1410,9270.43,158.94,35.59,10.88,1.93,0.0
20140327:1510,35480.21,564.39,27.99,11.01,2.0,0.0
20140327:1610,18592.46,308.61,19.08,10.85,2.14,0.0
20140327:1710,4473.55,102.07,9.48,10.33,2.0,0.0
20140327:1810,0.0,0.0,0.0,9.06,2.0,0.0
20140327:1910,0.0,0.0,0.0,7.58,2.0,0.0
20140327:2010,0.0,0.0,0.0,6.29,2.07,0.0
20140327:2110,0.0,0.0,0.0,5.29,2.28,0.0
20140327:2210,0.0,0.0,0.0,4.65,2.07,0.0
20140327:2310,0.0,0.0,0.0,4.24,2.21,0.0
20140328:0010,0.0,0.0,0.0,4.23,2.48,0.0
20140328:0110,0.0,0.0,0.0,3.9,2.34,0.0
20140328:0210,0.0,0.0,0.0,3.59,2.28,0.0
20140328:0310,0.0,0.0,0.0,3.09,2.48,0.0
20140328:0410,0.0,0.0,0.0,2.68,2.55,0.0
20140328:0510,0.0,0.0,0.0,2.51,2.55,0.0
20140328:0610,733.19,22.18,4.65,2.53,2.48,0.0
20140328:0710,18051.3,292.4,14.44,3.49,2.28,0.0
20140328:0810,26870.12,415.72,23.79,6.18,2.55,0.0
20140328:0910,48787.0,767.87,32.17,8.66,2.76,0.0
20140328:1010,55951.96,900.07,38.91,11.16,3.1,0.0
20140328:1110,62197.77,1014.8,43.12,12.7,3.59,0.0
20140328:1210,52436.27,842.97,44.04,13.61,4.14,0.0
20140328:1310,57038.85,923.97,41.45,14.21,4.07,0.0
20140328:1410,50735.36,816.06,35.9,14.53,3.86,0.0
20140328:1510,37904.46,606.64,28.27,14.63,3.59,0.0
20140328:1610,21055.42,353.96,19.34,14.49,3.31,0.0
20140328:1710,4743.75,117.51,9.72,13.71,2.34,0.0
20140328:1810,0.0,0.0,0.0,11.84,2.62,0.0
20140328:1910,0.0,0.0,0.0,10.29,2.69,0.0
20140328:2010,0.0,0.0,0.0,9.06,2.83,0.0
20140328:2110,0.0,0.0,0.0,8.15,2.9,0.0
20140328:2210,0.0,0.0,0.0,7.52,2.97,0.0
20140328:2310,0.0,0.0,0.0,7.04,2.9,0.0
20140329:0010,0.0,0.0,0.0,6.55,2.9,0.0
20140329:0110,0.0,0.0,0.0,6.11,2.9,0.0
20140329:0210,0.0,0.0,0.0,5.83,3.03,0.0
20140329:0310,0.0,0.0,0.0,5.71,3.03,0.0
20140329:0410,0.0,0.0,0.0,5.64,3.03,0.0
20140329:0510,0.0,0.0,0.0,5.53,3.03,0.0
20140329:0610,721.05,22.18,4.99,5.53,3.03,0.0
20140329:0710,13984.58,231.76,14.79,7.51,3.31,0.0
20140329:0810,19671.0,312.33,24.15,9.63,2.9,0.0
20140329:0910,47098.99,746.68,32.55,12.25,3.66,0.0
20140329:1010,45197.69,722.34,39.3,14.61,4.28,0.0
20140329:1110,59502.56,971.58,43.52,16.36,4.9,0.0
20140329:1210,64719.93,1067.74,44.42,17.52,5.24,0.0
20140329:1310,51863.23,843.24,41.8,18.29,5.38,0.0
20140329:1410,50027.21,811.59,36.22,18.71,5.31,0.0
20140329:1510,31395.28,508.4,28.55,18.9,5.1,0.0
20140329:1610,13843.4,238.84,19.59,18.65,4.14,0.0
20140329:1710,1130.91,31.06,9.96,17.53,3.38,0.0
20140329:1810,0.0,0.0,0.0,15.57,3.17,0.0
20140329:1910,0.0,0.0,0.0,14.27,3.24,0.0
20140329:2010,0.0,0.0,0.0,13.37,3.52,0.0
20140329:2110,0.0,0.0,0.0,12.76,3.66,0.0
20140329:2210,0.0,0.0,0.0,12.26,3.59,0.0
20140329:2310,0.0,0.0,0.0,11.46,3.45,0.0
20140330:0010,0.0,0.0,0.0,10.68,3.17,0.0
20140330:0110,0.0,0.0,0.0,9.84,2.97,0.0
20140330:0210,0.0,0.0,0.0,9.09,2.76,0.0
20140330:0310,0.0,0.0,0.0,8.3,2.69,0.0
20140330:0410,0.0,0.0,0.0,7.59,2.62,0.0
20140330:0510,0.0,0.0,0.0,6.96,2.62,0.0
20140330:0610,671.72,21.32,5.34,6.81,2.48,0.0
20140330:0710,18474.82,306.01,15.14,8.94,2.28,0.0
20140330:0810,26751.71,426.2,24.5,12.27,2.34,0.0
20140330:0910,31356.57,501.86,32.92,14.6,2.83,0.0
20140330:1010,40190.57,651.12,39.69,16.89,3.45,0.0
20140330:1110,31204.77,507.42,43.92,18.35,3.86,0.0
20140330:1210,11445.72,198.22,44.8,19.38,4.07,0.0
20140330:1310,28217.34,461.82,42.15,19.59,3.93,0.0
20140330:1410,20541.58,340.11,36.53,19.38,3.38,0.0
20140330:1510,15167.86,255.81,28.82,18.97,3.03,0.0
20140330:1610,4344.52,85.87,19.85,18.34,2.83,0.0
20140330:1710,2087.25,48.35,10.21,16.86,2.76,0.0
20140330:1810,0.0,0.0,0.0,15.24,2.76,0.0
20140330:1910,0.0,0.0,0.0,14.88,2.41,0.0
20140330:2010,0.0,0.0,0.0,13.52,2.55,0.0
20140330:2110,0.0,0.0,0.0,12.95,2.48,0.0
20140330:2210,0.0,0.0,0.0,12.29,2.41,0.0
20140330:2310,0.0,0.0,0.0,11.77,2.34,0.0
20140331:0010,0.0,0.0,0.0,10.96,2.21,0.0
20140331:0110,0.0,0.0,0.0,10.16,1.45,0.0
20140331:0210,0.0,0.0,0.0,11.59,0.62,0.0
20140331:0310,0.0,0.0,0.0,8.45,1.72,0.0
20140331:0410,0.0,0.0,0.0,7.42,1.79,0.0
20140331:0510,0.0,0.0,0.0,7.73,1.52,0.0
20140331:0610,1234.89,34.0,5.68,7.76,1.38,0.0
20140331:0710,12093.15,204.05,15.48,8.73,1.31,0.0
20140331:0810,29824.15,477.37,24.86,11.74,1.31,0.0
20140331:0910,38052.47,616.79,33.3,13.93,1.45,0.0
20140331:1010,39968.94,653.31,40.08,15.8,1.93,0.0
20140331:1110,40221.69,663.2,44.31,17.27,2.0,0.0
20140331:1210,24733.53,408.36,45.19,18.37,2.07,0.0
20140331:1310,26813.95,441.54,42.5,18.76,2.34,0.0
20140331:1410,16017.94,270.0,36.84,18.95,2.28,0.0
20140331:1510,11230.92,194.83,29.1,18.8,2.28,0.0
20140331:1610,3612.08,73.99,20.1,18.41,2.28,0.0
20140331:1710,4472.03,103.06,10.45,17.53,1.72,0.0
20140331:1810,0.0,0.0,0.0,16.15,2.0,0.0
20140331:1910,0.0,0.0,0.0,14.11,1.93,0.0
20140331:2010,0.0,0.0,0.0,12.12,1.86,0.0
20140331:2110,0.0,0.0,0.0,10.79,1.66,0.0
20140331:2210,0.0,0.0,0.0,9.88,1.72,0.0
20140331:2310,0.0,0.0,0.0,8.95,1.79,0.0
20140401:0010,0.0,0.0,0.0,8.25,1.86,0.0
20140401:0110,0.0,0.0,0.0,8.2,1.79,0.0
20140401:0210,0.0,0.0,0.0,8.47,1.72,0.0
20140401:0310,0.0,0.0,0.0,8.23,1.66,0.0
20140401:0410,0.0,0.0,0.0,7.91,1.66,0.0
20140401:0510,0.0,0.0,0.0,7.42,1.66,0.0
20140401:0610,2021.98,50.82,6.03,7.17,1.59,0.0
20140401:0710,15837.29,263.71,15.83,8.93,1.24,0.0
20140401:0810,27201.04,436.28,25.22,12.41,1.45,0.0
20140401:0910,41349.56,674.21,33.67,14.83,1.66,0.0
20140401:1010,49294.77,821.68,40.47,16.92,1.93,0.0
20140401:1110,55971.7,949.09,44.71,18.37,2.28,0.0
20140401:1210,54603.98,924.81,45.57,19.41,2.55,0.0
20140401:1310,50963.81,856.36,42.85,19.99,2.76,0.0
20140401:1410,45359.36,753.61,37.14,20.22,2.9,0.0
20140401:1510,32395.64,533.31,29.37,20.12,3.1,0.0
20140401:1610,18063.44,311.68,20.35,19.76,3.1,0.0
20140401:1710,4718.7,114.28,10.69,18.78,2.76,0.0
20140401:1810,0.0,0.0,0.0,16.93,2.9,0.0
20140401:1910,0.0,0.0,0.0,15.09,2.21,0.0
20140401:2010,0.0,0.0,0.0,13.55,2.34,0.0
20140401:2110,0.0,0.0,0.0,12.41,2.55,0.0
20140401:2210,0.0,0.0,0.0,11.49,2.55,0.0
20140401:2310,0.0,0.0,0.0,10.71,2.41,0.0
20140402:0010,0.0,0.0,0.0,9.93,2.28,0.0
20140402:0110,0.0,0.0,0.0,9.34,2.21,0.0
20140402:0210,0.0,0.0,0.0,9.04,2.28,0.0
20140402:0310,0.0,0.0,0.0,8.93,2.41,0.0
20140402:0410,0.0,0.0,0.0,8.77,2.41,0.0
20140402:0510,0.0,0.0,0.0,8.42,2.34,0.0
20140402:0610,1299.41,33.99,6.37,8.25,2.41,0.0
20140402:0710,17063.08,283.53,16.17,10.19,2.28,0.0
20140402:0810,28008.62,445.3,25.57,12.6,2.83,0.0
20140402:0910,44717.24,718.27,34.04,14.17,3.03,0.0
20140402:1010,29384.68,472.8,40.85,15.16,2.97,0.0
20140402:1110,59189.1,990.52,45.1,16.64,2.9,0.0
20140402:1210,38617.16,633.27,45.95,18.28,2.97,0.0
20140402:1310,28007.1,460.13,43.2,19.44,3.17,0.0
20140402:1410,17572.37,294.58,37.45,20.0,3.45,0.0
20140402:1510,7153.58,131.54,29.64,20.34,3.66,0.0
20140402:1610,8482.58,153.28,20.6,20.27,3.59,0.0
20140402:1710,1463.35,37.45,10.93,19.44,2.69,0.0
20140402:1810,0.0,0.0,0.0,17.7,2.76,0.0
20140402:1910,0.0,0.0,0.0,16.34,2.62,0.0
20140402:2010,0.0,0.0,0.0,15.52,2.76,0.0
20140402:2110,0.0,0.0,0.0,14.72,2.83,0.0
20140402:2210,0.0,0.0,0.0,13.89,3.03,0.0
20140402:2310,0.0,0.0,0.0,12.84,3.24,0.0
20140403:0010,0.0,0.0,0.0,12.27,3.38,0.0
20140403:0110,0.0,0.0,0.0,12.18,3.45,0.0
20140403:0210,0.0,0.0,0.0,12.47,3.59,0.0
20140403:0310,0.0,0.0,0.0,12.37,3.45,0.0
20140403:0410,0.0,0.0,0.0,12.0,3.31,0.0
20140403:0510,0.0,0.0,0.0,11.74,3.24,0.0
20140403:0610,1482.33,38.04,6.71,11.6,3.17,0.0
20140403:0710,17548.08,294.5,16.52,13.42,3.24,0.0
20140403:0810,29829.46,477.5,25.93,14.92,3.38,0.0
20140403:0910,14503.73,242.01,34.41,16.44,4.34,0.0
20140403:1010,16112.05,267.97,41.24,17.77,5.45,0.0
20140403:1110,23511.54,382.4,45.49,18.16,5.93,0.0
20140403:1210,21613.28,353.61,46.32,18.33,5.72,0.0
20140403:1310,15677.15,261.66,43.54,18.0,5.59,0.0
20140403:1410,14745.85,247.12,37.75,17.59,4.55,0.0
20140403:1510,6779.39,124.23,29.91,17.88,4.14,0.0
20140403:1610,2367.32,52.98,20.85,17.61,3.17,0.0
20140403:1710,1181.76,31.97,11.16,17.16,2.62,0.0
20140403:1810,0.0,0.0,0.0,15.82,1.93,0.0
20140403:1910,0.0,0.0,0.0,14.42,1.31,0.0
20140403:2010,0.0,0.0,0.0,13.36,1.79,0.0
20140403:2110,0.0,0.0,0.0,12.45,1.79,0.0
20140403:2210,0.0,0.0,0.0,11.71,1.72,0.0
20140403:2310,0.0,0.0,0.0,11.16,1.66,0.0
20140404:0010,0.0,0.0,0.0,10.95,1.66,0.0
20140404:0110,0.0,0.0,0.0,10.79,1.72,0.0
20140404:0210,0.0,0.0,0.0,10.55,1.93,0.0
20140404:0310,0.0,0.0,0.0,10.39,2.21,0.0
20140404:0410,0.0,0.0,0.0,10.12,2.34,0.0
20140404:0510,0.0,0.0,0.0,9.93,2.41,0.0
20140404:0610,644.39,21.01,7.04,9.88,2.34,0.0
20140404:0710,1694.85,40.19,16.86,10.32,2.41,0.0
20140404:0810,4437.87,84.95,26.28,11.39,2.62,0.0
20140404:0910,5108.83,95.91,34.77,12.73,2.83,0.0
20140404:1010,5949.8,109.62,41.62,14.18,2.97,0.0
20140404:1110,6739.16,122.41,45.88,15.25,3.03,0.0
20140404:1210,11435.09,195.48,46.7,15.87,2.97,0.0
20140404:1310,4801.43,92.26,43.88,15.84,2.97,0.0
20140404:1410,4979.8,95.0,38.06,15.67,3.17,0.0
20140404:1510,2887.24,61.2,30.18,15.47,3.52,0.0
20140404:1610,4532.75,87.69,21.1,15.17,3.52,0.0
20140404:1710,3861.79,80.68,11.4,14.82,3.24,0.0
20140404:1810,0.0,0.0,0.0,14.03,2.21,0.0
20140404:1910,0.0,0.0,0.0,12.83,1.79,0.0
20140404:2010,0.0,0.0,0.0,12.48,1.72,0.0
20140404:2110,0.0,0.0,0.0,11.98,1.59,0.0
20140404:2210,0.0,0.0,0.0,11.35,1.52,0.0
20140404:2310,0.0,0.0,0.0,10.92,1.31,0.0
20140405:0010,0.0,0.0,0.0,9.84,1.1,0.0
20140405:0110,0.0,0.0,0.0,9.77,0.9,0.0
20140405:0210,0.0,0.0,0.0,8.6,1.38,0.0
20140405:0310,0.0,0.0,0.0,7.89,1.66,0.0
20140405:0410,0.0,0.0,0.0,7.78,1.59,0.0
20140405:0510,0.0,0.0,0.0,7.24,1.66,0.0
20140405:0610,4185.88,99.91,7.38,7.02,1.72,0.0
20140405:0710,19935.89,328.13,17.2,8.72,1.52,0.0
20140405:0810,37025.54,590.49,26.62,11.42,1.93,0.0
20140405:0910,48788.52,786.72,35.14,12.88,2.55,0.0
20140405:1010,44797.7,718.98,42.0,13.67,3.24,0.0
20140405:1110,46820.43,753.49,46.27,14.54,3.86,0.0
20140405:1210,51287.91,827.62,47.08,15.34,4.62,0.0
20140405:1310,56134.12,910.22,44.22,15.64,4.62,0.0
20140405:1410,49098.95,788.54,38.35,15.28,4.28,0.0
20140405:1510,36284.75,580.21,30.45,14.73,3.72,0.0
20140405:1610,18586.39,311.38,21.34,14.32,3.72,0.0
20140405:1710,5243.17,125.74,11.64,13.83,3.17,0.0
20140405:1810,0.0,3.41,1.79,13.23,2.76,0.0
20140405:1910,0.0,0.0,0.0,14.44,2.69,0.0
20140405:2010,0.0,0.0,0.0,13.4,2.55,0.0
20140405:2110,0.0,0.0,0.0,13.01,2.34,0.0
20140405:2210,0.0,0.0,0.0,12.63,2.07,0.0
20140405:2310,0.0,0.0,0.0,12.26,2.14,0.0
20140406:0010,0.0,0.0,0.0,12.26,2.34,0.0
20140406:0110,0.0,0.0,0.0,12.26,2.55,0.0
20140406:0210,0.0,0.0,0.0,12.29,2.55,0.0
20140406:0310,0.0,0.0,0.0,12.22,2.55,0.0
20140406:0410,0.0,0.0,0.0,12.05,2.55,0.0
20140406:0510,0.0,0.0,0.0,11.94,2.55,0.0
20140406:0610,2373.39,55.47,7.71,11.84,2.69,0.0
20140406:0710,15438.82,257.64,17.53,12.13,3.52,0.0
20140406:0810,32177.05,507.46,26.97,13.13,4.48,0.0
20140406:0910,43665.27,691.17,35.5,13.63,4.41,0.0
20140406:1010,51385.06,823.59,42.38,14.32,4.48,0.0
20140406:1110,10751.99,183.61,46.66,14.78,4.28,0.0
20140406:1210,6693.62,121.49,47.45,15.16,4.14,0.0
20140406:1310,5618.88,105.05,44.56,15.82,4.07,0.0
20140406:1410,7123.22,128.8,38.65,16.33,4.0,0.0
20140406:1510,4327.82,84.95,30.71,16.63,3.31,0.0
20140406:1610,12257.85,211.22,21.59,16.77,3.24,0.0
20140406:1710,3947.56,82.18,11.87,16.43,2.9,0.0
20140406:1810,0.0,5.12,2.02,15.86,2.76,0.0
20140406:1910,0.0,0.0,0.0,15.19,2.41,0.0
20140406:2010,0.0,0.0,0.0,14.46,2.41,0.0
20140406:2110,0.0,0.0,0.0,13.72,2.55,0.0
20140406:2210,0.0,0.0,0.0,13.15,2.55,0.0
20140406:2310,0.0,0.0,0.0,12.45,2.48,0.0
20140407:0010,0.0,0.0,0.0,11.93,2.41,0.0
20140407:0110,0.0,0.0,0.0,11.43,2.41,0.0
20140407:0210,0.0,0.0,0.0,11.17,2.48,0.0
20140407:0310,0.0,0.0,0.0,11.01,2.55,0.0
20140407:0410,0.0,0.0,0.0,10.82,2.55,0.0
20140407:0510,0.0,0.0,0.0,10.72,2.48,0.0
20140407:0610,1945.32,46.08,8.05,10.9,2.48,0.0
20140407:0710,8371.77,147.25,17.87,12.79,2.41,0.0
20140407:0810,28274.27,451.7,27.32,13.85,2.97,0.0
20140407:0910,35441.51,566.38,35.86,14.74,3.31,0.0
20140407:1010,49668.96,805.3,42.76,16.47,4.21,0.0
20140407:1110,59346.21,978.67,47.04,18.09,4.76,0.0
20140407:1210,49100.47,804.75,47.82,19.66,5.1,0.0
20140407:1310,45580.23,745.29,44.9,20.61,5.52,0.0
20140407:1410,42409.12,690.57,38.95,21.21,6.0,0.0
20140407:1510,23385.55,383.21,30.98,19.09,4.41,0.0
20140407:1610,13377.38,231.38,21.83,19.03,3.79,0.0
20140407:1710,3772.23,79.0,12.11,18.25,4.48,0.0
20140407:1810,0.0,2.56,2.26,17.24,4.76,0.0
20140407:1910,0.0,0.0,0.0,16.56,5.03,0.0
20140407:2010,0.0,0.0,0.0,15.56,5.72,0.0
20140407:2110,0.0,0.0,0.0,14.65,6.55,0.0
20140407:2210,0.0,0.0,0.0,13.74,6.34,0.0
20140407:2310,0.0,0.0,0.0,12.66,5.93,0.0
20140408:0010,0.0,0.0,0.0,11.33,5.03,0.0
20140408:0110,0.0,0.0,0.0,10.56,4.76,0.0
20140408:0210,0.0,0.0,0.0,9.73,4.55,0.0
20140408:0310,0.0,0.0,0.0,8.94,4.21,0.0
20140408:0410,0.0,0.0,0.0,8.59,4.34,0.0
20140408:0510,0.0,0.0,0.0,8.42,4.41,0.0
20140408:0610,4048.51,89.36,8.38,8.31,4.34,0.0
20140408:0710,19847.09,321.56,18.2,8.8,4.76,0.0
20140408:0810,25609.42,398.65,27.66,9.65,5.31,0.0
20140408:0910,29468.18,458.01,36.22,10.59,5.66,0.0
20140408:1010,44163.93,690.7,43.13,11.44,5.31,0.0
20140408:1110,50197.98,791.25,47.42,12.19,5.59,0.0
20140408:1210,41031.54,643.42,48.19,12.08,5.52,0.0
20140408:1310,17888.11,288.32,45.23,12.26,5.66,0.0
20140408:1410,25544.15,403.01,39.24,12.4,5.66,0.0
20140408:1510,20489.96,327.39,31.24,12.6,5.38,0.0
20140408:1610,11520.86,194.62,22.07,12.36,5.1,0.0
20140408:1710,4170.71,83.81,12.34,11.82,4.07,0.0
20140408:1810,61.48,7.68,2.49,11.27,3.38,0.0
20140408:1910,0.0,0.0,0.0,10.55,3.24,0.0
20140408:2010,0.0,0.0,0.0,9.72,3.1,0.0
20140408:2110,0.0,0.0,0.0,8.81,2.69,0.0
20140408:2210,0.0,0.0,0.0,7.82,2.14,0.0
20140408:2310,0.0,0.0,0.0,6.87,2.0,0.0
20140409:0010,0.0,0.0,0.0,5.92,2.07,0.0
20140409:0110,0.0,0.0,0.0,5.14,2.14,0.0
20140409:0210,0.0,0.0,0.0,4.6,2.14,0.0
20140409:0310,0.0,0.0,0.0,4.1,2.07,0.0
20140409:0410,0.0,0.0,0.0,3.62,2.0,0.0
20140409:0510,0.0,0.0,0.0,3.15,1.93,0.0
20140409:0610,4990.42,110.82,8.7,3.17,1.59,0.0
20140409:0710,20436.83,331.72,18.53,6.91,1.66,0.0
20140409:0810,37101.44,584.96,28.0,8.08,1.45,0.0
20140409:0910,49659.09,803.13,36.57,8.92,1.1,0.0
20140409:1010,48935.77,799.45,43.5,9.91,0.97,0.0
20140409:1110,58459.7,979.96,47.8,10.86,1.1,0.0
20140409:1210,60238.04,1018.23,48.55,11.55,1.1,0.0
20140409:1310,57066.93,958.56,45.56,12.24,1.1,0.0
20140409:1410,48872.01,805.73,39.53,12.72,1.1,0.0
20140409:1510,36603.53,595.0,31.5,12.92,1.03,0.0
20140409:1610,20957.51,353.59,22.31,12.9,1.1,0.0
20140409:1710,5498.96,125.59,12.57,12.63,1.1,0.0
20140409:1810,151.8,10.24,2.73,12.31,0.9,0.0
20140409:1910,0.0,0.0,0.0,12.47,0.69,0.0
20140409:2010,0.0,0.0,0.0,11.79,0.55,0.0
20140409:2110,0.0,0.0,0.0,11.02,0.55,0.0
20140409:2210,0.0,0.0,0.0,10.21,0.83,0.0
20140409:2310,0.0,0.0,0.0,7.48,1.45,0.0
20140410:0010,0.0,0.0,0.0,5.36,1.93,0.0
20140410:0110,0.0,0.0,0.0,4.71,2.07,0.0
20140410:0210,0.0,0.0,0.0,4.31,2.14,0.0
20140410:0310,0.0,0.0,0.0,3.9,1.93,0.0
20140410:0410,0.0,0.0,0.0,3.47,1.86,0.0
20140410:0510,0.0,0.0,0.0,3.13,1.72,0.0
20140410:0610,5125.53,111.86,9.03,3.44,1.52,0.0
20140410:0710,21583.68,351.73,18.86,6.67,0.76,0.0
20140410:0810,37155.33,595.22,28.33,9.71,0.83,0.0
20140410:0910,49169.54,809.75,36.92,12.24,1.03,0.0
20140410:1010,56595.59,957.42,43.87,14.03,1.17,0.0
20140410:1110,61069.14,1056.95,48.18,15.23,1.1,0.0
20140410:1210,58932.56,1025.03,48.92,16.16,0.9,0.0
20140410:1310,55000.94,951.48,45.89,16.87,0.76,0.0
20140410:1410,47248.51,801.57,39.82,17.35,0.76,0.0
20140410:1510,35915.88,595.56,31.76,17.53,1.24,0.0
20140410:1610,20713.87,355.79,22.55,17.38,1.72,0.0
20140410:1710,5403.32,128.22,12.8,16.87,2.0,0.0
20140410:1810,180.64,11.09,2.96,15.45,2.07,0.0
20140410:1910,0.0,0.0,0.0,13.69,2.62,0.0
20140410:2010,0.0,0.0,0.0,12.18,2.69,0.0
20140410:2110,0.0,0.0,0.0,10.98,2.69,0.0
20140410:2210,0.0,0.0,0.0,9.94,2.62,0.0
20140410:2310,0.0,0.0,0.0,9.02,2.62,0.0
20140411:0010,0.0,0.0,0.0,8.29,2.62,0.0
20140411:0110,0.0,0.0,0.0,7.76,2.62,0.0
20140411:0210,0.0,0.0,0.0,7.34,2.69,0.0
20140411:0310,0.0,0.0,0.0,6.97,2.69,0.0
20140411:0410,0.0,0.0,0.0,6.68,2.69,0.0
20140411:0510,0.0,0.0,0.0,6.4,2.69,0.0
20140411:0610,3932.38,82.32,9.35,6.64,2.69,0.0
20140411:0710,19145.02,310.01,19.18,7.61,2.69,0.0
20140411:0810,35943.2,564.01,28.67,9.88,2.83,0.0
20140411:0910,45462.58,722.77,37.27,12.0,3.17,0.0
20140411:1010,29875.0,476.33,44.24,13.56,3.45,0.0
20140411:1110,54444.59,888.31,48.56,14.92,3.66,0.0
20140411:1210,59872.96,991.43,49.28,16.05,3.59,0.0
20140411:1310,56783.07,940.33,46.22,16.79,3.31,0.0
20140411:1410,48249.63,786.6,40.11,16.89,3.45,0.0
20140411:1510,34715.9,560.74,32.01,16.77,3.72,0.0
20140411:1610,17782.61,300.11,22.78,16.33,4.21,0.0
20140411:1710,5437.48,113.97,13.03,15.46,3.66,0.0
20140411:1810,251.23,12.79,3.19,14.3,3.17,0.0
20140411:1910,0.0,0.0,0.0,12.87,3.03,0.0
20140411:2010,0.0,0.0,0.0,11.72,3.31,0.0
20140411:2110,0.0,0.0,0.0,10.88,3.31,0.0
20140411:2210,0.0,0.0,0.0,10.07,3.1,0.0
20140411:2310,0.0,0.0,0.0,9.2,2.76,0.0
20140412:0010,0.0,0.0,0.0,8.31,2.55,0.0
20140412:0110,0.0,0.0,0.0,7.56,2.34,0.0
20140412:0210,0.0,0.0,0.0,6.96,2.28,0.0
20140412:0310,0.0,0.0,0.0,6.44,2.28,0.0
20140412:0410,0.0,0.0,0.0,6.13,2.14,0.0
20140412:0510,0.0,0.0,0.0,5.79,2.14,0.0
20140412:0610,4557.8,94.67,9.67,5.99,1.93,0.0
20140412:0710,19887.32,322.83,19.5,7.7,1.86,0.0
20140412:0810,35910.57,569.5,29.0,9.77,1.59,0.0
20140412:0910,47650.02,773.51,37.62,11.81,1.59,0.0
20140412:1010,48659.49,801.41,44.6,13.58,1.59,0.0
20140412:1110,35972.8,586.7,48.93,14.85,1.66,0.0
20140412:1210,56385.35,945.32,49.64,15.27,2.07,0.0
20140412:1310,54060.53,903.45,46.54,15.06,1.79,0.0
20140412:1410,25518.34,416.38,40.4,15.44,1.52,0.0
20140412:1510,19785.61,324.42,32.27,15.82,2.55,0.0
20140412:1610,9457.14,165.29,23.02,15.57,3.17,0.0
20140412:1710,4472.03,89.47,13.26,14.88,3.03,0.0
20140412:1810,0.0,3.41,3.42,13.99,2.62,0.0
20140412:1910,0.0,0.0,0.0,12.97,2.55,0.0
20140412:2010,0.0,0.0,0.0,11.47,2.69,0.0
20140412:2110,0.0,0.0,0.0,10.4,2.97,0.0
20140412:2210,0.0,0.0,0.0,9.76,3.1,0.0
20140412:2310,0.0,0.0,0.0,9.06,2.97,0.0
20140413:0010,0.0,0.0,0.0,8.41,2.62,0.0
20140413:0110,0.0,0.0,0.0,7.44,2.41,0.0
20140413:0210,0.0,0.0,0.0,6.48,2.28,0.0
20140413:0310,0.0,0.0,0.0,5.82,2.21,0.0
20140413:0410,0.0,0.0,0.0,5.47,2.21,0.0
20140413:0510,0.0,0.0,0.0,5.55,2.14,0.0
20140413:0610,3291.02,68.19,9.99,6.23,1.79,0.0
20140413:0710,11029.79,184.43,19.82,8.01,2.21,0.0
20140413:0810,9674.21,164.24,29.33,10.1,2.41,0.0
20140413:0910,25821.94,410.08,37.96,11.21,2.41,0.0
20140413:1010,12871.12,214.32,44.96,11.81,2.07,0.0
20140413:1110,5753.22,105.96,49.3,12.49,1.86,0.0
20140413:1210,4051.54,79.47,49.99,13.05,1.79,0.0
20140413:1310,17293.82,284.3,46.86,13.7,2.0,0.0
20140413:1410,7014.68,126.06,40.68,13.76,2.21,0.0
20140413:1510,13088.2,219.03,32.52,13.7,2.34,0.0
20140413:1610,15701.43,263.55,23.25,13.6,2.41,0.0
20140413:1710,4666.33,92.04,13.48,13.41,2.34,0.0
20140413:1810,289.94,13.65,3.65,12.99,2.0,0.0
20140413:1910,0.0,0.0,0.0,12.42,2.14,0.0
20140413:2010,0.0,0.0,0.0,11.85,2.14,0.0
20140413:2110,0.0,0.0,0.0,11.26,2.14,0.0
20140413:2210,0.0,0.0,0.0,10.6,2.14,0.0
20140413:2310,0.0,0.0,0.0,9.58,2.21,0.0
20140414:0010,0.0,0.0,0.0,8.57,2.41,0.0
20140414:0110,0.0,0.0,0.0,7.53,2.69,0.0
20140414:0210,0.0,0.0,0.0,6.8,2.69,0.0
20140414:0310,0.0,0.0,0.0,6.21,2.69,0.0
20140414:0410,0.0,0.0,0.0,5.8,2.69,0.0
20140414:0510,0.0,0.0,0.0,5.54,2.69,0.0
20140414:0610,5850.37,122.85,10.3,5.98,2.55,0.0
20140414:0710,22912.69,367.91,20.14,7.9,3.93,0.0
20140414:0810,39221.33,611.22,29.65,8.85,3.31,0.0
20140414:0910,48771.06,772.14,38.3,9.94,2.97,0.0
20140414:1010,33771.7,533.72,45.32,11.09,2.97,0.0
20140414:1110,55605.86,902.08,49.67,12.28,3.17,0.0
20140414:1210,62813.32,1032.38,50.35,13.14,3.38,0.0
20140414:1310,58198.6,946.62,47.18,13.94,3.79,0.0
20140414:1410,48014.34,769.72,40.96,14.3,3.93,0.0
20140414:1510,37915.09,605.45,32.77,14.42,3.93,0.0
20140414:1610,21828.84,364.93,23.49,14.05,4.14,0.0
20140414:1710,5866.31,132.94,13.71,13.41,4.21,0.0
20140414:1810,444.02,17.06,3.88,12.47,3.59,0.0
20140414:1910,0.0,0.0,0.0,11.22,3.72,0.0
20140414:2010,0.0,0.0,0.0,10.03,3.72,0.0
20140414:2110,0.0,0.0,0.0,9.12,3.66,0.0
20140414:2210,0.0,0.0,0.0,8.21,3.38,0.0
20140414:2310,0.0,0.0,0.0,7.23,2.97,0.0
20140415:0010,0.0,0.0,0.0,6.21,2.62,0.0
20140415:0110,0.0,0.0,0.0,5.29,2.48,0.0
20140415:0210,0.0,0.0,0.0,4.49,2.48,0.0
20140415:0310,0.0,0.0,0.0,3.9,2.55,0.0
20140415:0410,0.0,0.0,0.0,3.46,2.69,0.0
20140415:0510,0.0,0.0,0.0,3.2,2.83,0.0
20140415:0610,6554.72,137.96,10.61,3.79,2.76,0.0
20140415:0710,23990.47,381.67,20.45,5.77,3.45,0.0
20140415:0810,36573.17,561.45,29.97,7.41,4.62,0.0
20140415:0910,45290.29,701.2,38.64,8.5,4.48,0.0
20140415:1010,58687.4,927.81,45.68,9.45,4.41,0.0
20140415:1110,66008.71,1060.93,50.03,10.34,4.41,0.0
20140415:1210,65552.55,1058.53,50.7,11.21,4.34,0.0
20140415:1310,60833.09,976.98,47.5,11.76,4.28,0.0
20140415:1410,52210.85,828.39,41.24,12.26,4.41,0.0
20140415:1510,38672.57,609.5,33.02,12.38,4.55,0.0
20140415:1610,22424.66,370.91,23.72,12.13,4.55,0.0
20140415:1710,6007.48,135.88,13.93,11.5,4.28,0.0
20140415:1810,531.3,18.77,4.11,10.57,3.17,0.0
20140415:1910,0.0,0.0,0.0,9.69,3.1,0.0
20140415:2010,0.0,0.0,0.0,8.48,3.17,0.0
20140415:2110,0.0,0.0,0.0,7.51,3.17,0.0
20140415:2210,0.0,0.0,0.0,6.69,3.1,0.0
20140415:2310,0.0,0.0,0.0,5.94,2.9,0.0
20140416:0010,0.0,0.0,0.0,5.29,2.9,0.0
20140416:0110,0.0,0.0,0.0,4.71,2.83,0.0
20140416:0210,0.0,0.0,0.0,4.22,2.69,0.0
20140416:0310,0.0,0.0,0.0,3.76,2.55,0.0
20140416:0410,0.0,0.0,0.0,3.29,2.48,0.0
20140416:0510,0.0,0.0,0.0,2.9,2.48,0.0
20140416:0610,6595.71,137.19,10.92,3.46,2.28,0.0
20140416:0710,23652.72,377.8,20.76,5.99,2.69,0.0
20140416:0810,39720.75,618.58,30.29,8.2,3.03,0.0
20140416:0910,52821.09,836.62,38.97,10.08,3.45,0.0
20140416:1010,60887.74,981.95,46.03,11.38,3.72,0.0
20140416:1110,66284.99,1085.39,50.39,12.49,3.86,0.0
20140416:1210,64133.98,1050.66,51.05,13.45,3.93,0.0
20140416:1310,59819.07,974.99,47.82,14.17,3.93,0.0
20140416:1410,51019.98,821.19,41.52,14.67,4.0,0.0
20140416:1510,37985.67,607.98,33.26,14.86,3.93,0.0
20140416:1610,21925.99,367.87,23.94,14.69,4.0,0.0
20140416:1710,5900.47,135.95,14.16,14.2,3.79,0.0
20140416:1810,563.94,19.62,4.34,13.08,2.76,0.0
20140416:1910,0.0,0.0,0.0,11.63,2.55,0.0
20140416:2010,0.0,0.0,0.0,10.15,2.62,0.0
20140416:2110,0.0,0.0,0.0,9.01,2.69,0.0
20140416:2210,0.0,0.0,0.0,8.19,2.76,0.0
20140416:2310,0.0,0.0,0.0,7.52,2.76,0.0
20140417:0010,0.0,0.0,0.0,6.89,2.69,0.0
20140417:0110,0.0,0.0,0.0,6.08,2.41,0.0
20140417:0210,0.0,0.0,0.0,5.14,2.28,0.0
20140417:0310,0.0,0.0,0.0,4.23,2.28,0.0
20140417:0410,0.0,0.0,0.0,3.48,2.21,0.0
20140417:0510,0.0,0.0,0.0,2.88,2.21,0.0
20140417:0610,6960.79,144.39,11.22,3.52,1.93,0.0
20140417:0710,23695.98,383.05,21.06,7.37,1.59,0.0
20140417:0810,39723.02,632.4,30.6,9.95,1.66,0.0
20140417:0910,51107.27,836.83,39.3,12.17,1.59,0.0
20140417:1010,57705.25,981.76,46.38,14.08,1.1,0.0
20140417:1110,60965.16,1070.67,50.75,15.56,0.69,0.0
20140417:1210,60509.0,1068.0,51.4,16.64,0.69,0.0
20140417:1310,57029.74,990.45,48.13,17.39,0.97,0.0
20140417:1410,49054.93,829.41,41.79,17.91,1.31,0.0
20140417:1510,37126.48,614.6,33.51,18.24,1.86,0.0
20140417:1610,21686.15,372.71,24.17,18.22,2.41,0.0
20140417:1710,5835.95,137.39,14.38,17.82,2.69,0.0
20140417:1810,594.3,20.47,4.56,16.4,2.14,0.0
20140417:1910,0.0,0.0,0.0,14.6,2.55,0.0
20140417:2010,0.0,0.0,0.0,13.19,2.9,0.0
20140417:2110,0.0,0.0,0.0,12.41,3.31,0.0
20140417:2210,0.0,0.0,0.0,11.79,2.97,0.0
20140417:2310,0.0,0.0,0.0,11.09,2.83,0.0
20140418:0010,0.0,0.0,0.0,10.6,2.76,0.0
20140418:0110,0.0,0.0,0.0,10.23,2.69,0.0
20140418:0210,0.0,0.0,0.0,9.92,2.48,0.0
20140418:0310,0.0,0.0,0.0,9.91,2.34,0.0
20140418:0410,0.0,0.0,0.0,9.93,2.76,0.0
20140418:0510,0.0,0.85,1.79,9.99,3.24,0.0
20140418:0610,3260.66,66.94,11.52,10.04,3.24,0.0
20140418:0710,14955.34,245.47,21.37,10.29,3.93,0.0
20140418:0810,27188.9,426.72,30.91,10.9,4.21,0.0
20140418:0910,26911.86,424.54,39.63,11.88,4.34,0.0
20140418:1010,36412.27,574.19,46.72,12.23,4.28,0.0
20140418:1110,46387.04,737.57,51.11,12.69,4.34,0.0
20140418:1210,49114.13,782.89,51.74,12.9,4.48,0.0
20140418:1310,11931.48,200.05,48.44,13.11,4.69,0.0
20140418:1410,37711.67,593.81,42.06,12.84,4.83,0.0
20140418:1510,19047.86,305.73,33.75,12.14,4.9,0.0
20140418:1610,13269.6,220.83,24.4,11.68,5.03,0.0
20140418:1710,6294.39,126.3,14.6,11.1,4.76,0.0
20140418:1810,573.05,19.62,4.79,10.53,4.14,0.0
20140418:1910,0.0,0.0,0.0,9.73,3.45,0.0
20140418:2010,0.0,0.0,0.0,9.04,3.17,0.0
20140418:2110,0.0,0.0,0.0,8.34,3.38,0.0
20140418:2210,0.0,0.0,0.0,7.73,3.66,0.0
20140418:2310,0.0,0.0,0.0,6.92,3.59,0.0
20140419:0010,0.0,0.0,0.0,6.35,3.45,0.0
20140419:0110,0.0,0.0,0.0,6.01,3.38,0.0
20140419:0210,0.0,0.0,0.0,5.55,3.38,0.0
20140419:0310,0.0,0.0,0.0,5.16,3.38,0.0
20140419:0410,0.0,0.0,0.0,4.74,3.31,0.0
20140419:0510,37.95,6.82,2.09,4.53,3.31,0.0
20140419:0610,6844.66,137.64,11.82,5.08,2.97,0.0
20140419:0710,13752.32,222.86,21.66,6.54,4.48,0.0
20140419:0810,35363.33,545.76,31.22,7.7,3.86,0.0
20140419:0910,49227.98,771.69,39.95,9.13,3.66,0.0
20140419:1010,47461.79,747.65,47.06,10.25,3.93,0.0
20140419:1110,34482.89,540.95,51.46,11.13,4.62,0.0
20140419:1210,26858.73,424.61,52.08,12.07,5.1,0.0
20140419:1310,4242.81,82.21,48.74,12.82,5.17,0.0
20140419:1410,9326.59,160.77,42.33,13.53,5.03,0.0
20140419:1510,4456.85,85.87,33.99,13.64,5.1,0.0
20140419:1610,7666.66,135.45,24.62,13.25,5.03,0.0
20140419:1710,2930.5,61.2,14.82,12.66,4.28,0.0
20140419:1810,8.35,5.97,5.01,12.0,3.17,0.0
20140419:1910,0.0,0.0,0.0,10.98,2.14,0.0
20140419:2010,0.0,0.0,0.0,10.2,2.41,0.0
20140419:2110,0.0,0.0,0.0,9.68,2.07,0.0
20140419:2210,0.0,0.0,0.0,9.26,1.45,0.0
20140419:2310,0.0,0.0,0.0,8.79,1.03,0.0
20140420:0010,0.0,0.0,0.0,8.81,0.55,0.0
20140420:0110,0.0,0.0,0.0,8.72,0.9,0.0
20140420:0210,0.0,0.0,0.0,8.48,1.52,0.0
20140420:0310,0.0,0.0,0.0,7.94,1.72,0.0
20140420:0410,0.0,0.0,0.0,7.35,1.86,0.0
20140420:0510,0.0,0.85,2.39,6.78,1.93,0.0
20140420:0610,1401.87,34.71,12.11,7.23,1.52,0.0
20140420:0710,5014.71,93.17,21.96,9.07,1.72,0.0
20140420:0810,35688.18,565.69,31.52,10.88,2.21,0.0
20140420:0910,17263.46,280.1,40.27,12.29,3.52,0.0
20140420:1010,51199.86,823.27,47.4,13.27,3.72,0.0
20140420:1110,57988.36,945.97,51.81,13.82,3.66,0.0
20140420:1210,53043.47,864.0,52.42,14.95,3.72,0.0
20140420:1310,50343.71,819.03,49.05,15.98,3.86,0.0
20140420:1410,36284.0,583.3,42.6,16.2,4.0,0.0
20140420:1510,20248.6,331.03,34.23,16.34,3.86,0.0
20140420:1610,8830.21,155.93,24.84,16.35,2.76,0.0
20140420:1710,3916.44,78.69,15.04,16.1,1.79,0.0
20140420:1810,436.42,17.06,5.24,15.25,2.21,0.0
20140420:1910,0.0,0.0,0.0,14.02,1.38,0.0
20140420:2010,0.0,0.0,0.0,12.83,1.24,0.0
20140420:2110,0.0,0.0,0.0,11.92,1.86,0.0
20140420:2210,0.0,0.0,0.0,11.13,2.14,0.0
20140420:2310,0.0,0.0,0.0,10.45,1.72,0.0
20140421:0010,0.0,0.0,0.0,10.09,1.17,0.0
20140421:0110,0.0,0.0,0.0,10.68,0.69,0.0
20140421:0210,0.0,0.0,0.0,9.86,1.03,0.0
20140421:0310,0.0,0.0,0.0,9.49,1.17,0.0
20140421:0410,0.0,0.0,0.0,9.36,1.17,0.0
20140421:0510,0.0,1.71,2.68,9.28,1.31,0.0
20140421:0610,2297.49,50.24,12.4,9.49,1.24,0.0
20140421:0710,3409.43,68.51,22.25,10.45,1.24,0.0
20140421:0810,8851.46,152.99,31.82,11.17,1.24,0.0
20140421:0910,16853.6,276.11,40.58,12.25,1.38,0.0
20140421:1010,33511.37,542.41,47.73,13.18,1.38,0.0
20140421:1110,46376.42,770.08,52.15,13.68,1.03,0.0
20140421:1210,40419.79,662.56,52.75,13.68,1.24,0.0
20140421:1310,43593.92,713.8,49.35,13.82,1.59,0.0
20140421:1410,25544.9,413.68,42.86,13.96,1.72,0.0
20140421:1510,14997.84,249.96,34.47,14.37,1.38,0.0
20140421:1610,8030.22,142.76,25.07,14.81,1.45,0.0
20140421:1710,4670.89,91.23,15.25,14.45,1.66,0.0
20140421:1810,645.91,21.32,5.46,13.61,1.38,0.0
20140421:1910,0.0,0.0,0.0,12.66,1.66,0.0
20140421:2010,0.0,0.0,0.0,11.68,1.72,0.0
20140421:2110,0.0,0.0,0.0,10.91,1.59,0.0
20140421:2210,0.0,0.0,0.0,9.85,1.38,0.0
20140421:2310,0.0,0.0,0.0,8.7,1.45,0.0
20140422:0010,0.0,0.0,0.0,7.78,1.59,0.0
20140422:0110,0.0,0.0,0.0,7.67,1.59,0.0
20140422:0210,0.0,0.0,0.0,7.72,1.52,0.0
20140422:0310,0.0,0.0,0.0,7.17,1.72,0.0
20140422:0410,0.0,0.0,0.0,7.0,1.72,0.0
20140422:0510,64.52,7.68,2.97,6.91,1.72,0.0
20140422:0610,3471.67,69.43,12.68,7.68,1.31,0.0
20140422:0710,8487.14,147.41,22.53,10.75,1.31,0.0
20140422:0810,31962.25,513.52,32.11,13.06,1.72,0.0
20140422:0910,48471.26,791.87,40.89,14.8,2.34,0.0
20140422:1010,44953.29,735.85,48.06,15.99,2.62,0.0
20140422:1110,29823.39,486.36,52.49,16.9,2.76,0.0
20140422:1210,50539.53,836.64,53.08,17.28,3.03,0.0
20140422:1310,48735.39,800.49,49.65,17.3,3.38,0.0
20140422:1410,9772.88,170.82,43.12,17.62,3.79,0.0
20140422:1510,5049.63,96.83,34.7,17.57,3.52,0.0
20140422:1610,1130.91,31.06,25.29,17.49,3.17,0.0
20140422:1710,6437.08,133.07,15.47,16.23,3.17,0.0
20140422:1810,726.36,23.03,5.68,14.98,2.9,0.0
20140422:1910,0.0,0.0,0.0,13.27,1.72,0.0
20140422:2010,0.0,0.0,0.0,12.21,1.79,0.0
20140422:2110,0.0,0.0,0.0,11.14,1.93,0.0
20140422:2210,0.0,0.0,0.0,10.15,1.86,0.0
20140422:2310,0.0,0.0,0.0,9.05,1.79,0.0
20140423:0010,0.0,0.0,0.0,8.2,1.72,0.0
20140423:0110,0.0,0.0,0.0,7.28,1.79,0.0
20140423:0210,0.0,0.0,0.0,6.64,1.72,0.0
20140423:0310,0.0,0.0,0.0,6.57,1.45,0.0
20140423:0410,0.0,0.0,0.0,6.17,1.45,0.0
20140423:0510,304.36,13.65,3.26,5.65,1.31,0.0
20140423:0610,7181.66,142.5,12.97,7.0,0.69,0.0
20140423:0710,19593.58,321.42,22.82,9.69,0.55,0.0
20140423:0810,36141.3,584.04,32.4,12.23,1.03,0.0
20140423:0910,49245.44,812.56,41.2,14.56,1.66,0.0
20140423:1010,50622.26,842.58,48.39,16.03,2.0,0.0
20140423:1110,50729.28,848.61,52.83,17.32,2.28,0.0
20140423:1210,39972.74,659.74,53.41,18.27,2.62,0.0
20140423:1310,46308.87,770.37,49.94,18.55,2.55,0.0
20140423:1410,30246.15,495.0,43.38,18.27,2.83,0.0
20140423:1510,19734.76,327.01,34.93,17.8,2.48,0.0
20140423:1610,10566.04,183.67,25.5,16.49,2.07,0.0
20140423:1710,534.34,19.18,15.68,15.78,1.79,0.0
20140423:1810,397.72,16.21,5.9,15.24,1.03,0.0
20140423:1910,0.0,0.0,0.0,14.8,2.21,0.0
20140423:2010,0.0,0.0,0.0,13.66,2.14,0.0
20140423:2110,0.0,0.0,0.0,12.81,1.86,0.0
20140423:2210,0.0,0.0,0.0,11.95,1.38,0.0
20140423:2310,0.0,0.0,0.0,11.16,1.1,0.0
20140424:0010,0.0,0.0,0.0,10.62,1.72,0.0
20140424:0110,0.0,0.0,0.0,10.0,1.72,0.0
20140424:0210,0.0,0.0,0.0,10.2,1.24,0.0
20140424:0310,0.0,0.0,0.0,10.66,0.62,0.0
20140424:0410,0.0,0.0,0.0,10.65,0.69,0.0
20140424:0510,224.66,11.94,3.54,8.86,1.38,0.0
20140424:0610,3917.2,77.53,13.24,9.84,0.76,0.0
20140424:0710,5892.88,108.08,23.09,11.98,1.03,0.0
20140424:0810,11747.8,199.46,32.69,14.11,1.38,0.0
20140424:0910,8582.01,151.64,41.5,15.85,2.0,0.0
20140424:1010,29582.78,482.81,48.71,17.11,2.62,0.0
20140424:1110,60247.9,1023.61,53.17,17.85,2.55,0.0
20140424:1210,52131.16,874.46,53.73,18.66,2.76,0.0
20140424:1310,28372.94,466.28,50.23,18.78,2.97,0.0
20140424:1410,14199.37,241.14,43.64,18.73,2.97,0.0
20140424:1510,26776.76,440.81,35.16,19.17,2.97,0.0
20140424:1610,3662.18,74.9,25.72,18.75,2.48,0.0
20140424:1710,3088.37,64.86,15.89,16.5,1.79,0.0
20140424:1810,809.09,24.74,6.11,15.69,1.72,0.0
20140424:1910,0.0,0.0,0.0,14.77,2.41,0.0
20140424:2010,0.0,0.0,0.0,13.75,2.76,0.0
20140424:2110,0.0,0.0,0.0,13.13,2.9,0.0
20140424:2210,0.0,0.0,0.0,12.91,2.83,0.0
20140424:2310,0.0,0.0,0.0,12.73,2.83,0.0
20140425:0010,0.0,0.0,0.0,12.52,2.69,0.0
20140425:0110,0.0,0.0,0.0,12.31,2.48,0.0
20140425:0210,0.0,0.0,0.0,12.12,2.34,0.0
20140425:0310,0.0,0.0,0.0,11.82,2.14,0.0
20140425:0410,0.0,0.0,0.0,11.55,1.66,0.0
20140425:0510,0.0,2.56,3.82,11.11,1.38,0.0
20140425:0610,1841.33,42.93,13.52,11.48,0.83,0.0
20140425:0710,3825.36,75.82,23.37,12.52,0.55,0.0
20140425:0810,4679.99,89.52,32.97,13.18,1.38,0.0
20140425:0910,10163.01,174.47,41.79,13.66,2.14,0.0
20140425:1010,4197.27,82.21,49.03,14.53,2.48,0.0
20140425:1110,6627.59,120.58,53.5,15.13,3.24,0.0
20140425:1210,7304.62,130.63,54.05,14.63,4.34,0.0
20140425:1310,18556.03,303.01,50.52,15.24,4.97,0.0
20140425:1410,7811.63,138.85,43.89,15.57,5.24,0.0
20140425:1510,14206.2,236.67,35.39,15.46,4.69,0.0
20140425:1610,18772.35,315.06,25.93,15.55,4.14,0.0
20140425:1710,6172.95,118.94,16.1,15.27,3.59,0.0
20140425:1810,858.43,25.59,6.33,14.63,2.9,0.0
20140425:1910,0.0,0.0,0.0,12.9,2.48,0.0
20140425:2010,0.0,0.0,0.0,12.18,2.07,0.0
20140425:2110,0.0,0.0,0.0,11.52,1.93,0.0
20140425:2210,0.0,0.0,0.0,10.63,2.14,0.0
20140425:2310,0.0,0.0,0.0,9.86,2.41,0.0
20140426:0010,0.0,0.0,0.0,9.27,2.69,0.0
20140426:0110,0.0,0.0,0.0,8.92,2.83,0.0
20140426:0210,0.0,0.0,0.0,8.55,2.83,0.0
20140426:0310,0.0,0.0,0.0,8.12,2.9,0.0
20140426:0410,0.0,0.0,0.0,7.76,2.9,0.0
20140426:0510,417.45,16.21,4.09,7.62,3.1,0.0
20140426:0610,4080.38,79.28,13.78,8.68,3.03,0.0
20140426:0710,7133.84,125.71,23.64,10.07,3.79,0.0
20140426:0810,7317.52,128.8,33.25,11.01,4.83,0.0
20140426:0910,7911.06,137.93,42.09,11.31,4.97,0.0
20140426:1010,10586.53,178.13,49.34,11.09,4.69,0.0
20140426:1110,7133.84,126.06,53.82,10.89,4.07,0.0
20140426:1210,9977.06,168.99,54.37,10.99,4.28,0.0
20140426:1310,7920.16,137.93,50.81,10.83,4.07,0.0
20140426:1410,9425.26,160.77,44.14,10.95,3.79,0.0
20140426:1510,9583.13,163.51,35.62,11.7,4.48,0.0
20140426:1610,3388.94,68.51,26.15,12.18,3.86,0.0
20140426:1710,500.94,18.27,16.31,12.66,3.66,0.0
20140426:1810,1143.81,30.71,6.55,12.27,3.52,0.0
20140426:1910,0.0,0.0,0.0,10.36,2.97,0.0
20140426:2010,0.0,0.0,0.0,9.61,2.62,0.0
20140426:2110,0.0,0.0,0.0,8.92,2.9,0.0
20140426:2210,0.0,0.0,0.0,8.34,3.1,0.0
20140426:2310,0.0,0.0,0.0,7.72,3.17,0.0
20140427:0010,0.0,0.0,0.0,7.19,3.38,0.0
20140427:0110,0.0,0.0,0.0,6.81,3.52,0.0
20140427:0210,0.0,0.0,0.0,6.72,3.66,0.0
20140427:0310,0.0,0.0,0.0,7.1,3.79,0.0
20140427:0410,0.0,0.0,0.0,7.67,4.0,0.0
20140427:0510,623.14,20.47,4.36,8.35,4.21,0.0
20140427:0610,2871.3,59.38,14.05,8.95,4.28,0.0
20140427:0710,1131.67,30.14,23.9,9.41,4.21,0.0
20140427:0810,2349.1,51.15,33.52,10.23,4.34,0.0
20140427:0910,16190.23,262.3,42.37,11.27,4.41,0.0
20140427:1010,26135.41,414.92,49.65,12.53,4.55,0.0
20140427:1110,63737.78,1034.17,54.14,13.6,4.76,0.0
20140427:1210,47479.24,760.73,54.68,14.31,4.62,0.0
20140427:1310,22205.3,358.42,51.09,14.58,4.55,0.0
20140427:1410,26263.68,420.18,44.39,14.49,4.55,0.0
20140427:1510,19602.69,317.73,35.84,14.29,4.41,0.0
20140427:1610,8077.28,141.61,26.36,12.94,4.41,0.0
20140427:1710,6332.34,146.77,16.52,13.05,4.48,0.0
20140427:1810,1141.54,30.71,6.76,12.74,3.66,0.0
20140427:1910,0.0,0.0,0.0,10.96,2.76,0.0
20140427:2010,0.0,0.0,0.0,10.06,3.03,0.0
20140427:2110,0.0,0.0,0.0,9.56,2.83,0.0
20140427:2210,0.0,0.0,0.0,8.9,2.76,0.0
20140427:2310,0.0,0.0,0.0,8.2,2.69,0.0
20140428:0010,0.0,0.0,0.0,7.66,2.55,0.0
20140428:0110,0.0,0.0,0.0,7.77,2.48,0.0
20140428:0210,0.0,0.0,0.0,7.44,2.55,0.0
20140428:0310,0.0,0.0,0.0,7.75,2.62,0.0
20140428:0410,0.0,0.0,0.0,7.77,2.69,0.0
20140428:0510,711.94,22.18,4.63,7.73,2.62,0.0
20140428:0610,4896.31,92.64,14.31,8.45,2.41,0.0
20140428:0710,8988.84,153.82,24.16,9.76,2.9,0.0
20140428:0810,8399.85,145.24,33.79,10.51,2.83,0.0
20140428:0910,5246.97,97.74,42.66,11.83,2.55,0.0
20140428:1010,17362.12,283.78,49.95,12.82,2.48,0.0
20140428:1110,21309.68,345.87,54.46,13.66,2.62,0.0
20140428:1210,19858.48,324.31,54.99,14.35,2.69,0.0
20140428:1310,17887.35,293.77,51.37,14.42,2.69,0.0
20140428:1410,28781.28,464.55,44.64,14.65,2.48,0.0
20140428:1510,8988.08,157.12,36.06,14.73,2.21,0.0
20140428:1610,10212.35,176.38,26.56,14.52,2.07,0.0
20140428:1710,4347.55,84.96,16.73,14.3,2.0,0.0
20140428:1810,1273.6,33.27,6.97,13.85,1.72,0.0
20140428:1910,0.0,0.0,0.0,12.11,1.72,0.0
20140428:2010,0.0,0.0,0.0,11.2,1.79,0.0
20140428:2110,0.0,0.0,0.0,10.2,1.86,0.0
20140428:2210,0.0,0.0,0.0,9.28,1.86,0.0
20140428:2310,0.0,0.0,0.0,8.4,1.86,0.0
20140429:0010,0.0,0.0,0.0,7.88,1.86,0.0
20140429:0110,0.0,0.0,0.0,7.05,2.07,0.0
20140429:0210,0.0,0.0,0.0,6.67,2.07,0.0
20140429:0310,0.0,0.0,0.0,6.27,1.86,0.0
20140429:0410,0.0,0.0,0.0,5.66,1.79,0.0
20140429:0510,722.57,22.18,4.89,5.09,1.79,0.0
20140429:0610,5396.49,100.47,14.56,6.62,1.31,0.0
20140429:0710,25793.1,416.63,24.42,8.76,1.93,0.0
20140429:0810,39593.24,628.0,34.05,9.64,1.79,0.0
20140429:0910,43371.54,694.41,42.94,11.19,2.07,0.0
20140429:1010,37877.9,610.2,50.25,12.75,2.0,0.0
20140429:1110,30908.0,500.54,54.78,14.16,2.0,0.0
20140429:1210,50007.47,825.48,55.3,14.75,2.21,0.0
20140429:1310,20912.73,342.21,51.64,14.76,2.07,0.0
20140429:1410,7393.42,132.45,44.88,14.31,1.31,0.0
20140429:1510,5290.99,99.57,36.28,13.76,0.28,0.0
20140429:1610,2362.01,52.07,26.77,13.1,0.48,0.0
20140429:1710,1521.8,37.45,16.93,11.9,1.1,0.0
20140429:1810,186.71,11.09,7.18,11.09,1.03,0.0
20140429:1910,0.0,0.0,0.0,11.08,1.38,0.0
20140429:2010,0.0,0.0,0.0,10.56,2.0,0.0
20140429:2110,0.0,0.0,0.0,10.38,2.62,0.0
20140429:2210,0.0,0.0,0.0,10.23,2.97,0.0
20140429:2310,0.0,0.0,0.0,10.14,3.03,0.0
20140430:0010,0.0,0.0,0.0,9.95,3.03,0.0
20140430:0110,0.0,0.0,0.0,9.87,2.97,0.0
20140430:0210,0.0,0.0,0.0,9.61,2.76,0.0
20140430:0310,0.0,0.0,0.0,9.41,2.69,0.0
20140430:0410,0.0,0.0,0.0,9.25,2.55,0.0
20140430:0510,885.75,25.59,5.14,8.89,2.48,0.0
20140430:0610,8531.92,168.88,14.81,9.34,2.55,0.0
20140430:0710,24742.64,402.24,24.67,10.72,2.28,0.0
20140430:0810,39960.59,638.7,34.31,12.29,2.34,0.0
20140430:0910,51575.57,845.44,43.21,14.11,2.21,0.0
20140430:1010,32855.59,534.69,50.54,15.62,2.14,0.0
20140430:1110,21837.95,360.4,55.09,16.71,1.93,0.0
20140430:1210,15476.01,260.27,55.6,16.93,1.86,0.0
20140430:1310,12486.31,213.75,51.92,17.3,1.86,0.0
20140430:1410,2966.17,63.03,45.12,17.28,1.93,0.0
20140430:1510,6264.03,116.01,36.5,17.07,2.21,0.0
20140430:1610,3974.12,79.47,26.98,17.07,2.41,0.0
20140430:1710,5098.96,98.12,17.14,16.19,2.21,0.0
20140430:1810,987.46,28.15,7.39,15.39,1.72,0.0
20140430:1910,0.0,0.0,0.0,13.48,1.45,0.0
20140430:2010,0.0,0.0,0.0,12.81,1.31,0.0
20140430:2110,0.0,0.0,0.0,12.09,1.59,0.0
20140430:2210,0.0,0.0,0.0,11.07,1.72,0.0
20140430:2310,0.0,0.0,0.0,10.65,1.45,0.0
20140501:0010,0.0,0.0,0.0,10.45,1.52,0.0
20140501:0110,0.0,0.0,0.0,10.77,1.66,0.0
20140501:0210,0.0,0.0,0.0,10.58,2.0,0.0
20140501:0310,0.0,0.0,0.0,10.68,2.0,0.0
20140501:0410,0.0,0.0,0.0,10.58,1.93,0.0
20140501:0510,972.28,27.29,5.4,9.87,1.93,0.0
20140501:0610,7661.35,145.07,15.06,10.27,1.93,0.0
20140501:0710,5547.53,102.31,24.91,11.52,2.21,0.0
20140501:0810,14931.81,245.79,34.56,13.06,3.24,0.0
20140501:0910,40963.99,655.79,43.48,13.76,3.17,0.0
20140501:1010,12455.95,209.19,50.83,13.83,3.38,0.0
20140501:1110,13421.4,223.8,55.39,13.93,3.86,0.0
20140501:1210,4179.05,81.3,55.9,12.97,4.14,0.0
20140501:1310,37243.37,594.57,52.19,13.47,3.52,0.0
20140501:1410,18118.85,296.96,45.36,14.32,2.69,0.0
20140501:1510,8319.4,147.07,36.71,15.09,2.0,0.0
20140501:1610,11908.71,204.26,27.18,15.08,1.03,0.0
20140501:1710,5602.94,106.19,17.34,14.37,1.17,0.0
20140501:1810,8.35,5.97,7.6,12.5,2.0,0.0
20140501:1910,0.0,0.0,0.0,11.76,1.66,0.0
20140501:2010,0.0,0.0,0.0,10.6,2.21,0.0
20140501:2110,0.0,0.0,0.0,9.99,2.55,0.0
20140501:2210,0.0,0.0,0.0,9.76,2.76,0.0
20140501:2310,0.0,0.0,0.0,9.54,2.9,0.0
20140502:0010,0.0,0.0,0.0,9.43,2.9,0.0
20140502:0110,0.0,0.0,0.0,8.89,2.69,0.0
20140502:0210,0.0,0.0,0.0,8.47,2.62,0.0
20140502:0310,0.0,0.0,0.0,8.57,2.76,0.0
20140502:0410,0.0,0.0,0.0,8.51,2.76,0.0
20140502:0510,979.87,27.29,5.64,8.5,2.76,0.0
20140502:0610,7771.4,144.86,15.3,9.06,4.14,0.0
20140502:0710,5061.01,94.09,25.15,10.22,4.07,0.0
20140502:0810,5454.17,100.48,34.81,11.07,4.07,0.0
20140502:0910,15895.74,259.21,43.74,12.3,4.28,0.0
20140502:1010,7528.52,133.37,51.11,13.32,4.21,0.0
20140502:1110,12398.27,208.27,55.69,14.21,4.28,0.0
20140502:1210,10801.33,184.52,56.19,15.01,4.34,0.0
20140502:1310,8862.84,155.29,52.45,15.76,4.48,0.0
20140502:1410,27484.91,442.07,45.59,16.0,4.69,0.0
20140502:1510,22353.31,361.8,36.93,15.88,5.1,0.0
20140502:1610,13406.22,225.72,27.38,15.34,5.86,0.0
20140502:1710,7396.46,145.78,17.54,14.62,5.86,0.0
20140502:1810,1661.45,40.09,7.8,13.59,5.52,0.0
20140502:1910,0.0,0.0,0.0,12.28,5.17,0.0
20140502:2010,0.0,0.0,0.0,11.48,5.38,0.0
20140502:2110,0.0,0.0,0.0,10.41,5.1,0.0
20140502:2210,0.0,0.0,0.0,9.39,4.62,0.0
20140502:2310,0.0,0.0,0.0,8.46,4.21,0.0
20140503:0010,0.0,0.0,0.0,8.12,4.0,0.0
20140503:0110,0.0,0.0,0.0,7.64,3.86,0.0
20140503:0210,0.0,0.0,0.0,7.46,3.93,0.0
20140503:0310,0.0,0.0,0.0,6.99,3.79,0.0
20140503:0410,0.0,0.0,0.0,6.41,3.66,0.0
20140503:0510,1041.35,28.15,5.89,5.92,3.66,0.0
20140503:0610,9467.77,182.7,15.54,6.59,3.59,0.0
20140503:0710,26136.92,413.96,25.39,7.73,4.55,0.0
20140503:0810,41883.9,646.82,35.05,9.14,5.24,0.0
20140503:0910,53589.2,836.35,44.0,10.45,5.66,0.0
20140503:1010,47817.0,752.07,51.39,11.59,5.31,0.0
20140503:1110,55213.46,881.34,55.99,12.43,4.97,0.0
20140503:1210,50769.51,810.94,56.49,13.01,4.69,0.0
20140503:1310,54985.0,882.73,52.72,13.25,4.48,0.0
20140503:1410,46984.38,747.26,45.82,13.36,4.41,0.0
20140503:1510,38520.77,611.1,37.14,13.35,4.41,0.0
20140503:1610,23302.82,388.52,27.58,13.35,4.21,0.0
20140503:1710,7674.25,151.58,17.73,13.08,3.86,0.0
20140503:1810,1669.8,40.09,8.01,12.48,3.24,0.0
20140503:1910,0.0,0.0,0.0,11.68,2.83,0.0
20140503:2010,0.0,0.0,0.0,10.96,2.76,0.0
20140503:2110,0.0,0.0,0.0,10.24,2.76,0.0
20140503:2210,0.0,0.0,0.0,9.61,2.97,0.0
20140503:2310,0.0,0.0,0.0,8.99,3.03,0.0
20140504:0010,0.0,0.0,0.0,8.14,2.97,0.0
20140504:0110,0.0,0.0,0.0,7.38,2.9,0.0
20140504:0210,0.0,0.0,0.0,6.52,2.9,0.0
20140504:0310,0.0,0.0,0.0,5.91,2.76,0.0
20140504:0410,0.0,0.0,0.0,5.29,2.48,0.0
20140504:0510,1238.69,31.56,6.12,4.87,2.28,0.0
20140504:0610,9438.17,181.27,15.77,6.1,2.0,0.0
20140504:0710,23761.25,381.09,25.62,7.94,1.93,0.0
20140504:0810,39116.58,622.21,35.29,9.79,1.66,0.0
20140504:0910,49612.04,808.87,44.25,11.86,1.66,0.0
20140504:1010,58172.04,962.95,51.67,13.33,2.34,0.0
20140504:1110,61376.54,1030.68,56.28,13.96,2.21,0.0
20140504:1210,60720.76,1024.76,56.77,14.66,2.07,0.0
20140504:1310,54125.05,902.33,52.97,15.18,2.07,0.0
20140504:1410,44341.54,727.62,46.05,15.58,2.07,0.0
20140504:1510,33446.85,545.01,37.35,15.65,2.07,0.0
20140504:1610,21198.87,358.78,27.78,15.57,2.07,0.0
20140504:1710,7350.92,153.94,17.93,15.16,1.93,0.0
20140504:1810,1601.49,39.24,8.21,14.52,1.52,0.0
20140504:1910,0.0,0.0,0.0,13.24,2.07,0.0
20140504:2010,0.0,0.0,0.0,11.39,2.21,0.0
20140504:2110,0.0,0.0,0.0,9.91,2.28,0.0
20140504:2210,0.0,0.0,0.0,8.69,2.28,0.0
20140504:2310,0.0,0.0,0.0,7.69,2.28,0.0
20140505:0010,0.0,0.0,0.0,6.81,2.14,0.0
20140505:0110,0.0,0.0,0.0,6.03,2.07,0.0
20140505:0210,0.0,0.0,0.0,5.46,2.07,0.0
20140505:0310,0.0,0.0,0.0,4.97,1.93,0.0
20140505:0410,0.0,0.0,0.0,4.59,1.86,0.0
20140505:0510,1339.64,33.27,6.35,4.37,1.93,0.0
20140505:0610,9693.95,189.96,15.99,6.85,1.52,0.0
20140505:0710,25828.77,420.01,25.84,10.73,2.0,0.0
20140505:0810,40524.53,651.79,35.52,13.18,2.28,0.0
20140505:0910,50997.21,837.34,44.5,15.33,2.55,0.0
20140505:1010,58099.17,968.96,51.94,16.89,3.1,0.0
20140505:1110,61412.97,1037.81,56.56,18.03,3.17,0.0
20140505:1210,59949.62,1016.8,57.05,19.01,3.1,0.0
20140505:1310,52476.5,877.82,53.23,19.81,3.45,0.0
20140505:1410,47861.78,792.68,46.28,20.37,3.79,0.0
20140505:1510,30683.33,505.56,37.55,20.51,3.86,0.0
20140505:1610,21604.94,372.38,27.97,20.51,3.79,0.0
20140505:1710,7555.84,152.36,18.12,20.08,3.24,0.0
20140505:1810,1952.15,46.06,8.41,18.79,3.03,0.0
20140505:1910,0.0,0.0,0.0,16.64,2.76,0.0
20140505:2010,0.0,0.0,0.0,15.09,2.9,0.0
20140505:2110,0.0,0.0,0.0,14.21,2.9,0.0
20140505:2210,0.0,0.0,0.0,13.75,2.83,0.0
20140505:2310,0.0,0.0,0.0,13.35,2.76,0.0
20140506:0010,0.0,0.0,0.0,13.05,2.76,0.0
20140506:0110,0.0,0.0,0.0,12.85,2.76,0.0
20140506:0210,0.0,0.0,0.0,12.41,2.9,0.0
20140506:0310,0.0,0.0,0.0,12.53,3.03,0.0
20140506:0410,0.0,0.0,0.0,12.63,3.31,0.0
20140506:0510,524.47,18.77,6.58,12.68,3.59,0.0
20140506:0610,4625.35,88.95,16.21,12.58,3.1,0.0
20140506:0710,10576.66,180.07,26.06,12.94,3.24,0.0
20140506:0810,22364.69,359.86,35.75,13.85,3.52,0.0
20140506:0910,43489.18,696.3,44.74,15.75,4.69,0.0
20140506:1010,36692.34,590.63,52.2,17.16,5.1,0.0
20140506:1110,39310.89,632.75,56.85,17.49,5.79,0.0
20140506:1210,14373.94,241.16,57.33,17.3,5.52,0.0
20140506:1310,31811.21,515.01,53.48,18.13,5.17,0.0
20140506:1410,31375.54,508.58,46.5,18.73,5.17,0.0
20140506:1510,20421.65,337.1,37.75,19.07,4.97,0.0
20140506:1610,19038.76,324.02,28.17,19.34,4.69,0.0
20140506:1710,7475.39,150.79,18.32,16.76,5.1,0.0
20140506:1810,1792.0,42.65,8.61,15.32,4.34,0.0
20140506:1910,0.0,0.0,0.0,15.39,4.55,0.0
20140506:2010,0.0,0.0,0.0,14.61,4.76,0.0
20140506:2110,0.0,0.0,0.0,14.04,4.55,0.0
20140506:2210,0.0,0.0,0.0,13.03,4.41,0.0
20140506:2310,0.0,0.0,0.0,12.57,4.07,0.0
20140507:0010,0.0,0.0,0.0,11.91,3.79,0.0
20140507:0110,0.0,0.0,0.0,11.11,3.52,0.0
20140507:0210,0.0,0.0,0.0,10.75,3.03,0.0
20140507:0310,0.0,0.0,0.0,10.21,3.1,0.0
20140507:0410,0.0,0.0,0.0,9.98,3.24,0.0
20140507:0510,928.26,26.44,6.8,9.7,3.59,0.0
20140507:0610,5604.46,103.86,16.43,10.22,3.45,0.0
20140507:0710,11955.77,198.98,26.28,11.45,6.14,0.0
20140507:0810,22376.08,355.39,35.97,12.36,5.59,0.0
20140507:0910,39635.74,623.97,44.97,13.27,5.45,0.0
20140507:1010,22978.72,368.59,52.46,14.18,5.59,0.0
20140507:1110,24502.04,394.19,57.12,15.26,5.59,0.0
20140507:1210,20181.81,328.74,57.61,16.0,5.79,0.0
20140507:1310,11970.19,202.79,53.73,16.08,6.21,0.0
20140507:1410,8551.65,150.72,46.72,16.5,5.93,0.0
20140507:1510,9091.3,158.94,37.95,16.35,5.86,0.0
20140507:1610,22658.43,381.75,28.36,16.53,5.66,0.0
20140507:1710,7835.16,151.83,18.51,15.86,4.76,0.0
20140507:1810,2038.67,46.91,8.8,15.27,3.59,0.0
20140507:1910,0.0,0.0,0.0,14.59,2.48,0.0
20140507:2010,0.0,0.0,0.0,13.49,1.86,0.0
20140507:2110,0.0,0.0,0.0,12.28,1.93,0.0
20140507:2210,0.0,0.0,0.0,11.85,1.86,0.0
20140507:2310,0.0,0.0,0.0,11.9,1.79,0.0
20140508:0010,0.0,0.0,0.0,11.62,1.93,0.0
20140508:0110,0.0,0.0,0.0,11.2,2.14,0.0
20140508:0210,0.0,0.0,0.0,11.03,2.28,0.0
20140508:0310,0.0,0.0,0.0,11.01,2.34,0.0
20140508:0410,0.0,0.0,0.0,10.87,2.41,0.0
20140508:0510,1489.16,36.68,7.02,10.65,2.55,0.0
20140508:0610,4619.27,88.14,16.64,11.02,2.83,0.0
20140508:0710,9615.77,164.05,26.49,11.31,3.72,0.0
20140508:0810,10485.59,177.52,36.18,12.36,4.76,0.0
20140508:0910,11941.35,200.05,45.2,13.25,5.59,0.0
20140508:1010,9713.68,166.25,52.71,13.11,5.59,0.0
20140508:1110,18710.11,302.09,57.39,13.31,6.41,0.0
20140508:1210,7109.55,126.97,57.87,13.96,7.03,0.0
20140508:1310,6515.26,117.84,53.97,13.65,5.45,0.0
20140508:1410,4778.66,91.35,46.94,15.06,7.1,0.0
20140508:1510,5130.08,96.83,38.15,14.87,6.28,0.0
20140508:1610,4030.29,79.47,28.55,14.93,6.41,0.0
20140508:1710,5358.54,100.78,18.69,14.57,6.28,0.0
20140508:1810,907.0,26.44,9.0,14.0,6.0,0.0
20140508:1910,0.0,0.0,0.0,13.9,6.41,0.0
20140508:2010,0.0,0.0,0.0,13.68,6.28,0.0
20140508:2110,0.0,0.0,0.0,13.49,5.86,0.0
20140508:2210,0.0,0.0,0.0,13.37,5.45,0.0
20140508:2310,0.0,0.0,0.0,13.31,5.03,0.0
20140509:0010,0.0,0.0,0.0,13.29,4.55,0.0
20140509:0110,0.0,0.0,0.0,13.29,4.14,0.0
20140509:0210,0.0,0.0,0.0,13.3,3.93,0.0
20140509:0310,0.0,0.0,0.0,13.22,4.21,0.0
20140509:0410,0.0,0.0,0.0,13.05,4.21,0.0
20140509:0510,912.32,26.44,7.23,12.73,4.07,0.0
20140509:0610,3762.36,74.74,16.84,12.58,4.14,0.0
20140509:0710,16697.24,273.84,26.69,12.98,4.34,0.0
20140509:0810,21206.46,340.08,36.4,13.52,5.03,0.0
20140509:0910,44839.44,710.37,45.43,14.53,5.66,0.0
20140509:1010,46434.86,739.14,52.96,15.47,6.34,0.0
20140509:1110,48932.73,784.4,57.66,15.8,5.93,0.0
20140509:1210,34316.67,549.27,58.14,16.49,6.21,0.0
20140509:1310,31386.93,502.85,54.22,16.73,6.41,0.0
20140509:1410,31842.33,509.32,47.15,16.77,6.34,0.0
20140509:1510,26662.15,429.0,38.35,16.99,6.62,0.0
20140509:1610,17213.36,288.0,28.73,16.76,6.0,0.0
20140509:1710,7329.66,136.43,18.88,16.42,4.83,0.0
20140509:1810,2082.7,47.77,9.19,15.77,3.38,0.0
20140509:1910,0.0,0.0,0.0,14.72,3.1,0.0
20140509:2010,0.0,0.0,0.0,13.18,2.48,0.0
20140509:2110,0.0,0.0,0.0,12.02,2.41,0.0
20140509:2210,0.0,0.0,0.0,11.58,2.41,0.0
20140509:2310,0.0,0.0,0.0,11.51,2.34,0.0
20140510:0010,0.0,0.0,0.0,11.13,2.62,0.0
20140510:0110,0.0,0.0,0.0,10.45,2.48,0.0
20140510:0210,0.0,0.0,0.0,10.06,2.62,0.0
20140510:0310,0.0,0.0,0.0,9.97,3.17,0.0
20140510:0410,0.0,0.0,0.0,10.11,3.52,0.0
20140510:0510,333.2,14.5,7.44,10.1,3.86,0.0
20140510:0610,3021.58,62.12,17.04,10.29,3.93,0.0
20140510:0710,2672.44,56.64,26.89,11.22,5.72,0.0
20140510:0810,2497.87,53.9,36.6,11.74,5.24,0.0
20140510:0910,6504.63,116.92,45.65,12.04,5.17,0.0
20140510:1010,9475.36,162.6,53.2,12.96,5.24,0.0
20140510:1110,9688.64,166.25,57.92,13.59,5.38,0.0
20140510:1210,7960.39,139.76,58.4,13.42,6.07,0.0
20140510:1310,5577.89,103.22,54.45,13.41,5.93,0.0
20140510:1410,10774.0,182.7,47.36,13.78,6.14,0.0
20140510:1510,15079.81,247.76,38.54,13.96,6.34,0.0
20140510:1610,10250.3,175.69,28.92,14.5,5.66,0.0
20140510:1710,3570.34,72.16,19.06,15.03,5.38,0.0
20140510:1810,1704.71,40.94,9.38,14.23,4.62,0.0
20140510:1910,0.0,0.0,0.0,13.17,4.69,0.0
20140510:2010,0.0,0.0,0.0,12.53,5.03,0.0
20140510:2110,0.0,0.0,0.0,11.65,5.03,0.0
20140510:2210,0.0,0.0,0.0,11.1,4.9,0.0
20140510:2310,0.0,0.0,0.0,10.45,4.83,0.0
20140511:0010,0.0,0.0,0.0,9.89,4.9,0.0
20140511:0110,0.0,0.0,0.0,9.73,5.1,0.0
20140511:0210,0.0,0.0,0.0,9.41,5.1,0.0
20140511:0310,0.0,0.0,0.0,9.18,5.17,0.0
20140511:0410,0.0,0.0,0.0,9.09,5.24,0.0
20140511:0510,1801.87,41.79,7.64,9.04,5.38,0.0
20140511:0610,8217.69,147.95,17.24,9.38,5.52,0.0
20140511:0710,9088.27,155.0,27.09,10.47,6.28,0.0
20140511:0810,15619.46,252.89,36.8,11.42,6.34,0.0
20140511:0910,13941.31,228.17,45.86,11.71,7.24,0.0
20140511:1010,3735.04,73.99,53.43,12.43,6.97,0.0
20140511:1110,60712.41,960.2,58.18,12.41,6.9,0.0
20140511:1210,58274.5,926.63,58.65,14.0,6.97,0.0
20140511:1310,32135.3,508.04,54.69,14.44,7.17,0.0
20140511:1410,51005.56,802.94,47.57,14.45,7.17,0.0
20140511:1510,38671.81,609.64,38.73,14.43,6.83,0.0
20140511:1610,23184.41,384.39,29.1,14.05,6.97,0.0
20140511:1710,7537.63,160.46,19.25,13.56,6.28,0.0
20140511:1810,2270.17,50.32,9.57,12.74,5.45,0.0
20140511:1910,0.0,0.0,0.0,11.74,4.34,0.0
20140511:2010,0.0,0.0,0.0,10.9,3.93,0.0
20140511:2110,0.0,0.0,0.0,10.55,3.93,0.0
20140511:2210,0.0,0.0,0.0,10.08,3.93,0.0
20140511:2310,0.0,0.0,0.0,9.64,4.07,0.0
20140512:0010,0.0,0.0,0.0,9.07,4.28,0.0
20140512:0110,0.0,0.0,0.0,8.62,4.41,0.0
20140512:0210,0.0,0.0,0.0,8.35,4.34,0.0
20140512:0310,0.0,0.0,0.0,8.01,4.28,0.0
20140512:0410,0.0,0.0,0.0,7.79,4.34,0.0
20140512:0510,1762.4,40.94,7.84,7.83,4.28,0.0
20140512:0610,8339.13,149.49,17.43,8.57,3.72,0.0
20140512:0710,20445.18,326.44,27.27,9.81,5.72,0.0
20140512:0810,17112.41,274.55,36.99,10.54,5.31,0.0
20140512:0910,19060.77,305.51,46.07,11.43,4.76,0.0
20140512:1010,38699.89,610.28,53.66,11.94,4.48,0.0
20140512:1110,19509.34,315.18,58.43,13.06,4.62,0.0
20140512:1210,44647.42,712.7,58.91,13.95,4.76,0.0
20140512:1310,24980.21,400.51,54.91,14.26,4.9,0.0
20140512:1410,7695.5,136.11,47.77,13.83,4.9,0.0
20140512:1510,17909.36,290.03,38.92,13.12,5.31,0.0
20140512:1610,15170.89,250.52,29.28,12.61,4.76,0.0
20140512:1710,8475.75,159.63,19.43,11.64,3.17,0.0
20140512:1810,2591.98,55.44,9.75,11.37,2.48,0.0
20140512:1910,0.0,0.0,0.0,10.28,2.48,0.0
20140512:2010,0.0,0.0,0.0,9.27,2.48,0.0
20140512:2110,0.0,0.0,0.0,8.68,2.41,0.0
20140512:2210,0.0,0.0,0.0,8.42,2.48,0.0
20140512:2310,0.0,0.0,0.0,8.05,2.41,0.0
20140513:0010,0.0,0.0,0.0,7.89,2.41,0.0
20140513:0110,0.0,0.0,0.0,7.52,2.55,0.0
20140513:0210,0.0,0.0,0.0,6.98,2.83,0.0
20140513:0310,0.0,0.0,0.0,6.83,2.97,0.0
20140513:0410,0.0,0.0,0.0,6.63,3.03,0.0
20140513:0510,1322.94,33.27,8.03,6.83,3.03,0.0
20140513:0610,8574.42,153.19,17.61,7.89,2.83,0.0
20140513:0710,25038.65,398.54,27.46,9.2,4.55,0.0
20140513:0810,28068.58,440.93,37.18,10.52,3.86,0.0
20140513:0910,33841.53,534.05,46.27,11.8,3.79,0.0
20140513:1010,55181.58,890.66,53.88,13.12,3.86,0.0
20140513:1110,42333.98,678.84,58.67,14.03,3.93,0.0
20140513:1210,24108.12,388.67,59.15,14.39,4.07,0.0
20140513:1310,14530.3,241.46,55.14,14.77,4.14,0.0
20140513:1410,48790.8,783.92,47.97,14.62,4.0,0.0
20140513:1510,13074.53,218.93,39.1,14.27,3.45,0.0
20140513:1610,8121.3,142.41,29.46,13.31,4.48,0.0
20140513:1710,7298.54,161.73,19.6,12.91,3.86,0.0
20140513:1810,1965.81,45.21,9.94,12.66,3.38,0.0
20140513:1910,0.0,0.0,0.0,11.55,2.76,0.0
20140513:2010,0.0,0.0,0.0,10.7,2.48,0.0
20140513:2110,0.0,0.0,0.0,10.03,2.14,0.0
20140513:2210,0.0,0.0,0.0,9.68,2.07,0.0
20140513:2310,0.0,0.0,0.0,8.75,2.14,0.0
20140514:0010,0.0,0.0,0.0,7.92,2.0,0.0
20140514:0110,0.0,0.0,0.0,7.31,2.07,0.0
20140514:0210,0.0,0.0,0.0,6.71,2.14,0.0
20140514:0310,0.0,0.0,0.0,6.24,2.14,0.0
20140514:0410,0.0,0.0,0.0,5.87,2.0,0.0
20140514:0510,1880.04,42.65,8.21,5.77,1.79,0.0
20140514:0610,10309.5,196.39,17.79,7.92,1.72,0.0
20140514:0710,22126.37,355.96,27.63,9.59,2.55,0.0
20140514:0810,34638.48,547.57,37.36,10.53,2.48,0.0
20140514:0910,51835.15,842.43,46.47,11.86,2.07,0.0
20140514:1010,53734.92,886.05,54.1,12.79,1.93,0.0
20140514:1110,44621.61,729.47,58.91,14.19,2.21,0.0
20140514:1210,29967.6,486.15,59.39,15.2,2.62,0.0
20140514:1310,46775.65,765.18,55.36,15.78,2.97,0.0
20140514:1410,34179.29,553.49,48.17,16.4,3.31,0.0
20140514:1510,33980.43,549.76,39.28,16.5,3.66,0.0
20140514:1610,21813.66,366.12,29.63,16.07,4.34,0.0
20140514:1710,7277.29,162.91,19.78,15.26,4.76,0.0
20140514:1810,2145.69,48.62,10.12,14.71,4.28,0.0
20140514:1910,0.0,0.0,0.0,13.22,3.38,0.0
20140514:2010,0.0,0.0,0.0,11.91,2.9,0.0
20140514:2110,0.0,0.0,0.0,10.57,2.69,0.0
20140514:2210,0.0,0.0,0.0,9.49,2.69,0.0
20140514:2310,0.0,0.0,0.0,8.42,2.62,0.0
20140515:0010,0.0,0.0,0.0,7.44,2.62,0.0
20140515:0110,0.0,0.0,0.0,6.55,2.55,0.0
20140515:0210,0.0,0.0,0.0,5.84,2.55,0.0
20140515:0310,0.0,0.0,0.0,5.28,2.55,0.0
20140515:0410,0.0,0.0,0.0,4.96,2.55,0.0
20140515:0510,1583.27,37.53,8.39,5.04,2.48,0.0
20140515:0610,10844.59,208.92,17.96,6.62,2.62,0.0
20140515:0710,27365.75,437.23,27.8,8.51,3.03,0.0
20140515:0810,42043.29,656.87,37.54,9.92,4.0,0.0
20140515:0910,54014.24,856.2,46.66,10.95,4.07,0.0
20140515:1010,61911.63,999.0,54.31,12.1,4.21,0.0
20140515:1110,64996.21,1061.07,59.14,13.22,4.28,0.0
20140515:1210,64326.77,1053.3,59.63,14.02,4.28,0.0
20140515:1310,58735.97,954.11,55.58,14.82,4.48,0.0
20140515:1410,51092.08,821.83,48.37,15.32,4.55,0.0
20140515:1510,38615.64,618.55,39.46,15.85,4.9,0.0
20140515:1610,23309.65,391.45,29.8,15.56,4.55,0.0
20140515:1710,8026.42,167.73,19.95,15.23,4.62,0.0
20140515:1810,2047.02,46.91,10.3,14.49,3.72,0.0
20140515:1910,0.0,0.0,0.0,12.75,3.52,0.0
20140515:2010,0.0,0.0,0.0,11.29,3.31,0.0
20140515:2110,0.0,0.0,0.0,10.31,3.24,0.0
20140515:2210,0.0,0.0,0.0,9.57,3.03,0.0
20140515:2310,0.0,0.0,0.0,8.81,2.69,0.0
20140516:0010,0.0,0.0,0.0,8.23,2.69,0.0
20140516:0110,0.0,0.0,0.0,7.69,2.76,0.0
20140516:0210,0.0,0.0,0.0,7.12,2.83,0.0
20140516:0310,0.0,0.0,0.0,6.66,2.76,0.0
20140516:0410,0.0,0.0,0.0,6.21,2.69,0.0
20140516:0510,1724.45,40.09,8.56,6.24,2.62,0.0
20140516:0610,10710.25,206.9,18.13,7.8,2.62,0.0
20140516:0710,26976.38,433.34,27.97,9.82,3.17,0.0
20140516:0810,41496.05,656.92,37.71,11.69,3.31,0.0
20140516:0910,52674.6,847.54,46.84,13.45,3.66,0.0
20140516:1010,57353.84,933.87,54.52,14.84,4.14,0.0
20140516:1110,62116.56,1017.37,59.37,15.9,4.9,0.0
20140516:1210,64233.41,1054.29,59.86,16.88,5.45,0.0
20140516:1310,58528.77,955.39,55.79,17.27,5.24,0.0
20140516:1410,49946.0,809.65,48.56,18.05,5.17,0.0
20140516:1510,37838.43,612.71,39.64,18.16,4.9,0.0
20140516:1610,23208.7,394.25,29.97,18.13,5.03,0.0
20140516:1710,7341.05,165.35,20.12,17.71,4.69,0.0
20140516:1810,1974.92,46.06,10.47,16.71,3.86,0.0
20140516:1910,0.0,0.0,0.0,15.13,3.66,0.0
20140516:2010,0.0,0.0,0.0,13.74,3.72,0.0
20140516:2110,0.0,0.0,0.0,12.78,3.72,0.0
20140516:2210,0.0,0.0,0.0,12.02,3.66,0.0
20140516:2310,0.0,0.0,0.0,11.34,3.52,0.0
20140517:0010,0.0,0.0,0.0,10.68,3.38,0.0
20140517:0110,0.0,0.0,0.0,10.06,3.24,0.0
20140517:0210,0.0,0.0,0.0,9.47,3.1,0.0
20140517:0310,0.0,0.0,0.0,8.93,2.97,0.0
20140517:0410,0.0,0.0,0.0,8.43,2.83,0.0
20140517:0510,1805.66,41.79,8.73,8.42,2.69,0.0
20140517:0610,10495.45,203.52,18.29,9.9,2.55,0.0
20140517:0710,26126.3,425.57,28.13,12.29,2.76,0.0
20140517:0810,40235.35,646.7,37.87,14.3,2.9,0.0
20140517:0910,51258.31,839.14,47.02,16.07,3.1,0.0
20140517:1010,58880.94,979.07,54.72,17.41,3.59,0.0
20140517:1110,62298.72,1046.11,59.59,18.32,3.79,0.0
20140517:1210,62316.18,1049.41,60.09,19.05,3.86,0.0
20140517:1310,56398.25,940.24,56.0,19.62,4.0,0.0
20140517:1410,48863.66,805.18,48.74,20.06,4.21,0.0
20140517:1510,36743.95,603.07,39.81,20.06,4.07,0.0
20140517:1610,22688.79,390.57,30.14,19.95,3.79,0.0
20140517:1710,7251.49,164.36,20.29,19.6,3.24,0.0
20140517:1810,2148.73,49.47,10.65,18.71,2.48,0.0
20140517:1910,0.0,0.0,0.0,17.09,2.34,0.0
20140517:2010,0.0,0.0,0.0,15.4,2.48,0.0
20140517:2110,0.0,0.0,0.0,14.1,2.41,0.0
20140517:2210,0.0,0.0,0.0,12.97,2.34,0.0
20140517:2310,0.0,0.0,0.0,11.93,2.28,0.0
20140518:0010,0.0,0.0,0.0,10.93,2.21,0.0
20140518:0110,0.0,0.0,0.0,10.07,2.14,0.0
20140518:0210,0.0,0.0,0.0,9.37,2.07,0.0
20140518:0310,0.0,0.0,0.0,8.74,1.93,0.0
20140518:0410,0.0,0.0,0.0,8.2,1.86,0.0
20140518:0510,2007.56,45.21,8.9,8.38,1.59,0.0
20140518:0610,10365.66,203.26,18.45,11.34,1.03,0.0
20140518:0710,25500.88,424.79,28.28,14.08,0.83,0.0
20140518:0810,38880.53,647.83,38.03,16.26,0.62,0.0
20140518:0910,48479.61,835.4,47.19,18.39,0.48,0.0
20140518:1010,55040.4,975.1,54.91,20.17,0.62,0.0
20140518:1110,57175.47,1023.55,59.81,21.2,0.76,0.0
20140518:1210,56295.03,997.55,60.31,21.8,1.17,0.0
20140518:1310,53695.46,931.81,56.2,22.26,1.86,0.0
20140518:1410,42009.89,710.99,48.93,22.46,2.21,0.0
20140518:1510,31887.11,535.69,39.98,22.61,2.48,0.0
20140518:1610,21237.58,370.18,30.31,22.45,2.83,0.0
20140518:1710,7713.72,166.68,20.46,21.6,2.34,0.0
20140518:1810,2076.62,48.62,10.82,20.73,2.14,0.0
20140518:1910,0.0,4.26,1.73,19.49,2.14,0.0
20140518:2010,0.0,0.0,0.0,17.68,2.34,0.0
20140518:2110,0.0,0.0,0.0,16.07,2.28,0.0
20140518:2210,0.0,0.0,0.0,14.64,2.34,0.0
20140518:2310,0.0,0.0,0.0,13.49,2.48,0.0
20140519:0010,0.0,0.0,0.0,12.8,2.55,0.0
20140519:0110,0.0,0.0,0.0,12.22,2.62,0.0
20140519:0210,0.0,0.0,0.0,11.71,2.55,0.0
20140519:0310,0.0,0.0,0.0,11.13,2.41,0.0
20140519:0410,0.0,0.0,0.0,10.53,2.34,0.0
20140519:0510,1834.5,42.65,9.05,10.61,2.21,0.0
20140519:0610,10502.28,207.28,18.6,12.87,2.0,0.0
20140519:0710,25781.71,428.83,28.43,15.68,2.0,0.0
20140519:0810,39532.52,650.0,38.19,17.77,2.28,0.0
20140519:0910,43738.13,724.64,47.35,19.17,2.76,0.0
20140519:1010,57405.45,977.22,55.1,20.48,2.9,0.0
20140519:1110,60466.49,1044.16,60.02,21.84,2.97,0.0
20140519:1210,61151.87,1053.41,60.52,22.89,3.59,0.0
20140519:1310,55570.94,939.82,56.4,23.49,4.48,0.0
20140519:1410,48438.62,809.19,49.11,23.6,4.69,0.0
20140519:1510,36489.68,606.98,40.15,23.47,4.62,0.0
20140519:1610,21763.57,379.1,30.47,23.41,4.48,0.0
20140519:1710,7788.1,168.14,20.62,22.79,3.45,0.0
20140519:1810,2809.82,61.41,10.99,21.63,3.66,0.0
20140519:1910,0.0,2.56,1.91,20.26,3.79,0.0
20140519:2010,0.0,0.0,0.0,19.17,4.28,0.0
20140519:2110,0.0,0.0,0.0,18.72,4.48,0.0
20140519:2210,0.0,0.0,0.0,18.22,4.62,0.0
20140519:2310,0.0,0.0,0.0,17.52,4.41,0.0
20140520:0010,0.0,0.0,0.0,17.1,4.28,0.0
20140520:0110,0.0,0.0,0.0,16.56,4.07,0.0
20140520:0210,0.0,0.0,0.0,16.24,3.79,0.0
20140520:0310,0.0,0.0,0.0,15.79,3.66,0.0
20140520:0410,0.0,0.0,0.0,15.22,3.38,0.0
20140520:0510,2347.59,52.03,9.2,14.62,3.31,0.0
20140520:0610,9629.43,181.22,18.74,15.48,3.03,0.0
20140520:0710,14931.05,251.55,28.57,16.76,2.83,0.0
20140520:0810,24445.87,400.53,38.33,18.37,3.52,0.0
20140520:0910,13460.11,229.9,47.51,19.79,4.48,0.0
20140520:1010,40582.97,665.27,55.28,20.11,4.69,0.0
20140520:1110,6035.57,113.27,60.22,19.6,4.83,0.0
20140520:1210,18929.46,314.78,60.73,19.08,4.62,0.0
20140520:1310,35117.41,574.35,56.6,19.17,4.14,0.0
20140520:1410,10068.14,177.21,49.29,20.13,4.21,0.0
20140520:1510,6192.68,116.01,40.32,19.78,3.45,0.0
20140520:1610,3104.31,65.77,30.63,19.14,2.76,0.0
20140520:1710,4777.91,92.65,20.78,17.36,2.55,0.0
20140520:1810,3036.0,63.97,11.15,16.34,1.79,0.0
20140520:1910,7.59,5.97,2.09,15.15,0.07,0.0
20140520:2010,0.0,0.0,0.0,14.57,1.38,0.0
20140520:2110,0.0,0.0,0.0,14.11,1.86,0.0
20140520:2210,0.0,0.0,0.0,13.97,2.07,0.0
20140520:2310,0.0,0.0,0.0,13.71,2.28,0.0
20140521:0010,0.0,0.0,0.0,13.34,2.55,0.0
20140521:0110,0.0,0.0,0.0,12.97,2.83,0.0
20140521:0210,0.0,0.0,0.0,12.72,2.55,0.0
20140521:0310,0.0,0.0,0.0,12.4,2.14,0.0
20140521:0410,0.0,0.0,0.0,12.04,1.79,0.0
20140521:0510,119.92,9.38,9.35,11.93,1.59,0.0
20140521:0610,2527.47,54.81,18.88,13.26,1.72,0.0
20140521:0710,2409.07,52.98,28.71,14.05,1.93,0.0
20140521:0810,2724.81,58.46,38.47,15.11,2.69,0.0
20140521:0910,3437.51,70.34,47.67,15.74,2.55,0.0
20140521:1010,0.0,0.0,0.0,16.55,3.1,0.0
20140521:1110,12140.96,207.36,60.42,17.11,3.31,0.0
20140521:1210,28857.94,471.79,60.94,18.56,4.14,0.0
20140521:1310,36827.44,605.14,56.79,20.28,4.28,0.0
20140521:1410,20228.87,338.21,49.46,21.22,4.41,0.0
20140521:1510,2632.97,58.46,40.48,22.05,4.62,0.0
20140521:1610,1703.96,42.02,30.78,20.96,2.97,0.0
20140521:1710,1020.1,29.23,20.93,19.84,1.86,0.0
20140521:1810,664.12,22.18,11.31,19.84,2.97,0.0
20140521:1910,0.0,3.41,2.26,18.08,5.03,0.0
20140521:2010,0.0,0.0,0.0,17.15,5.79,0.0
20140521:2110,0.0,0.0,0.0,16.07,7.24,0.0
20140521:2210,0.0,0.0,0.0,14.59,5.17,0.0
20140521:2310,0.0,0.0,0.0,13.55,5.86,0.0
20140522:0010,0.0,0.0,0.0,12.66,5.31,0.0
20140522:0110,0.0,0.0,0.0,11.77,4.48,0.0
20140522:0210,0.0,0.0,0.0,10.81,3.79,0.0
20140522:0310,0.0,0.0,0.0,10.19,3.31,0.0
20140522:0410,0.0,0.0,0.0,9.7,2.97,0.0
20140522:0510,1842.85,42.65,9.49,9.82,2.83,0.0
20140522:0610,10774.76,210.87,19.01,11.2,2.48,0.0
20140522:0710,19448.62,317.79,28.84,13.13,3.31,0.0
20140522:0810,2785.53,59.38,38.61,14.94,4.07,0.0
20140522:0910,5459.49,102.31,47.82,15.34,4.41,0.0
20140522:1010,11996.75,203.7,55.62,15.74,3.72,0.0
20140522:1110,32234.73,523.44,60.61,17.94,4.69,0.0
20140522:1210,59242.99,977.79,61.14,18.98,5.38,0.0
20140522:1310,58069.57,953.37,56.98,19.64,5.93,0.0
20140522:1410,38995.9,634.79,49.63,20.22,5.72,0.0
20140522:1510,14752.68,250.37,40.64,20.54,5.59,0.0
20140522:1610,21364.33,363.2,30.94,20.04,5.45,0.0
20140522:1710,2401.48,53.9,21.09,19.36,4.48,0.0
20140522:1810,2957.82,63.12,11.47,18.59,4.48,0.0
20140522:1910,56.92,7.68,2.42,17.11,4.62,0.0
20140522:2010,0.0,0.0,0.0,15.55,4.69,0.0
20140522:2110,0.0,0.0,0.0,14.26,4.55,0.0
20140522:2210,0.0,0.0,0.0,13.34,4.34,0.0
20140522:2310,0.0,0.0,0.0,12.57,3.86,0.0
20140523:0010,0.0,0.0,0.0,11.83,3.45,0.0
20140523:0110,0.0,0.0,0.0,11.12,3.03,0.0
20140523:0210,0.0,0.0,0.0,10.37,2.69,0.0
20140523:0310,0.0,0.0,0.0,9.81,2.69,0.0
20140523:0410,0.0,0.0,0.0,9.5,2.76,0.0
20140523:0510,2614.0,55.44,9.62,9.72,2.76,0.0
20140523:0610,10487.1,198.77,19.14,11.15,2.97,0.0
20140523:0710,14374.7,237.53,28.97,13.09,5.03,0.0
20140523:0810,22285.0,357.64,38.74,13.99,4.9,0.0
20140523:0910,27568.4,440.75,47.96,15.09,5.31,0.0
20140523:1010,20877.81,339.11,55.78,15.76,5.66,0.0
20140523:1110,21579.13,351.58,60.8,16.5,5.31,0.0
20140523:1210,32686.34,527.01,61.33,16.46,4.69,0.0
20140523:1310,27285.29,443.69,57.16,17.1,4.0,0.0
20140523:1410,6793.05,124.23,49.8,17.36,3.72,0.0
20140523:1510,9498.13,165.34,40.79,16.02,4.07,0.0
20140523:1610,7193.8,129.71,31.09,15.95,3.86,0.0
20140523:1710,6313.36,116.58,21.24,15.95,4.0,0.0
20140523:1810,2643.6,57.15,11.63,15.43,3.72,0.0
20140523:1910,0.0,3.41,2.59,13.83,3.38,0.0
20140523:2010,0.0,0.0,0.0,12.94,3.03,0.0
20140523:2110,0.0,0.0,0.0,12.17,2.9,0.0
20140523:2210,0.0,0.0,0.0,11.58,3.17,0.0
20140523:2310,0.0,0.0,0.0,11.37,3.31,0.0
20140524:0010,0.0,0.0,0.0,11.07,3.52,0.0
20140524:0110,0.0,0.0,0.0,10.85,3.86,0.0
20140524:0210,0.0,0.0,0.0,10.44,3.86,0.0
20140524:0310,0.0,0.0,0.0,10.03,3.86,0.0
20140524:0410,0.0,0.0,0.0,9.28,3.79,0.0
20140524:0510,1451.97,35.82,9.75,9.25,4.0,0.0
20140524:0610,2241.33,49.33,19.26,9.93,3.66,0.0
20140524:0710,7073.12,125.15,29.09,11.18,5.17,0.0
20140524:0810,29621.49,465.69,38.86,12.3,5.52,0.0
20140524:0910,18279.76,295.51,48.09,13.43,6.34,0.0
20140524:1010,4097.84,80.39,55.94,14.46,6.9,0.0
20140524:1110,7715.99,137.02,60.98,15.3,6.97,0.0
20140524:1210,21312.72,345.05,61.52,15.67,6.69,0.0
20140524:1310,7871.59,139.76,57.34,15.79,6.41,0.0
20140524:1410,0.0,0.0,0.0,15.87,6.34,0.0
20140524:1510,5678.08,105.96,40.94,16.14,5.93,0.0
20140524:1610,14789.87,247.61,31.24,16.03,5.38,0.0
20140524:1710,9023.75,174.57,21.39,15.58,5.1,0.0
20140524:1810,2391.61,52.88,11.78,15.3,4.48,0.0
20140524:1910,149.52,10.24,2.75,14.09,3.93,0.0
20140524:2010,0.0,0.0,0.0,13.24,3.31,0.0
20140524:2110,0.0,0.0,0.0,12.15,3.1,0.0
20140524:2210,0.0,0.0,0.0,11.47,3.03,0.0
20140524:2310,0.0,0.0,0.0,10.9,2.83,0.0
20140525:0010,0.0,0.0,0.0,10.22,2.69,0.0
20140525:0110,0.0,0.0,0.0,9.54,2.41,0.0
20140525:0210,0.0,0.0,0.0,8.81,2.14,0.0
20140525:0310,0.0,0.0,0.0,8.02,1.93,0.0
20140525:0410,0.0,0.0,0.0,7.22,1.93,0.0
20140525:0510,2019.7,45.21,9.87,7.17,1.45,0.0
20140525:0610,10437.01,194.78,19.38,9.92,0.69,0.0
20140525:0710,25457.62,419.92,29.2,12.35,0.97,0.0
20140525:0810,38686.23,630.91,38.98,14.2,1.38,0.0
20140525:0910,15701.43,261.85,48.22,15.82,2.41,0.0
20140525:1010,43406.45,716.78,56.09,16.74,2.21,0.0
20140525:1110,55422.94,947.1,61.15,17.53,1.66,0.0
20140525:1210,35951.55,601.28,61.71,18.26,1.24,0.0
20140525:1310,45247.03,771.97,57.51,18.64,0.9,0.0
20140525:1410,40636.86,681.49,50.12,19.01,1.45,0.0
20140525:1510,25520.62,423.32,41.09,19.26,2.28,0.0
20140525:1610,12445.32,214.83,31.38,19.14,2.9,0.0
20140525:1710,8921.29,176.31,21.53,18.78,2.76,0.0
20140525:1810,3010.19,63.97,11.93,18.26,2.9,0.0
20140525:1910,211.76,11.94,2.9,17.1,2.34,0.0
20140525:2010,0.0,0.0,0.0,15.88,2.55,0.0
20140525:2110,0.0,0.0,0.0,15.05,2.41,0.0
20140525:2210,0.0,0.0,0.0,14.56,2.28,0.0
20140525:2310,0.0,0.0,0.0,13.97,2.14,0.0
20140526:0010,0.0,0.0,0.0,13.54,2.0,0.0
20140526:0110,0.0,0.0,0.0,13.09,2.14,0.0
20140526:0210,0.0,0.0,0.0,12.79,2.0,0.0
20140526:0310,0.0,0.0,0.0,12.36,1.72,0.0
20140526:0410,0.0,0.0,0.0,11.83,1.52,0.0
20140526:0510,782.53,23.88,9.99,11.77,1.17,0.0
20140526:0610,2420.45,52.98,19.49,12.92,1.03,0.0
20140526:0710,4857.6,92.26,29.31,12.88,1.03,0.0
20140526:0810,6541.06,118.75,39.09,13.31,1.03,0.0
20140526:0910,17938.96,296.62,48.34,13.98,0.76,0.0
20140526:1010,10500.01,180.87,56.23,14.42,0.97,0.0
20140526:1110,9907.99,171.73,61.32,14.7,1.24,0.0
20140526:1210,5379.79,101.4,61.88,15.29,1.38,0.0
20140526:1310,3376.79,69.42,57.68,15.75,1.45,0.0
20140526:1410,20382.19,337.08,50.27,16.77,2.0,0.0
20140526:1510,6276.17,116.01,41.24,16.56,1.93,0.0
20140526:1610,14290.45,242.45,31.52,16.94,2.41,0.0
20140526:1710,8809.71,161.02,21.68,16.46,3.17,0.0
20140526:1810,3408.67,69.94,12.08,16.1,3.24,0.0
20140526:1910,216.32,11.94,3.06,14.4,2.14,0.0
20140526:2010,0.0,0.0,0.0,13.98,2.48,0.0
20140526:2110,0.0,0.0,0.0,13.65,2.76,0.0
20140526:2210,0.0,0.0,0.0,13.17,2.97,0.0
20140526:2310,0.0,0.0,0.0,12.62,3.24,0.0
20140527:0010,0.0,0.0,0.0,12.3,3.45,0.0
20140527:0110,0.0,0.0,0.0,12.17,3.52,0.0
20140527:0210,0.0,0.0,0.0,12.21,3.31,0.0
20140527:0310,0.0,0.0,0.0,12.19,3.38,0.0
20140527:0410,0.0,0.0,0.0,12.22,3.52,0.0
20140527:0510,1380.62,34.97,10.1,12.26,3.59,0.0
20140527:0610,2376.43,52.07,19.59,12.49,3.86,0.0
20140527:0710,4058.37,79.47,29.41,13.2,4.14,0.0
20140527:0810,14285.14,236.78,39.2,13.82,3.66,0.0
20140527:0910,9507.99,164.43,48.46,14.39,3.72,0.0
20140527:1010,6692.1,121.49,56.37,15.16,3.93,0.0
20140527:1110,11341.74,193.66,61.48,15.93,4.07,0.0
20140527:1210,9447.27,165.34,62.05,17.14,4.14,0.0
20140527:1310,8883.34,157.12,57.84,17.96,4.28,0.0
20140527:1410,19019.02,314.97,50.42,18.26,4.34,0.0
20140527:1510,20430.76,334.11,41.38,16.85,5.03,0.0
20140527:1610,14112.09,238.35,31.66,16.66,3.72,0.0
20140527:1710,6673.13,122.41,21.82,16.15,4.0,0.0
20140527:1810,3068.64,63.97,12.22,14.68,4.21,0.0
20140527:1910,183.68,11.09,3.21,13.51,3.1,0.0
20140527:2010,0.0,0.0,0.0,12.62,2.76,0.0
20140527:2110,0.0,0.0,0.0,12.25,2.69,0.0
20140527:2210,0.0,0.0,0.0,11.95,2.55,0.0
20140527:2310,0.0,0.0,0.0,11.74,2.34,0.0
20140528:0010,0.0,0.0,0.0,11.51,2.28,0.0
20140528:0110,0.0,0.0,0.0,11.25,2.34,0.0
20140528:0210,0.0,0.0,0.0,10.95,2.48,0.0
20140528:0310,0.0,0.0,0.0,10.97,2.55,0.0
20140528:0410,0.0,0.0,0.0,10.95,2.62,0.0
20140528:0510,1247.04,32.41,10.21,10.86,2.69,0.0
20140528:0610,3974.88,77.65,19.69,11.36,2.76,0.0
20140528:0710,9132.29,157.29,29.51,11.96,2.97,0.0
20140528:0810,6301.22,114.18,39.3,12.16,2.55,0.0
20140528:0910,12503.01,209.19,48.57,12.58,2.55,0.0
20140528:1010,14896.13,246.03,56.5,12.94,2.69,0.0
20140528:1110,20885.4,338.97,61.63,13.46,2.83,0.0
20140528:1210,28712.97,460.37,62.22,13.58,3.45,0.0
20140528:1310,6483.38,117.84,58.0,14.18,3.45,0.0
20140528:1410,7966.46,140.68,50.57,14.24,3.79,0.0
20140528:1510,14004.31,233.35,41.52,14.39,3.38,0.0
20140528:1610,7728.9,137.02,31.8,14.1,3.38,0.0
20140528:1710,4906.94,93.17,21.95,13.89,3.03,0.0
20140528:1810,3404.12,69.09,12.36,13.1,2.41,0.0
20140528:1910,151.04,10.24,3.35,12.69,1.79,0.0
20140528:2010,0.0,0.0,0.0,12.04,1.59,0.0
20140528:2110,0.0,0.0,0.0,11.62,1.59,0.0
20140528:2210,0.0,0.0,0.0,11.51,1.59,0.0
20140528:2310,0.0,0.0,0.0,11.17,1.52,0.0
20140529:0010,0.0,0.0,0.0,10.9,1.52,0.0
20140529:0110,0.0,0.0,0.0,10.44,1.66,0.0
20140529:0210,0.0,0.0,0.0,9.81,1.72,0.0
20140529:0310,0.0,0.0,0.0,9.24,1.66,0.0
20140529:0410,0.0,0.85,1.49,8.74,1.66,0.0
20140529:0510,2413.62,52.03,10.31,8.86,1.31,0.0
20140529:0610,7341.05,131.58,19.79,10.9,1.31,0.0
20140529:0710,11307.58,191.65,29.6,12.65,1.66,0.0
20140529:0810,36760.65,594.79,39.39,14.24,2.0,0.0
20140529:0910,22129.4,361.98,48.67,15.47,2.21,0.0
20140529:1010,33357.29,544.79,56.62,16.47,2.41,0.0
20140529:1110,26133.89,429.01,61.78,17.6,2.9,0.0
20140529:1210,22152.93,365.71,62.38,18.06,3.24,0.0
20140529:1310,32047.26,525.71,58.16,18.33,3.1,0.0
20140529:1410,6865.91,126.06,50.71,18.45,3.1,0.0
20140529:1510,14773.18,250.06,41.65,18.61,2.97,0.0
20140529:1610,7733.45,139.76,31.93,18.36,2.62,0.0
20140529:1710,8049.2,147.05,22.08,17.83,2.28,0.0
20140529:1810,3229.54,67.38,12.5,17.22,1.93,0.0
20140529:1910,179.88,11.09,3.49,16.14,1.38,0.0
20140529:2010,0.0,0.0,0.0,15.04,1.45,0.0
20140529:2110,0.0,0.0,0.0,13.82,1.38,0.0
20140529:2210,0.0,0.0,0.0,12.65,1.45,0.0
20140529:2310,0.0,0.0,0.0,11.72,1.45,0.0
20140530:0010,0.0,0.0,0.0,11.23,1.45,0.0
20140530:0110,0.0,0.0,0.0,10.76,1.45,0.0
20140530:0210,0.0,0.0,0.0,10.49,1.38,0.0
20140530:0310,0.0,0.0,0.0,10.13,1.38,0.0
20140530:0410,0.0,1.71,1.59,10.01,1.38,0.0
20140530:0510,2137.34,47.77,10.4,10.44,1.24,0.0
20140530:0610,10519.74,203.4,19.87,12.92,1.1,0.0
20140530:0710,25686.08,428.51,29.69,14.32,0.9,0.0
20140530:0810,36755.33,604.85,39.48,15.78,1.17,0.0
20140530:0910,31891.66,525.52,48.77,17.04,1.45,0.0
20140530:1010,23346.84,387.63,56.74,17.91,1.59,0.0
20140530:1110,23279.29,388.03,61.92,18.96,1.86,0.0
20140530:1210,30183.91,500.92,62.53,19.11,2.14,0.0
20140530:1310,14812.64,251.45,58.31,18.72,2.34,0.0
20140530:1410,9220.33,163.51,50.85,18.92,2.55,0.0
20140530:1510,22149.14,367.67,41.78,19.04,2.69,0.0
20140530:1610,21811.38,371.75,32.06,18.87,2.9,0.0
20140530:1710,9136.08,180.87,22.21,18.43,3.1,0.0
20140530:1810,3117.21,65.68,12.63,17.94,2.76,0.0
20140530:1910,355.21,15.35,3.63,17.1,2.83,0.0
20140530:2010,0.0,0.0,0.0,15.95,2.76,0.0
20140530:2110,0.0,0.0,0.0,15.16,2.76,0.0
20140530:2210,0.0,0.0,0.0,14.52,2.76,0.0
20140530:2310,0.0,0.0,0.0,13.67,2.55,0.0
20140531:0010,0.0,0.0,0.0,13.02,2.48,0.0
20140531:0110,0.0,0.0,0.0,12.43,2.48,0.0
20140531:0210,0.0,0.0,0.0,11.89,2.55,0.0
20140531:0310,0.0,0.0,0.0,11.28,2.55,0.0
20140531:0410,0.0,2.56,1.69,10.98,2.41,0.0
20140531:0510,2594.26,55.44,10.49,11.09,2.07,0.0
20140531:0610,10780.84,209.7,19.96,12.35,2.07,0.0
20140531:0710,26010.17,426.92,29.77,13.17,2.28,0.0
20140531:0810,40196.64,650.2,39.56,14.56,2.41,0.0
20140531:0910,50916.76,835.4,48.87,16.08,2.9,0.0
20140531:1010,49738.79,819.12,56.85,17.24,3.38,0.0
20140531:1110,41808.76,685.61,62.05,17.74,3.45,0.0
20140531:1210,48256.46,798.3,62.68,18.21,3.45,0.0
20140531:1310,52792.24,879.19,58.45,18.78,3.38,0.0
20140531:1410,48338.43,799.96,50.99,19.12,3.24,0.0
20140531:1510,37112.06,611.54,41.91,19.4,3.1,0.0
20140531:1610,22792.01,389.81,32.18,19.37,3.24,0.0
20140531:1710,9551.26,183.49,22.34,18.91,3.24,0.0
20140531:1810,3218.92,67.38,12.76,18.04,2.76,0.0
20140531:1910,431.87,17.06,3.77,17.07,2.55,0.0
20140531:2010,0.0,0.0,0.0,16.23,2.9,0.0
20140531:2110,0.0,0.0,0.0,15.5,3.24,0.0
20140531:2210,0.0,0.0,0.0,14.93,3.1,0.0
20140531:2310,0.0,0.0,0.0,13.96,2.69,0.0
20140601:0010,0.0,0.0,0.0,13.31,2.48,0.0
20140601:0110,0.0,0.0,0.0,12.69,2.41,0.0
20140601:0210,0.0,0.0,0.0,11.86,2.34,0.0
20140601:0310,0.0,0.0,0.0,11.6,2.28,0.0
20140601:0410,9.11,5.97,1.78,11.01,2.28,0.0
20140601:0510,2340.76,51.18,10.57,10.7,2.07,0.0
20140601:0610,10761.1,209.1,20.03,11.57,2.14,0.0
20140601:0710,24697.1,405.07,29.84,13.05,2.14,0.0
20140601:0810,17887.35,294.06,39.64,14.5,2.21,0.0
20140601:0910,32686.34,530.79,48.95,15.58,2.34,0.0
20140601:1010,27585.86,451.41,56.95,16.68,2.41,0.0
20140601:1110,42516.9,701.89,62.18,17.28,2.55,0.0
20140601:1210,7890.56,141.59,62.82,17.35,2.76,0.0
20140601:1310,32111.77,525.21,58.59,17.09,2.69,0.0
20140601:1410,23316.48,383.61,51.12,17.06,2.34,0.0
20140601:1510,7482.22,135.19,42.04,17.09,2.14,0.0
20140601:1610,8576.7,152.4,32.3,17.09,2.0,0.0
20140601:1710,3190.08,66.68,22.46,16.97,1.45,0.0
20140601:1810,3446.62,70.8,12.88,16.43,1.17,0.0
20140601:1910,248.19,12.79,3.89,15.9,1.31,0.0
20140601:2010,0.0,0.0,0.0,14.89,1.72,0.0
20140601:2110,0.0,0.0,0.0,14.24,1.45,0.0
20140601:2210,0.0,0.0,0.0,13.6,1.31,0.0
20140601:2310,0.0,0.0,0.0,13.26,1.38,0.0
20140602:0010,0.0,0.0,0.0,12.69,1.59,0.0
20140602:0110,0.0,0.0,0.0,11.95,1.72,0.0
20140602:0210,0.0,0.0,0.0,11.48,1.72,0.0
20140602:0310,0.0,0.0,0.0,11.18,1.72,0.0
20140602:0410,9.11,5.97,1.87,11.09,1.66,0.0
20140602:0510,3007.16,62.27,10.65,11.41,1.59,0.0
20140602:0610,5809.39,106.92,20.1,11.84,2.21,0.0
20140602:0710,23314.96,382.53,29.91,12.86,1.86,0.0
20140602:0810,31849.92,515.74,39.71,14.05,1.66,0.0
20140602:0910,43981.01,722.74,49.03,15.1,1.72,0.0
20140602:1010,26315.29,432.48,57.05,16.25,1.59,0.0
20140602:1110,27283.01,449.47,62.3,17.3,2.0,0.0
20140602:1210,42255.05,700.6,62.96,17.47,2.21,0.0
20140602:1310,37111.3,609.72,58.72,17.47,2.55,0.0
20140602:1410,19507.06,323.34,51.24,17.53,2.76,0.0
20140602:1510,16335.2,274.26,42.16,17.99,2.48,0.0
20140602:1610,15076.78,256.39,32.42,18.01,2.14,0.0
20140602:1710,9498.89,175.38,22.58,17.83,1.93,0.0
20140602:1810,3794.24,76.77,13.0,17.46,1.38,0.0
20140602:1910,393.92,16.21,4.02,16.83,1.45,0.0
20140602:2010,0.0,0.0,0.0,15.82,1.31,0.0
20140602:2110,0.0,0.0,0.0,14.62,1.24,0.0
20140602:2210,0.0,0.0,0.0,13.44,1.52,0.0
20140602:2310,0.0,0.0,0.0,12.9,1.38,0.0
20140603:0010,0.0,0.0,0.0,12.36,1.38,0.0
20140603:0110,0.0,0.0,0.0,12.26,1.1,0.0
20140603:0210,0.0,0.0,0.0,12.82,0.76,0.0
20140603:0310,0.0,0.0,0.0,12.72,0.34,0.0
20140603:0410,0.0,4.26,1.95,12.32,0.55,0.0
20140603:0510,2018.94,46.06,10.72,11.98,0.83,0.0
20140603:0610,4257.23,83.13,20.17,13.86,0.83,0.0
20140603:0710,11796.38,201.62,29.97,15.07,1.24,0.0
20140603:0810,16052.09,268.83,39.78,16.74,1.79,0.0
20140603:0910,17338.6,289.92,49.1,17.76,2.34,0.0
20140603:1010,23494.09,388.19,57.14,18.22,2.62,0.0
20140603:1110,24062.58,398.29,62.41,18.76,2.76,0.0
20140603:1210,13074.53,223.8,63.09,18.92,3.03,0.0
20140603:1310,24806.4,408.64,58.85,18.38,3.1,0.0
20140603:1410,18602.33,307.7,51.36,17.23,3.66,0.0
20140603:1510,20397.37,335.92,42.27,17.32,3.52,0.0
20140603:1610,18340.48,307.56,32.54,17.16,3.31,0.0
20140603:1710,9205.91,166.92,22.7,17.12,2.76,0.0
20140603:1810,3911.89,78.47,13.12,16.95,1.93,0.0
20140603:1910,283.11,13.65,4.14,16.46,1.72,0.0
20140603:2010,0.0,0.0,0.0,15.41,1.52,0.0
20140603:2110,0.0,0.0,0.0,14.53,1.66,0.0
20140603:2210,0.0,0.0,0.0,14.27,1.79,0.0
20140603:2310,0.0,0.0,0.0,14.01,2.07,0.0
20140604:0010,0.0,0.0,0.0,13.88,2.14,0.0
20140604:0110,0.0,0.0,0.0,13.25,2.21,0.0
20140604:0210,0.0,0.0,0.0,12.91,2.07,0.0
20140604:0310,0.0,0.0,0.0,12.74,2.28,0.0
20140604:0410,8.35,5.97,2.02,12.69,2.48,0.0
20140604:0510,565.46,19.62,10.78,12.68,2.48,0.0
20140604:0610,5688.71,105.37,20.23,13.06,2.69,0.0
20140604:0710,5442.79,101.4,30.03,13.53,3.31,0.0
20140604:0810,14928.01,246.08,39.84,13.58,4.07,0.0
20140604:0910,11058.63,188.18,49.17,14.38,3.66,0.0
20140604:1010,8559.24,150.72,57.22,15.62,3.52,0.0
20140604:1110,31540.25,509.42,62.52,15.87,3.86,0.0
20140604:1210,3721.38,74.9,63.21,15.85,3.93,0.0
20140604:1310,3495.95,71.25,58.98,15.76,3.52,0.0
20140604:1410,3300.89,67.6,51.48,14.24,5.17,0.0
20140604:1510,8415.79,147.07,42.38,13.79,5.03,0.0
20140604:1610,20793.56,341.4,32.65,13.72,4.9,0.0
20140604:1710,9260.56,164.66,22.81,14.43,5.59,0.0
20140604:1810,3978.68,78.47,13.24,14.23,5.52,0.0
20140604:1910,402.27,16.21,4.26,13.48,3.66,0.0
20140604:2010,0.0,0.0,0.0,12.33,2.83,0.0
20140604:2110,0.0,0.0,0.0,11.46,2.62,0.0
20140604:2210,0.0,0.0,0.0,10.75,2.69,0.0
20140604:2310,0.0,0.0,0.0,10.3,2.97,0.0
20140605:0010,0.0,0.0,0.0,9.93,3.31,0.0
20140605:0110,0.0,0.0,0.0,9.46,3.45,0.0
20140605:0210,0.0,0.0,0.0,9.1,3.52,0.0
20140605:0310,0.0,0.0,0.0,8.8,3.38,0.0
20140605:0410,35.67,6.82,2.09,8.48,3.17,0.0
20140605:0510,3053.46,62.27,10.84,8.64,3.17,0.0
20140605:0610,10935.67,210.15,20.28,9.97,3.17,0.0
20140605:0710,23602.62,381.51,30.08,11.41,3.38,0.0
20140605:0810,40560.96,645.53,39.89,13.01,3.45,0.0
20140605:0910,42475.92,681.44,49.23,14.42,3.66,0.0
20140605:1010,46698.99,755.53,57.3,15.22,3.86,0.0
20140605:1110,54861.28,901.49,62.62,15.78,3.66,0.0
20140605:1210,44848.55,733.36,63.33,16.34,3.31,0.0
20140605:1310,50903.85,841.21,59.1,16.9,3.03,0.0
20140605:1410,47631.04,784.45,51.59,17.35,2.83,0.0
20140605:1510,36025.94,591.57,42.49,17.91,2.62,0.0
20140605:1610,23808.31,406.81,32.75,18.0,2.34,0.0
20140605:1710,8406.68,185.3,22.91,17.83,2.07,0.0
20140605:1810,2562.38,56.3,13.35,17.37,1.66,0.0
20140605:1910,512.33,18.77,4.37,16.37,1.45,0.0
20140605:2010,0.0,0.0,0.0,14.22,1.45,0.0
20140605:2110,0.0,0.0,0.0,12.45,1.72,0.0
20140605:2210,0.0,0.0,0.0,11.1,2.07,0.0
20140605:2310,0.0,0.0,0.0,10.5,2.34,0.0
20140606:0010,0.0,0.0,0.0,10.32,2.41,0.0
20140606:0110,0.0,0.0,0.0,10.13,2.55,0.0
20140606:0210,0.0,0.0,0.0,10.08,2.69,0.0
20140606:0310,0.0,0.0,0.0,10.28,2.76,0.0
20140606:0410,62.24,7.68,2.15,10.17,2.9,0.0
20140606:0510,2292.18,50.32,10.89,10.62,2.76,0.0
20140606:0610,10399.06,192.13,20.33,12.43,2.41,0.0
20140606:0710,25709.61,425.26,30.13,14.76,2.48,0.0
20140606:0810,39355.67,643.29,39.94,17.09,2.55,0.0
20140606:0910,49747.14,831.41,49.29,19.19,2.55,0.0
20140606:1010,56918.93,974.65,57.37,21.04,2.62,0.0
20140606:1110,58580.38,1013.83,62.72,22.62,2.83,0.0
20140606:1210,57937.51,1003.95,63.44,24.03,3.17,0.0
20140606:1310,53932.26,929.13,59.21,25.13,3.38,0.0
20140606:1410,47500.5,809.45,51.7,25.87,3.66,0.0
20140606:1510,36458.56,617.8,42.6,26.28,3.86,0.0
20140606:1610,21687.67,381.25,32.86,26.34,3.93,0.0
20140606:1710,9316.72,188.34,23.02,25.93,3.38,0.0
20140606:1810,3863.31,80.18,13.45,24.89,3.03,0.0
20140606:1910,109.3,9.38,4.48,22.96,3.1,0.0
20140606:2010,0.0,0.0,0.0,21.33,3.31,0.0
20140606:2110,0.0,0.0,0.0,20.42,3.24,0.0
20140606:2210,0.0,0.0,0.0,19.62,3.31,0.0
20140606:2310,0.0,0.0,0.0,19.17,3.1,0.0
20140607:0010,0.0,0.0,0.0,18.56,3.03,0.0
20140607:0110,0.0,0.0,0.0,17.84,2.97,0.0
20140607:0210,0.0,0.0,0.0,17.05,2.69,0.0
20140607:0310,0.0,0.0,0.0,16.6,2.55,0.0
20140607:0410,0.0,0.85,2.2,16.52,2.55,0.0
20140607:0510,1823.88,43.5,10.94,16.9,2.21,0.0
20140607:0610,9430.58,175.19,20.37,18.32,2.48,0.0
20140607:0710,6067.45,114.18,30.17,20.08,3.31,0.0
20140607:0810,15075.26,256.83,39.98,20.99,3.72,0.0
20140607:0910,6258.71,117.84,49.34,21.34,3.45,0.0
20140607:1010,19510.1,330.45,57.44,21.99,2.62,0.0
20140607:1110,43161.29,743.77,62.8,22.95,1.52,0.0
20140607:1210,55287.08,989.37,63.55,24.14,1.17,0.0
20140607:1310,33270.01,570.26,59.32,24.7,1.66,0.0
20140607:1410,45423.11,786.5,51.81,24.94,1.72,0.0
20140607:1510,35476.42,606.57,42.7,25.24,2.07,0.0
20140607:1610,22138.51,391.09,32.96,25.18,2.41,0.0
20140607:1710,9462.45,182.85,23.12,25.02,2.34,0.0
20140607:1810,3065.6,66.53,13.55,24.15,1.66,0.0
20140607:1910,491.83,18.77,4.58,23.33,2.28,0.0
20140607:2010,0.0,0.0,0.0,21.57,2.28,0.0
20140607:2110,0.0,0.0,0.0,20.42,2.34,0.0
20140607:2210,0.0,0.0,0.0,19.32,2.14,0.0
20140607:2310,0.0,0.0,0.0,18.54,1.79,0.0
20140608:0010,0.0,0.0,0.0,17.87,1.79,0.0
20140608:0110,0.0,0.0,0.0,17.47,1.86,0.0
20140608:0210,0.0,0.0,0.0,16.97,1.66,0.0
20140608:0310,0.0,0.0,0.0,16.49,1.66,0.0
20140608:0410,85.77,8.53,2.25,16.14,1.24,0.0
20140608:0510,803.78,24.74,10.98,16.77,0.34,0.0
20140608:0610,3285.71,68.51,20.41,17.67,0.83,0.0
20140608:0710,24703.93,418.81,30.2,18.74,1.72,0.0
20140608:0810,35979.64,600.46,40.02,20.39,1.86,0.0
20140608:0910,16647.15,286.12,49.38,22.14,1.24,0.0
20140608:1010,50254.15,893.83,57.5,23.61,0.69,0.0
20140608:1110,54713.27,992.23,62.88,24.82,0.76,0.0
20140608:1210,54575.9,988.52,63.65,25.66,0.97,0.0
20140608:1310,50761.92,905.43,59.42,26.24,1.24,0.0
20140608:1410,42725.63,747.06,51.91,26.67,1.45,0.0
20140608:1510,30674.98,529.01,42.8,26.51,1.66,0.0
20140608:1610,20535.5,362.89,33.05,25.99,1.93,0.0
20140608:1710,8424.9,183.68,23.21,25.43,2.0,0.0
20140608:1810,3914.92,81.03,13.65,24.63,2.07,0.0
20140608:1910,648.19,22.18,4.68,23.88,2.07,0.0
20140608:2010,0.0,0.0,0.0,22.17,2.07,0.0
20140608:2110,0.0,0.0,0.0,20.6,2.34,0.0
20140608:2210,0.0,0.0,0.0,19.39,2.07,0.0
20140608:2310,0.0,0.0,0.0,18.95,1.79,0.0
20140609:0010,0.0,0.0,0.0,18.38,1.93,0.0
20140609:0110,0.0,0.0,0.0,17.86,1.79,0.0
20140609:0210,0.0,0.0,0.0,17.33,2.0,0.0
20140609:0310,0.0,0.0,0.0,16.99,2.07,0.0
20140609:0410,0.0,0.85,2.3,16.94,1.93,0.0
20140609:0510,1158.23,31.56,11.02,17.21,1.52,0.0
20140609:0610,838.7,25.58,20.44,18.52,0.76,0.0
20140609:0710,3537.7,73.08,30.23,19.2,1.31,0.0
20140609:0810,36130.68,605.97,40.05,20.11,1.31,0.0
20140609:0910,45619.7,773.86,49.42,22.17,2.14,0.0
20140609:1010,46230.69,796.96,57.55,24.05,2.07,0.0
20140609:1110,5329.7,105.05,62.96,25.76,1.86,0.0
20140609:1210,44927.49,782.09,63.74,27.21,2.62,0.0
20140609:1310,5603.7,110.53,59.51,28.27,3.38,0.0
20140609:1410,2795.4,63.03,52.0,29.09,3.93,0.0
20140609:1510,26374.49,455.65,42.89,29.73,3.86,0.0
20140609:1610,19569.3,349.36,33.14,28.93,2.34,0.0
20140609:1710,8409.72,183.27,23.31,23.62,3.86,0.0
20140609:1810,2909.25,63.12,13.74,21.69,3.72,0.0
20140609:1910,567.73,20.47,4.78,24.09,1.45,0.0
20140609:2010,0.0,0.0,0.0,21.19,4.62,0.0
20140609:2110,0.0,0.0,0.0,18.29,3.93,0.0
20140609:2210,0.0,0.0,0.0,17.76,2.07,0.0
20140609:2310,0.0,0.0,0.0,17.49,2.62,0.0
20140610:0010,0.0,0.0,0.0,17.39,2.0,0.0
20140610:0110,0.0,0.0,0.0,17.41,1.59,0.0
20140610:0210,0.0,0.0,0.0,17.11,1.03,0.0
20140610:0310,0.0,0.0,0.0,16.41,1.03,0.0
20140610:0410,31.88,6.82,2.33,15.78,1.17,0.0
20140610:0510,2775.66,59.71,11.05,16.46,1.1,0.0
20140610:0610,8834.76,162.59,20.47,17.5,1.59,0.0
20140610:0710,6708.04,124.23,30.26,19.65,2.9,0.0
20140610:0810,3905.81,79.47,40.07,20.63,2.9,0.0
20140610:0910,4272.41,85.87,49.46,21.63,2.62,0.0
20140610:1010,3885.32,79.47,57.6,21.58,2.55,0.0
20140610:1110,3508.1,73.08,63.02,21.31,3.38,0.0
20140610:1210,3566.54,73.99,63.82,21.25,4.07,0.0
20140610:1310,3347.95,70.34,59.61,21.18,4.07,0.0
20140610:1410,8442.36,152.55,52.09,21.34,3.79,0.0
20140610:1510,22398.09,375.85,42.98,21.47,2.69,0.0
20140610:1610,8497.01,154.22,33.23,21.52,1.59,0.0
20140610:1710,5461.01,105.44,23.39,21.5,1.86,0.0
20140610:1810,537.37,19.62,13.83,21.18,1.86,0.0
20140610:1910,0.0,3.41,4.87,20.53,2.07,0.0
20140610:2010,0.0,0.0,0.0,19.16,2.14,0.0
20140610:2110,0.0,0.0,0.0,18.12,1.93,0.0
20140610:2210,0.0,0.0,0.0,17.16,1.93,0.0
20140610:2310,0.0,0.0,0.0,16.73,1.93,0.0
20140611:0010,0.0,0.0,0.0,16.33,2.21,0.0
20140611:0110,0.0,0.0,0.0,15.89,2.28,0.0
20140611:0210,0.0,0.0,0.0,15.66,2.34,0.0
20140611:0310,0.0,0.0,0.0,15.28,2.34,0.0
20140611:0410,58.44,7.68,2.37,14.85,2.21,0.0
20140611:0510,2137.34,48.62,11.08,15.16,2.0,0.0
20140611:0610,9492.81,174.94,20.49,16.32,2.28,0.0
20140611:0710,24664.46,412.57,30.28,17.01,2.55,0.0
20140611:0810,34123.88,557.36,40.1,18.13,3.03,0.0
20140611:0910,46878.88,774.16,49.48,19.14,3.24,0.0
20140611:1010,55337.93,931.63,57.63,20.33,3.31,0.0
20140611:1110,44671.7,749.6,63.08,21.38,3.17,0.0
20140611:1210,57624.04,989.25,63.9,22.17,3.03,0.0
20140611:1310,54388.42,927.23,59.69,22.48,3.1,0.0
20140611:1410,47262.93,795.94,52.18,22.77,3.17,0.0
20140611:1510,36426.69,609.35,43.06,22.88,3.24,0.0
20140611:1610,22819.34,395.99,33.31,22.69,3.31,0.0
20140611:1710,8963.03,188.28,23.48,22.44,3.24,0.0
20140611:1810,3106.59,66.53,13.92,21.82,2.83,0.0
20140611:1910,787.08,24.74,4.95,20.62,3.1,0.0
20140611:2010,0.0,0.0,0.0,19.3,3.31,0.0
20140611:2110,0.0,0.0,0.0,18.18,3.24,0.0
20140611:2210,0.0,0.0,0.0,17.49,3.38,0.0
20140611:2310,0.0,0.0,0.0,16.68,3.59,0.0
20140612:0010,0.0,0.0,0.0,16.34,3.52,0.0
20140612:0110,0.0,0.0,0.0,15.7,3.24,0.0
20140612:0210,0.0,0.0,0.0,15.41,3.17,0.0
20140612:0310,0.0,0.0,0.0,14.93,3.17,0.0
20140612:0410,87.28,8.53,2.39,14.77,3.1,0.0
20140612:0510,2803.75,59.71,11.1,14.89,3.03,0.0
20140612:0610,10263.2,202.49,20.5,15.81,2.97,0.0
20140612:0710,24845.87,413.89,30.29,16.97,3.31,0.0
20140612:0810,38416.79,628.4,40.11,18.68,3.31,0.0
20140612:0910,48892.5,812.1,49.5,20.15,3.38,0.0
20140612:1010,55493.53,937.63,57.67,21.56,3.59,0.0
20140612:1110,58868.04,1004.7,63.14,22.54,3.79,0.0
20140612:1210,58280.57,995.29,63.97,23.16,3.93,0.0
20140612:1310,54717.07,928.76,59.77,23.54,4.0,0.0
20140612:1410,46867.49,785.68,52.26,23.7,4.14,0.0
20140612:1510,36646.04,611.01,43.14,23.63,4.28,0.0
20140612:1610,23265.63,403.13,33.39,23.23,4.28,0.0
20140612:1710,8548.62,188.9,23.56,22.59,4.28,0.0
20140612:1810,2708.87,59.71,14.0,21.66,3.72,0.0
20140612:1910,789.36,24.74,5.03,20.18,3.24,0.0
20140612:2010,0.0,0.0,0.0,18.67,3.1,0.0
20140612:2110,0.0,0.0,0.0,17.54,3.1,0.0
20140612:2210,0.0,0.0,0.0,16.66,3.1,0.0
20140612:2310,0.0,0.0,0.0,15.9,3.1,0.0
20140613:0010,0.0,0.0,0.0,15.23,3.24,0.0
20140613:0110,0.0,0.0,0.0,14.64,3.31,0.0
20140613:0210,0.0,0.0,0.0,14.09,3.17,0.0
20140613:0310,0.0,0.0,0.0,13.6,3.1,0.0
20140613:0410,119.16,9.38,2.41,13.17,2.97,0.0
20140613:0510,2462.2,53.74,11.11,13.49,2.83,0.0
20140613:0610,10440.05,209.04,20.51,14.85,2.97,0.0
20140613:0710,24564.28,408.54,30.3,16.65,3.17,0.0
20140613:0810,39206.9,642.0,40.12,18.49,3.17,0.0
20140613:0910,49905.77,829.99,49.52,20.2,3.45,0.0
20140613:1010,55884.41,941.1,57.7,21.47,3.93,0.0
20140613:1110,57235.43,971.79,63.18,22.28,4.0,0.0
20140613:1210,58928.0,1005.69,64.04,22.88,4.0,0.0
20140613:1310,55015.36,933.55,59.85,23.29,4.0,0.0
20140613:1410,47106.58,789.55,52.33,23.49,4.14,0.0
20140613:1510,36974.68,615.86,43.21,23.33,4.28,0.0
20140613:1610,22783.66,392.7,33.47,23.03,4.34,0.0
20140613:1710,9248.42,193.39,23.63,22.49,4.28,0.0
20140613:1810,4032.57,81.88,14.07,21.71,3.66,0.0
20140613:1910,831.1,25.59,5.11,20.38,3.45,0.0
20140613:2010,0.0,0.0,0.0,18.96,3.24,0.0
20140613:2110,0.0,0.0,0.0,17.94,3.1,0.0
20140613:2210,0.0,0.0,0.0,17.1,3.1,0.0
20140613:2310,0.0,0.0,0.0,16.26,3.03,0.0
20140614:0010,0.0,0.0,0.0,15.52,2.83,0.0
20140614:0110,0.0,0.0,0.0,14.93,2.76,0.0
20140614:0210,0.0,0.0,0.0,14.47,2.76,0.0
20140614:0310,0.0,0.0,0.0,13.93,2.83,0.0
20140614:0410,150.28,10.24,2.43,13.45,2.9,0.0
20140614:0510,3029.93,63.12,11.12,13.59,2.76,0.0
20140614:0610,10294.32,204.42,20.52,14.64,3.17,0.0
20140614:0710,24962.75,413.76,30.3,16.2,3.66,0.0
20140614:0810,27386.24,445.05,40.12,17.43,3.86,0.0
20140614:0910,29553.94,481.04,49.53,18.68,4.62,0.0
20140614:1010,25273.94,414.31,57.72,19.46,5.38,0.0
20140614:1110,12543.23,214.67,63.22,19.11,5.31,0.0
20140614:1210,29208.6,476.31,64.1,19.06,5.45,0.0
20140614:1310,30249.95,493.58,59.91,19.91,6.0,0.0
20140614:1410,18220.55,304.41,52.4,20.33,5.72,0.0
20140614:1510,38048.67,620.38,43.28,20.52,5.66,0.0
20140614:1610,16663.84,282.06,33.54,20.4,5.79,0.0
20140614:1710,10157.7,194.91,23.7,19.88,5.59,0.0
20140614:1810,4038.64,81.03,14.14,19.09,5.17,0.0
20140614:1910,886.51,26.44,5.18,17.94,5.1,0.0
20140614:2010,0.0,0.0,0.0,17.0,4.97,0.0
20140614:2110,0.0,0.0,0.0,15.7,4.62,0.0
20140614:2210,0.0,0.0,0.0,14.6,4.41,0.0
20140614:2310,0.0,0.0,0.0,13.7,4.28,0.0
20140615:0010,0.0,0.0,0.0,13.04,4.14,0.0
20140615:0110,0.0,0.0,0.0,12.38,4.0,0.0
20140615:0210,0.0,0.0,0.0,11.92,4.0,0.0
20140615:0310,0.0,0.0,0.0,11.44,4.0,0.0
20140615:0410,121.44,9.38,2.44,11.06,3.93,0.0
20140615:0510,2854.6,59.71,11.12,11.39,3.59,0.0
20140615:0610,10619.93,199.65,20.52,12.35,4.14,0.0
20140615:0710,19386.38,316.9,30.3,13.77,4.48,0.0
20140615:0810,35587.99,566.5,40.12,14.9,4.9,0.0
20140615:0910,32954.26,527.55,49.53,16.32,5.52,0.0
20140615:1010,29832.5,481.31,57.73,17.26,5.66,0.0
20140615:1110,26591.56,431.96,63.25,17.88,5.72,0.0
20140615:1210,32613.47,528.29,64.15,18.29,5.79,0.0
20140615:1310,42092.62,681.79,59.98,18.5,5.79,0.0
20140615:1410,47158.95,762.5,52.47,18.22,5.59,0.0
20140615:1510,38814.5,627.58,43.35,18.65,5.59,0.0
20140615:1610,23821.22,400.38,33.6,18.55,5.45,0.0
20140615:1710,10188.06,198.32,23.77,18.3,5.31,0.0
20140615:1810,2765.04,59.71,14.21,17.82,4.76,0.0
20140615:1910,891.82,26.44,5.25,16.86,4.76,0.0
20140615:2010,0.0,0.0,0.0,15.84,4.62,0.0
20140615:2110,0.0,0.0,0.0,14.92,4.62,0.0
20140615:2210,0.0,0.0,0.0,13.98,4.76,0.0
20140615:2310,0.0,0.0,0.0,13.3,4.97,0.0
20140616:0010,0.0,0.0,0.0,12.54,4.83,0.0
20140616:0110,0.0,0.0,0.0,12.08,4.55,0.0
20140616:0210,0.0,0.0,0.0,11.73,4.28,0.0
20140616:0310,0.0,0.0,0.0,11.44,4.07,0.0
20140616:0410,153.32,10.24,2.44,11.28,3.93,0.0
20140616:0510,2855.36,59.71,11.12,11.36,3.52,0.0
20140616:0610,10511.39,204.3,20.51,12.04,4.21,0.0
20140616:0710,25475.08,415.59,30.29,13.58,4.55,0.0
20140616:0810,39518.85,631.09,40.12,15.29,4.55,0.0
20140616:0910,49710.71,802.44,49.53,16.64,4.76,0.0
20140616:1010,53203.62,869.19,57.74,18.03,5.03,0.0
20140616:1110,47728.2,781.25,63.28,18.97,5.1,0.0
20140616:1210,48071.27,789.22,64.19,19.28,4.97,0.0
20140616:1310,53496.6,882.68,60.03,19.6,4.83,0.0
20140616:1410,45611.35,745.54,52.53,19.86,5.03,0.0
20140616:1510,33408.9,545.62,43.41,19.97,5.1,0.0
20140616:1610,23309.65,394.15,33.67,19.84,5.1,0.0
20140616:1710,10502.28,195.79,23.83,19.51,5.31,0.0
20140616:1810,2154.8,49.47,14.27,18.41,5.24,0.0
20140616:1910,247.43,12.79,5.31,16.49,5.17,0.0
20140616:2010,0.0,0.0,0.0,15.65,4.76,0.0
20140616:2110,0.0,0.0,0.0,15.12,4.69,0.0
20140616:2210,0.0,0.0,0.0,14.73,4.34,0.0
20140616:2310,0.0,0.0,0.0,14.38,4.28,0.0
20140617:0010,0.0,0.0,0.0,14.07,4.28,0.0
20140617:0110,0.0,0.0,0.0,13.67,4.28,0.0
20140617:0210,0.0,0.0,0.0,13.21,4.28,0.0
20140617:0310,0.0,0.0,0.0,12.87,4.07,0.0
20140617:0410,119.92,9.38,2.44,12.56,3.86,0.0
20140617:0510,2372.63,52.03,11.11,12.56,3.52,0.0
20140617:0610,6847.7,123.68,20.5,12.98,4.55,0.0
20140617:0710,15704.47,259.22,30.28,13.8,4.48,0.0
20140617:0810,11456.35,193.82,40.11,14.46,5.17,0.0
20140617:0910,19003.84,309.29,49.52,14.91,5.17,0.0
20140617:1010,27484.15,441.63,57.74,15.73,5.38,0.0
20140617:1110,37614.52,605.44,63.3,16.73,5.31,0.0
20140617:1210,44768.1,728.05,64.23,17.95,5.03,0.0
20140617:1310,33531.1,546.0,60.08,19.09,5.17,0.0
20140617:1410,32771.34,534.93,52.58,19.95,5.24,0.0
20140617:1510,25931.99,425.49,43.47,20.03,5.45,0.0
20140617:1610,13866.17,235.67,33.72,19.05,5.66,0.0
20140617:1710,9235.51,165.56,23.89,18.39,5.79,0.0
20140617:1810,3803.35,76.77,14.32,17.77,5.38,0.0
20140617:1910,804.54,24.74,5.36,16.77,4.34,0.0
20140617:2010,0.0,0.0,0.0,15.96,4.21,0.0
20140617:2110,0.0,0.0,0.0,15.36,4.41,0.0
20140617:2210,0.0,0.0,0.0,14.58,4.62,0.0
20140617:2310,0.0,0.0,0.0,14.01,4.62,0.0
20140618:0010,0.0,0.0,0.0,13.5,4.28,0.0
20140618:0110,0.0,0.0,0.0,13.25,3.93,0.0
20140618:0210,0.0,0.0,0.0,12.92,3.79,0.0
20140618:0310,0.0,0.0,0.0,12.99,3.86,0.0
20140618:0410,0.0,4.26,2.43,12.87,3.86,0.0
20140618:0510,778.73,23.88,11.1,12.9,3.52,0.0
20140618:0610,7602.14,136.19,20.49,13.23,4.62,0.0
20140618:0710,15597.45,257.3,30.26,13.8,4.97,0.0
20140618:0810,36025.18,573.29,40.09,14.79,4.83,0.0
20140618:0910,49647.71,800.55,49.51,16.75,4.97,0.0
20140618:1010,56375.48,924.29,57.74,18.12,4.97,0.0
20140618:1110,54052.94,892.75,63.31,19.44,4.97,0.0
20140618:1210,48249.63,795.58,64.26,19.91,4.83,0.0
20140618:1310,46906.2,774.02,60.13,20.3,4.62,0.0
20140618:1410,45507.36,750.64,52.63,20.93,4.48,0.0
20140618:1510,36539.78,602.33,43.52,21.17,4.28,0.0
20140618:1610,24192.37,414.07,33.77,21.09,4.21,0.0
20140618:1710,9066.26,196.24,23.94,20.8,4.21,0.0
20140618:1810,2881.92,62.27,14.38,20.13,3.66,0.0
20140618:1910,837.94,25.59,5.41,18.98,4.0,0.0
20140618:2010,0.0,0.0,0.0,17.44,4.07,0.0
20140618:2110,0.0,0.0,0.0,16.21,4.07,0.0
20140618:2210,0.0,0.0,0.0,15.25,3.79,0.0
20140618:2310,0.0,0.0,0.0,14.34,3.59,0.0
20140619:0010,0.0,0.0,0.0,13.59,3.31,0.0
20140619:0110,0.0,0.0,0.0,12.93,3.03,0.0
20140619:0210,0.0,0.0,0.0,12.38,2.69,0.0
20140619:0310,0.0,0.0,0.0,11.97,2.48,0.0
20140619:0410,120.68,9.38,2.41,11.75,2.34,0.0
20140619:0510,2843.21,59.71,11.08,12.04,2.48,0.0
20140619:0610,7004.81,126.61,20.47,13.05,3.17,0.0
20140619:0710,11842.68,200.14,30.24,13.64,2.9,0.0
20140619:0810,31758.84,511.43,40.07,14.8,2.9,0.0
20140619:0910,31599.45,512.83,49.49,16.26,2.9,0.0
20140619:1010,31522.79,515.98,57.73,17.32,2.69,0.0
20140619:1110,41421.67,687.59,63.32,18.57,2.55,0.0
20140619:1210,55310.61,941.26,64.29,19.46,2.48,0.0
20140619:1310,53203.62,901.85,60.17,20.06,2.55,0.0
20140619:1410,48799.15,819.29,52.68,20.58,2.69,0.0
20140619:1510,36973.93,614.68,43.57,20.81,2.83,0.0
20140619:1610,24306.22,417.88,33.82,20.83,2.97,0.0
20140619:1710,9061.7,197.14,23.99,20.59,2.9,0.0
20140619:1810,2827.28,61.41,14.42,20.24,2.55,0.0
20140619:1910,966.97,28.15,5.46,19.17,1.86,0.0
20140619:2010,0.0,0.0,0.0,17.86,1.72,0.0
20140619:2110,0.0,0.0,0.0,16.49,1.79,0.0
20140619:2210,0.0,0.0,0.0,15.53,2.21,0.0
20140619:2310,0.0,0.0,0.0,15.3,2.76,0.0
20140620:0010,0.0,0.0,0.0,15.0,2.97,0.0
20140620:0110,0.0,0.0,0.0,14.47,2.76,0.0
20140620:0210,0.0,0.0,0.0,13.73,2.55,0.0
20140620:0310,0.0,0.0,0.0,13.3,2.48,0.0
20140620:0410,151.04,10.24,2.39,12.95,2.55,0.0
20140620:0510,2360.49,52.03,11.06,13.44,2.55,0.0
20140620:0610,8866.64,159.58,20.44,13.93,3.31,0.0
20140620:0710,20463.4,336.75,30.22,14.58,3.52,0.0
20140620:0810,27981.29,451.0,40.04,15.41,3.52,0.0
20140620:0910,35884.76,579.51,49.47,16.02,3.45,0.0
20140620:1010,45598.44,746.72,57.71,17.07,3.38,0.0
20140620:1110,55612.69,928.59,63.32,18.03,3.31,0.0
20140620:1210,50846.17,847.09,64.31,18.76,3.31,0.0
20140620:1310,49782.81,826.55,60.2,19.01,3.45,0.0
20140620:1410,44367.34,731.67,52.72,19.37,3.45,0.0
20140620:1510,33240.4,546.66,43.61,19.6,3.45,0.0
20140620:1610,22406.44,379.26,33.87,19.45,3.45,0.0
20140620:1710,9297.75,195.89,24.03,19.02,3.52,0.0
20140620:1810,3420.81,70.8,14.46,18.48,3.66,0.0
20140620:1910,975.32,28.15,5.5,17.75,3.31,0.0
20140620:2010,0.0,0.0,0.0,16.36,3.17,0.0
20140620:2110,0.0,0.0,0.0,15.28,3.1,0.0
20140620:2210,0.0,0.0,0.0,14.38,3.1,0.0
20140620:2310,0.0,0.0,0.0,13.6,3.03,0.0
20140621:0010,0.0,0.0,0.0,12.88,2.9,0.0
20140621:0110,0.0,0.0,0.0,12.21,2.69,0.0
20140621:0210,0.0,0.0,0.0,11.61,2.62,0.0
20140621:0310,0.0,0.0,0.0,11.07,2.55,0.0
20140621:0410,154.08,10.24,2.37,10.56,2.41,0.0
20140621:0510,2286.87,50.32,11.03,10.93,2.14,0.0
20140621:0610,10298.11,207.48,20.41,12.68,2.41,0.0
20140621:0710,25690.63,427.87,30.18,14.91,2.07,0.0
20140621:0810,39580.33,647.45,40.01,16.75,2.41,0.0
20140621:0910,50647.31,838.56,49.44,18.23,3.03,0.0
20140621:1010,57376.61,965.42,57.69,19.43,3.31,0.0
20140621:1110,60360.99,1029.63,63.31,20.44,3.24,0.0
20140621:1210,59863.09,1028.32,64.32,21.32,3.03,0.0
20140621:1310,56118.18,961.12,60.22,22.04,2.9,0.0
20140621:1410,49429.12,837.33,52.75,22.55,2.9,0.0
20140621:1510,38523.05,646.87,43.65,22.86,2.97,0.0
20140621:1610,23571.5,407.76,33.9,22.85,2.97,0.0
20140621:1710,9402.49,200.18,24.07,22.57,3.03,0.0
20140621:1810,3206.02,68.24,14.5,21.9,2.69,0.0
20140621:1910,960.89,28.15,5.53,20.35,2.69,0.0
20140621:2010,0.0,0.0,0.0,18.55,2.97,0.0
20140621:2110,0.0,0.0,0.0,17.33,3.1,0.0
20140621:2210,0.0,0.0,0.0,16.51,3.17,0.0
20140621:2310,0.0,0.0,0.0,15.75,3.03,0.0
20140622:0010,0.0,0.0,0.0,15.15,2.83,0.0
20140622:0110,0.0,0.0,0.0,14.48,2.83,0.0
20140622:0210,0.0,0.0,0.0,13.95,2.83,0.0
20140622:0310,0.0,0.0,0.0,13.54,2.69,0.0
20140622:0410,119.16,9.38,2.34,13.07,2.55,0.0
20140622:0510,2158.6,48.62,11.0,13.31,2.28,0.0
20140622:0610,9973.26,201.56,20.38,15.29,2.21,0.0
20140622:0710,24911.14,419.23,30.15,17.61,2.48,0.0
20140622:0810,38024.38,627.12,39.98,19.7,2.97,0.0
20140622:0910,48679.98,808.97,49.41,21.41,4.0,0.0
20140622:1010,53873.06,907.24,57.66,22.47,4.21,0.0
20140622:1110,56133.36,957.24,63.29,23.25,3.93,0.0
20140622:1210,57622.52,992.07,64.32,23.9,3.59,0.0
20140622:1310,54668.49,938.7,60.24,24.41,3.45,0.0
20140622:1410,46572.24,789.08,52.78,24.66,3.59,0.0
20140622:1510,37667.65,633.36,43.68,24.6,3.79,0.0
20140622:1610,22918.76,397.1,33.94,24.26,3.86,0.0
20140622:1710,9419.95,199.5,24.1,23.69,4.07,0.0
20140622:1810,2893.31,63.12,14.53,22.8,3.93,0.0
20140622:1910,869.06,26.44,5.56,21.39,3.93,0.0
20140622:2010,0.0,0.0,0.0,19.9,4.0,0.0
20140622:2110,0.0,0.0,0.0,18.9,4.0,0.0
20140622:2210,0.0,0.0,0.0,18.08,4.0,0.0
20140622:2310,0.0,0.0,0.0,17.32,4.0,0.0
20140623:0010,0.0,0.0,0.0,16.58,3.79,0.0
20140623:0110,0.0,0.0,0.0,15.98,3.59,0.0
20140623:0210,0.0,0.0,0.0,15.3,3.45,0.0
20140623:0310,0.0,0.0,0.0,14.75,3.24,0.0
20140623:0410,117.65,9.38,2.3,14.27,3.17,0.0
20140623:0510,2965.41,62.27,10.96,14.44,3.1,0.0
20140623:0610,8855.25,161.03,20.33,15.58,3.17,0.0
20140623:0710,24451.94,407.47,30.11,17.05,3.93,0.0
20140623:0810,37316.24,605.69,39.94,18.67,4.48,0.0
20140623:0910,47634.84,780.95,49.37,20.35,4.9,0.0
20140623:1010,31477.25,519.55,57.63,21.71,4.9,0.0
20140623:1110,29070.46,482.95,63.27,22.38,4.69,0.0
20140623:1210,33637.36,560.27,64.32,23.1,4.62,0.0
20140623:1310,22555.96,379.57,60.26,23.41,4.48,0.0
20140623:1410,43355.6,724.71,52.8,23.67,4.34,0.0
20140623:1510,28617.34,478.3,43.71,23.65,4.34,0.0
20140623:1610,14719.29,254.79,33.97,23.38,4.34,0.0
20140623:1710,10274.58,191.45,24.13,22.67,3.86,0.0
20140623:1810,4191.96,84.44,14.56,21.59,3.93,0.0
20140623:1910,914.6,27.29,5.58,20.85,2.9,0.0
20140623:2010,0.0,0.0,0.0,19.54,3.17,0.0
20140623:2110,0.0,0.0,0.0,18.36,3.31,0.0
20140623:2210,0.0,0.0,0.0,17.36,3.24,0.0
20140623:2310,0.0,0.0,0.0,16.56,3.24,0.0
20140624:0010,0.0,0.0,0.0,16.01,3.17,0.0
20140624:0110,0.0,0.0,0.0,15.52,2.97,0.0
20140624:0210,0.0,0.0,0.0,14.88,2.9,0.0
20140624:0310,0.0,0.0,0.0,14.43,2.83,0.0
20140624:0410,88.04,8.53,2.26,13.95,2.9,0.0
20140624:0510,2555.55,55.44,10.92,14.21,2.9,0.0
20140624:0610,9832.85,200.04,20.29,15.59,2.83,0.0
20140624:0710,24706.21,413.9,30.06,17.22,3.03,0.0
20140624:0810,38170.11,625.95,39.89,19.0,3.24,0.0
20140624:0910,49179.41,817.87,49.33,20.83,3.66,0.0
20140624:1010,55785.74,946.58,57.59,22.24,3.59,0.0
20140624:1110,58112.08,1005.08,63.24,23.27,3.03,0.0
20140624:1210,54172.11,941.05,64.31,24.05,2.62,0.0
20140624:1310,54162.24,940.31,60.27,24.7,2.69,0.0
20140624:1410,47030.68,803.47,52.82,24.84,2.9,0.0
20140624:1510,36088.17,609.97,43.73,24.73,3.1,0.0
20140624:1610,23566.95,410.41,33.99,24.33,3.31,0.0
20140624:1710,9923.93,201.5,24.15,23.8,3.45,0.0
20140624:1810,4002.97,81.88,14.58,23.08,3.31,0.0
20140624:1910,953.3,28.15,5.6,21.84,2.97,0.0
20140624:2010,0.0,0.0,0.0,20.27,2.9,0.0
20140624:2110,0.0,0.0,0.0,19.08,2.69,0.0
20140624:2210,0.0,0.0,0.0,18.09,2.62,0.0
20140624:2310,0.0,0.0,0.0,17.24,2.62,0.0
20140625:0010,0.0,0.0,0.0,16.39,2.76,0.0
20140625:0110,0.0,0.0,0.0,15.59,2.76,0.0
20140625:0210,0.0,0.0,0.0,14.91,2.83,0.0
20140625:0310,0.0,0.0,0.0,14.32,2.9,0.0
20140625:0410,88.04,8.53,2.22,13.91,3.03,0.0
20140625:0510,2919.87,61.41,10.87,14.01,3.17,0.0
20140625:0610,9238.55,168.04,20.24,14.76,4.14,0.0
20140625:0710,15845.64,264.39,30.01,16.33,4.83,0.0
20140625:0810,32306.08,520.69,39.84,17.13,4.69,0.0
20140625:0910,25726.3,420.2,49.28,18.43,4.41,0.0
20140625:1010,23683.84,390.53,57.55,19.1,3.93,0.0
20140625:1110,32181.6,530.59,63.21,20.15,3.86,0.0
20140625:1210,39875.58,661.89,64.29,20.86,3.72,0.0
20140625:1310,38645.24,642.27,60.27,21.45,3.72,0.0
20140625:1410,31974.39,530.79,52.83,21.74,3.66,0.0
20140625:1510,28002.55,465.97,43.75,21.84,3.59,0.0
20140625:1610,21116.9,360.17,34.01,21.57,3.31,0.0
20140625:1710,10632.83,200.52,24.17,21.16,3.17,0.0
20140625:1810,3432.2,71.65,14.6,20.61,2.9,0.0
20140625:1910,1010.23,29.0,5.61,19.44,2.55,0.0
20140625:2010,0.0,0.0,0.0,17.94,2.55,0.0
20140625:2110,0.0,0.0,0.0,17.0,2.76,0.0
20140625:2210,0.0,0.0,0.0,15.76,2.97,0.0
20140625:2310,0.0,0.0,0.0,14.91,2.9,0.0
20140626:0010,0.0,0.0,0.0,14.34,2.76,0.0
20140626:0110,0.0,0.0,0.0,13.88,2.55,0.0
20140626:0210,0.0,0.0,0.0,13.4,2.41,0.0
20140626:0310,0.0,0.0,0.0,12.97,2.21,0.0
20140626:0410,88.8,8.53,2.16,12.51,2.07,0.0
20140626:0510,2471.3,53.74,10.81,12.62,1.79,0.0
20140626:0610,9731.9,197.28,20.19,14.37,1.72,0.0
20140626:0710,24410.96,410.26,29.96,15.41,1.24,0.0
20140626:0810,37668.41,625.03,39.79,16.81,1.03,0.0
20140626:0910,47407.14,803.97,49.23,18.43,1.1,0.0
20140626:1010,53789.57,936.87,57.5,20.13,1.1,0.0
20140626:1110,55385.75,983.35,63.17,21.1,0.83,0.0
20140626:1210,47987.02,831.25,64.27,22.02,1.45,0.0
20140626:1310,50041.63,868.95,60.26,22.86,1.66,0.0
20140626:1410,41514.26,709.1,52.84,23.38,1.86,0.0
20140626:1510,35446.82,603.29,43.76,23.29,1.59,0.0
20140626:1610,21102.48,368.06,34.02,23.2,0.97,0.0
20140626:1710,8414.27,156.16,24.18,23.22,0.69,0.0
20140626:1810,305.88,14.5,14.61,22.89,1.38,0.0
20140626:1910,0.0,4.26,5.62,20.44,2.76,0.0
20140626:2010,0.0,0.0,0.0,18.59,1.1,0.0
20140626:2110,0.0,0.0,0.0,17.88,1.03,0.0
20140626:2210,0.0,0.0,0.0,17.33,1.59,0.0
20140626:2310,0.0,0.0,0.0,16.7,1.86,0.0
20140627:0010,0.0,0.0,0.0,16.43,1.93,0.0
20140627:0110,0.0,0.0,0.0,15.58,2.14,0.0
20140627:0210,0.0,0.0,0.0,14.86,2.14,0.0
20140627:0310,0.0,0.0,0.0,14.42,2.0,0.0
20140627:0410,7.59,5.97,2.11,13.94,1.86,0.0
20140627:0510,2913.04,61.41,10.76,14.15,1.38,0.0
20140627:0610,9574.03,181.65,20.13,15.62,1.59,0.0
20140627:0710,21506.27,361.02,29.9,17.21,2.28,0.0
20140627:0810,28448.08,467.0,39.73,18.12,2.48,0.0
20140627:0910,27270.11,448.81,49.17,19.15,3.1,0.0
20140627:1010,37998.58,627.8,57.44,20.04,3.38,0.0
20140627:1110,36497.27,605.7,63.12,20.88,3.45,0.0
20140627:1210,43968.11,734.18,64.24,21.51,3.72,0.0
20140627:1310,43761.66,731.56,60.25,22.37,3.93,0.0
20140627:1410,38936.7,646.73,52.84,22.64,4.28,0.0
20140627:1510,11216.5,197.35,43.76,22.79,4.69,0.0
20140627:1610,6705.01,125.15,34.03,21.9,4.34,0.0
20140627:1710,5738.8,109.12,24.19,20.24,3.45,0.0
20140627:1810,4484.17,88.71,14.61,19.64,1.79,0.0
20140627:1910,113.09,9.38,5.62,18.74,2.76,0.0
20140627:2010,0.0,0.0,0.0,18.03,2.62,0.0
20140627:2110,0.0,0.0,0.0,17.55,2.21,0.0
20140627:2210,0.0,0.0,0.0,16.8,1.86,0.0
20140627:2310,0.0,0.0,0.0,16.06,1.52,0.0
20140628:0010,0.0,0.0,0.0,15.28,1.1,0.0
20140628:0110,0.0,0.0,0.0,14.68,1.1,0.0
20140628:0210,0.0,0.0,0.0,14.08,1.1,0.0
20140628:0310,0.0,0.0,0.0,13.89,1.03,0.0
20140628:0410,0.0,3.41,2.04,14.12,0.83,0.0
20140628:0510,601.13,20.47,10.69,14.3,0.69,0.0
20140628:0610,7884.49,144.19,20.06,15.03,0.41,0.0
20140628:0710,3600.7,73.08,29.84,15.54,0.83,0.0
20140628:0810,6853.77,125.15,39.67,15.87,0.41,0.0
20140628:0910,7714.48,138.85,49.11,16.59,1.1,0.0
20140628:1010,10711.77,186.35,57.38,17.74,1.79,0.0
20140628:1110,31617.66,521.71,63.07,18.52,2.48,0.0
20140628:1210,15656.65,264.26,64.2,18.14,2.21,0.0
20140628:1310,9272.7,163.51,60.23,17.43,1.93,0.0
20140628:1410,7784.3,139.76,52.83,16.59,1.66,0.0
20140628:1510,3823.84,76.73,43.77,15.85,1.38,0.0
20140628:1610,7536.87,135.19,34.03,15.52,1.93,0.0
20140628:1710,1344.95,34.71,24.19,15.14,2.14,0.0
20140628:1810,398.48,16.21,14.61,15.04,2.0,0.0
20140628:1910,286.14,13.65,5.62,14.93,1.86,0.0
20140628:2010,0.0,0.0,0.0,14.59,1.72,0.0
20140628:2110,0.0,0.0,0.0,14.36,1.66,0.0
20140628:2210,0.0,0.0,0.0,14.04,1.66,0.0
20140628:2310,0.0,0.0,0.0,13.81,2.0,0.0
20140629:0010,0.0,0.0,0.0,13.68,2.14,0.0
20140629:0110,0.0,0.0,0.0,13.54,2.14,0.0
20140629:0210,0.0,0.0,0.0,13.38,2.21,0.0
20140629:0310,0.0,0.0,0.0,13.22,2.21,0.0
20140629:0410,0.0,1.71,1.98,13.04,2.07,0.0
20140629:0510,2160.87,48.62,10.63,13.01,1.93,0.0
20140629:0610,2469.03,53.9,20.0,13.56,1.86,0.0
20140629:0710,6072.0,111.44,29.77,13.7,2.0,0.0
20140629:0810,4880.37,93.17,39.6,14.91,2.76,0.0
20140629:0910,10931.12,187.26,49.04,14.89,2.14,0.0
20140629:1010,22124.09,363.63,57.32,15.5,1.66,0.0
20140629:1110,59203.52,1028.06,63.01,16.49,1.03,0.0
20140629:1210,42221.65,701.67,64.16,17.09,1.86,0.0
20140629:1310,37770.88,620.35,60.21,17.65,2.76,0.0
20140629:1410,19401.56,321.86,52.82,17.49,2.62,0.0
20140629:1510,29679.18,488.4,43.76,18.61,2.69,0.0
20140629:1610,21587.48,359.09,34.03,16.62,3.45,0.0
20140629:1710,10677.61,203.09,24.19,16.63,2.83,0.0
20140629:1810,4286.83,84.44,14.61,16.83,2.62,0.0
20140629:1910,985.18,28.15,5.61,15.91,2.07,0.0
20140629:2010,0.0,0.0,0.0,15.1,1.93,0.0
20140629:2110,0.0,0.0,0.0,13.95,2.21,0.0
20140629:2210,0.0,0.0,0.0,12.97,2.41,0.0
20140629:2310,0.0,0.0,0.0,12.17,2.48,0.0
20140630:0010,0.0,0.0,0.0,11.57,2.41,0.0
20140630:0110,0.0,0.0,0.0,10.92,2.28,0.0
20140630:0210,0.0,0.0,0.0,10.49,2.07,0.0
20140630:0310,0.0,0.0,0.0,9.99,2.0,0.0
20140630:0410,62.24,7.68,1.91,9.67,1.86,0.0
20140630:0510,2869.78,59.71,10.55,9.96,1.38,0.0
20140630:0610,9699.26,192.38,19.93,12.25,1.03,0.0
20140630:0710,22462.6,375.75,29.7,13.92,0.62,0.0
20140630:0810,30579.35,507.0,39.53,15.29,0.14,0.0
20140630:0910,38198.19,637.82,48.97,16.44,0.62,0.0
20140630:1010,7678.8,138.85,57.24,17.45,0.97,0.0
20140630:1110,8102.33,146.16,62.94,18.5,1.03,0.0
20140630:1210,37151.53,625.35,64.11,19.0,1.17,0.0
20140630:1310,11756.91,204.62,60.18,19.31,1.17,0.0
20140630:1410,39599.31,668.66,52.81,19.48,1.1,0.0
20140630:1510,21622.39,363.3,43.75,19.62,1.24,0.0
20140630:1610,17213.36,294.0,34.03,19.54,1.17,0.0
20140630:1710,10070.41,183.46,24.18,19.34,0.62,0.0
20140630:1810,4426.49,87.85,14.6,19.32,0.34,0.0
20140630:1910,1011.75,29.0,5.59,18.94,0.34,0.0
20140630:2010,0.0,0.0,0.0,17.43,1.31,0.0
20140630:2110,0.0,0.0,0.0,15.9,1.79,0.0
20140630:2210,0.0,0.0,0.0,15.19,2.14,0.0
20140630:2310,0.0,0.0,0.0,14.95,2.21,0.0
20140701:0010,0.0,0.0,0.0,14.87,2.28,0.0
20140701:0110,0.0,0.0,0.0,14.38,2.34,0.0
20140701:0210,0.0,0.0,0.0,13.71,2.28,0.0
20140701:0310,0.0,0.0,0.0,13.57,2.28,0.0
20140701:0410,0.0,1.71,1.83,13.34,2.34,0.0
20140701:0510,645.91,21.32,10.48,13.63,2.34,0.0
20140701:0610,7319.8,133.39,19.85,14.46,2.14,0.0
20140701:0710,16543.92,277.37,29.62,15.61,1.86,0.0
20140701:0810,18951.47,315.25,39.45,17.58,2.0,0.0
20140701:0910,30841.21,510.12,48.89,19.15,2.14,0.0
20140701:1010,22760.13,380.56,57.17,20.32,2.41,0.0
20140701:1110,10541.75,186.35,62.87,21.46,2.55,0.0
20140701:1210,15211.12,261.52,64.05,22.12,2.62,0.0
20140701:1310,35579.64,595.67,60.14,22.34,3.1,0.0
20140701:1410,22227.32,373.71,52.78,22.4,3.38,0.0
20140701:1510,35472.62,588.8,43.74,21.76,3.52,0.0
20140701:1610,23622.36,404.11,34.01,21.69,3.72,0.0
20140701:1710,10566.8,202.87,24.17,20.85,3.45,0.0
20140701:1810,4273.17,85.3,14.58,20.25,4.14,0.0
20140701:1910,968.48,28.15,5.57,19.18,4.48,0.0
20140701:2010,0.0,0.0,0.0,18.24,4.55,0.0
20140701:2110,0.0,0.0,0.0,17.38,4.55,0.0
20140701:2210,0.0,0.0,0.0,16.7,4.34,0.0
20140701:2310,0.0,0.0,0.0,15.81,4.07,0.0
20140702:0010,0.0,0.0,0.0,15.13,3.72,0.0
20140702:0110,0.0,0.0,0.0,14.32,3.45,0.0
20140702:0210,0.0,0.0,0.0,13.87,3.24,0.0
20140702:0310,0.0,0.0,0.0,13.37,3.1,0.0
20140702:0410,0.0,4.26,1.75,12.62,3.17,0.0
20140702:0510,2167.7,48.62,10.4,12.6,3.1,0.0
20140702:0610,9507.23,193.88,19.77,13.51,3.45,0.0
20140702:0710,24948.33,413.77,29.54,14.82,3.24,0.0
20140702:0810,38884.33,631.01,39.37,16.53,3.1,0.0
20140702:0910,49305.4,813.48,48.81,18.6,3.31,0.0
20140702:1010,57191.41,960.89,57.09,20.31,3.72,0.0
20140702:1110,60798.18,1039.45,62.79,21.54,3.52,0.0
20140702:1210,60132.53,1040.69,63.98,22.47,2.97,0.0
20140702:1310,55853.29,964.79,60.1,23.19,2.69,0.0
20140702:1410,48953.98,838.33,52.75,23.61,2.41,0.0
20140702:1510,38031.97,646.7,43.72,23.82,2.07,0.0
20140702:1610,24279.65,424.61,34.0,23.78,1.93,0.0
20140702:1710,9756.95,204.98,24.15,23.52,2.07,0.0
20140702:1810,2837.9,62.27,14.56,22.87,2.21,0.0
20140702:1910,826.55,25.59,5.54,21.32,2.21,0.0
20140702:2010,0.0,0.0,0.0,19.58,2.34,0.0
20140702:2110,0.0,0.0,0.0,18.19,2.0,0.0
20140702:2210,0.0,0.0,0.0,16.82,1.79,0.0
20140702:2310,0.0,0.0,0.0,15.77,1.72,0.0
20140703:0010,0.0,0.0,0.0,15.07,1.66,0.0
20140703:0110,0.0,0.0,0.0,14.39,1.59,0.0
20140703:0210,0.0,0.0,0.0,13.91,1.52,0.0
20140703:0310,0.0,0.0,0.0,13.68,1.31,0.0
20140703:0410,0.0,4.26,1.66,13.28,1.24,0.0
20140703:0510,2054.61,46.91,10.31,13.39,1.1,0.0
20140703:0610,9275.74,194.26,19.68,15.93,0.76,0.0
20140703:0710,23998.06,412.26,29.46,19.35,1.17,0.0
20140703:0810,37189.48,630.55,39.29,21.64,1.24,0.0
20140703:0910,47013.98,814.21,48.72,23.57,1.45,0.0
20140703:1010,54049.15,954.94,57.0,24.88,1.72,0.0
20140703:1110,57526.89,1033.56,62.7,25.68,1.66,0.0
20140703:1210,57303.74,1036.05,63.91,26.28,1.52,0.0
20140703:1310,53856.36,965.77,60.04,26.75,1.52,0.0
20140703:1410,47375.26,835.36,52.72,27.09,1.59,0.0
20140703:1510,37202.38,647.61,43.69,27.24,1.52,0.0
20140703:1610,24002.62,428.95,33.97,27.16,1.31,0.0
20140703:1710,9282.57,204.19,24.13,26.94,1.17,0.0
20140703:1810,2635.25,59.71,14.53,26.43,0.9,0.0
20140703:1910,936.61,28.15,5.51,24.9,1.52,0.0
20140703:2010,0.0,0.0,0.0,22.4,2.0,0.0
20140703:2110,0.0,0.0,0.0,20.32,2.28,0.0
20140703:2210,0.0,0.0,0.0,18.98,2.41,0.0
20140703:2310,0.0,0.0,0.0,18.14,2.41,0.0
20140704:0010,0.0,0.0,0.0,17.54,2.48,0.0
20140704:0110,0.0,0.0,0.0,17.34,2.48,0.0
20140704:0210,0.0,0.0,0.0,17.09,2.41,0.0
20140704:0310,0.0,0.0,0.0,17.09,2.28,0.0
20140704:0410,0.0,2.56,1.57,16.77,2.21,0.0
20140704:0510,2167.7,49.47,10.22,16.9,2.07,0.0
20140704:0610,6629.11,123.89,19.6,17.82,1.79,0.0
20140704:0710,3959.7,80.39,29.37,20.23,1.1,0.0
20140704:0810,9721.27,173.56,39.2,21.21,1.52,0.0
20140704:0910,14881.71,256.13,48.63,22.0,2.41,0.0
20140704:1010,8858.29,159.86,56.91,22.38,3.79,0.0
20140704:1110,6412.03,120.58,62.61,22.05,4.0,0.0
20140704:1210,7605.94,139.76,63.83,22.01,3.38,0.0
20140704:1310,23581.37,396.97,59.99,23.21,3.66,0.0
20140704:1410,45257.65,760.03,52.68,23.92,3.93,0.0
20140704:1510,33603.21,562.76,43.66,24.53,4.21,0.0
20140704:1610,22044.4,380.45,33.94,24.11,3.72,0.0
20140704:1710,5486.05,106.39,24.1,23.2,3.24,0.0
20140704:1810,613.27,21.32,14.5,22.58,3.17,0.0
20140704:1910,494.87,18.77,5.47,22.32,3.03,0.0
20140704:2010,0.0,0.0,0.0,21.37,3.03,0.0
20140704:2110,0.0,0.0,0.0,20.73,3.38,0.0
20140704:2210,0.0,0.0,0.0,20.43,4.41,0.0
20140704:2310,0.0,0.0,0.0,19.46,4.9,0.0
20140705:0010,0.0,0.0,0.0,18.37,4.76,0.0
20140705:0110,0.0,0.0,0.0,17.71,4.28,0.0
20140705:0210,0.0,0.0,0.0,17.58,4.48,0.0
20140705:0310,0.0,0.0,0.0,17.62,4.9,0.0
20140705:0410,0.0,0.85,1.47,17.53,5.17,0.0
20140705:0510,114.61,9.38,10.13,17.18,5.38,0.0
20140705:0610,1085.37,30.14,19.5,17.1,5.86,0.0
20140705:0710,5854.17,109.62,29.28,18.05,5.45,0.0
20140705:0810,6829.48,125.15,39.11,18.51,5.93,0.0
20140705:0910,22877.78,373.92,48.54,19.41,7.38,0.0
20140705:1010,12370.18,211.93,56.81,19.62,7.17,0.0
20140705:1110,9705.33,170.82,62.52,19.84,6.48,0.0
20140705:1210,19475.18,323.9,63.75,20.21,6.07,0.0
20140705:1310,8398.34,150.72,59.92,20.21,6.0,0.0
20140705:1410,5842.78,110.53,52.63,20.47,5.79,0.0
20140705:1510,11344.77,197.36,43.62,20.74,5.45,0.0
20140705:1610,13928.41,239.39,33.91,21.13,4.41,0.0
20140705:1710,7272.74,134.96,24.06,22.03,4.83,0.0
20140705:1810,996.57,29.0,14.46,21.97,4.21,0.0
20140705:1910,459.2,17.91,5.42,21.18,4.55,0.0
20140705:2010,0.0,0.0,0.0,20.29,4.48,0.0
20140705:2110,0.0,0.0,0.0,19.63,4.41,0.0
20140705:2210,0.0,0.0,0.0,18.86,4.28,0.0
20140705:2310,0.0,0.0,0.0,17.94,4.28,0.0
20140706:0010,0.0,0.0,0.0,17.33,4.41,0.0
20140706:0110,0.0,0.0,0.0,17.07,4.55,0.0
20140706:0210,0.0,0.0,0.0,17.08,4.69,0.0
20140706:0310,0.0,0.0,0.0,17.02,4.55,0.0
20140706:0410,0.0,0.85,1.37,16.86,4.55,0.0
20140706:0510,2573.01,56.3,10.03,16.94,4.41,0.0
20140706:0610,3294.82,68.51,19.41,17.81,4.0,0.0
20140706:0710,1625.02,40.19,29.18,18.55,5.17,0.0
20140706:0810,4235.98,84.04,39.01,18.52,4.76,0.0
20140706:0910,7387.35,134.28,48.44,19.0,4.9,0.0
20140706:1010,15330.28,258.18,56.71,19.02,4.83,0.0
20140706:1110,8228.32,147.98,62.41,19.94,5.31,0.0
20140706:1210,9805.52,173.56,63.66,21.15,5.45,0.0
20140706:1310,20247.84,337.08,59.85,20.4,5.03,0.0
20140706:1410,12180.43,207.36,52.58,17.08,4.76,0.0
20140706:1510,19167.03,314.11,43.58,15.95,4.07,0.0
20140706:1610,7435.92,133.37,33.87,15.8,3.93,0.0
20140706:1710,10472.68,201.85,24.02,16.59,3.45,0.0
20140706:1810,2978.32,63.12,14.42,16.97,2.9,0.0
20140706:1910,30.36,6.82,5.37,17.37,1.45,0.0
20140706:2010,0.0,0.0,0.0,16.09,1.38,0.0
20140706:2110,0.0,0.0,0.0,14.85,1.45,0.0
20140706:2210,0.0,0.0,0.0,13.97,1.45,0.0
20140706:2310,0.0,0.0,0.0,13.3,1.38,0.0
20140707:0010,0.0,0.0,0.0,13.14,1.17,0.0
20140707:0110,0.0,0.0,0.0,13.94,0.83,0.0
20140707:0210,0.0,0.0,0.0,13.41,0.48,0.0
20140707:0310,0.0,0.0,0.0,12.92,0.41,0.0
20140707:0410,0.0,0.0,0.0,12.49,0.55,0.0
20140707:0510,1914.2,44.35,9.93,12.37,0.48,0.0
20140707:0610,9098.89,171.84,19.31,13.82,0.48,0.0
20140707:0710,12602.44,215.01,29.08,15.38,1.03,0.0
20140707:0810,18660.77,310.72,38.91,16.76,1.24,0.0
20140707:0910,29074.25,482.26,48.34,17.97,1.17,0.0
20140707:1010,51229.46,878.62,56.6,18.83,1.24,0.0
20140707:1110,36359.9,610.66,62.3,19.69,1.52,0.0
20140707:1210,29829.46,498.4,63.56,19.53,1.59,0.0
20140707:1310,27692.87,463.43,59.78,19.86,1.52,0.0
20140707:1410,19343.12,325.95,52.52,19.84,1.66,0.0
20140707:1510,7636.3,138.85,43.53,19.29,2.34,0.0
20140707:1610,4285.31,84.95,33.82,18.4,2.48,0.0
20140707:1710,1994.65,46.59,23.98,17.57,2.14,0.0
20140707:1810,591.26,20.47,14.37,17.18,1.72,0.0
20140707:1910,0.0,4.26,5.32,17.49,0.76,0.0
20140707:2010,0.0,0.0,0.0,17.14,0.41,0.0
20140707:2110,0.0,0.0,0.0,15.85,0.9,0.0
20140707:2210,0.0,0.0,0.0,15.05,1.24,0.0
20140707:2310,0.0,0.0,0.0,14.49,1.24,0.0
20140708:0010,0.0,0.0,0.0,14.09,1.17,0.0
20140708:0110,0.0,0.0,0.0,14.27,0.83,0.0
20140708:0210,0.0,0.0,0.0,14.01,0.9,0.0
20140708:0310,0.0,0.0,0.0,12.76,1.45,0.0
20140708:0410,0.0,0.0,0.0,12.47,1.86,0.0
20140708:0510,866.78,25.59,9.82,12.75,2.0,0.0
20140708:0610,4200.31,82.21,19.2,14.27,2.07,0.0
20140708:0710,3902.02,77.65,28.98,14.88,1.93,0.0
20140708:0810,19066.84,314.16,38.81,15.79,2.21,0.0
20140708:0910,17016.78,283.41,48.23,16.67,2.34,0.0
20140708:1010,8578.22,152.55,56.49,17.57,2.48,0.0
20140708:1110,26044.33,429.93,62.19,18.37,2.55,0.0
20140708:1210,23569.99,389.11,63.45,17.81,2.55,0.0
20140708:1310,3953.63,79.47,59.69,18.2,2.83,0.0
20140708:1410,12131.1,209.19,52.46,19.31,3.38,0.0
20140708:1510,32529.98,528.91,43.47,17.08,3.24,0.0
20140708:1610,18420.17,308.81,33.77,17.75,2.97,0.0
20140708:1710,9473.84,170.05,23.93,17.77,2.55,0.0
20140708:1810,3443.58,70.8,14.31,16.94,2.62,0.0
20140708:1910,853.88,25.59,5.25,15.47,2.55,0.0
20140708:2010,0.0,0.0,0.0,14.63,2.07,0.0
20140708:2110,0.0,0.0,0.0,14.18,2.0,0.0
20140708:2210,0.0,0.0,0.0,13.82,2.21,0.0
20140708:2310,0.0,0.0,0.0,13.35,2.41,0.0
20140709:0010,0.0,0.0,0.0,13.03,2.55,0.0
20140709:0110,0.0,0.0,0.0,12.56,2.55,0.0
20140709:0210,0.0,0.0,0.0,12.2,2.48,0.0
20140709:0310,0.0,0.0,0.0,11.73,2.48,0.0
20140709:0410,0.0,0.0,0.0,11.38,2.55,0.0
20140709:0510,329.41,14.5,9.71,11.77,2.28,0.0
20140709:0610,7646.17,138.85,19.1,12.75,3.52,0.0
20140709:0710,9307.62,161.73,28.87,14.54,3.17,0.0
20140709:0810,10947.06,187.43,38.7,15.32,3.03,0.0
20140709:0910,17263.46,285.54,48.12,16.39,3.72,0.0
20140709:1010,11460.9,196.4,56.37,17.1,4.34,0.0
20140709:1110,13580.03,228.37,62.07,16.48,4.76,0.0
20140709:1210,9593.76,166.25,63.34,15.48,4.83,0.0
20140709:1310,8160.77,144.33,59.6,15.57,4.62,0.0
20140709:1410,8328.51,147.07,52.38,15.8,4.55,0.0
20140709:1510,5521.72,103.22,43.41,15.22,4.55,0.0
20140709:1610,4947.16,94.09,33.72,14.96,4.76,0.0
20140709:1710,1710.03,41.11,23.87,14.74,4.76,0.0
20140709:1810,323.33,14.5,14.25,14.6,5.03,0.0
20140709:1910,87.28,8.53,5.19,14.42,4.9,0.0
20140709:2010,0.0,0.0,0.0,14.58,5.17,0.0
20140709:2110,0.0,0.0,0.0,14.63,5.52,0.0
20140709:2210,0.0,0.0,0.0,14.42,5.59,0.0
20140709:2310,0.0,0.0,0.0,14.09,5.66,0.0
20140710:0010,0.0,0.0,0.0,13.78,5.66,0.0
20140710:0110,0.0,0.0,0.0,13.35,5.59,0.0
20140710:0210,0.0,0.0,0.0,13.16,5.52,0.0
20140710:0310,0.0,0.0,0.0,13.07,5.59,0.0
20140710:0410,0.0,0.0,0.0,12.99,5.45,0.0
20140710:0510,2317.99,51.18,9.59,13.01,5.38,0.0
20140710:0610,2151.77,48.41,18.98,13.22,5.31,0.0
20140710:0710,3145.3,64.86,28.76,13.43,5.31,0.0
20140710:0810,5621.15,104.14,38.59,13.84,5.17,0.0
20140710:0910,5724.38,105.96,48.0,14.39,5.31,0.0
20140710:1010,4891.76,93.17,56.25,15.14,6.69,0.0
20140710:1110,6272.38,115.1,61.94,15.91,6.34,0.0
20140710:1210,6197.24,114.18,63.22,16.41,6.14,0.0
20140710:1310,5426.09,102.31,59.51,16.88,6.21,0.0
20140710:1410,5824.57,108.7,52.31,17.2,6.28,0.0
20140710:1510,3988.54,79.47,43.35,16.99,6.21,0.0
20140710:1610,8586.57,151.51,33.66,16.87,6.0,0.0
20140710:1710,9128.49,162.68,23.81,16.98,6.07,0.0
20140710:1810,3508.86,71.65,14.18,16.58,4.76,0.0
20140710:1910,638.32,21.32,5.11,15.77,3.45,0.0
20140710:2010,0.0,0.0,0.0,15.39,3.38,0.0
20140710:2110,0.0,0.0,0.0,15.18,3.24,0.0
20140710:2210,0.0,0.0,0.0,14.99,3.1,0.0
20140710:2310,0.0,0.0,0.0,14.82,2.9,0.0
20140711:0010,0.0,0.0,0.0,14.6,2.76,0.0
20140711:0110,0.0,0.0,0.0,14.52,2.76,0.0
20140711:0210,0.0,0.0,0.0,14.39,2.9,0.0
20140711:0310,0.0,0.0,0.0,14.28,3.1,0.0
20140711:0410,0.0,0.0,0.0,14.17,3.1,0.0
20140711:0510,2050.82,46.91,9.48,14.09,2.97,0.0
20140711:0610,4231.42,82.78,18.87,14.17,2.83,0.0
20140711:0710,1351.78,34.71,28.65,14.23,2.41,0.0
20140711:0810,4999.53,95.0,38.47,14.7,2.55,0.0
20140711:0910,5564.23,104.14,47.89,15.34,2.69,0.0
20140711:1010,5896.67,109.62,56.12,15.92,2.69,0.0
20140711:1110,7925.48,141.59,61.81,16.64,3.24,0.0
20140711:1210,4645.08,90.43,63.1,17.71,3.24,0.0
20140711:1310,3389.69,70.34,59.4,18.54,2.83,0.0
20140711:1410,22351.03,370.12,52.22,18.94,3.03,0.0
20140711:1510,31634.36,520.39,43.28,19.11,2.9,0.0
20140711:1610,14091.59,240.62,33.59,18.9,2.69,0.0
20140711:1710,3057.25,64.86,23.74,18.62,2.55,0.0
20140711:1810,3111.9,65.68,14.11,18.18,2.21,0.0
20140711:1910,56.92,7.68,5.03,17.0,1.93,0.0
20140711:2010,0.0,0.0,0.0,16.08,1.66,0.0
20140711:2110,0.0,0.0,0.0,15.54,1.38,0.0
20140711:2210,0.0,0.0,0.0,14.92,1.1,0.0
20140711:2310,0.0,0.0,0.0,14.88,0.69,0.0
20140712:0010,0.0,0.0,0.0,14.87,0.76,0.0
20140712:0110,0.0,0.0,0.0,14.78,0.97,0.0
20140712:0210,0.0,0.0,0.0,14.73,1.24,0.0
20140712:0310,0.0,0.0,0.0,14.64,1.24,0.0
20140712:0410,0.0,0.0,0.0,14.58,1.17,0.0
20140712:0510,1173.41,31.56,9.35,14.68,0.9,0.0
20140712:0610,6324.75,117.91,18.75,15.19,0.97,0.0
20140712:0710,9373.65,164.53,28.53,15.97,1.17,0.0
20140712:0810,14049.85,238.0,38.36,16.91,1.45,0.0
20140712:0910,24456.5,404.35,47.76,17.79,1.66,0.0
20140712:1010,15153.44,257.29,55.99,18.61,1.72,0.0
20140712:1110,19360.57,325.4,61.67,19.22,1.72,0.0
20140712:1210,40492.65,681.61,62.97,19.92,1.79,0.0
20140712:1310,18401.2,311.82,59.29,20.37,1.59,0.0
20140712:1410,38078.27,643.8,52.13,20.61,1.24,0.0
20140712:1510,26019.28,439.09,43.2,21.29,1.17,0.0
20140712:1610,17341.63,298.61,33.51,21.56,1.38,0.0
20140712:1710,8837.04,162.36,23.66,21.72,1.72,0.0
20140712:1810,3569.58,74.21,14.03,21.28,1.79,0.0
20140712:1910,747.62,23.88,4.95,19.96,2.07,0.0
20140712:2010,0.0,0.0,0.0,18.62,2.34,0.0
20140712:2110,0.0,0.0,0.0,17.72,2.48,0.0
20140712:2210,0.0,0.0,0.0,16.96,2.07,0.0
20140712:2310,0.0,0.0,0.0,16.44,1.59,0.0
20140713:0010,0.0,0.0,0.0,16.05,1.45,0.0
20140713:0110,0.0,0.0,0.0,15.6,1.59,0.0
20140713:0210,0.0,0.0,0.0,15.33,1.59,0.0
20140713:0310,0.0,0.0,0.0,15.22,1.72,0.0
20140713:0410,0.0,0.0,0.0,15.25,1.86,0.0
20140713:0510,86.53,8.53,9.23,15.5,1.72,0.0
20140713:0610,2329.37,52.07,18.63,16.09,1.86,0.0
20140713:0710,1692.57,41.11,28.41,16.45,2.69,0.0
20140713:0810,2437.15,53.9,38.24,16.31,2.83,0.0
20140713:0910,13717.41,230.73,47.64,16.3,3.72,0.0
20140713:1010,10003.62,173.56,55.85,16.55,3.93,0.0
20140713:1110,9205.15,161.69,61.53,16.92,3.17,0.0
20140713:1210,10916.7,189.09,62.83,18.36,4.14,0.0
20140713:1310,19292.26,321.82,59.18,19.7,4.07,0.0
20140713:1410,23891.8,396.36,52.04,20.75,4.0,0.0
20140713:1510,6444.67,120.58,43.11,21.07,4.21,0.0
20140713:1610,19707.44,331.64,33.44,19.96,4.62,0.0
20140713:1710,7706.89,140.93,23.58,19.19,2.83,0.0
20140713:1810,279.31,13.65,13.95,18.59,2.28,0.0
20140713:1910,56.17,7.68,4.86,18.17,2.28,0.0
20140713:2010,0.0,0.0,0.0,17.39,2.0,0.0
20140713:2110,0.0,0.0,0.0,16.51,2.21,0.0
20140713:2210,0.0,0.0,0.0,15.97,2.41,0.0
20140713:2310,0.0,0.0,0.0,14.86,2.48,0.0
20140714:0010,0.0,0.0,0.0,14.29,2.62,0.0
20140714:0110,0.0,0.0,0.0,13.44,2.83,0.0
20140714:0210,0.0,0.0,0.0,13.14,3.03,0.0
20140714:0310,0.0,0.0,0.0,13.06,3.1,0.0
20140714:0410,0.0,0.0,0.0,13.29,2.9,0.0
20140714:0510,1228.82,32.41,9.1,13.61,2.62,0.0
20140714:0610,3121.01,64.86,18.5,14.54,2.41,0.0
20140714:0710,7743.32,137.95,28.29,14.82,2.21,0.0
20140714:0810,28649.97,464.93,38.11,15.54,2.34,0.0
20140714:0910,27027.99,439.71,47.51,16.74,3.1,0.0
20140714:1010,15145.09,255.17,55.71,17.74,2.83,0.0
20140714:1110,19084.3,318.7,61.38,18.81,2.83,0.0
20140714:1210,45404.9,755.73,62.69,19.71,3.24,0.0
20140714:1310,56152.34,949.34,59.05,20.62,3.24,0.0
20140714:1410,48138.82,804.8,51.94,20.88,3.1,0.0
20140714:1510,31150.88,516.51,43.02,20.73,2.97,0.0
20140714:1610,21828.84,370.48,33.35,20.57,2.97,0.0
20140714:1710,10221.45,205.31,23.5,20.2,2.34,0.0
20140714:1810,2780.98,60.56,13.86,19.8,1.79,0.0
20140714:1910,790.88,24.74,4.76,19.63,1.38,0.0
20140714:2010,0.0,0.0,0.0,17.92,1.59,0.0
20140714:2110,0.0,0.0,0.0,16.37,1.45,0.0
20140714:2210,0.0,0.0,0.0,15.39,1.45,0.0
20140714:2310,0.0,0.0,0.0,14.66,1.38,0.0
20140715:0010,0.0,0.0,0.0,14.18,1.24,0.0
20140715:0110,0.0,0.0,0.0,14.26,0.97,0.0
20140715:0210,0.0,0.0,0.0,14.33,0.83,0.0
20140715:0310,0.0,0.0,0.0,13.78,0.83,0.0
20140715:0410,0.0,0.0,0.0,13.16,0.97,0.0
20140715:0510,1864.1,43.5,8.97,12.55,1.03,0.0
20140715:0610,8363.42,176.94,18.38,14.97,0.9,0.0
20140715:0710,22802.64,388.43,28.16,17.48,1.38,0.0
20140715:0810,34788.77,578.71,37.98,19.39,1.66,0.0
20140715:0910,35864.27,600.71,47.37,20.81,1.79,0.0
20140715:1010,39628.15,670.82,55.57,21.97,1.93,0.0
20140715:1110,15096.51,260.66,61.22,22.49,2.07,0.0
20140715:1210,9326.59,168.08,62.54,22.65,2.07,0.0
20140715:1310,14906.0,257.86,58.92,22.68,2.0,0.0
20140715:1410,22894.48,388.22,51.83,22.9,1.93,0.0
20140715:1510,21170.03,360.4,42.93,23.23,1.86,0.0
20140715:1610,19233.82,333.32,33.26,23.3,1.52,0.0
20140715:1710,9319.0,173.45,23.41,23.23,1.03,0.0
20140715:1810,3833.71,79.32,13.76,23.07,0.41,0.0
20140715:1910,456.92,17.91,4.65,21.96,1.59,0.0
20140715:2010,0.0,0.0,0.0,20.71,1.72,0.0
20140715:2110,0.0,0.0,0.0,20.05,1.59,0.0
20140715:2210,0.0,0.0,0.0,19.4,1.59,0.0
20140715:2310,0.0,0.0,0.0,18.95,1.45,0.0
20140716:0010,0.0,0.0,0.0,18.26,1.52,0.0
20140716:0110,0.0,0.0,0.0,17.84,1.52,0.0
20140716:0210,0.0,0.0,0.0,17.7,1.52,0.0
20140716:0310,0.0,0.0,0.0,17.53,1.45,0.0
20140716:0410,0.0,0.0,0.0,17.42,1.38,0.0
20140716:0510,1914.96,45.21,8.83,17.37,1.24,0.0
20140716:0610,8178.22,174.49,18.24,18.29,1.1,0.0
20140716:0710,22497.52,387.62,28.03,19.26,1.03,0.0
20140716:0810,35232.78,595.28,37.85,20.96,1.03,0.0
20140716:0910,43627.32,751.3,47.23,22.42,1.03,0.0
20140716:1010,49971.04,882.51,55.42,23.69,0.97,0.0
20140716:1110,47439.78,841.8,61.06,24.79,0.9,0.0
20140716:1210,45615.9,814.07,62.38,25.7,0.69,0.0
20140716:1310,41964.35,747.91,58.79,26.12,0.41,0.0
20140716:1410,39354.15,699.82,51.71,26.46,0.21,0.0
20140716:1510,34159.55,600.14,42.83,26.74,0.41,0.0
20140716:1610,22169.63,396.15,33.16,26.91,0.48,0.0
20140716:1710,9268.91,201.78,23.31,26.89,0.9,0.0
20140716:1810,2929.74,64.82,13.66,26.42,1.17,0.0
20140716:1910,685.38,23.03,4.54,24.92,1.59,0.0
20140716:2010,0.0,0.0,0.0,22.96,2.14,0.0
20140716:2110,0.0,0.0,0.0,21.25,2.21,0.0
20140716:2210,0.0,0.0,0.0,20.03,2.21,0.0
20140716:2310,0.0,0.0,0.0,19.07,2.21,0.0
20140717:0010,0.0,0.0,0.0,18.29,2.21,0.0
20140717:0110,0.0,0.0,0.0,17.63,2.07,0.0
20140717:0210,0.0,0.0,0.0,16.99,2.0,0.0
20140717:0310,0.0,0.0,0.0,16.47,2.0,0.0
20140717:0410,0.0,0.0,0.0,16.0,2.0,0.0
20140717:0510,1929.38,45.21,8.69,16.02,1.79,0.0
20140717:0610,8190.37,175.06,18.11,18.28,1.59,0.0
20140717:0710,22611.37,389.52,27.9,20.4,1.86,0.0
20140717:0810,35851.37,605.25,37.72,22.61,1.86,0.0
20140717:0910,45963.52,793.55,47.09,24.74,1.86,0.0
20140717:1010,53296.22,942.25,55.27,26.56,2.07,0.0
20140717:1110,56916.65,1012.27,60.9,27.78,2.69,0.0
20140717:1210,57147.39,1016.73,62.22,28.33,2.9,0.0
20140717:1310,53009.32,934.72,58.65,28.67,2.97,0.0
20140717:1410,43574.95,756.5,51.59,28.87,3.03,0.0
20140717:1510,34441.9,594.13,42.72,28.98,3.03,0.0
20140717:1610,23533.55,417.8,33.06,28.78,3.03,0.0
20140717:1710,9237.79,203.51,23.21,28.36,2.97,0.0
20140717:1810,2724.81,61.41,13.55,27.35,2.69,0.0
20140717:1910,639.84,22.18,4.43,26.21,2.14,0.0
20140717:2010,0.0,0.0,0.0,24.24,2.48,0.0
20140717:2110,0.0,0.0,0.0,22.56,2.76,0.0
20140717:2210,0.0,0.0,0.0,21.67,2.9,0.0
20140717:2310,0.0,0.0,0.0,21.13,2.97,0.0
20140718:0010,0.0,0.0,0.0,20.57,2.83,0.0
20140718:0110,0.0,0.0,0.0,20.1,2.83,0.0
20140718:0210,0.0,0.0,0.0,19.71,2.83,0.0
20140718:0310,0.0,0.0,0.0,19.26,2.62,0.0
20140718:0410,0.0,0.0,0.0,18.75,2.55,0.0
20140718:0510,2000.72,46.91,8.55,18.79,2.55,0.0
20140718:0610,8129.65,167.73,17.97,20.4,2.41,0.0
20140718:0710,22085.38,383.66,27.77,22.57,2.21,0.0
20140718:0810,34982.31,592.9,37.58,24.49,2.34,0.0
20140718:0910,45092.95,776.78,46.95,26.19,2.48,0.0
20140718:1010,52437.79,922.92,55.11,27.73,2.62,0.0
20140718:1110,54969.06,980.33,60.73,28.97,2.69,0.0
20140718:1210,55966.38,1008.28,62.05,29.97,2.55,0.0
20140718:1310,37802.75,665.04,58.5,30.64,2.41,0.0
20140718:1410,44321.81,784.9,51.46,31.18,2.41,0.0
20140718:1510,35691.22,627.3,42.6,31.54,2.41,0.0
20140718:1610,22756.34,410.88,32.95,31.5,2.34,0.0
20140718:1710,9315.97,200.83,23.1,31.26,2.14,0.0
20140718:1810,3651.55,78.47,13.44,30.38,1.86,0.0
20140718:1910,551.03,20.47,4.31,29.02,2.62,0.0
20140718:2010,0.0,0.0,0.0,27.14,2.97,0.0
20140718:2110,0.0,0.0,0.0,26.41,3.31,0.0
20140718:2210,0.0,0.0,0.0,25.74,3.72,0.0
20140718:2310,0.0,0.0,0.0,25.14,3.86,0.0
20140719:0010,0.0,0.0,0.0,24.6,3.79,0.0
20140719:0110,0.0,0.0,0.0,24.06,3.66,0.0
20140719:0210,0.0,0.0,0.0,23.31,2.48,0.0
20140719:0310,0.0,0.0,0.0,22.41,2.34,0.0
20140719:0410,0.0,0.0,0.0,21.97,3.24,0.0
20140719:0510,1447.41,37.53,8.4,22.08,3.45,0.0
20140719:0610,687.65,22.84,17.83,22.16,3.24,0.0
20140719:0710,2984.39,64.86,27.63,22.9,0.76,0.0
20140719:0810,9413.12,171.02,37.44,24.67,1.93,0.0
20140719:0910,40694.54,690.74,46.8,25.45,3.1,0.0
20140719:1010,38425.89,662.01,54.95,26.47,2.28,0.0
20140719:1110,6639.73,127.89,60.55,27.52,0.83,0.0
20140719:1210,50400.64,907.33,61.87,28.76,1.59,0.0
20140719:1310,50646.55,892.16,58.34,29.4,3.03,0.0
20140719:1410,46497.86,792.26,51.33,27.51,4.41,0.0
20140719:1510,23149.5,391.4,42.48,23.83,3.03,0.0
20140719:1610,8705.73,158.85,32.84,23.19,1.24,0.0
20140719:1710,1975.68,47.5,22.99,24.27,2.0,0.0
20140719:1810,2034.88,48.62,13.32,24.54,2.14,0.0
20140719:1910,200.38,11.94,4.18,24.68,1.52,0.0
20140719:2010,0.0,0.0,0.0,23.22,2.21,0.0
20140719:2110,0.0,0.0,0.0,20.82,1.31,0.0
20140719:2210,0.0,0.0,0.0,20.14,0.9,0.0
20140719:2310,0.0,0.0,0.0,19.94,1.24,0.0
20140720:0010,0.0,0.0,0.0,19.76,1.52,0.0
20140720:0110,0.0,0.0,0.0,19.57,1.45,0.0
20140720:0210,0.0,0.0,0.0,19.26,0.9,0.0
20140720:0310,0.0,0.0,0.0,19.33,0.28,0.0
20140720:0410,0.0,0.0,0.0,18.52,0.69,0.0
20140720:0510,1149.89,31.56,8.25,18.59,1.66,0.0
20140720:0610,6601.78,125.82,17.69,18.49,2.21,0.0
20140720:0710,3873.94,78.56,27.49,19.39,2.69,0.0
20140720:0810,8371.01,150.72,37.3,19.94,2.9,0.0
20140720:0910,15132.18,257.87,46.65,20.59,3.03,0.0
20140720:1010,46427.27,777.29,54.78,21.7,3.45,0.0
20140720:1110,42375.73,710.66,60.37,22.95,3.79,0.0
20140720:1210,21322.59,360.02,61.69,23.18,3.86,0.0
20140720:1310,3280.4,69.42,58.18,21.9,3.79,0.0
20140720:1410,2891.79,63.03,51.19,22.45,2.97,0.0
20140720:1510,6372.56,120.58,42.36,23.01,3.03,0.0
20140720:1610,10553.14,185.81,32.72,20.64,2.97,0.0
20140720:1710,10148.59,193.68,22.87,20.72,2.55,0.0
20140720:1810,3327.46,69.94,13.2,20.64,2.21,0.0
20140720:1910,111.57,9.38,4.05,20.25,2.55,0.0
20140720:2010,0.0,0.0,0.0,19.53,2.69,0.0
20140720:2110,0.0,0.0,0.0,18.79,2.9,0.0
20140720:2210,0.0,0.0,0.0,18.09,3.24,0.0
20140720:2310,0.0,0.0,0.0,17.28,3.24,0.0
20140721:0010,0.0,0.0,0.0,16.5,2.69,0.0
20140721:0110,0.0,0.0,0.0,15.85,2.55,0.0
20140721:0210,0.0,0.0,0.0,15.41,2.48,0.0
20140721:0310,0.0,0.0,0.0,15.05,2.41,0.0
20140721:0410,0.0,0.0,0.0,14.9,2.34,0.0
20140721:0510,1694.85,40.94,8.1,15.07,2.41,0.0
20140721:0610,7882.22,154.28,17.54,16.34,2.62,0.0
20140721:0710,15882.08,269.06,27.34,18.13,3.59,0.0
20140721:0810,15578.48,262.06,37.15,18.81,3.72,0.0
20140721:0910,20031.53,332.78,46.49,19.57,3.93,0.0
20140721:1010,7047.32,129.71,54.61,20.11,3.72,0.0
20140721:1110,10951.61,191.83,60.19,20.94,4.0,0.0
20140721:1210,12533.37,217.41,61.5,21.81,4.48,0.0
20140721:1310,11407.77,200.05,58.01,22.46,4.9,0.0
20140721:1410,20130.96,337.76,51.04,22.44,5.31,0.0
20140721:1510,16550.75,281.06,42.23,22.49,5.24,0.0
20140721:1610,10559.21,185.83,32.6,21.55,5.59,0.0
20140721:1710,6886.41,128.35,22.74,21.48,5.24,0.0
20140721:1810,3680.39,75.91,13.07,21.34,4.28,0.0
20140721:1910,459.95,17.91,3.91,20.91,4.07,0.0
20140721:2010,0.0,0.0,0.0,20.2,3.79,0.0
20140721:2110,0.0,0.0,0.0,19.3,3.52,0.0
20140721:2210,0.0,0.0,0.0,18.49,3.52,0.0
20140721:2310,0.0,0.0,0.0,17.84,3.66,0.0
20140722:0010,0.0,0.0,0.0,17.3,3.72,0.0
20140722:0110,0.0,0.0,0.0,16.79,3.66,0.0
20140722:0210,0.0,0.0,0.0,16.41,3.52,0.0
20140722:0310,0.0,0.0,0.0,16.11,3.38,0.0
20140722:0410,0.0,0.0,0.0,15.8,3.31,0.0
20140722:0510,1640.96,40.09,7.94,15.82,3.38,0.0
20140722:0610,3150.61,65.77,17.39,16.37,3.52,0.0
20140722:0710,3971.85,79.47,27.2,17.58,4.41,0.0
20140722:0810,21620.87,354.55,37.0,18.49,4.9,0.0
20140722:0910,17696.84,295.31,46.34,19.58,5.03,0.0
20140722:1010,4640.53,91.35,54.44,20.65,4.97,0.0
20140722:1110,6342.96,118.75,59.99,20.83,4.9,0.0
20140722:1210,8704.21,156.2,61.31,20.89,4.69,0.0
20140722:1310,7634.78,139.76,57.84,21.65,4.69,0.0
20140722:1410,7430.61,137.02,50.89,22.38,4.28,0.0
20140722:1510,10219.18,181.78,42.09,22.82,4.0,0.0
20140722:1610,6776.35,126.97,32.46,22.87,3.31,0.0
20140722:1710,5104.28,100.04,22.61,22.89,3.31,0.0
20140722:1810,3145.3,67.38,12.93,22.57,2.9,0.0
20140722:1910,53.89,7.68,3.76,21.48,2.69,0.0
20140722:2010,0.0,0.0,0.0,20.58,3.03,0.0
20140722:2110,0.0,0.0,0.0,19.81,3.24,0.0
20140722:2210,0.0,0.0,0.0,19.08,3.31,0.0
20140722:2310,0.0,0.0,0.0,18.5,3.1,0.0
20140723:0010,0.0,0.0,0.0,17.81,2.97,0.0
20140723:0110,0.0,0.0,0.0,17.38,2.9,0.0
20140723:0210,0.0,0.0,0.0,17.1,2.76,0.0
20140723:0310,0.0,0.0,0.0,17.0,2.76,0.0
20140723:0410,0.0,0.0,0.0,16.89,2.69,0.0
20140723:0510,1068.67,29.85,7.79,17.07,2.62,0.0
20140723:0610,4594.23,90.37,17.24,18.14,2.48,0.0
20140723:0710,8013.52,144.5,27.05,19.06,3.38,0.0
20140723:0810,12599.4,217.43,36.85,20.36,3.24,0.0
20140723:0910,21204.18,356.39,46.18,22.18,3.24,0.0
20140723:1010,52884.08,904.47,54.26,24.37,3.45,0.0
20140723:1110,55221.8,959.72,59.8,25.5,3.17,0.0
20140723:1210,53007.8,922.93,61.11,26.4,3.17,0.0
20140723:1310,42985.21,739.89,57.66,27.25,3.31,0.0
20140723:1410,43479.32,746.78,50.73,27.69,3.45,0.0
20140723:1510,35329.93,602.59,41.95,27.6,3.59,0.0
20140723:1610,20770.79,361.48,32.33,25.73,3.1,0.0
20140723:1710,9259.8,198.63,22.47,25.15,2.76,0.0
20140723:1810,3111.9,67.38,12.79,24.73,3.52,0.0
20140723:1910,0.0,4.26,3.61,24.2,2.83,0.0
20140723:2010,0.0,0.0,0.0,23.0,2.9,0.0
20140723:2110,0.0,0.0,0.0,21.86,2.9,0.0
20140723:2210,0.0,0.0,0.0,21.17,2.83,0.0
20140723:2310,0.0,0.0,0.0,20.32,2.76,0.0
20140724:0010,0.0,0.0,0.0,19.85,2.62,0.0
20140724:0110,0.0,0.0,0.0,19.33,2.48,0.0
20140724:0210,0.0,0.0,0.0,18.6,2.48,0.0
20140724:0310,0.0,0.0,0.0,18.12,2.41,0.0
20140724:0410,0.0,0.0,0.0,17.6,2.28,0.0
20140724:0510,1579.48,39.24,7.62,17.24,2.14,0.0
20140724:0610,7732.69,163.53,17.09,18.74,1.79,0.0
20140724:0710,21721.82,375.54,26.89,21.17,2.0,0.0
20140724:0810,35163.71,592.75,36.69,22.75,2.0,0.0
20140724:0910,45382.89,780.06,46.01,24.32,1.93,0.0
20140724:1010,52714.83,929.38,54.08,25.86,1.93,0.0
20140724:1110,56625.95,1010.7,59.6,27.02,2.21,0.0
20140724:1210,51159.64,900.21,60.91,27.64,2.69,0.0
20140724:1310,51652.99,905.81,57.47,27.85,2.9,0.0
20140724:1410,38228.55,660.6,50.57,28.06,2.62,0.0
20140724:1510,33128.83,571.72,41.8,27.9,2.28,0.0
20140724:1610,21699.81,383.54,32.18,27.81,2.34,0.0
20140724:1710,9562.64,181.95,22.33,24.63,2.97,0.0
20140724:1810,3628.02,75.91,12.64,23.7,2.07,0.0
20140724:1910,376.46,16.21,3.46,23.88,2.34,0.0
20140724:2010,0.0,0.0,0.0,22.35,2.55,0.0
20140724:2110,0.0,0.0,0.0,21.31,2.55,0.0
20140724:2210,0.0,0.0,0.0,20.2,2.62,0.0
20140724:2310,0.0,0.0,0.0,19.22,2.69,0.0
20140725:0010,0.0,0.0,0.0,18.38,2.62,0.0
20140725:0110,0.0,0.0,0.0,17.58,2.55,0.0
20140725:0210,0.0,0.0,0.0,16.93,2.48,0.0
20140725:0310,0.0,0.0,0.0,16.31,2.55,0.0
20140725:0410,0.0,0.0,0.0,15.78,2.55,0.0
20140725:0510,1642.48,40.09,7.46,15.52,2.21,0.0
20140725:0610,7804.8,166.15,16.93,16.75,1.93,0.0
20140725:0710,22318.4,380.75,26.74,18.68,2.21,0.0
20140725:0810,36100.32,600.25,36.54,20.39,2.28,0.0
20140725:0910,46469.78,785.6,45.84,22.06,2.41,0.0
20140725:1010,54000.57,935.3,53.9,23.44,2.34,0.0
20140725:1110,55302.26,968.66,59.39,24.48,2.34,0.0
20140725:1210,55252.16,967.5,60.7,25.01,2.55,0.0
20140725:1310,45187.06,775.87,57.28,25.11,2.76,0.0
20140725:1410,43973.42,749.73,50.4,25.12,2.97,0.0
20140725:1510,32394.12,547.17,41.64,24.87,3.1,0.0
20140725:1610,14846.04,259.18,32.04,24.65,3.17,0.0
20140725:1710,9341.01,199.03,22.18,24.04,3.03,0.0
20140725:1810,2536.58,57.15,12.49,23.28,2.97,0.0
20140725:1910,343.83,15.35,3.3,22.23,2.69,0.0
20140725:2010,0.0,0.0,0.0,20.93,2.76,0.0
20140725:2110,0.0,0.0,0.0,20.06,2.76,0.0
20140725:2210,0.0,0.0,0.0,19.11,2.62,0.0
20140725:2310,0.0,0.0,0.0,18.2,2.48,0.0
20140726:0010,0.0,0.0,0.0,17.53,2.41,0.0
20140726:0110,0.0,0.0,0.0,16.92,2.41,0.0
20140726:0210,0.0,0.0,0.0,16.43,2.34,0.0
20140726:0310,0.0,0.0,0.0,15.87,2.28,0.0
20140726:0410,0.0,0.0,0.0,15.4,2.21,0.0
20140726:0510,1644.75,40.09,7.29,15.25,2.14,0.0
20140726:0610,7726.62,159.86,16.77,16.32,2.07,0.0
20140726:0710,21557.12,366.43,26.58,18.44,2.62,0.0
20140726:0810,35399.0,584.65,36.38,19.71,2.55,0.0
20140726:0910,43422.39,723.44,45.67,20.71,2.76,0.0
20140726:1010,51968.73,884.84,53.71,21.59,2.55,0.0
20140726:1110,39046.76,658.6,59.18,22.33,2.48,0.0
20140726:1210,42254.29,718.23,60.48,23.1,2.48,0.0
20140726:1310,30545.96,514.33,57.08,23.16,2.62,0.0
20140726:1410,25173.75,424.04,50.22,23.67,3.17,0.0
20140726:1510,23736.21,400.2,41.48,23.68,3.24,0.0
20140726:1610,20675.16,356.37,31.88,23.7,3.1,0.0
20140726:1710,9536.84,193.94,22.03,23.56,3.03,0.0
20140726:1810,3448.9,72.5,12.33,22.56,2.9,0.0
20140726:1910,272.48,13.65,3.13,21.94,1.93,0.0
20140726:2010,0.0,0.0,0.0,21.05,2.14,0.0
20140726:2110,0.0,0.0,0.0,20.36,2.21,0.0
20140726:2210,0.0,0.0,0.0,19.71,2.28,0.0
20140726:2310,0.0,0.0,0.0,19.13,2.28,0.0
20140727:0010,0.0,0.0,0.0,18.56,2.28,0.0
20140727:0110,0.0,0.0,0.0,17.78,2.28,0.0
20140727:0210,0.0,0.0,0.0,17.24,2.14,0.0
20140727:0310,0.0,0.0,0.0,16.76,2.0,0.0
20140727:0410,0.0,0.0,0.0,16.21,1.93,0.0
20140727:0510,1542.29,38.38,7.13,15.89,1.72,0.0
20140727:0610,7576.34,156.2,16.61,17.42,1.38,0.0
20140727:0710,21111.58,363.17,26.42,19.02,1.1,0.0
20140727:0810,29730.79,498.3,36.21,20.67,1.31,0.0
20140727:0910,38202.75,647.06,45.5,22.44,1.66,0.0
20140727:1010,51230.98,891.39,53.51,24.02,1.93,0.0
20140727:1110,54690.5,965.2,58.97,25.31,2.07,0.0
20140727:1210,44993.52,784.11,60.26,25.94,2.0,0.0
20140727:1310,45190.86,785.28,56.87,26.18,2.21,0.0
20140727:1410,42052.4,726.05,50.04,26.38,2.21,0.0
20140727:1510,22611.37,388.1,41.31,26.22,2.41,0.0
20140727:1610,17207.29,297.96,31.72,24.02,2.97,0.0
20140727:1710,7927.76,148.62,21.87,23.47,2.48,0.0
20140727:1810,2437.91,55.44,12.17,23.1,1.59,0.0
20140727:1910,28.08,6.82,2.96,22.69,2.14,0.0
20140727:2010,0.0,0.0,0.0,21.42,2.14,0.0
20140727:2110,0.0,0.0,0.0,20.74,2.14,0.0
20140727:2210,0.0,0.0,0.0,20.02,2.28,0.0
20140727:2310,0.0,0.0,0.0,19.06,2.21,0.0
20140728:0010,0.0,0.0,0.0,18.27,2.14,0.0
20140728:0110,0.0,0.0,0.0,17.66,1.86,0.0
20140728:0210,0.0,0.0,0.0,17.39,1.52,0.0
20140728:0310,0.0,0.0,0.0,17.25,1.66,0.0
20140728:0410,0.0,0.0,0.0,17.0,2.07,0.0
20140728:0510,6.83,5.97,6.95,16.77,2.28,0.0
20140728:0610,2812.85,60.29,16.44,16.64,2.34,0.0
20140728:0710,2488.0,54.81,26.26,16.57,2.97,0.0
20140728:0810,14905.24,250.17,36.05,17.52,3.59,0.0
20140728:0910,34662.01,566.38,45.32,18.49,3.17,0.0
20140728:1010,43940.79,731.57,53.32,19.6,2.69,0.0
20140728:1110,38316.6,639.7,58.75,20.31,2.41,0.0
20140728:1210,35657.82,595.85,60.03,21.18,2.62,0.0
20140728:1310,20752.58,350.16,56.66,21.7,2.55,0.0
20140728:1410,13263.53,230.44,49.85,21.87,2.07,0.0
20140728:1510,4871.26,95.91,41.14,21.85,1.38,0.0
20140728:1610,8434.01,153.4,31.56,21.62,1.24,0.0
20140728:1710,8970.62,167.03,21.7,21.16,1.86,0.0
20140728:1810,3457.24,71.65,12.0,19.15,2.76,0.0
20140728:1910,113.09,9.38,2.78,19.16,2.97,0.0
20140728:2010,0.0,0.0,0.0,18.71,2.97,0.0
20140728:2110,0.0,0.0,0.0,18.28,2.9,0.0
20140728:2210,0.0,0.0,0.0,17.5,2.9,0.0
20140728:2310,0.0,0.0,0.0,17.03,3.03,0.0
20140729:0010,0.0,0.0,0.0,16.66,2.97,0.0
20140729:0110,0.0,0.0,0.0,15.89,2.55,0.0
20140729:0210,0.0,0.0,0.0,15.47,2.41,0.0
20140729:0310,0.0,0.0,0.0,15.42,2.76,0.0
20140729:0410,0.0,0.0,0.0,15.46,2.83,0.0
20140729:0510,248.95,12.79,6.78,15.51,2.55,0.0
20140729:0610,4890.24,95.04,16.28,16.17,1.86,0.0
20140729:0710,10313.29,179.76,26.1,16.76,1.93,0.0
20140729:0810,14185.71,240.29,35.88,17.86,2.28,0.0
20140729:0910,7842.75,141.59,45.14,18.51,2.55,0.0
20140729:1010,7131.56,130.63,53.12,19.02,2.76,0.0
20140729:1110,4995.74,96.83,58.53,19.74,3.66,0.0
20140729:1210,8522.05,153.46,59.8,20.97,4.28,0.0
20140729:1310,8806.68,158.94,56.44,22.41,4.28,0.0
20140729:1410,6106.91,116.01,49.65,22.67,3.79,0.0
20140729:1510,6499.32,122.41,40.96,23.05,4.76,0.0
20140729:1610,4330.85,86.78,31.38,21.93,4.69,0.0
20140729:1710,4400.68,87.69,21.53,21.34,5.03,0.0
20140729:1810,2031.08,47.77,11.82,20.66,4.21,0.0
20140729:1910,0.0,1.71,2.59,20.2,4.41,0.0
20140729:2010,0.0,0.0,0.0,19.88,4.14,0.0
20140729:2110,0.0,0.0,0.0,19.48,3.93,0.0
20140729:2210,0.0,0.0,0.0,19.09,3.86,0.0
20140729:2310,0.0,0.0,0.0,18.42,3.72,0.0
20140730:0010,0.0,0.0,0.0,17.86,3.59,0.0
20140730:0110,0.0,0.0,0.0,17.27,3.24,0.0
20140730:0210,0.0,0.0,0.0,16.48,3.03,0.0
20140730:0310,0.0,0.0,0.0,15.83,2.97,0.0
20140730:0410,0.0,0.0,0.0,15.37,2.76,0.0
20140730:0510,1359.37,34.97,6.6,15.07,2.48,0.0
20140730:0610,7422.26,158.85,16.11,16.05,2.14,0.0
20140730:0710,21925.99,372.56,25.93,18.28,2.76,0.0
20140730:0810,35733.72,590.31,35.71,19.96,2.69,0.0
20140730:0910,46037.9,774.6,44.96,21.52,2.48,0.0
20140730:1010,53012.36,914.37,52.91,22.67,2.21,0.0
20140730:1110,37127.24,627.8,58.3,23.67,2.76,0.0
20140730:1210,7532.32,139.76,59.56,23.91,3.17,0.0
20140730:1310,5497.44,106.88,56.22,24.11,3.17,0.0
20140730:1410,33648.75,566.47,49.45,24.18,3.1,0.0
20140730:1510,28054.92,471.3,40.77,23.96,3.38,0.0
20140730:1610,5017.75,98.66,31.21,23.37,3.66,0.0
20140730:1710,7190.77,134.98,21.36,22.58,3.45,0.0
20140730:1810,3206.02,68.24,11.64,22.01,3.17,0.0
20140730:1910,110.81,9.38,2.4,21.36,2.9,0.0
20140730:2010,0.0,0.0,0.0,19.75,2.97,0.0
20140730:2110,0.0,0.0,0.0,18.54,2.69,0.0
20140730:2210,0.0,0.0,0.0,17.45,2.34,0.0
20140730:2310,0.0,0.0,0.0,16.38,2.21,0.0
20140731:0010,0.0,0.0,0.0,15.46,2.14,0.0
20140731:0110,0.0,0.0,0.0,14.61,2.0,0.0
20140731:0210,0.0,0.0,0.0,13.89,1.93,0.0
20140731:0310,0.0,0.0,0.0,13.22,1.79,0.0
20140731:0410,0.0,0.0,0.0,12.62,1.72,0.0
20140731:0510,1331.29,34.12,6.43,12.3,1.52,0.0
20140731:0610,7461.73,159.0,15.94,14.5,0.97,0.0
20140731:0710,21880.45,372.5,25.76,16.37,0.9,0.0
20140731:0810,35417.98,592.55,35.54,18.26,0.76,0.0
20140731:0910,45971.87,792.14,44.77,19.94,0.55,0.0
20140731:1010,52829.44,940.1,52.7,21.21,0.41,0.0
20140731:1110,55950.44,1011.64,58.06,22.22,0.48,0.0
20140731:1210,53769.08,965.95,59.32,23.19,0.69,0.0
20140731:1310,45720.64,802.26,55.99,23.97,0.97,0.0
20140731:1410,34680.23,596.69,49.25,24.45,1.1,0.0
20140731:1510,32816.12,563.09,40.58,24.68,1.24,0.0
20140731:1610,18409.55,321.8,31.02,24.62,1.38,0.0
20140731:1710,9360.75,189.38,21.18,24.38,1.52,0.0
20140731:1810,3169.58,68.24,11.45,23.79,1.24,0.0
20140731:1910,139.66,10.24,2.21,22.45,1.17,0.0
20140731:2010,0.0,0.0,0.0,20.84,1.86,0.0
20140731:2110,0.0,0.0,0.0,19.52,2.34,0.0
20140731:2210,0.0,0.0,0.0,18.78,2.48,0.0
20140731:2310,0.0,0.0,0.0,17.96,2.34,0.0
20140801:0010,0.0,0.0,0.0,17.29,2.21,0.0
20140801:0110,0.0,0.0,0.0,16.77,2.21,0.0
20140801:0210,0.0,0.0,0.0,16.41,2.14,0.0
20140801:0310,0.0,0.0,0.0,15.96,2.07,0.0
20140801:0410,0.0,0.0,0.0,15.59,1.79,0.0
20140801:0510,1262.98,33.27,6.25,15.3,1.59,0.0
20140801:0610,7299.3,150.28,15.76,16.23,1.45,0.0
20140801:0710,21352.19,364.48,25.59,17.75,1.45,0.0
20140801:0810,35444.54,591.92,35.36,19.39,1.31,0.0
20140801:0910,46359.72,793.03,44.59,21.05,1.24,0.0
20140801:1010,53854.84,951.43,52.49,22.41,1.03,0.0
20140801:1110,55450.26,996.07,57.83,23.5,0.9,0.0
20140801:1210,43708.53,772.04,59.07,24.44,0.62,0.0
20140801:1310,43722.2,769.24,55.76,24.76,0.83,0.0
20140801:1410,9259.8,168.99,49.03,24.81,1.24,0.0
20140801:1510,21176.1,364.17,40.39,25.17,1.59,0.0
20140801:1610,17361.37,304.14,30.84,25.2,1.72,0.0
20140801:1710,8761.14,191.05,20.99,25.03,1.72,0.0
20140801:1810,2321.02,53.74,11.26,24.62,1.45,0.0
20140801:1910,52.37,7.68,2.01,23.85,1.52,0.0
20140801:2010,0.0,0.0,0.0,22.02,1.66,0.0
20140801:2110,0.0,0.0,0.0,20.61,2.0,0.0
20140801:2210,0.0,0.0,0.0,19.99,2.28,0.0
20140801:2310,0.0,0.0,0.0,19.74,2.48,0.0
20140802:0010,0.0,0.0,0.0,19.48,2.48,0.0
20140802:0110,0.0,0.0,0.0,19.0,2.48,0.0
20140802:0210,0.0,0.0,0.0,18.31,2.76,0.0
20140802:0310,0.0,0.0,0.0,18.03,2.9,0.0
20140802:0410,0.0,0.0,0.0,17.53,2.83,0.0
20140802:0510,1113.45,30.71,6.06,17.25,2.69,0.0
20140802:0610,1889.91,44.76,15.59,17.56,2.48,0.0
20140802:0710,17836.5,301.61,25.42,18.24,3.93,0.0
20140802:0810,18600.81,309.32,35.18,19.11,3.79,0.0
20140802:0910,38685.47,633.45,44.39,20.34,4.28,0.0
20140802:1010,43190.9,715.06,52.28,21.28,4.14,0.0
20140802:1110,46468.26,775.17,57.59,22.17,4.34,0.0
20140802:1210,49063.28,822.14,58.82,23.05,4.69,0.0
20140802:1310,50615.43,850.08,55.52,23.69,4.76,0.0
20140802:1410,39814.1,662.49,48.81,24.09,4.97,0.0
20140802:1510,36365.21,606.95,40.19,24.3,4.34,0.0
20140802:1610,20262.26,348.32,30.64,24.26,4.97,0.0
20140802:1710,8782.39,188.29,20.8,23.09,3.66,0.0
20140802:1810,3001.09,64.82,11.06,22.14,2.9,0.0
20140802:1910,29.6,6.82,1.8,20.06,2.21,0.0
20140802:2010,0.0,0.0,0.0,19.15,2.21,0.0
20140802:2110,0.0,0.0,0.0,18.6,2.14,0.0
20140802:2210,0.0,0.0,0.0,18.11,2.0,0.0
20140802:2310,0.0,0.0,0.0,17.73,1.93,0.0
20140803:0010,0.0,0.0,0.0,17.12,2.0,0.0
20140803:0110,0.0,0.0,0.0,16.61,2.0,0.0
20140803:0210,0.0,0.0,0.0,16.28,1.86,0.0
20140803:0310,0.0,0.0,0.0,15.89,1.86,0.0
20140803:0410,0.0,0.0,0.0,15.66,1.72,0.0
20140803:0510,1033.0,29.0,5.88,15.31,1.52,0.0
20140803:0610,6534.23,128.46,15.41,16.56,1.38,0.0
20140803:0710,21019.75,360.19,25.25,17.43,0.69,0.0
20140803:0810,35515.89,593.81,35.0,19.11,1.1,0.0
20140803:0910,42195.09,712.9,44.2,20.36,1.38,0.0
20140803:1010,34125.4,574.82,52.06,21.27,1.52,0.0
20140803:1110,50285.27,872.24,57.34,22.16,1.59,0.0
20140803:1210,45146.08,777.11,58.56,22.86,1.72,0.0
20140803:1310,30769.1,519.93,55.27,22.71,1.86,0.0
20140803:1410,46091.79,777.02,48.59,21.83,2.55,0.0
20140803:1510,32055.61,534.76,39.98,21.46,2.41,0.0
20140803:1610,19264.18,331.64,30.44,21.66,1.66,0.0
20140803:1710,9195.29,182.46,20.6,21.8,1.59,0.0
20140803:1810,2121.41,49.47,10.86,21.0,1.66,0.0
20140803:1910,0.0,5.12,1.59,19.59,1.79,0.0
20140803:2010,0.0,0.0,0.0,18.56,1.59,0.0
20140803:2110,0.0,0.0,0.0,17.78,1.38,0.0
20140803:2210,0.0,0.0,0.0,17.04,1.24,0.0
20140803:2310,0.0,0.0,0.0,16.13,1.45,0.0
20140804:0010,0.0,0.0,0.0,15.7,1.59,0.0
20140804:0110,0.0,0.0,0.0,15.14,1.66,0.0
20140804:0210,0.0,0.0,0.0,14.82,1.66,0.0
20140804:0310,0.0,0.0,0.0,14.26,1.72,0.0
20140804:0410,0.0,0.0,0.0,13.93,1.72,0.0
20140804:0510,1038.31,29.0,5.69,14.43,1.45,0.0
20140804:0610,6446.95,125.53,15.23,15.21,1.24,0.0
20140804:0710,16427.8,278.78,25.07,16.46,1.38,0.0
20140804:0810,17789.44,297.46,34.82,17.58,1.38,0.0
20140804:0910,26272.78,434.49,44.0,18.65,1.79,0.0
20140804:1010,51840.46,881.75,51.84,19.8,2.0,0.0
20140804:1110,57612.65,1000.57,57.09,20.86,1.93,0.0
20140804:1210,57865.4,1006.45,58.3,21.46,2.07,0.0
20140804:1310,51782.78,887.64,55.02,21.72,2.21,0.0
20140804:1410,20156.76,340.66,48.36,21.91,2.41,0.0
20140804:1510,5493.64,105.96,39.76,22.06,2.62,0.0
20140804:1610,6976.73,129.71,30.24,21.79,2.69,0.0
20140804:1710,5574.1,107.47,20.39,21.51,2.55,0.0
20140804:1810,2764.28,60.56,10.65,20.99,1.93,0.0
20140804:1910,0.0,4.26,1.37,19.59,2.0,0.0
20140804:2010,0.0,0.0,0.0,18.28,2.0,0.0
20140804:2110,0.0,0.0,0.0,17.07,1.66,0.0
20140804:2210,0.0,0.0,0.0,16.33,1.17,0.0
20140804:2310,0.0,0.0,0.0,17.09,0.62,0.0
20140805:0010,0.0,0.0,0.0,16.58,0.41,0.0
20140805:0110,0.0,0.0,0.0,15.68,0.97,0.0
20140805:0210,0.0,0.0,0.0,14.47,1.1,0.0
20140805:0310,0.0,0.0,0.0,14.82,0.83,0.0
20140805:0410,0.0,0.0,0.0,14.85,0.55,0.0
20140805:0510,946.47,27.29,5.5,14.51,0.62,0.0
20140805:0610,7133.84,151.71,15.05,15.15,0.41,0.0
20140805:0710,21718.78,373.42,24.89,17.54,0.48,0.0
20140805:0810,35849.09,602.93,34.64,19.42,0.83,0.0
20140805:0910,46502.41,799.27,43.8,20.89,0.97,0.0
20140805:1010,49396.48,856.76,51.61,21.93,1.31,0.0
20140805:1110,43738.13,749.23,56.84,22.42,1.72,0.0
20140805:1210,46922.9,811.21,58.03,23.06,1.72,0.0
20140805:1310,53514.05,936.88,54.76,23.71,1.79,0.0
20140805:1410,46138.09,794.25,48.12,23.79,1.79,0.0
20140805:1510,32882.16,560.58,39.54,23.92,1.45,0.0
20140805:1610,16204.65,283.92,30.03,23.89,0.97,0.0
20140805:1710,8934.19,182.43,20.18,23.73,0.69,0.0
20140805:1810,2787.05,61.41,10.44,22.74,1.31,0.0
20140805:1910,0.0,0.0,0.0,21.81,2.0,0.0
20140805:2010,0.0,0.0,0.0,20.11,2.14,0.0
20140805:2110,0.0,0.0,0.0,19.22,2.14,0.0
20140805:2210,0.0,0.0,0.0,18.45,2.21,0.0
20140805:2310,0.0,0.0,0.0,17.76,2.21,0.0
20140806:0010,0.0,0.0,0.0,17.15,2.07,0.0
20140806:0110,0.0,0.0,0.0,16.83,2.07,0.0
20140806:0210,0.0,0.0,0.0,16.76,2.21,0.0
20140806:0310,0.0,0.0,0.0,16.62,2.28,0.0
20140806:0410,0.0,0.0,0.0,16.49,2.21,0.0
20140806:0510,283.11,13.65,5.31,16.63,2.21,0.0
20140806:0610,1133.19,31.06,14.87,17.08,2.34,0.0
20140806:0710,5970.29,111.59,24.71,17.52,2.41,0.0
20140806:0810,4979.8,95.91,34.45,17.86,2.69,0.0
20140806:0910,8217.69,147.07,43.6,18.16,3.31,0.0
20140806:1010,6068.21,113.27,51.39,18.37,4.14,0.0
20140806:1110,11694.67,200.96,56.58,18.44,5.03,0.0
20140806:1210,8714.84,154.38,57.76,18.09,5.38,0.0
20140806:1310,5623.43,105.96,54.5,17.97,5.17,0.0
20140806:1410,12358.04,211.29,47.88,18.36,4.62,0.0
20140806:1510,38466.12,631.13,39.32,19.7,3.59,0.0
20140806:1610,1399.6,36.54,29.81,21.27,2.97,0.0
20140806:1710,8776.32,169.96,19.97,21.34,2.55,0.0
20140806:1810,2682.31,58.85,10.22,19.7,1.86,0.0
20140806:1910,0.0,0.0,0.0,19.96,1.31,0.0
20140806:2010,0.0,0.0,0.0,18.8,1.59,0.0
20140806:2110,0.0,0.0,0.0,17.82,1.59,0.0
20140806:2210,0.0,0.0,0.0,17.2,1.59,0.0
20140806:2310,0.0,0.0,0.0,16.72,1.59,0.0
20140807:0010,0.0,0.0,0.0,16.16,1.52,0.0
20140807:0110,0.0,0.0,0.0,15.6,1.52,0.0
20140807:0210,0.0,0.0,0.0,14.97,1.52,0.0
20140807:0310,0.0,0.0,0.0,14.85,1.31,0.0
20140807:0410,0.0,0.0,0.0,14.95,1.03,0.0
20140807:0510,726.36,23.03,5.12,14.82,0.97,0.0
20140807:0610,5457.97,107.47,14.69,16.14,0.62,0.0
20140807:0710,8761.9,156.07,24.53,17.15,0.9,0.0
20140807:0810,16841.45,282.65,34.26,18.0,1.59,0.0
20140807:0910,23305.85,389.61,43.4,19.71,1.31,0.0
20140807:1010,34361.45,578.51,51.16,20.75,1.31,0.0
20140807:1110,10342.89,183.61,56.32,21.25,1.38,0.0
20140807:1210,23828.8,403.32,57.48,22.42,1.79,0.0
20140807:1310,18485.45,316.38,54.24,23.23,2.07,0.0
20140807:1410,35856.68,608.2,47.64,23.87,2.07,0.0
20140807:1510,21078.95,358.64,39.09,23.82,2.28,0.0
20140807:1610,22867.15,398.68,29.59,23.83,2.28,0.0
20140807:1710,8163.04,156.06,19.75,22.16,1.38,0.0
20140807:1810,617.83,21.32,10.0,21.23,1.45,0.0
20140807:1910,0.0,0.0,0.0,20.55,1.66,0.0
20140807:2010,0.0,0.0,0.0,19.77,1.45,0.0
20140807:2110,0.0,0.0,0.0,18.82,1.79,0.0
20140807:2210,0.0,0.0,0.0,18.29,1.79,0.0
20140807:2310,0.0,0.0,0.0,17.85,1.72,0.0
20140808:0010,0.0,0.0,0.0,17.61,1.66,0.0
20140808:0110,0.0,0.0,0.0,17.18,1.66,0.0
20140808:0210,0.0,0.0,0.0,16.8,1.52,0.0
20140808:0310,0.0,0.0,0.0,16.36,1.59,0.0
20140808:0410,0.0,0.0,0.0,15.93,1.59,0.0
20140808:0510,0.0,4.26,4.92,16.16,1.59,0.0
20140808:0610,2532.02,55.72,14.5,17.02,1.31,0.0
20140808:0710,3178.69,66.68,24.34,17.87,2.41,0.0
20140808:0810,4912.25,95.0,34.07,18.27,2.55,0.0
20140808:0910,8650.32,154.38,43.19,18.78,2.83,0.0
20140808:1010,17770.47,298.45,50.92,19.55,2.9,0.0
20140808:1110,22070.96,368.91,56.05,20.93,3.17,0.0
20140808:1210,9441.2,168.99,57.2,22.17,3.72,0.0
20140808:1310,28772.17,478.37,53.96,22.44,4.07,0.0
20140808:1410,22611.37,377.64,47.38,22.1,4.07,0.0
20140808:1510,8139.52,147.98,38.85,21.55,3.31,0.0
20140808:1610,2588.95,57.55,29.36,21.16,2.9,0.0
20140808:1710,5067.84,98.77,19.53,20.77,3.1,0.0
20140808:1810,1139.26,31.56,9.77,20.44,4.0,0.0
20140808:1910,0.0,0.0,0.0,19.11,2.69,0.0
20140808:2010,0.0,0.0,0.0,18.77,2.9,0.0
20140808:2110,0.0,0.0,0.0,18.76,3.1,0.0
20140808:2210,0.0,0.0,0.0,18.73,3.38,0.0
20140808:2310,0.0,0.0,0.0,18.76,5.1,0.0
20140809:0010,0.0,0.0,0.0,18.69,6.62,0.0
20140809:0110,0.0,0.0,0.0,17.72,6.07,0.0
20140809:0210,0.0,0.0,0.0,16.42,5.52,0.0
20140809:0310,0.0,0.0,0.0,15.62,4.34,0.0
20140809:0410,0.0,0.0,0.0,15.32,3.79,0.0
20140809:0510,768.87,23.88,4.73,15.07,3.38,0.0
20140809:0610,5162.72,100.96,14.31,15.36,3.03,0.0
20140809:0710,11220.3,192.81,24.16,16.24,4.55,0.0
20140809:0810,28293.24,457.58,33.88,17.25,4.14,0.0
20140809:0910,38110.91,619.0,42.98,18.29,3.93,0.0
20140809:1010,45676.62,750.05,50.68,19.28,4.14,0.0
20140809:1110,45810.2,757.49,55.78,19.9,3.93,0.0
20140809:1210,38327.98,634.37,56.91,20.74,3.66,0.0
20140809:1310,41089.98,684.47,53.69,21.32,3.31,0.0
20140809:1410,27833.29,463.1,47.13,21.66,3.1,0.0
20140809:1510,20384.46,343.06,38.61,21.75,2.83,0.0
20140809:1610,9350.88,168.08,29.13,21.99,2.21,0.0
20140809:1710,1999.96,47.5,19.3,21.8,1.1,0.0
20140809:1810,2267.89,52.03,9.53,20.88,1.1,0.0
20140809:1910,0.0,0.0,0.0,19.75,1.72,0.0
20140809:2010,0.0,0.0,0.0,18.67,1.79,0.0
20140809:2110,0.0,0.0,0.0,17.94,2.21,0.0
20140809:2210,0.0,0.0,0.0,17.89,2.41,0.0
20140809:2310,0.0,0.0,0.0,17.48,2.41,0.0
20140810:0010,0.0,0.0,0.0,16.92,2.48,0.0
20140810:0110,0.0,0.0,0.0,16.48,2.55,0.0
20140810:0210,0.0,0.0,0.0,16.28,2.62,0.0
20140810:0310,0.0,0.0,0.0,15.92,2.55,0.0
20140810:0410,0.0,0.0,0.0,16.02,2.41,0.0
20140810:0510,0.0,3.41,4.53,16.08,2.62,0.0
20140810:0610,4248.12,85.38,14.12,17.11,2.9,0.0
20140810:0710,8344.45,149.75,23.97,18.96,3.79,0.0
20140810:0810,3716.06,75.82,33.69,19.19,4.28,0.0
20140810:0910,4313.4,85.87,42.77,20.19,4.97,0.0
20140810:1010,7249.97,133.37,50.44,21.32,5.45,0.0
20140810:1110,19124.52,320.57,55.51,21.88,6.07,0.0
20140810:1210,31698.88,521.23,56.62,22.47,6.62,0.0
20140810:1310,54102.28,884.47,53.4,22.33,8.28,0.0
20140810:1410,5710.72,108.7,46.86,21.27,7.03,0.0
20140810:1510,25475.84,418.91,38.37,21.64,6.62,0.0
20140810:1610,12252.54,213.16,28.89,21.91,6.14,0.0
20140810:1710,8171.39,176.63,19.06,21.36,5.38,0.0
20140810:1810,2182.12,50.32,9.29,20.33,4.76,0.0
20140810:1910,0.0,0.0,0.0,18.45,4.14,0.0
20140810:2010,0.0,0.0,0.0,17.32,3.72,0.0
20140810:2110,0.0,0.0,0.0,16.54,3.38,0.0
20140810:2210,0.0,0.0,0.0,15.87,2.97,0.0
20140810:2310,0.0,0.0,0.0,15.19,2.76,0.0
20140811:0010,0.0,0.0,0.0,14.51,2.83,0.0
20140811:0110,0.0,0.0,0.0,14.33,2.9,0.0
20140811:0210,0.0,0.0,0.0,13.96,2.9,0.0
20140811:0310,0.0,0.0,0.0,13.73,3.03,0.0
20140811:0410,0.0,0.0,0.0,13.31,3.24,0.0
20140811:0510,606.44,20.47,4.33,13.09,3.31,0.0
20140811:0610,6955.48,149.66,13.93,13.63,3.17,0.0
20140811:0710,22324.47,371.94,23.78,15.14,3.79,0.0
20140811:0810,37650.2,604.81,33.49,16.52,4.34,0.0
20140811:0910,45633.36,737.25,42.55,17.51,4.69,0.0
20140811:1010,41263.79,668.4,50.2,18.68,5.38,0.0
20140811:1110,42913.86,696.48,55.23,19.19,5.93,0.0
20140811:1210,33459.0,544.29,56.33,19.84,6.0,0.0
20140811:1310,60439.93,998.86,53.12,20.21,5.79,0.0
20140811:1410,20275.93,336.4,46.6,20.5,5.79,0.0
20140811:1510,9722.79,171.73,38.12,20.46,5.52,0.0
20140811:1610,16334.44,277.56,28.65,20.5,5.45,0.0
20140811:1710,2232.22,51.15,18.82,20.22,5.17,0.0
20140811:1810,113.85,9.38,9.05,18.26,4.34,0.0
20140811:1910,0.0,0.0,0.0,17.65,3.24,0.0
20140811:2010,0.0,0.0,0.0,16.39,2.83,0.0
20140811:2110,0.0,0.0,0.0,16.13,2.76,0.0
20140811:2210,0.0,0.0,0.0,15.91,3.1,0.0
20140811:2310,0.0,0.0,0.0,15.6,3.31,0.0
20140812:0010,0.0,0.0,0.0,15.21,3.31,0.0
20140812:0110,0.0,0.0,0.0,14.87,3.17,0.0
20140812:0210,0.0,0.0,0.0,14.26,3.17,0.0
20140812:0310,0.0,0.0,0.0,13.66,3.17,0.0
20140812:0410,0.0,0.0,0.0,13.07,3.1,0.0
20140812:0510,566.21,19.62,4.13,12.6,2.97,0.0
20140812:0610,6894.76,150.03,13.74,13.22,2.69,0.0
20140812:0710,22438.32,373.6,23.59,14.75,3.52,0.0
20140812:0810,37486.25,602.27,33.29,16.43,4.21,0.0
20140812:0910,37152.29,598.97,42.34,17.77,4.69,0.0
20140812:1010,27487.94,448.1,49.95,18.83,4.76,0.0
20140812:1110,35690.46,582.64,54.95,19.8,4.97,0.0
20140812:1210,52787.69,872.14,56.03,19.88,4.9,0.0
20140812:1310,36247.56,591.52,52.82,19.84,4.97,0.0
20140812:1410,18386.78,305.2,46.32,18.69,4.62,0.0
20140812:1510,17793.24,297.09,37.86,18.98,3.52,0.0
20140812:1610,22198.47,372.44,28.41,17.99,4.28,0.0
20140812:1710,6376.36,119.35,18.58,17.3,3.38,0.0
20140812:1810,56.92,7.68,8.8,17.35,2.97,0.0
20140812:1910,0.0,0.0,0.0,16.7,2.62,0.0
20140812:2010,0.0,0.0,0.0,15.92,2.21,0.0
20140812:2110,0.0,0.0,0.0,15.34,1.93,0.0
20140812:2210,0.0,0.0,0.0,14.8,2.21,0.0
20140812:2310,0.0,0.0,0.0,14.65,2.28,0.0
20140813:0010,0.0,0.0,0.0,14.04,2.0,0.0
20140813:0110,0.0,0.0,0.0,13.63,1.79,0.0
20140813:0210,0.0,0.0,0.0,13.14,1.66,0.0
20140813:0310,0.0,0.0,0.0,12.63,1.17,0.0
20140813:0410,0.0,0.0,0.0,12.66,0.76,0.0
20140813:0510,119.92,9.38,3.93,12.3,1.66,0.0
20140813:0610,2364.28,52.07,13.55,13.2,1.72,0.0
20140813:0710,2576.05,55.72,23.4,14.01,3.24,0.0
20140813:0810,6020.39,110.53,33.09,14.08,4.14,0.0
20140813:0910,11403.22,193.16,42.12,14.29,4.14,0.0
20140813:1010,29679.94,475.99,49.7,14.71,3.66,0.0
20140813:1110,32682.54,527.65,54.67,15.85,3.52,0.0
20140813:1210,41086.19,669.13,55.73,17.42,3.79,0.0
20140813:1310,53794.88,888.4,52.53,18.6,4.07,0.0
20140813:1410,42825.82,698.74,46.04,19.37,4.48,0.0
20140813:1510,4431.8,87.69,37.6,19.87,4.55,0.0
20140813:1610,12791.43,220.24,28.15,19.51,4.14,0.0
20140813:1710,4943.37,96.06,18.33,19.06,3.45,0.0
20140813:1810,2103.95,48.62,8.55,18.29,2.83,0.0
20140813:1910,0.0,0.0,0.0,16.79,2.83,0.0
20140813:2010,0.0,0.0,0.0,16.04,2.62,0.0
20140813:2110,0.0,0.0,0.0,15.56,2.69,0.0
20140813:2210,0.0,0.0,0.0,14.81,2.83,0.0
20140813:2310,0.0,0.0,0.0,14.45,2.9,0.0
20140814:0010,0.0,0.0,0.0,14.22,2.83,0.0
20140814:0110,0.0,0.0,0.0,13.73,2.76,0.0
20140814:0210,0.0,0.0,0.0,13.14,2.69,0.0
20140814:0310,0.0,0.0,0.0,12.6,2.62,0.0
20140814:0410,0.0,0.0,0.0,12.22,2.62,0.0
20140814:0510,485.76,17.91,3.72,11.99,2.62,0.0
20140814:0610,4424.21,87.25,13.35,12.73,2.41,0.0
20140814:0710,17329.49,289.42,23.21,14.63,3.1,0.0
20140814:0810,34196.75,550.47,32.89,15.88,3.38,0.0
20140814:0910,38538.23,622.91,41.9,17.23,3.86,0.0
20140814:1010,16208.45,271.37,49.45,18.2,3.86,0.0
20140814:1110,17594.38,293.77,54.38,18.74,3.93,0.0
20140814:1210,40941.98,671.72,55.42,19.51,4.21,0.0
20140814:1310,53808.55,893.01,52.22,19.78,4.21,0.0
20140814:1410,44428.82,727.7,45.76,19.96,4.48,0.0
20140814:1510,22476.27,367.66,37.33,18.09,4.62,0.0
20140814:1610,19838.74,334.93,27.9,18.7,3.59,0.0
20140814:1710,932.81,27.4,18.07,18.57,2.9,0.0
20140814:1810,2067.52,47.77,8.29,17.17,2.9,0.0
20140814:1910,0.0,0.0,0.0,14.99,2.14,0.0
20140814:2010,0.0,0.0,0.0,14.37,2.21,0.0
20140814:2110,0.0,0.0,0.0,14.15,2.41,0.0
20140814:2210,0.0,0.0,0.0,13.99,2.48,0.0
20140814:2310,0.0,0.0,0.0,13.44,2.48,0.0
20140815:0010,0.0,0.0,0.0,12.98,2.83,0.0
20140815:0110,0.0,0.0,0.0,12.6,3.03,0.0
20140815:0210,0.0,0.0,0.0,12.41,3.1,0.0
20140815:0310,0.0,0.0,0.0,12.07,3.17,0.0
20140815:0410,0.0,0.0,0.0,12.03,3.17,0.0
20140815:0510,366.6,15.35,3.52,12.13,3.31,0.0
20140815:0610,3219.68,66.41,13.16,12.65,3.03,0.0
20140815:0710,9009.33,156.54,23.01,13.43,3.79,0.0
20140815:0810,13819.87,229.77,32.69,14.34,4.0,0.0
20140815:0910,14098.42,235.64,41.67,15.75,4.14,0.0
20140815:1010,23548.73,383.1,49.19,16.83,4.21,0.0
20140815:1110,46526.7,756.8,54.09,17.63,4.62,0.0
20140815:1210,44651.97,726.69,55.11,18.26,4.83,0.0
20140815:1310,56412.68,928.26,51.92,18.74,4.83,0.0
20140815:1410,25682.28,418.12,45.47,18.37,4.9,0.0
20140815:1510,30219.58,490.01,37.06,18.57,4.97,0.0
20140815:1610,18701.76,314.46,27.63,18.34,4.62,0.0
20140815:1710,6314.12,119.19,17.81,18.01,4.41,0.0
20140815:1810,1580.24,39.24,8.03,17.26,3.31,0.0
20140815:1910,0.0,0.0,0.0,15.98,2.9,0.0
20140815:2010,0.0,0.0,0.0,15.05,2.55,0.0
20140815:2110,0.0,0.0,0.0,14.23,2.41,0.0
20140815:2210,0.0,0.0,0.0,13.9,2.41,0.0
20140815:2310,0.0,0.0,0.0,13.48,2.21,0.0
20140816:0010,0.0,0.0,0.0,13.0,2.0,0.0
20140816:0110,0.0,0.0,0.0,12.46,1.93,0.0
20140816:0210,0.0,0.0,0.0,11.93,1.86,0.0
20140816:0310,0.0,0.0,0.0,11.46,1.93,0.0
20140816:0410,0.0,0.0,0.0,11.01,1.86,0.0
20140816:0510,370.39,15.35,3.31,10.71,1.79,0.0
20140816:0610,6676.92,144.37,12.96,11.54,1.38,0.0
20140816:0710,21094.89,354.72,22.81,14.24,1.1,0.0
20140816:0810,35936.37,592.43,32.48,15.99,0.97,0.0
20140816:0910,37853.61,629.18,41.45,17.75,1.17,0.0
20140816:1010,30032.11,497.45,48.93,19.03,1.86,0.0
20140816:1110,40027.38,665.05,53.79,19.77,2.69,0.0
20140816:1210,45761.63,762.04,54.79,20.3,3.38,0.0
20140816:1310,36993.66,610.53,51.61,20.57,3.66,0.0
20140816:1410,42961.68,710.55,45.18,20.82,3.66,0.0
20140816:1510,21943.45,365.0,36.78,20.71,3.59,0.0
20140816:1610,20346.51,347.44,27.37,20.91,3.72,0.0
20140816:1710,7347.88,142.05,17.55,20.55,2.9,0.0
20140816:1810,1560.5,39.24,7.76,19.51,2.14,0.0
20140816:1910,0.0,0.0,0.0,18.38,2.0,0.0
20140816:2010,0.0,0.0,0.0,16.79,2.14,0.0
20140816:2110,0.0,0.0,0.0,15.47,2.41,0.0
20140816:2210,0.0,0.0,0.0,14.71,2.34,0.0
20140816:2310,0.0,0.0,0.0,14.02,2.07,0.0
20140817:0010,0.0,0.0,0.0,13.25,1.93,0.0
20140817:0110,0.0,0.0,0.0,12.71,2.07,0.0
20140817:0210,0.0,0.0,0.0,12.26,2.21,0.0
20140817:0310,0.0,0.0,0.0,11.87,2.34,0.0
20140817:0410,0.0,0.0,0.0,11.67,2.41,0.0
20140817:0510,0.0,1.71,3.11,11.59,2.55,0.0
20140817:0610,2799.19,59.27,12.76,12.29,2.62,0.0
20140817:0710,3517.21,71.25,22.61,14.52,3.17,0.0
20140817:0810,25128.97,405.95,32.27,16.18,3.86,0.0
20140817:0910,25526.69,413.96,41.22,17.48,4.41,0.0
20140817:1010,26279.62,427.26,48.67,18.31,5.1,0.0
20140817:1110,40811.43,658.79,53.49,19.18,6.83,0.0
20140817:1210,29535.73,479.57,54.47,19.5,6.62,0.0
20140817:1310,27876.55,454.1,51.29,19.77,6.28,0.0
20140817:1410,39206.9,635.43,44.88,20.03,6.07,0.0
20140817:1510,14090.08,239.02,36.5,19.89,5.93,0.0
20140817:1610,9720.51,171.3,27.1,19.57,5.59,0.0
20140817:1710,5878.46,112.21,17.28,18.81,4.62,0.0
20140817:1810,1526.35,38.38,7.49,18.15,4.34,0.0
20140817:1910,0.0,0.0,0.0,17.21,4.41,0.0
20140817:2010,0.0,0.0,0.0,16.93,4.48,0.0
20140817:2110,0.0,0.0,0.0,16.7,4.48,0.0
20140817:2210,0.0,0.0,0.0,16.39,4.34,0.0
20140817:2310,0.0,0.0,0.0,15.99,4.14,0.0
20140818:0010,0.0,0.0,0.0,15.71,4.07,0.0
20140818:0110,0.0,0.0,0.0,15.22,3.93,0.0
20140818:0210,0.0,0.0,0.0,14.93,3.86,0.0
20140818:0310,0.0,0.0,0.0,14.84,4.07,0.0
20140818:0410,0.0,0.0,0.0,14.73,4.07,0.0
20140818:0510,250.47,12.79,2.9,14.59,3.72,0.0
20140818:0610,495.63,18.27,12.56,14.41,3.59,0.0
20140818:0710,6556.24,119.31,22.41,14.64,3.17,0.0
20140818:0810,14364.83,238.93,32.06,15.08,3.66,0.0
20140818:0910,36484.37,585.93,40.99,15.86,3.72,0.0
20140818:1010,38027.42,614.33,48.41,16.9,4.07,0.0
20140818:1110,3972.61,79.47,53.19,17.51,4.14,0.0
20140818:1210,30937.6,503.04,54.15,17.94,4.14,0.0
20140818:1310,47175.64,773.26,50.97,18.43,4.07,0.0
20140818:1410,49930.06,819.16,44.58,18.6,3.93,0.0
20140818:1510,28184.71,460.61,36.22,18.69,3.66,0.0
20140818:1610,18180.33,307.9,26.82,18.7,3.45,0.0
20140818:1710,7551.29,148.86,17.01,18.17,2.83,0.0
20140818:1810,1626.54,40.09,7.21,17.36,2.0,0.0
20140818:1910,0.0,0.0,0.0,16.35,1.93,0.0
20140818:2010,0.0,0.0,0.0,15.39,1.93,0.0
20140818:2110,0.0,0.0,0.0,14.37,1.93,0.0
20140818:2210,0.0,0.0,0.0,13.63,1.86,0.0
20140818:2310,0.0,0.0,0.0,12.74,1.86,0.0
20140819:0010,0.0,0.0,0.0,11.85,1.79,0.0
20140819:0110,0.0,0.0,0.0,11.33,2.07,0.0
20140819:0210,0.0,0.0,0.0,10.96,2.34,0.0
20140819:0310,0.0,0.0,0.0,10.58,2.48,0.0
20140819:0410,0.0,0.0,0.0,10.38,2.69,0.0
20140819:0510,222.39,11.94,2.69,10.34,2.69,0.0
20140819:0610,6011.28,122.79,12.36,11.35,2.41,0.0
20140819:0710,22126.37,366.75,22.21,13.4,2.97,0.0
20140819:0810,35891.59,573.5,31.85,15.16,4.0,0.0
20140819:0910,41080.12,660.27,40.75,15.86,3.86,0.0
20140819:1010,39163.64,633.44,48.14,16.78,3.86,0.0
20140819:1110,54600.94,898.23,52.89,17.63,4.28,0.0
20140819:1210,11542.87,198.22,53.82,17.85,4.62,0.0
20140819:1310,31735.31,513.85,50.65,17.8,4.62,0.0
20140819:1410,51931.54,845.49,44.28,17.3,4.28,0.0
20140819:1510,30526.98,494.04,35.93,17.06,3.79,0.0
20140819:1610,4663.3,90.43,26.54,16.92,3.31,0.0
20140819:1710,5067.08,97.72,16.73,16.63,2.83,0.0
20140819:1810,1119.53,30.71,6.93,16.09,1.93,0.0
20140819:1910,0.0,0.0,0.0,15.24,1.79,0.0
20140819:2010,0.0,0.0,0.0,14.74,1.66,0.0
20140819:2110,0.0,0.0,0.0,14.33,1.79,0.0
20140819:2210,0.0,0.0,0.0,14.01,1.72,0.0
20140819:2310,0.0,0.0,0.0,13.65,1.52,0.0
20140820:0010,0.0,0.0,0.0,13.15,1.45,0.0
20140820:0110,0.0,0.0,0.0,12.43,1.52,0.0
20140820:0210,0.0,0.0,0.0,11.47,1.52,0.0
20140820:0310,0.0,0.0,0.0,10.4,1.52,0.0
20140820:0410,0.0,0.0,0.0,9.81,1.45,0.0
20140820:0510,188.99,11.09,2.48,9.3,1.45,0.0
20140820:0610,6541.82,141.39,12.16,9.92,1.1,0.0
20140820:0710,22021.63,368.75,22.01,12.77,0.76,0.0
20140820:0810,35682.87,584.85,31.64,14.5,0.83,0.0
20140820:0910,41423.94,680.39,40.52,16.02,1.72,0.0
20140820:1010,39762.49,650.04,47.87,16.67,2.55,0.0
20140820:1110,50697.41,836.94,52.58,17.03,3.17,0.0
20140820:1210,42136.64,688.42,53.49,17.12,3.31,0.0
20140820:1310,42909.31,703.47,50.32,17.42,3.03,0.0
20140820:1410,23062.22,378.42,43.97,17.5,2.9,0.0
20140820:1510,2910.01,62.12,35.63,17.57,2.83,0.0
20140820:1610,17840.3,301.15,26.26,17.37,2.97,0.0
20140820:1710,7005.57,134.24,16.45,15.98,3.03,0.0
20140820:1810,1498.27,37.53,6.65,15.54,2.21,0.0
20140820:1910,0.0,0.0,0.0,14.87,1.79,0.0
20140820:2010,0.0,0.0,0.0,13.83,1.93,0.0
20140820:2110,0.0,0.0,0.0,12.84,2.14,0.0
20140820:2210,0.0,0.0,0.0,11.87,2.28,0.0
20140820:2310,0.0,0.0,0.0,11.0,2.14,0.0
20140821:0010,0.0,0.0,0.0,10.07,2.07,0.0
20140821:0110,0.0,0.0,0.0,9.51,1.93,0.0
20140821:0210,0.0,0.0,0.0,8.71,1.93,0.0
20140821:0310,0.0,0.0,0.0,8.24,1.93,0.0
20140821:0410,0.0,0.0,0.0,7.79,1.93,0.0
20140821:0510,125.24,9.38,2.26,7.41,1.93,0.0
20140821:0610,6566.87,140.56,11.95,8.35,1.52,0.0
20140821:0710,22234.15,368.36,21.81,11.91,1.66,0.0
20140821:0810,37244.13,600.99,31.42,14.02,2.07,0.0
20140821:0910,0.0,0.0,0.0,15.65,2.69,0.0
20140821:1010,46287.62,757.98,47.6,16.36,2.9,0.0
20140821:1110,27975.98,456.53,52.27,17.25,3.03,0.0
20140821:1210,7819.98,140.68,53.16,17.87,3.31,0.0
20140821:1310,59083.6,989.35,49.99,18.25,3.38,0.0
20140821:1410,29115.24,475.66,43.65,18.34,3.24,0.0
20140821:1510,14764.83,249.15,35.34,18.14,2.97,0.0
20140821:1610,17716.58,300.31,25.97,17.87,2.69,0.0
20140821:1710,6520.57,125.71,16.17,17.52,1.86,0.0
20140821:1810,1346.47,34.97,6.36,16.76,1.31,0.0
20140821:1910,0.0,0.0,0.0,15.55,1.45,0.0
20140821:2010,0.0,0.0,0.0,14.08,1.45,0.0
20140821:2110,0.0,0.0,0.0,12.97,1.79,0.0
20140821:2210,0.0,0.0,0.0,12.26,2.07,0.0
20140821:2310,0.0,0.0,0.0,11.71,2.34,0.0
20140822:0010,0.0,0.0,0.0,11.85,2.41,0.0
20140822:0110,0.0,0.0,0.0,11.92,2.48,0.0
20140822:0210,0.0,0.0,0.0,11.67,2.62,0.0
20140822:0310,0.0,0.0,0.0,11.65,2.62,0.0
20140822:0410,0.0,0.0,0.0,11.24,2.55,0.0
20140822:0510,34.16,6.82,2.05,10.76,2.28,0.0
20140822:0610,5728.17,118.54,11.75,11.1,2.0,0.0
20140822:0710,21675.52,360.8,21.6,13.37,2.07,0.0
20140822:0810,35364.09,570.73,31.2,15.57,2.76,0.0
20140822:0910,48316.42,785.37,40.04,17.32,3.93,0.0
20140822:1010,57075.28,936.27,47.32,18.34,4.97,0.0
20140822:1110,46995.76,765.23,51.95,18.81,5.31,0.0
20140822:1210,43801.13,711.36,52.82,19.16,5.72,0.0
20140822:1310,16114.33,270.4,49.66,19.43,5.45,0.0
20140822:1410,16622.86,277.9,43.33,19.16,5.17,0.0
20140822:1510,24734.29,403.24,35.03,18.68,5.1,0.0
20140822:1610,4292.9,84.95,25.68,18.38,4.14,0.0
20140822:1710,4756.65,93.21,15.88,17.92,4.21,0.0
20140822:1810,803.78,24.74,6.07,16.97,2.97,0.0
20140822:1910,0.0,0.0,0.0,16.05,2.28,0.0
20140822:2010,0.0,0.0,0.0,15.55,2.07,0.0
20140822:2110,0.0,0.0,0.0,14.98,1.93,0.0
20140822:2210,0.0,0.0,0.0,14.28,2.07,0.0
20140822:2310,0.0,0.0,0.0,13.93,2.21,0.0
20140823:0010,0.0,0.0,0.0,13.85,2.21,0.0
20140823:0110,0.0,0.0,0.0,13.65,2.28,0.0
20140823:0210,0.0,0.0,0.0,13.49,2.21,0.0
20140823:0310,0.0,0.0,0.0,13.37,2.14,0.0
20140823:0410,0.0,0.0,0.0,13.15,2.21,0.0
20140823:0510,0.0,3.41,1.84,12.6,2.28,0.0
20140823:0610,5144.5,105.15,11.54,12.75,2.21,0.0
20140823:0710,18505.94,307.42,21.39,13.49,2.76,0.0
20140823:0810,30111.05,482.04,30.99,14.65,3.31,0.0
20140823:0910,35536.38,569.3,39.79,15.91,4.07,0.0
20140823:1010,48823.43,791.4,47.04,16.56,4.34,0.0
20140823:1110,32233.97,520.67,51.64,17.1,4.41,0.0
20140823:1210,39737.44,643.59,52.48,17.41,4.41,0.0
20140823:1310,55753.86,915.29,49.32,18.06,4.62,0.0
20140823:1410,17154.16,285.27,43.01,18.17,4.55,0.0
20140823:1510,18995.49,313.47,34.73,18.08,4.48,0.0
20140823:1610,21995.06,371.62,25.38,17.63,4.21,0.0
20140823:1710,4720.22,92.31,15.58,16.9,3.52,0.0
20140823:1810,850.84,25.59,5.77,16.15,2.9,0.0
20140823:1910,0.0,0.0,0.0,15.08,2.48,0.0
20140823:2010,0.0,0.0,0.0,14.31,2.28,0.0
20140823:2110,0.0,0.0,0.0,13.4,2.21,0.0
20140823:2210,0.0,0.0,0.0,12.63,2.14,0.0
20140823:2310,0.0,0.0,0.0,11.98,2.14,0.0
20140824:0010,0.0,0.0,0.0,11.31,2.21,0.0
20140824:0110,0.0,0.0,0.0,10.88,2.21,0.0
20140824:0210,0.0,0.0,0.0,10.55,2.21,0.0
20140824:0310,0.0,0.0,0.0,10.21,2.14,0.0
20140824:0410,0.0,0.0,0.0,9.66,2.14,0.0
20140824:0510,9.87,5.97,1.62,9.27,2.14,0.0
20140824:0610,6333.86,136.94,11.34,9.57,1.72,0.0
20140824:0710,21929.79,363.76,21.19,12.23,1.66,0.0
20140824:0810,36044.91,585.09,30.77,14.43,1.59,0.0
20140824:0910,45999.95,758.68,39.55,16.3,1.93,0.0
20140824:1010,44667.91,738.43,46.76,17.12,2.21,0.0
20140824:1110,41876.31,690.23,51.32,18.43,2.97,0.0
20140824:1210,40402.33,665.47,52.13,18.88,3.17,0.0
20140824:1310,48558.54,808.18,48.97,18.89,2.9,0.0
20140824:1410,33925.78,555.72,42.68,18.55,2.83,0.0
20140824:1510,21683.87,357.76,34.42,18.37,2.97,0.0
20140824:1610,12120.47,209.44,25.08,18.03,2.69,0.0
20140824:1710,6335.37,125.17,15.29,17.68,2.07,0.0
20140824:1810,936.61,27.29,5.47,16.53,1.52,0.0
20140824:1910,0.0,0.0,0.0,16.51,1.17,0.0
20140824:2010,0.0,0.0,0.0,15.63,1.59,0.0
20140824:2110,0.0,0.0,0.0,14.86,1.86,0.0
20140824:2210,0.0,0.0,0.0,14.5,1.86,0.0
20140824:2310,0.0,0.0,0.0,13.93,2.0,0.0
20140825:0010,0.0,0.0,0.0,13.69,1.93,0.0
20140825:0110,0.0,0.0,0.0,13.28,2.0,0.0
20140825:0210,0.0,0.0,0.0,13.13,1.86,0.0
20140825:0310,0.0,0.0,0.0,13.09,1.86,0.0
20140825:0410,0.0,0.0,0.0,13.28,1.79,0.0
20140825:0510,0.0,1.71,1.41,13.43,2.28,0.0
20140825:0610,2813.61,60.4,11.13,13.72,2.83,0.0
20140825:0710,2627.66,56.64,20.98,14.22,2.69,0.0
20140825:0810,19487.32,316.58,30.54,14.56,3.17,0.0
20140825:0910,10802.85,185.04,39.3,15.22,3.24,0.0
20140825:1010,18035.36,296.78,46.48,15.81,3.38,0.0
20140825:1110,13586.1,228.89,50.99,16.25,3.31,0.0
20140825:1210,6764.21,123.32,51.79,16.35,3.31,0.0
20140825:1310,7986.96,142.5,48.63,16.53,3.17,0.0
20140825:1410,6529.68,119.67,42.35,16.35,3.24,0.0
20140825:1510,4219.28,83.13,34.1,16.46,3.79,0.0
20140825:1610,2710.39,58.46,24.78,16.35,4.07,0.0
20140825:1710,1905.09,44.76,14.98,16.24,4.28,0.0
20140825:1810,679.3,22.18,5.17,16.16,4.21,0.0
20140825:1910,0.0,0.0,0.0,15.79,4.62,0.0
20140825:2010,0.0,0.0,0.0,15.84,4.55,0.0
20140825:2110,0.0,0.0,0.0,15.89,3.93,0.0
20140825:2210,0.0,0.0,0.0,15.81,3.59,0.0
20140825:2310,0.0,0.0,0.0,16.06,3.38,0.0
20140826:0010,0.0,0.0,0.0,16.43,3.38,0.0
20140826:0110,0.0,0.0,0.0,16.45,3.52,0.0
20140826:0210,0.0,0.0,0.0,16.26,3.66,0.0
20140826:0310,0.0,0.0,0.0,15.89,3.79,0.0
20140826:0410,0.0,0.0,0.0,15.38,3.59,0.0
20140826:0510,0.0,0.0,0.0,15.02,3.45,0.0
20140826:0610,2583.64,56.81,10.92,14.69,3.38,0.0
20140826:0710,7546.74,135.19,20.77,15.0,2.69,0.0
20140826:0810,15712.82,260.08,30.32,15.42,3.03,0.0
20140826:0910,10928.08,187.79,39.05,16.27,3.31,0.0
20140826:1010,9388.07,164.43,46.19,16.54,2.62,0.0
20140826:1110,16501.42,275.52,50.67,17.36,3.1,0.0
20140826:1210,29256.41,478.82,51.44,18.94,3.72,0.0
20140826:1310,57101.85,960.65,48.28,20.28,3.52,0.0
20140826:1410,40134.4,663.27,42.02,21.3,3.66,0.0
20140826:1510,34191.43,563.16,33.78,21.19,3.93,0.0
20140826:1610,12357.28,215.91,24.47,21.24,4.21,0.0
20140826:1710,6134.24,137.84,14.68,20.57,3.66,0.0
20140826:1810,840.21,25.59,4.86,18.39,2.62,0.0
20140826:1910,0.0,0.0,0.0,16.87,2.0,0.0
20140826:2010,0.0,0.0,0.0,15.9,1.93,0.0
20140826:2110,0.0,0.0,0.0,15.61,2.14,0.0
20140826:2210,0.0,0.0,0.0,15.19,2.28,0.0
20140826:2310,0.0,0.0,0.0,14.95,2.28,0.0
20140827:0010,0.0,0.0,0.0,14.68,2.14,0.0
20140827:0110,0.0,0.0,0.0,14.31,2.0,0.0
20140827:0210,0.0,0.0,0.0,14.14,1.72,0.0
20140827:0310,0.0,0.0,0.0,13.64,1.66,0.0
20140827:0410,0.0,0.0,0.0,13.35,1.52,0.0
20140827:0510,0.0,0.0,0.0,13.3,1.31,0.0
20140827:0610,3905.06,81.8,10.71,14.23,0.83,0.0
20140827:0710,7871.59,140.79,20.55,15.52,1.93,0.0
20140827:0810,12202.44,208.44,30.09,16.59,1.52,0.0
20140827:0910,15115.49,255.56,38.8,17.52,1.1,0.0
20140827:1010,6947.89,127.89,45.91,18.72,1.31,0.0
20140827:1110,14521.95,247.73,50.34,18.99,1.66,0.0
20140827:1210,18142.38,305.27,51.08,19.31,1.93,0.0
20140827:1310,24618.92,408.8,47.93,20.35,2.83,0.0
20140827:1410,21599.62,359.89,41.68,20.5,2.97,0.0
20140827:1510,11564.12,201.43,33.46,20.61,3.03,0.0
20140827:1610,7738.01,141.31,24.16,20.54,2.76,0.0
20140827:1710,4554.0,91.93,14.37,20.13,2.07,0.0
20140827:1810,83.49,8.53,4.55,19.49,1.52,0.0
20140827:1910,0.0,0.0,0.0,18.2,2.07,0.0
20140827:2010,0.0,0.0,0.0,17.48,2.21,0.0
20140827:2110,0.0,0.0,0.0,16.86,2.21,0.0
20140827:2210,0.0,0.0,0.0,16.24,2.48,0.0
20140827:2310,0.0,0.0,0.0,16.29,2.62,0.0
20140828:0010,0.0,0.0,0.0,16.36,2.41,0.0
20140828:0110,0.0,0.0,0.0,16.06,2.55,0.0
20140828:0210,0.0,0.0,0.0,16.29,2.9,0.0
20140828:0310,0.0,0.0,0.0,16.6,3.17,0.0
20140828:0410,0.0,0.0,0.0,16.54,3.24,0.0
20140828:0510,0.0,0.0,0.0,16.4,3.17,0.0
20140828:0610,2933.54,63.6,10.5,16.24,3.1,0.0
20140828:0710,11677.22,201.93,20.34,17.1,2.9,0.0
20140828:0810,16009.59,267.56,29.87,18.32,3.59,0.0
20140828:0910,7945.21,143.42,38.55,19.5,4.41,0.0
20140828:1010,6237.46,116.92,45.62,20.53,4.9,0.0
20140828:1110,23188.97,384.63,50.01,21.4,4.9,0.0
20140828:1210,4498.59,89.52,50.73,21.93,4.76,0.0
20140828:1310,32898.1,541.28,47.57,21.4,4.48,0.0
20140828:1410,16405.03,277.22,41.34,21.0,4.28,0.0
20140828:1510,11733.38,203.67,33.13,20.64,4.07,0.0
20140828:1610,7772.92,141.49,23.84,20.18,3.72,0.0
20140828:1710,4971.45,100.18,14.06,19.65,3.24,0.0
20140828:1810,667.16,22.18,4.24,19.18,2.76,0.0
20140828:1910,0.0,0.0,0.0,18.64,1.86,0.0
20140828:2010,0.0,0.0,0.0,18.3,1.72,0.0
20140828:2110,0.0,0.0,0.0,17.82,2.0,0.0
20140828:2210,0.0,0.0,0.0,17.67,2.21,0.0
20140828:2310,0.0,0.0,0.0,17.66,2.28,0.0
20140829:0010,0.0,0.0,0.0,17.41,2.34,0.0
20140829:0110,0.0,0.0,0.0,16.81,2.34,0.0
20140829:0210,0.0,0.0,0.0,15.94,2.28,0.0
20140829:0310,0.0,0.0,0.0,15.24,2.14,0.0
20140829:0410,0.0,0.0,0.0,14.65,2.07,0.0
20140829:0510,0.0,0.0,0.0,14.39,2.0,0.0
20140829:0610,2790.84,60.98,10.29,14.84,1.79,0.0
20140829:0710,12811.16,219.92,20.12,16.12,1.66,0.0
20140829:0810,11849.51,203.66,29.64,17.54,1.72,0.0
20140829:0910,12421.79,213.88,38.29,18.76,1.86,0.0
20140829:1010,15503.33,263.23,45.32,19.84,2.48,0.0
20140829:1110,30053.36,497.87,49.67,20.81,3.03,0.0
20140829:1210,39294.19,651.37,50.37,21.39,3.72,0.0
20140829:1310,50336.12,842.13,47.21,21.67,3.86,0.0
20140829:1410,45043.61,747.01,40.99,21.81,3.93,0.0
20140829:1510,28520.94,471.84,32.81,21.68,3.86,0.0
20140829:1610,17792.48,308.0,23.52,21.21,3.45,0.0
20140829:1710,5648.48,120.31,13.75,20.79,2.62,0.0
20140829:1810,582.15,20.47,3.92,19.79,1.79,0.0
20140829:1910,0.0,0.0,0.0,18.03,2.0,0.0
20140829:2010,0.0,0.0,0.0,16.78,1.86,0.0
20140829:2110,0.0,0.0,0.0,15.69,2.0,0.0
20140829:2210,0.0,0.0,0.0,14.91,2.14,0.0
20140829:2310,0.0,0.0,0.0,14.41,2.28,0.0
20140830:0010,0.0,0.0,0.0,14.11,2.28,0.0
20140830:0110,0.0,0.0,0.0,13.82,2.14,0.0
20140830:0210,0.0,0.0,0.0,13.52,2.0,0.0
20140830:0310,0.0,0.0,0.0,13.09,2.07,0.0
20140830:0410,0.0,0.0,0.0,12.75,2.14,0.0
20140830:0510,0.0,0.0,0.0,12.67,2.14,0.0
20140830:0610,4551.72,96.92,10.07,13.17,2.0,0.0
20140830:0710,18924.91,318.14,19.91,15.47,2.21,0.0
20140830:0810,30618.82,496.75,29.41,17.1,2.83,0.0
20140830:0910,22912.69,376.39,38.04,18.54,3.1,0.0
20140830:1010,20524.88,341.29,45.03,19.77,3.31,0.0
20140830:1110,42981.41,708.76,49.34,21.33,4.69,0.0
20140830:1210,37232.75,614.3,50.01,22.05,4.76,0.0
20140830:1310,48200.3,803.91,46.85,21.74,3.93,0.0
20140830:1410,11195.25,195.92,40.65,21.34,4.14,0.0
20140830:1510,11426.75,199.24,32.47,20.85,3.52,0.0
20140830:1610,5827.6,110.67,23.2,20.65,3.24,0.0
20140830:1710,4963.1,102.24,13.43,19.93,2.69,0.0
20140830:1810,387.85,16.21,3.6,19.27,2.48,0.0
20140830:1910,0.0,0.0,0.0,17.67,2.76,0.0
20140830:2010,0.0,0.0,0.0,17.35,2.69,0.0
20140830:2110,0.0,0.0,0.0,17.1,2.48,0.0
20140830:2210,0.0,0.0,0.0,16.7,2.34,0.0
20140830:2310,0.0,0.0,0.0,16.08,2.28,0.0
20140831:0010,0.0,0.0,0.0,15.42,2.34,0.0
20140831:0110,0.0,0.0,0.0,14.77,2.48,0.0
20140831:0210,0.0,0.0,0.0,14.34,2.55,0.0
20140831:0310,0.0,0.0,0.0,13.85,2.55,0.0
20140831:0410,0.0,0.0,0.0,13.62,2.62,0.0
20140831:0510,0.0,0.0,0.0,13.28,2.55,0.0
20140831:0610,5196.87,113.4,9.86,13.49,2.34,0.0
20140831:0710,15487.4,259.64,19.69,14.38,3.24,0.0
20140831:0810,33587.27,535.53,29.18,15.6,4.55,0.0
20140831:0910,42385.6,680.41,37.78,16.7,4.55,0.0
20140831:1010,51279.56,835.65,44.73,17.63,4.55,0.0
20140831:1110,34098.83,552.48,49.0,18.38,4.76,0.0
20140831:1210,29236.68,475.66,49.64,18.77,4.76,0.0
20140831:1310,21301.34,350.98,46.48,18.96,4.55,0.0
20140831:1410,46924.42,762.38,40.29,19.13,5.03,0.0
20140831:1510,32369.83,526.36,32.14,18.72,4.21,0.0
20140831:1610,10399.06,182.59,22.87,18.99,4.41,0.0
20140831:1710,5364.61,128.98,13.11,18.67,3.86,0.0
20140831:1810,353.69,15.35,3.28,17.68,3.31,0.0
20140831:1910,0.0,0.0,0.0,16.62,3.1,0.0
20140831:2010,0.0,0.0,0.0,15.47,2.69,0.0
20140831:2110,0.0,0.0,0.0,14.64,2.41,0.0
20140831:2210,0.0,0.0,0.0,13.87,2.34,0.0
20140831:2310,0.0,0.0,0.0,13.15,2.28,0.0
20140901:0010,0.0,0.0,0.0,12.45,2.21,0.0
20140901:0110,0.0,0.0,0.0,11.92,2.07,0.0
20140901:0210,0.0,0.0,0.0,11.34,1.93,0.0
20140901:0310,0.0,0.0,0.0,10.72,1.79,0.0
20140901:0410,0.0,0.0,0.0,10.11,1.79,0.0
20140901:0510,0.0,0.0,0.0,9.55,1.66,0.0
20140901:0610,5671.25,125.44,9.64,10.06,1.17,0.0
20140901:0710,21318.03,356.47,19.47,12.96,0.9,0.0
20140901:0810,36311.32,594.54,28.94,15.33,1.17,0.0
20140901:0910,48005.23,807.85,37.52,17.08,1.1,0.0
20140901:1010,50002.92,854.75,44.43,18.51,1.1,0.0
20140901:1110,40024.35,672.63,48.66,19.84,1.59,0.0
20140901:1210,40538.19,680.92,49.28,20.26,1.86,0.0
20140901:1310,36611.88,612.93,46.12,20.69,1.86,0.0
20140901:1410,31282.94,521.46,39.94,20.61,1.72,0.0
20140901:1510,29721.68,496.97,31.8,20.59,1.52,0.0
20140901:1610,13948.14,244.43,22.55,20.59,1.45,0.0
20140901:1710,4509.22,93.79,12.78,20.22,0.9,0.0
20140901:1810,242.12,12.79,2.95,19.44,0.76,0.0
20140901:1910,0.0,0.0,0.0,18.01,1.17,0.0
20140901:2010,0.0,0.0,0.0,16.97,1.31,0.0
20140901:2110,0.0,0.0,0.0,15.72,1.52,0.0
20140901:2210,0.0,0.0,0.0,15.03,1.59,0.0
20140901:2310,0.0,0.0,0.0,14.86,1.66,0.0
20140902:0010,0.0,0.0,0.0,14.43,1.72,0.0
20140902:0110,0.0,0.0,0.0,13.9,1.66,0.0
20140902:0210,0.0,0.0,0.0,13.23,1.66,0.0
20140902:0310,0.0,0.0,0.0,13.15,1.59,0.0
20140902:0410,0.0,0.0,0.0,12.54,1.79,0.0
20140902:0510,0.0,0.0,0.0,12.25,1.72,0.0
20140902:0610,5328.94,118.08,9.43,12.49,1.45,0.0
20140902:0710,18102.91,306.18,19.25,14.98,0.76,0.0
20140902:0810,35530.31,589.24,28.71,17.16,0.83,0.0
20140902:0910,44733.18,754.04,37.25,18.82,1.17,0.0
20140902:1010,33978.91,567.63,44.13,19.84,1.38,0.0
20140902:1110,22411.75,376.03,48.31,20.58,1.72,0.0
20140902:1210,10547.82,186.35,48.91,21.07,2.07,0.0
20140902:1310,36969.37,619.65,45.75,21.63,2.21,0.0
20140902:1410,43206.83,727.21,39.58,21.85,2.28,0.0
20140902:1510,30216.55,505.02,31.46,21.95,2.34,0.0
20140902:1610,18868.74,330.85,22.22,21.56,2.41,0.0
20140902:1710,4910.73,124.42,12.46,21.05,2.0,0.0
20140902:1810,207.21,11.94,2.62,20.21,1.86,0.0
20140902:1910,0.0,0.0,0.0,18.83,2.21,0.0
20140902:2010,0.0,0.0,0.0,18.0,2.28,0.0
20140902:2110,0.0,0.0,0.0,16.97,2.34,0.0
20140902:2210,0.0,0.0,0.0,16.15,2.28,0.0
20140902:2310,0.0,0.0,0.0,15.46,2.28,0.0
20140903:0010,0.0,0.0,0.0,14.77,2.34,0.0
20140903:0110,0.0,0.0,0.0,14.32,2.48,0.0
20140903:0210,0.0,0.0,0.0,13.9,2.48,0.0
20140903:0310,0.0,0.0,0.0,13.43,2.34,0.0
20140903:0410,0.0,0.0,0.0,12.97,2.34,0.0
20140903:0510,0.0,0.0,0.0,12.6,2.34,0.0
20140903:0610,5556.64,124.62,9.21,12.75,2.34,0.0
20140903:0710,21469.07,358.09,19.03,14.45,2.41,0.0
20140903:0810,36965.58,598.99,28.47,16.44,2.76,0.0
20140903:0910,49115.65,809.65,36.99,18.05,2.97,0.0
20140903:1010,56749.67,946.85,43.82,19.75,3.93,0.0
20140903:1110,59797.82,1002.86,47.97,20.9,4.62,0.0
20140903:1210,58442.24,979.74,48.54,21.43,4.76,0.0
20140903:1310,53004.77,882.46,45.37,21.57,4.62,0.0
20140903:1410,45367.71,747.08,39.22,21.36,4.55,0.0
20140903:1510,35240.37,579.96,31.11,21.35,4.34,0.0
20140903:1610,20082.38,349.86,21.88,21.19,4.14,0.0
20140903:1710,4879.61,110.78,12.13,20.5,3.45,0.0
20140903:1810,112.33,9.38,2.29,19.4,2.97,0.0
20140903:1910,0.0,0.0,0.0,18.64,2.76,0.0
20140903:2010,0.0,0.0,0.0,17.71,2.76,0.0
20140903:2110,0.0,0.0,0.0,16.63,2.69,0.0
20140903:2210,0.0,0.0,0.0,15.88,2.62,0.0
20140903:2310,0.0,0.0,0.0,15.17,2.62,0.0
20140904:0010,0.0,0.0,0.0,14.82,2.34,0.0
20140904:0110,0.0,0.0,0.0,14.08,2.34,0.0
20140904:0210,0.0,0.0,0.0,13.76,2.34,0.0
20140904:0310,0.0,0.0,0.0,13.54,2.41,0.0
20140904:0410,0.0,0.0,0.0,13.83,2.48,0.0
20140904:0510,0.0,0.0,0.0,13.75,2.55,0.0
20140904:0610,2853.84,62.98,8.99,13.99,2.48,0.0
20140904:0710,6624.55,120.91,18.81,15.11,2.41,0.0
20140904:0810,11360.71,194.67,28.23,16.72,2.83,0.0
20140904:0910,14071.1,238.06,36.72,18.07,2.9,0.0
20140904:1010,18562.1,310.44,43.51,19.37,2.69,0.0
20140904:1110,42136.64,702.23,47.62,20.05,2.55,0.0
20140904:1210,48131.23,813.07,48.16,21.03,2.55,0.0
20140904:1310,15613.39,266.37,45.0,21.18,2.69,0.0
20140904:1410,6935.74,128.8,38.86,21.47,3.1,0.0
20140904:1510,8047.68,146.54,30.77,21.36,2.69,0.0
20140904:1610,5235.58,101.59,21.55,21.29,2.0,0.0
20140904:1710,2791.6,61.52,11.8,20.87,1.59,0.0
20140904:1810,0.0,5.12,1.96,20.19,1.66,0.0
20140904:1910,0.0,0.0,0.0,19.24,1.66,0.0
20140904:2010,0.0,0.0,0.0,18.73,1.72,0.0
20140904:2110,0.0,0.0,0.0,18.09,1.72,0.0
20140904:2210,0.0,0.0,0.0,17.47,1.59,0.0
20140904:2310,0.0,0.0,0.0,16.99,1.45,0.0
20140905:0010,0.0,0.0,0.0,16.43,1.31,0.0
20140905:0110,0.0,0.0,0.0,16.05,1.24,0.0
20140905:0210,0.0,0.0,0.0,16.0,1.17,0.0
20140905:0310,0.0,0.0,0.0,15.86,1.17,0.0
20140905:0410,0.0,0.0,0.0,15.81,1.03,0.0
20140905:0510,0.0,0.0,0.0,15.57,1.03,0.0
20140905:0610,2177.57,50.77,8.78,15.58,0.9,0.0
20140905:0710,5056.46,97.05,18.59,16.82,0.83,0.0
20140905:0810,10149.35,177.82,27.99,18.05,1.17,0.0
20140905:0910,13592.17,232.95,36.45,19.17,1.38,0.0
20140905:1010,19344.63,325.87,43.2,20.05,1.38,0.0
20140905:1110,28429.1,477.49,47.27,20.78,1.17,0.0
20140905:1210,36258.19,614.41,47.79,21.6,1.24,0.0
20140905:1310,20203.82,343.0,44.62,22.28,1.59,0.0
20140905:1410,10556.93,187.75,38.5,22.55,1.93,0.0
20140905:1510,14224.42,245.98,30.42,22.44,1.93,0.0
20140905:1610,9183.9,166.81,21.21,22.4,2.07,0.0
20140905:1710,2281.55,52.69,11.46,21.81,1.72,0.0
20140905:1810,0.0,4.26,1.62,20.72,2.14,0.0
20140905:1910,0.0,0.0,0.0,19.11,2.62,0.0
20140905:2010,0.0,0.0,0.0,18.37,2.41,0.0
20140905:2110,0.0,0.0,0.0,17.98,2.0,0.0
20140905:2210,0.0,0.0,0.0,17.42,1.79,0.0
20140905:2310,0.0,0.0,0.0,16.99,1.66,0.0
20140906:0010,0.0,0.0,0.0,16.67,1.59,0.0
20140906:0110,0.0,0.0,0.0,16.35,1.66,0.0
20140906:0210,0.0,0.0,0.0,16.03,1.66,0.0
20140906:0310,0.0,0.0,0.0,15.62,1.79,0.0
20140906:0410,0.0,0.0,0.0,15.48,1.72,0.0
20140906:0510,0.0,0.0,0.0,15.37,1.59,0.0
20140906:0610,3048.14,68.07,8.56,15.26,1.31,0.0
20140906:0710,7082.23,129.21,18.36,16.67,1.59,0.0
20140906:0810,11371.34,196.69,27.75,17.82,1.17,0.0
20140906:0910,14558.38,248.72,36.18,19.24,0.97,0.0
20140906:1010,25879.62,433.85,42.89,20.1,0.9,0.0
20140906:1110,35860.47,606.11,46.92,21.06,1.17,0.0
20140906:1210,36277.92,613.83,47.41,21.66,1.38,0.0
20140906:1310,20983.31,355.35,44.24,22.29,1.72,0.0
20140906:1410,30826.03,516.85,38.13,22.84,2.21,0.0
20140906:1510,18347.31,312.14,30.06,22.84,2.28,0.0
20140906:1610,12407.37,220.97,20.86,22.57,2.34,0.0
20140906:1710,3469.39,76.0,11.12,21.93,2.07,0.0
20140906:1810,0.0,4.26,1.28,20.56,1.93,0.0
20140906:1910,0.0,0.0,0.0,19.5,1.72,0.0
20140906:2010,0.0,0.0,0.0,17.82,1.59,0.0
20140906:2110,0.0,0.0,0.0,16.62,1.52,0.0
20140906:2210,0.0,0.0,0.0,16.0,1.52,0.0
20140906:2310,0.0,0.0,0.0,15.41,1.38,0.0
20140907:0010,0.0,0.0,0.0,15.48,1.17,0.0
20140907:0110,0.0,0.0,0.0,15.55,1.03,0.0
20140907:0210,0.0,0.0,0.0,15.13,0.97,0.0
20140907:0310,0.0,0.0,0.0,14.78,0.9,0.0
20140907:0410,0.0,0.0,0.0,14.42,0.76,0.0
20140907:0510,0.0,0.0,0.0,14.15,0.76,0.0
20140907:0610,2748.34,62.12,8.34,13.47,0.69,0.0
20140907:0710,10802.85,187.88,18.14,15.22,0.69,0.0
20140907:0810,20498.31,340.14,27.51,17.39,0.83,0.0
20140907:0910,23295.23,388.42,35.91,19.28,0.97,0.0
20140907:1010,51060.97,885.78,42.58,20.9,1.1,0.0
20140907:1110,57120.06,1017.72,46.56,22.05,1.03,0.0
20140907:1210,50004.44,876.55,47.03,22.79,1.1,0.0
20140907:1310,48660.25,848.95,43.86,23.15,1.17,0.0
20140907:1410,25686.84,435.34,37.76,23.39,1.31,0.0
20140907:1510,21094.13,359.26,29.71,23.5,1.52,0.0
20140907:1610,13000.91,232.55,20.52,23.28,1.86,0.0
20140907:1710,4027.25,94.98,10.79,22.71,1.72,0.0
20140907:1810,0.0,0.0,0.0,21.4,1.93,0.0
20140907:1910,0.0,0.0,0.0,20.07,2.28,0.0
20140907:2010,0.0,0.0,0.0,18.76,2.14,0.0
20140907:2110,0.0,0.0,0.0,17.63,2.07,0.0
20140907:2210,0.0,0.0,0.0,16.71,2.14,0.0
20140907:2310,0.0,0.0,0.0,16.01,2.14,0.0
20140908:0010,0.0,0.0,0.0,15.37,2.0,0.0
20140908:0110,0.0,0.0,0.0,14.73,1.86,0.0
20140908:0210,0.0,0.0,0.0,14.22,1.86,0.0
20140908:0310,0.0,0.0,0.0,13.85,1.93,0.0
20140908:0410,0.0,0.0,0.0,13.51,1.86,0.0
20140908:0510,0.0,0.0,0.0,13.21,1.79,0.0
20140908:0610,4550.96,102.83,8.11,13.35,1.79,0.0
20140908:0710,19156.4,322.88,17.91,16.02,2.07,0.0
20140908:0810,34760.68,568.56,27.26,18.05,2.34,0.0
20140908:0910,46520.63,773.39,35.63,20.03,2.76,0.0
20140908:1010,55149.7,935.46,42.26,21.69,3.17,0.0
20140908:1110,58685.88,1009.55,46.21,22.9,3.24,0.0
20140908:1210,59033.5,1022.45,46.65,23.65,3.1,0.0
20140908:1310,53483.69,920.15,43.48,24.19,2.9,0.0
20140908:1410,43817.07,743.57,37.39,24.42,2.69,0.0
20140908:1510,32496.58,547.31,29.35,24.34,2.97,0.0
20140908:1610,17601.21,313.75,20.18,23.74,3.38,0.0
20140908:1710,3870.14,98.7,10.44,22.7,3.17,0.0
20140908:1810,0.0,0.0,0.0,21.29,2.97,0.0
20140908:1910,0.0,0.0,0.0,20.19,3.38,0.0
20140908:2010,0.0,0.0,0.0,19.08,3.45,0.0
20140908:2110,0.0,0.0,0.0,18.14,3.38,0.0
20140908:2210,0.0,0.0,0.0,17.47,3.1,0.0
20140908:2310,0.0,0.0,0.0,16.72,2.83,0.0
20140909:0010,0.0,0.0,0.0,16.07,2.55,0.0
20140909:0110,0.0,0.0,0.0,15.64,2.28,0.0
20140909:0210,0.0,0.0,0.0,14.96,2.21,0.0
20140909:0310,0.0,0.0,0.0,14.68,2.28,0.0
20140909:0410,0.0,0.0,0.0,14.25,2.48,0.0
20140909:0510,0.0,0.0,0.0,14.04,2.55,0.0
20140909:0610,5126.29,117.0,7.89,14.08,2.48,0.0
20140909:0710,18607.64,310.7,17.68,14.43,2.55,0.0
20140909:0810,35336.0,570.39,27.02,15.84,2.69,0.0
20140909:0910,47255.34,774.62,35.35,17.08,2.76,0.0
20140909:1010,52510.66,876.72,41.95,18.63,2.83,0.0
20140909:1110,58871.08,1002.91,45.85,20.09,2.9,0.0
20140909:1210,56993.31,971.19,46.26,20.99,2.97,0.0
20140909:1310,43387.48,724.51,43.09,21.45,3.03,0.0
20140909:1410,45881.55,766.39,37.02,21.84,3.17,0.0
20140909:1510,32420.68,537.82,28.99,21.69,3.31,0.0
20140909:1610,18239.53,321.57,19.83,21.21,3.45,0.0
20140909:1710,3816.25,93.13,10.1,20.35,2.97,0.0
20140909:1810,0.0,0.0,0.0,18.92,2.76,0.0
20140909:1910,0.0,0.0,0.0,17.2,2.97,0.0
20140909:2010,0.0,0.0,0.0,16.21,2.97,0.0
20140909:2110,0.0,0.0,0.0,15.47,3.03,0.0
20140909:2210,0.0,0.0,0.0,14.86,3.17,0.0
20140909:2310,0.0,0.0,0.0,14.29,3.1,0.0
20140910:0010,0.0,0.0,0.0,13.8,2.97,0.0
20140910:0110,0.0,0.0,0.0,13.47,2.83,0.0
20140910:0210,0.0,0.0,0.0,13.15,2.76,0.0
20140910:0310,0.0,0.0,0.0,12.69,2.97,0.0
20140910:0410,0.0,0.0,0.0,12.23,3.1,0.0
20140910:0510,0.0,0.0,0.0,12.06,3.17,0.0
20140910:0610,4685.31,105.2,7.67,12.08,3.17,0.0
20140910:0710,20125.64,331.03,17.45,12.81,4.0,0.0
20140910:0810,36044.15,573.41,26.77,14.29,3.72,0.0
20140910:0910,48599.53,784.69,35.08,15.82,3.79,0.0
20140910:1010,56821.02,935.23,41.63,17.46,4.07,0.0
20140910:1110,60268.4,1001.39,45.49,18.77,4.48,0.0
20140910:1210,60563.65,1014.89,45.88,19.7,4.21,0.0
20140910:1310,54229.79,900.06,42.7,20.03,4.21,0.0
20140910:1410,47148.32,774.21,36.64,20.07,4.21,0.0
20140910:1510,34581.56,567.31,28.63,20.22,4.07,0.0
20140910:1610,18476.34,323.42,19.48,19.88,4.0,0.0
20140910:1710,3663.69,96.21,9.76,19.21,3.52,0.0
20140910:1810,0.0,0.0,0.0,17.71,3.52,0.0
20140910:1910,0.0,0.0,0.0,16.16,3.93,0.0
20140910:2010,0.0,0.0,0.0,15.14,4.14,0.0
20140910:2110,0.0,0.0,0.0,14.24,3.86,0.0
20140910:2210,0.0,0.0,0.0,13.51,3.52,0.0
20140910:2310,0.0,0.0,0.0,12.95,3.31,0.0
20140911:0010,0.0,0.0,0.0,12.44,3.17,0.0
20140911:0110,0.0,0.0,0.0,12.08,3.1,0.0
20140911:0210,0.0,0.0,0.0,11.67,3.03,0.0
20140911:0310,0.0,0.0,0.0,11.28,3.03,0.0
20140911:0410,0.0,0.0,0.0,10.85,2.97,0.0
20140911:0510,0.0,0.0,0.0,10.46,2.83,0.0
20140911:0610,4645.08,104.46,7.44,10.33,2.62,0.0
20140911:0710,20562.07,338.3,17.22,11.74,2.48,0.0
20140911:0810,36604.29,583.62,26.52,13.72,3.03,0.0
20140911:0910,48672.39,787.29,34.79,15.64,3.52,0.0
20140911:1010,50426.44,820.26,41.31,17.4,4.48,0.0
20140911:1110,44836.41,729.46,45.13,18.26,4.55,0.0
20140911:1210,32198.3,522.41,45.49,18.42,4.41,0.0
20140911:1310,17674.83,294.03,42.31,18.66,4.28,0.0
20140911:1410,18016.38,299.61,36.26,19.08,4.07,0.0
20140911:1510,11106.45,192.69,28.27,19.48,4.28,0.0
20140911:1610,18055.09,315.71,19.13,19.36,4.0,0.0
20140911:1710,3492.92,93.0,9.41,18.86,3.24,0.0
20140911:1810,0.0,0.0,0.0,17.99,2.76,0.0
20140911:1910,0.0,0.0,0.0,16.91,2.9,0.0
20140911:2010,0.0,0.0,0.0,15.94,2.9,0.0
20140911:2110,0.0,0.0,0.0,14.97,2.9,0.0
20140911:2210,0.0,0.0,0.0,14.29,2.83,0.0
20140911:2310,0.0,0.0,0.0,13.62,2.76,0.0
20140912:0010,0.0,0.0,0.0,13.1,2.69,0.0
20140912:0110,0.0,0.0,0.0,12.74,2.76,0.0
20140912:0210,0.0,0.0,0.0,12.43,2.76,0.0
20140912:0310,0.0,0.0,0.0,12.06,2.69,0.0
20140912:0410,0.0,0.0,0.0,11.62,2.48,0.0
20140912:0510,0.0,0.0,0.0,11.1,2.41,0.0
20140912:0610,4628.38,104.9,7.22,10.82,2.34,0.0
20140912:0710,20930.18,345.38,16.99,12.19,2.28,0.0
20140912:0810,36745.47,588.41,26.27,14.16,2.76,0.0
20140912:0910,48626.85,792.74,34.51,15.92,2.9,0.0
20140912:1010,56359.54,938.5,40.98,17.45,3.03,0.0
20140912:1110,59641.46,1005.72,44.77,18.67,3.17,0.0
20140912:1210,59775.04,1011.53,45.1,19.65,3.31,0.0
20140912:1310,55551.21,931.15,41.92,20.28,3.59,0.0
20140912:1410,46454.6,767.5,35.88,20.72,3.79,0.0
20140912:1510,33967.53,560.33,27.91,20.98,3.79,0.0
20140912:1610,18121.88,320.79,18.77,20.93,3.38,0.0
20140912:1710,3263.7,90.65,9.06,20.38,2.48,0.0
20140912:1810,0.0,0.0,0.0,18.74,2.69,0.0
20140912:1910,0.0,0.0,0.0,17.2,2.83,0.0
20140912:2010,0.0,0.0,0.0,16.27,2.83,0.0
20140912:2110,0.0,0.0,0.0,15.51,2.9,0.0
20140912:2210,0.0,0.0,0.0,14.84,2.9,0.0
20140912:2310,0.0,0.0,0.0,14.24,2.9,0.0
20140913:0010,0.0,0.0,0.0,13.71,2.83,0.0
20140913:0110,0.0,0.0,0.0,13.23,2.76,0.0
20140913:0210,0.0,0.0,0.0,12.82,2.69,0.0
20140913:0310,0.0,0.0,0.0,12.6,2.62,0.0
20140913:0410,0.0,0.0,0.0,12.26,2.62,0.0
20140913:0510,0.0,0.0,0.0,12.06,2.76,0.0
20140913:0610,3914.92,89.12,6.99,12.07,2.76,0.0
20140913:0710,17938.96,298.6,16.75,13.6,2.62,0.0
20140913:0810,34913.24,560.3,26.01,15.5,3.17,0.0
20140913:0910,47624.97,775.6,34.23,17.17,3.45,0.0
20140913:1010,56134.12,930.97,40.66,18.74,3.86,0.0
20140913:1110,60035.38,1004.02,44.4,20.39,4.62,0.0
20140913:1210,59998.19,1008.3,44.72,21.07,4.48,0.0
20140913:1310,55199.79,921.31,41.53,21.09,4.28,0.0
20140913:1410,45460.31,749.41,35.5,21.13,4.14,0.0
20140913:1510,32715.94,538.08,27.54,21.07,4.34,0.0
20140913:1610,16559.86,292.32,18.42,20.55,4.14,0.0
20140913:1710,3095.2,80.91,8.72,19.88,4.0,0.0
20140913:1810,0.0,0.0,0.0,18.95,3.79,0.0
20140913:1910,0.0,0.0,0.0,17.7,4.14,0.0
20140913:2010,0.0,0.0,0.0,16.84,3.86,0.0
20140913:2110,0.0,0.0,0.0,16.08,3.52,0.0
20140913:2210,0.0,0.0,0.0,15.53,3.1,0.0
20140913:2310,0.0,0.0,0.0,15.2,2.9,0.0
20140914:0010,0.0,0.0,0.0,15.06,2.76,0.0
20140914:0110,0.0,0.0,0.0,15.0,2.62,0.0
20140914:0210,0.0,0.0,0.0,14.92,2.69,0.0
20140914:0310,0.0,0.0,0.0,14.83,2.76,0.0
20140914:0410,0.0,0.0,0.0,14.76,2.83,0.0
20140914:0510,0.0,0.0,0.0,14.53,2.9,0.0
20140914:0610,2455.37,58.61,6.77,14.51,2.97,0.0
20140914:0710,12865.81,219.12,16.52,14.98,2.9,0.0
20140914:0810,34421.41,553.43,25.76,16.09,3.31,0.0
20140914:0910,47666.72,773.02,33.94,17.45,4.07,0.0
20140914:1010,55554.25,916.23,40.33,18.55,4.21,0.0
20140914:1110,42638.34,699.14,44.03,19.38,3.93,0.0
20140914:1210,37893.83,623.76,44.33,19.87,3.31,0.0
20140914:1310,39471.8,652.2,41.14,20.33,3.1,0.0
20140914:1410,28341.06,468.02,35.12,20.79,2.9,0.0
20140914:1510,29214.67,485.16,27.18,21.05,2.76,0.0
20140914:1610,11569.44,207.3,18.07,21.14,2.62,0.0
20140914:1710,2862.95,72.17,8.37,20.52,2.48,0.0
20140914:1810,0.0,0.0,0.0,19.31,2.76,0.0
20140914:1910,0.0,0.0,0.0,18.06,3.17,0.0
20140914:2010,0.0,0.0,0.0,17.5,2.9,0.0
20140914:2110,0.0,0.0,0.0,16.98,2.76,0.0
20140914:2210,0.0,0.0,0.0,16.72,2.69,0.0
20140914:2310,0.0,0.0,0.0,16.5,2.62,0.0
20140915:0010,0.0,0.0,0.0,16.58,2.55,0.0
20140915:0110,0.0,0.0,0.0,16.28,2.48,0.0
20140915:0210,0.0,0.0,0.0,15.99,2.41,0.0
20140915:0310,0.0,0.0,0.0,15.97,2.41,0.0
20140915:0410,0.0,0.0,0.0,15.84,2.28,0.0
20140915:0510,0.0,0.0,0.0,15.74,2.14,0.0
20140915:0610,3335.05,78.62,6.54,15.88,2.07,0.0
20140915:0710,18175.77,306.46,16.28,15.75,1.86,0.0
20140915:0810,34614.2,563.77,25.5,16.87,2.14,0.0
20140915:0910,46668.63,774.42,33.66,18.49,2.28,0.0
20140915:1010,54242.69,918.02,40.0,20.33,2.69,0.0
20140915:1110,57520.06,989.66,43.67,20.99,2.41,0.0
20140915:1210,54256.36,938.22,43.93,21.85,2.0,0.0
20140915:1310,47648.5,818.06,40.74,22.26,1.66,0.0
20140915:1410,40047.88,681.73,34.74,22.75,1.38,0.0
20140915:1510,29431.74,498.65,26.81,22.83,1.38,0.0
20140915:1610,16225.9,293.44,17.71,22.66,1.66,0.0
20140915:1710,2712.67,75.77,8.01,22.08,1.59,0.0
20140915:1810,0.0,0.0,0.0,20.34,2.14,0.0
20140915:1910,0.0,0.0,0.0,19.56,2.21,0.0
20140915:2010,0.0,0.0,0.0,18.4,2.21,0.0
20140915:2110,0.0,0.0,0.0,17.32,2.21,0.0
20140915:2210,0.0,0.0,0.0,16.29,2.14,0.0
20140915:2310,0.0,0.0,0.0,15.24,2.0,0.0
20140916:0010,0.0,0.0,0.0,14.38,1.72,0.0
20140916:0110,0.0,0.0,0.0,13.83,1.66,0.0
20140916:0210,0.0,0.0,0.0,13.1,1.79,0.0
20140916:0310,0.0,0.0,0.0,12.69,2.0,0.0
20140916:0410,0.0,0.0,0.0,12.41,2.0,0.0
20140916:0510,0.0,0.0,0.0,12.17,1.93,0.0
20140916:0610,3786.65,88.43,6.31,12.05,1.79,0.0
20140916:0710,18910.48,318.19,16.05,14.21,0.83,0.0
20140916:0810,33978.15,561.87,25.25,17.34,0.9,0.0
20140916:0910,45628.04,772.96,33.37,19.58,1.17,0.0
20140916:1010,53202.11,922.38,39.67,21.21,1.45,0.0
20140916:1110,56455.18,987.38,43.3,22.54,1.86,0.0
20140916:1210,56280.61,985.21,43.54,23.27,2.0,0.0
20140916:1310,52320.15,903.66,40.35,23.44,2.21,0.0
20140916:1410,43713.09,741.05,34.36,23.82,2.48,0.0
20140916:1510,31095.47,524.1,26.44,23.91,2.69,0.0
20140916:1610,16022.49,290.83,17.35,23.68,2.48,0.0
20140916:1710,2519.12,74.64,7.66,22.83,1.72,0.0
20140916:1810,0.0,0.0,0.0,21.5,2.21,0.0
20140916:1910,0.0,0.0,0.0,20.15,2.55,0.0
20140916:2010,0.0,0.0,0.0,19.02,2.62,0.0
20140916:2110,0.0,0.0,0.0,18.16,2.62,0.0
20140916:2210,0.0,0.0,0.0,17.68,2.55,0.0
20140916:2310,0.0,0.0,0.0,17.15,2.55,0.0
20140917:0010,0.0,0.0,0.0,17.02,2.48,0.0
20140917:0110,0.0,0.0,0.0,16.58,2.55,0.0
20140917:0210,0.0,0.0,0.0,16.32,2.55,0.0
20140917:0310,0.0,0.0,0.0,16.24,2.55,0.0
20140917:0410,0.0,0.0,0.0,15.97,2.55,0.0
20140917:0510,0.0,0.0,0.0,15.85,2.62,0.0
20140917:0610,1022.37,29.33,6.08,15.98,2.69,0.0
20140917:0710,10472.68,183.35,15.81,17.07,2.48,0.0
20140917:0810,24841.31,407.16,24.99,19.24,3.03,0.0
20140917:0910,7813.15,142.5,33.08,20.92,2.9,0.0
20140917:1010,15740.9,269.61,39.34,22.64,2.83,0.0
20140917:1110,35880.21,603.28,42.93,23.89,2.9,0.0
20140917:1210,43990.12,746.72,43.15,25.22,3.45,0.0
20140917:1310,31144.05,525.67,39.95,25.53,3.1,0.0
20140917:1410,35225.95,594.42,33.97,25.42,2.97,0.0
20140917:1510,24285.72,410.61,26.07,24.14,2.62,0.0
20140917:1610,4720.98,94.34,16.99,23.69,2.07,0.0
20140917:1710,1868.66,48.08,7.31,23.1,1.66,0.0
20140917:1810,0.0,0.0,0.0,22.09,2.07,0.0
20140917:1910,0.0,0.0,0.0,20.67,1.79,0.0
20140917:2010,0.0,0.0,0.0,19.88,1.72,0.0
20140917:2110,0.0,0.0,0.0,19.0,1.79,0.0
20140917:2210,0.0,0.0,0.0,17.96,1.72,0.0
20140917:2310,0.0,0.0,0.0,17.22,1.59,0.0
20140918:0010,0.0,0.0,0.0,16.64,1.52,0.0
20140918:0110,0.0,0.0,0.0,15.96,1.72,0.0
20140918:0210,0.0,0.0,0.0,15.46,1.79,0.0
20140918:0310,0.0,0.0,0.0,15.1,1.79,0.0
20140918:0410,0.0,0.0,0.0,14.81,1.86,0.0
20140918:0510,0.0,0.0,0.0,14.55,1.86,0.0
20140918:0610,1633.37,42.27,5.85,14.44,1.86,0.0
20140918:0710,12525.78,216.03,15.57,16.3,1.59,0.0
20140918:0810,33524.27,551.12,24.73,18.61,1.93,0.0
20140918:0910,44683.85,749.55,32.78,20.75,2.07,0.0
20140918:1010,51492.08,885.19,39.01,22.74,2.14,0.0
20140918:1110,54345.92,945.91,42.56,24.22,2.34,0.0
20140918:1210,53719.74,937.72,42.75,25.2,2.41,0.0
20140918:1310,26263.68,444.7,39.56,25.59,2.9,0.0
20140918:1410,1887.63,45.67,33.59,23.11,3.24,0.0
20140918:1510,13116.28,228.94,25.7,22.58,1.17,0.0
20140918:1610,5872.38,113.43,16.63,22.75,1.45,0.0
20140918:1710,598.85,21.01,6.96,22.29,0.9,0.0
20140918:1810,0.0,0.0,0.0,21.22,1.03,0.0
20140918:1910,0.0,0.0,0.0,19.89,1.86,0.0
20140918:2010,0.0,0.0,0.0,18.84,1.93,0.0
20140918:2110,0.0,0.0,0.0,18.27,1.72,0.0
20140918:2210,0.0,0.0,0.0,17.79,1.93,0.0
20140918:2310,0.0,0.0,0.0,17.1,1.86,0.0
20140919:0010,0.0,0.0,0.0,16.46,1.72,0.0
20140919:0110,0.0,0.0,0.0,15.95,1.86,0.0
20140919:0210,0.0,0.0,0.0,15.55,1.72,0.0
20140919:0310,0.0,0.0,0.0,15.4,1.38,0.0
20140919:0410,0.0,0.0,0.0,15.27,1.24,0.0
20140919:0510,0.0,0.0,0.0,14.77,1.38,0.0
20140919:0610,3378.31,83.77,5.62,14.73,1.24,0.0
20140919:0710,19930.58,337.04,15.33,15.94,1.17,0.0
20140919:0810,25299.75,417.1,24.47,18.38,1.38,0.0
20140919:0910,42146.51,710.71,32.49,20.2,1.24,0.0
20140919:1010,32155.79,540.36,38.68,21.86,1.45,0.0
20140919:1110,50432.51,869.98,42.18,23.35,2.14,0.0
20140919:1210,37994.02,646.27,42.36,24.26,2.07,0.0
20140919:1310,39735.93,683.06,39.16,24.6,1.45,0.0
20140919:1410,16097.63,279.93,33.2,25.01,1.1,0.0
20140919:1510,22607.57,388.27,25.33,25.03,1.17,0.0
20140919:1610,8252.61,155.82,16.27,24.79,0.83,0.0
20140919:1710,1338.12,35.82,6.6,24.12,0.69,0.0
20140919:1810,0.0,0.0,0.0,23.61,0.48,0.0
20140919:1910,0.0,0.0,0.0,20.58,2.9,0.0
20140919:2010,0.0,0.0,0.0,19.29,2.55,0.0
20140919:2110,0.0,0.0,0.0,18.5,2.41,0.0
20140919:2210,0.0,0.0,0.0,17.96,2.07,0.0
20140919:2310,0.0,0.0,0.0,17.63,1.66,0.0
20140920:0010,0.0,0.0,0.0,16.91,1.24,0.0
20140920:0110,0.0,0.0,0.0,17.6,0.34,0.0
20140920:0210,0.0,0.0,0.0,16.52,0.9,0.0
20140920:0310,0.0,0.0,0.0,15.03,1.52,0.0
20140920:0410,0.0,0.0,0.0,14.94,1.59,0.0
20140920:0510,0.0,0.0,0.0,14.88,1.66,0.0
20140920:0610,0.0,4.57,5.39,14.73,1.52,0.0
20140920:0710,13546.63,233.15,15.09,16.21,0.83,0.0
20140920:0810,33569.81,558.76,24.2,18.43,0.76,0.0
20140920:0910,42577.62,719.56,32.19,20.3,1.17,0.0
20140920:1010,51243.13,884.15,38.34,22.22,1.72,0.0
20140920:1110,53293.19,930.39,41.81,23.63,1.86,0.0
20140920:1210,21001.53,359.12,41.96,24.57,1.72,0.0
20140920:1310,48179.8,835.96,38.76,25.07,1.93,0.0
20140920:1410,12610.79,222.8,32.82,25.22,2.0,0.0
20140920:1510,13313.62,234.21,24.96,25.24,1.93,0.0
20140920:1610,466.79,18.27,15.91,24.15,2.62,0.0
20140920:1710,1259.94,34.12,6.25,22.61,2.48,0.0
20140920:1810,0.0,0.0,0.0,20.94,1.24,0.0
20140920:1910,0.0,0.0,0.0,18.76,1.66,0.0
20140920:2010,0.0,0.0,0.0,18.21,0.97,0.0
20140920:2110,0.0,0.0,0.0,17.69,1.38,0.0
20140920:2210,0.0,0.0,0.0,17.11,1.38,0.0
20140920:2310,0.0,0.0,0.0,16.73,1.24,0.0
20140921:0010,0.0,0.0,0.0,16.81,1.38,0.0
20140921:0110,0.0,0.0,0.0,16.84,1.59,0.0
20140921:0210,0.0,0.0,0.0,16.83,1.66,0.0
20140921:0310,0.0,0.0,0.0,16.79,1.72,0.0
20140921:0410,0.0,0.0,0.0,16.82,1.72,0.0
20140921:0510,0.0,0.0,0.0,16.58,2.14,0.0
20140921:0610,6.83,5.97,5.16,16.55,2.28,0.0
20140921:0710,3990.06,79.63,14.85,16.44,2.0,0.0
20140921:0810,2268.65,51.15,23.94,16.72,2.07,0.0
20140921:0910,19220.16,316.66,31.9,17.14,2.28,0.0
20140921:1010,22826.17,374.2,38.0,17.9,2.83,0.0
20140921:1110,18537.82,307.89,41.44,18.3,3.03,0.0
20140921:1210,26675.06,433.77,41.57,17.61,3.45,0.0
20140921:1310,38060.06,618.84,38.36,18.81,3.93,0.0
20140921:1410,13008.5,222.08,32.43,19.37,4.0,0.0
20140921:1510,4895.55,95.0,24.58,19.34,4.28,0.0
20140921:1610,12748.92,227.7,15.55,18.89,4.76,0.0
20140921:1710,1245.52,33.27,5.89,18.19,4.21,0.0
20140921:1810,0.0,0.0,0.0,17.07,4.0,0.0
20140921:1910,0.0,0.0,0.0,15.53,3.72,0.0
20140921:2010,0.0,0.0,0.0,14.51,3.66,0.0
20140921:2110,0.0,0.0,0.0,13.64,3.31,0.0
20140921:2210,0.0,0.0,0.0,12.92,3.1,0.0
20140921:2310,0.0,0.0,0.0,12.32,2.97,0.0
20140922:0010,0.0,0.0,0.0,11.86,2.83,0.0
20140922:0110,0.0,0.0,0.0,11.45,2.62,0.0
20140922:0210,0.0,0.0,0.0,11.02,2.48,0.0
20140922:0310,0.0,0.0,0.0,10.71,2.48,0.0
20140922:0410,0.0,0.0,0.0,10.52,2.55,0.0
20140922:0510,0.0,0.0,0.0,10.37,2.41,0.0
20140922:0610,790.12,23.88,4.92,10.2,2.21,0.0
20140922:0710,14716.25,245.77,14.6,11.86,2.07,0.0
20140922:0810,25433.33,403.57,23.67,13.65,4.34,0.0
20140922:0910,33676.83,535.01,31.6,14.72,4.0,0.0
20140922:1010,19280.88,314.71,37.67,15.5,3.45,0.0
20140922:1110,40190.57,651.79,41.06,16.25,3.03,0.0
20140922:1210,40824.33,662.3,41.17,16.79,3.38,0.0
20140922:1310,23755.18,386.26,37.97,17.11,3.66,0.0
20140922:1410,34130.71,551.0,32.04,17.43,3.66,0.0
20140922:1510,22981.76,375.66,24.21,17.46,3.59,0.0
20140922:1610,8542.54,155.08,15.19,17.27,3.52,0.0
20140922:1710,982.15,28.15,5.54,16.51,2.69,0.0
20140922:1810,0.0,0.0,0.0,15.09,2.48,0.0
20140922:1910,0.0,0.0,0.0,14.63,2.34,0.0
20140922:2010,0.0,0.0,0.0,14.38,2.07,0.0
20140922:2110,0.0,0.0,0.0,14.13,1.93,0.0
20140922:2210,0.0,0.0,0.0,13.57,2.07,0.0
20140922:2310,0.0,0.0,0.0,13.03,2.28,0.0
20140923:0010,0.0,0.0,0.0,12.43,2.41,0.0
20140923:0110,0.0,0.0,0.0,11.91,2.41,0.0
20140923:0210,0.0,0.0,0.0,11.33,2.34,0.0
20140923:0310,0.0,0.0,0.0,10.49,2.48,0.0
20140923:0410,0.0,0.0,0.0,9.84,2.55,0.0
20140923:0510,0.0,0.0,0.0,9.42,2.69,0.0
20140923:0610,794.67,23.88,4.69,9.19,2.76,0.0
20140923:0710,17988.3,294.89,14.36,9.95,2.21,0.0
20140923:0810,31723.92,502.08,23.41,12.0,2.62,0.0
20140923:0910,42038.73,673.99,31.3,13.76,2.69,0.0
20140923:1010,49500.46,808.88,37.33,15.15,2.69,0.0
20140923:1110,56269.22,939.98,40.69,16.07,2.41,0.0
20140923:1210,52090.17,869.3,40.77,16.58,2.14,0.0
20140923:1310,52282.96,869.37,37.57,17.04,2.41,0.0
20140923:1410,43912.7,715.99,31.66,17.35,3.03,0.0
20140923:1510,30898.13,504.0,23.84,17.36,3.03,0.0
20140923:1610,14735.23,262.79,14.83,17.01,2.83,0.0
20140923:1710,938.88,27.29,5.19,16.19,2.14,0.0
20140923:1810,0.0,0.0,0.0,14.7,2.28,0.0
20140923:1910,0.0,0.0,0.0,13.4,2.21,0.0
20140923:2010,0.0,0.0,0.0,12.21,2.21,0.0
20140923:2110,0.0,0.0,0.0,11.16,2.14,0.0
20140923:2210,0.0,0.0,0.0,10.3,2.07,0.0
20140923:2310,0.0,0.0,0.0,9.55,2.0,0.0
20140924:0010,0.0,0.0,0.0,8.93,1.66,0.0
20140924:0110,0.0,0.0,0.0,9.48,1.24,0.0
20140924:0210,0.0,0.0,0.0,9.73,1.03,0.0
20140924:0310,0.0,0.0,0.0,8.6,1.31,0.0
20140924:0410,0.0,0.0,0.0,8.14,1.66,0.0
20140924:0510,0.0,0.0,0.0,8.04,1.72,0.0
20140924:0610,710.42,22.18,4.45,8.01,1.45,0.0
20140924:0710,5130.84,95.43,14.11,9.28,0.76,0.0
20140924:0810,13291.61,220.27,23.14,11.85,1.17,0.0
20140924:0910,43972.67,716.37,31.0,13.76,1.52,0.0
20140924:1010,50433.27,829.63,36.99,15.53,2.41,0.0
20140924:1110,42639.86,695.32,40.31,16.95,3.03,0.0
20140924:1210,27847.71,453.43,40.38,17.71,3.1,0.0
20140924:1310,46283.06,757.58,37.17,17.99,3.45,0.0
20140924:1410,20339.68,334.03,31.27,18.35,3.93,0.0
20140924:1510,22420.86,367.46,23.47,17.92,3.72,0.0
20140924:1610,12292.76,220.26,14.47,17.68,4.0,0.0
20140924:1710,115.37,9.38,4.83,16.66,3.52,0.0
20140924:1810,0.0,0.0,0.0,15.29,3.38,0.0
20140924:1910,0.0,0.0,0.0,14.87,2.97,0.0
20140924:2010,0.0,0.0,0.0,14.22,2.76,0.0
20140924:2110,0.0,0.0,0.0,13.79,2.62,0.0
20140924:2210,0.0,0.0,0.0,13.19,2.41,0.0
20140924:2310,0.0,0.0,0.0,12.44,2.34,0.0
20140925:0010,0.0,0.0,0.0,11.68,2.28,0.0
20140925:0110,0.0,0.0,0.0,11.21,2.14,0.0
20140925:0210,0.0,0.0,0.0,10.65,2.21,0.0
20140925:0310,0.0,0.0,0.0,10.26,2.07,0.0
20140925:0410,0.0,0.0,0.0,9.39,1.66,0.0
20140925:0510,0.0,0.0,0.0,8.8,1.45,0.0
20140925:0610,665.64,21.32,4.22,8.34,1.59,0.0
20140925:0710,18923.39,311.21,13.86,9.51,0.97,0.0
20140925:0810,33096.95,534.01,22.87,11.94,0.62,0.0
20140925:0910,30200.61,491.58,30.7,13.96,0.48,0.0
20140925:1010,32957.3,541.21,36.65,15.93,0.9,0.0
20140925:1110,32277.23,529.61,39.93,17.24,1.66,0.0
20140925:1210,45251.58,753.19,39.98,17.68,1.86,0.0
20140925:1310,38540.5,634.32,36.77,18.0,2.07,0.0
20140925:1410,43402.66,715.67,30.88,18.12,2.28,0.0
20140925:1510,30023.76,493.59,23.09,18.04,2.41,0.0
20140925:1610,13608.87,245.66,14.11,17.79,2.28,0.0
20140925:1710,716.5,23.03,4.48,17.24,1.59,0.0
20140925:1810,0.0,0.0,0.0,16.3,1.38,0.0
20140925:1910,0.0,0.0,0.0,15.31,0.83,0.0
20140925:2010,0.0,0.0,0.0,13.81,1.17,0.0
20140925:2110,0.0,0.0,0.0,12.58,1.31,0.0
20140925:2210,0.0,0.0,0.0,11.79,1.31,0.0
20140925:2310,0.0,0.0,0.0,11.47,1.24,0.0
20140926:0010,0.0,0.0,0.0,11.36,1.1,0.0
20140926:0110,0.0,0.0,0.0,11.16,0.97,0.0
20140926:0210,0.0,0.0,0.0,9.79,1.24,0.0
20140926:0310,0.0,0.0,0.0,9.0,1.38,0.0
20140926:0410,0.0,0.0,0.0,8.64,1.45,0.0
20140926:0510,0.0,0.0,0.0,8.39,1.52,0.0
20140926:0610,580.64,19.62,3.98,8.14,1.59,0.0
20140926:0710,18411.06,302.75,13.62,9.53,1.17,0.0
20140926:0810,33378.54,539.34,22.6,13.46,1.1,0.0
20140926:0910,44913.07,744.65,30.39,15.93,1.17,0.0
20140926:1010,50271.61,848.76,36.3,17.72,1.45,0.0
20140926:1110,53452.58,913.62,39.56,18.85,1.59,0.0
20140926:1210,53327.34,915.28,39.58,19.71,1.59,0.0
20140926:1310,49010.91,834.43,36.37,20.3,1.59,0.0
20140926:1410,40959.44,688.33,30.49,20.64,1.52,0.0
20140926:1510,28101.98,470.74,22.72,20.72,1.66,0.0
20140926:1610,12144.76,223.52,13.75,20.42,1.72,0.0
20140926:1710,665.64,22.18,4.12,19.48,1.52,0.0
20140926:1810,0.0,0.0,0.0,17.85,1.79,0.0
20140926:1910,0.0,0.0,0.0,15.88,1.52,0.0
20140926:2010,0.0,0.0,0.0,14.78,1.45,0.0
20140926:2110,0.0,0.0,0.0,13.79,1.59,0.0
20140926:2210,0.0,0.0,0.0,12.81,1.72,0.0
20140926:2310,0.0,0.0,0.0,12.23,1.79,0.0
20140927:0010,0.0,0.0,0.0,11.71,1.79,0.0
20140927:0110,0.0,0.0,0.0,11.25,1.79,0.0
20140927:0210,0.0,0.0,0.0,10.86,1.93,0.0
20140927:0310,0.0,0.0,0.0,10.76,1.93,0.0
20140927:0410,0.0,0.0,0.0,10.45,1.86,0.0
20140927:0510,0.0,0.0,0.0,10.27,1.86,0.0
20140927:0610,491.83,17.91,3.74,9.98,1.86,0.0
20140927:0710,18028.53,298.97,13.37,11.42,1.38,0.0
20140927:0810,31738.34,513.74,22.33,14.95,1.52,0.0
20140927:0910,44427.31,731.49,30.09,17.13,2.0,0.0
20140927:1010,51232.5,855.53,35.96,18.84,2.62,0.0
20140927:1110,54207.78,912.95,39.18,20.01,2.97,0.0
20140927:1210,52452.21,884.25,39.18,20.97,3.03,0.0
20140927:1310,49866.3,838.47,35.98,21.66,3.03,0.0
20140927:1410,40542.74,673.88,30.11,22.11,3.1,0.0
20140927:1510,28116.4,469.82,22.35,22.36,3.17,0.0
20140927:1610,13019.89,241.69,13.39,22.12,2.76,0.0
20140927:1710,538.89,19.62,3.77,20.86,2.21,0.0
20140927:1810,0.0,0.0,0.0,18.98,2.48,0.0
20140927:1910,0.0,0.0,0.0,17.78,2.48,0.0
20140927:2010,0.0,0.0,0.0,16.77,2.48,0.0
20140927:2110,0.0,0.0,0.0,15.95,2.48,0.0
20140927:2210,0.0,0.0,0.0,15.29,2.48,0.0
20140927:2310,0.0,0.0,0.0,14.86,2.48,0.0
20140928:0010,0.0,0.0,0.0,14.47,2.41,0.0
20140928:0110,0.0,0.0,0.0,14.14,2.34,0.0
20140928:0210,0.0,0.0,0.0,13.78,2.14,0.0
20140928:0310,0.0,0.0,0.0,13.2,2.0,0.0
20140928:0410,0.0,0.0,0.0,12.58,2.0,0.0
20140928:0510,0.0,0.0,0.0,12.06,2.0,0.0
20140928:0610,330.16,14.5,3.51,11.58,2.0,0.0
20140928:0710,10036.26,173.52,13.12,12.56,1.86,0.0
20140928:0810,24528.6,395.77,22.05,15.15,2.28,0.0
20140928:0910,37259.31,605.07,29.78,17.23,2.62,0.0
20140928:1010,46849.28,775.43,35.62,19.02,2.9,0.0
20140928:1110,53592.23,903.65,38.8,20.73,3.1,0.0
20140928:1210,53085.98,897.61,38.79,22.11,3.38,0.0
20140928:1310,45272.07,757.26,35.58,22.86,3.59,0.0
20140928:1410,28988.49,481.57,29.72,23.28,3.52,0.0
20140928:1510,8607.06,156.43,21.98,23.33,3.38,0.0
20140928:1610,8684.48,164.39,13.03,22.81,2.34,0.0
20140928:1710,381.78,16.21,3.42,21.67,1.93,0.0
20140928:1810,0.0,0.0,0.0,20.16,2.21,0.0
20140928:1910,0.0,0.0,0.0,19.22,1.93,0.0
20140928:2010,0.0,0.0,0.0,18.39,2.07,0.0
20140928:2110,0.0,0.0,0.0,17.27,2.21,0.0
20140928:2210,0.0,0.0,0.0,16.28,2.34,0.0
20140928:2310,0.0,0.0,0.0,15.76,2.41,0.0
20140929:0010,0.0,0.0,0.0,15.33,2.41,0.0
20140929:0110,0.0,0.0,0.0,15.08,2.41,0.0
20140929:0210,0.0,0.0,0.0,15.12,2.41,0.0
20140929:0310,0.0,0.0,0.0,15.43,2.28,0.0
20140929:0410,0.0,0.0,0.0,15.74,2.41,0.0
20140929:0510,0.0,0.0,0.0,15.84,2.55,0.0
20140929:0610,148.0,10.24,3.27,15.64,2.62,0.0
20140929:0710,2283.07,51.15,12.86,15.62,2.69,0.0
20140929:0810,6264.03,115.42,21.78,16.1,2.41,0.0
20140929:0910,10424.11,180.51,29.48,16.69,2.07,0.0
20140929:1010,34866.94,568.24,35.27,17.42,2.34,0.0
20140929:1110,35991.78,586.75,38.42,18.45,3.17,0.0
20140929:1210,42132.09,695.6,38.39,19.93,3.1,0.0
20140929:1310,28846.55,476.37,35.18,20.82,2.69,0.0
20140929:1410,25216.26,419.18,29.34,21.58,2.34,0.0
20140929:1510,21661.86,364.51,21.61,21.76,2.28,0.0
20140929:1610,7130.05,136.46,12.68,21.22,2.14,0.0
20140929:1710,241.36,12.79,3.07,20.06,1.45,0.0
20140929:1810,0.0,0.0,0.0,18.9,1.38,0.0
20140929:1910,0.0,0.0,0.0,18.24,1.66,0.0
20140929:2010,0.0,0.0,0.0,17.57,1.66,0.0
20140929:2110,0.0,0.0,0.0,17.17,1.59,0.0
20140929:2210,0.0,0.0,0.0,16.94,1.59,0.0
20140929:2310,0.0,0.0,0.0,16.51,1.59,0.0
20140930:0010,0.0,0.0,0.0,15.96,1.72,0.0
20140930:0110,0.0,0.0,0.0,15.37,1.79,0.0
20140930:0210,0.0,0.0,0.0,14.77,1.79,0.0
20140930:0310,0.0,0.0,0.0,14.14,1.79,0.0
20140930:0410,0.0,0.0,0.0,13.38,1.86,0.0
20140930:0510,0.0,0.0,0.0,12.84,1.66,0.0
20140930:0610,328.65,14.5,3.03,12.16,1.45,0.0
20140930:0710,9270.43,162.96,12.61,13.82,0.9,0.0
20140930:0810,13428.23,226.39,21.5,15.86,0.83,0.0
20140930:0910,31812.73,527.82,29.17,17.37,0.34,0.0
20140930:1010,48497.82,844.62,34.93,19.11,0.21,0.0
20140930:1110,48863.66,856.06,38.05,20.32,0.34,0.0
20140930:1210,41389.03,713.52,37.99,21.19,0.41,0.0
20140930:1310,38827.4,663.7,34.79,21.59,0.62,0.0
20140930:1410,29519.03,497.12,28.95,21.87,0.9,0.0
20140930:1510,17209.57,294.41,21.24,21.8,1.03,0.0
20140930:1610,3634.85,75.99,12.32,21.43,0.9,0.0
20140930:1710,239.84,12.79,2.72,20.77,0.55,0.0
20140930:1810,0.0,0.0,0.0,20.09,0.21,0.0
20140930:1910,0.0,0.0,0.0,19.32,0.48,0.0
20140930:2010,0.0,0.0,0.0,18.81,0.14,0.0
20140930:2110,0.0,0.0,0.0,18.06,0.48,0.0
20140930:2210,0.0,0.0,0.0,17.08,0.83,0.0
20140930:2310,0.0,0.0,0.0,15.81,1.03,0.0
20141001:0010,0.0,0.0,0.0,14.5,1.24,0.0
20141001:0110,0.0,0.0,0.0,14.03,1.24,0.0
20141001:0210,0.0,0.0,0.0,14.1,0.97,0.0
20141001:0310,0.0,0.0,0.0,14.2,0.62,0.0
20141001:0410,0.0,0.0,0.0,13.29,0.41,0.0
20141001:0510,0.0,0.0,0.0,12.85,0.48,0.0
20141001:0610,220.11,11.94,2.79,11.81,0.62,0.0
20141001:0710,17526.83,293.79,12.36,12.59,0.69,0.0
20141001:0810,33605.48,551.59,21.23,14.57,0.34,0.0
20141001:0910,43878.55,741.25,28.86,16.89,0.34,0.0
20141001:1010,48672.39,840.52,34.58,19.14,0.55,0.0
20141001:1110,38712.04,656.8,37.67,20.64,0.83,0.0
20141001:1210,43146.87,739.63,37.6,21.69,1.03,0.0
20141001:1310,48026.48,831.76,34.39,22.0,1.03,0.0
20141001:1410,38765.17,660.25,28.57,22.34,0.97,0.0
20141001:1510,26575.63,452.89,20.87,22.43,0.83,0.0
20141001:1610,11597.52,220.33,11.97,22.22,0.69,0.0
20141001:1710,172.29,11.09,2.37,21.71,0.34,0.0
20141001:1810,0.0,0.0,0.0,20.38,0.69,0.0
20141001:1910,0.0,0.0,0.0,18.26,0.97,0.0
20141001:2010,0.0,0.0,0.0,17.28,1.03,0.0
20141001:2110,0.0,0.0,0.0,15.36,1.66,0.0
20141001:2210,0.0,0.0,0.0,14.81,1.79,0.0
20141001:2310,0.0,0.0,0.0,14.61,1.72,0.0
20141002:0010,0.0,0.0,0.0,14.35,1.59,0.0
20141002:0110,0.0,0.0,0.0,13.89,1.59,0.0
20141002:0210,0.0,0.0,0.0,13.62,1.59,0.0
20141002:0310,0.0,0.0,0.0,13.76,1.52,0.0
20141002:0410,0.0,0.0,0.0,13.41,1.66,0.0
20141002:0510,0.0,0.0,0.0,13.43,1.72,0.0
20141002:0610,0.0,4.26,2.54,13.41,1.72,0.0
20141002:0710,8105.36,144.56,12.1,14.32,2.07,0.0
20141002:0810,27324.76,440.18,20.95,15.16,2.14,0.0
20141002:0910,17761.36,293.47,28.55,16.58,1.72,0.0
20141002:1010,29219.98,480.11,34.24,17.9,1.45,0.0
20141002:1110,32564.9,540.46,37.29,19.11,1.31,0.0
20141002:1210,40523.01,683.79,37.2,20.13,1.17,0.0
20141002:1310,40283.93,682.38,34.0,20.81,1.03,0.0
20141002:1410,27022.68,451.28,28.19,21.06,1.24,0.0
20141002:1510,14451.36,248.57,20.51,21.13,1.45,0.0
20141002:1610,7285.64,140.45,11.61,20.99,1.45,0.0
20141002:1710,55.41,7.68,2.03,20.02,1.52,0.0
20141002:1810,0.0,0.0,0.0,18.5,1.93,0.0
20141002:1910,0.0,0.0,0.0,17.73,1.93,0.0
20141002:2010,0.0,0.0,0.0,16.79,2.0,0.0
20141002:2110,0.0,0.0,0.0,16.06,1.93,0.0
20141002:2210,0.0,0.0,0.0,15.66,1.79,0.0
20141002:2310,0.0,0.0,0.0,14.79,1.79,0.0
20141003:0010,0.0,0.0,0.0,14.32,1.59,0.0
20141003:0110,0.0,0.0,0.0,13.74,1.45,0.0
20141003:0210,0.0,0.0,0.0,13.37,1.31,0.0
20141003:0310,0.0,0.0,0.0,13.14,1.17,0.0
20141003:0410,0.0,0.0,0.0,12.77,1.17,0.0
20141003:0510,0.0,0.0,0.0,12.25,1.17,0.0
20141003:0610,89.56,8.53,2.3,11.82,1.17,0.0
20141003:0710,17390.97,291.61,11.85,12.53,0.69,0.0
20141003:0810,33108.34,542.56,20.67,14.4,0.34,0.0
20141003:0910,43456.54,731.53,28.24,16.72,0.41,0.0
20141003:1010,51747.1,901.86,33.89,18.94,0.48,0.0
20141003:1110,55487.45,980.97,36.91,20.51,0.76,0.0
20141003:1210,52059.05,913.24,36.81,21.3,0.83,0.0
20141003:1310,46896.33,812.19,33.6,21.74,0.83,0.0
20141003:1410,31867.37,537.85,27.81,22.06,0.9,0.0
20141003:1510,25276.98,428.62,20.14,21.89,1.1,0.0
20141003:1610,11184.62,212.81,11.26,21.54,1.1,0.0
20141003:1710,5.31,5.97,1.68,20.61,1.24,0.0
20141003:1810,0.0,0.0,0.0,18.48,1.52,0.0
20141003:1910,0.0,0.0,0.0,16.63,1.72,0.0
20141003:2010,0.0,0.0,0.0,15.68,1.52,0.0
20141003:2110,0.0,0.0,0.0,15.36,1.31,0.0
20141003:2210,0.0,0.0,0.0,15.3,1.1,0.0
20141003:2310,0.0,0.0,0.0,14.97,1.03,0.0
20141004:0010,0.0,0.0,0.0,13.59,1.24,0.0
20141004:0110,0.0,0.0,0.0,12.11,1.66,0.0
20141004:0210,0.0,0.0,0.0,11.33,1.72,0.0
20141004:0310,0.0,0.0,0.0,10.88,1.72,0.0
20141004:0410,0.0,0.0,0.0,10.62,1.66,0.0
20141004:0510,0.0,0.0,0.0,10.33,1.72,0.0
20141004:0610,34.91,6.82,2.06,10.2,1.79,0.0
20141004:0710,17580.72,291.22,11.59,11.1,1.66,0.0
20141004:0810,30704.59,494.59,20.39,14.62,1.79,0.0
20141004:0910,29252.62,475.0,27.93,17.25,2.21,0.0
20141004:1010,25147.95,412.72,33.55,19.36,2.9,0.0
20141004:1110,29623.01,486.34,36.54,20.48,3.45,0.0
20141004:1210,55456.34,936.36,36.42,21.24,3.38,0.0
20141004:1310,31606.28,522.12,33.21,21.84,3.24,0.0
20141004:1410,32006.27,529.05,27.43,22.15,3.24,0.0
20141004:1510,17609.56,298.46,19.78,22.0,3.17,0.0
20141004:1610,1650.07,41.11,10.91,21.25,2.9,0.0
20141004:1710,0.0,1.71,1.34,18.87,3.66,0.0
20141004:1810,0.0,0.0,0.0,16.08,4.07,0.0
20141004:1910,0.0,0.0,0.0,15.86,4.0,0.0
20141004:2010,0.0,0.0,0.0,14.6,4.14,0.0
20141004:2110,0.0,0.0,0.0,13.56,4.55,0.0
20141004:2210,0.0,0.0,0.0,12.7,4.62,0.0
20141004:2310,0.0,0.0,0.0,12.09,4.48,0.0
20141005:0010,0.0,0.0,0.0,11.78,4.28,0.0
20141005:0110,0.0,0.0,0.0,11.46,4.21,0.0
20141005:0210,0.0,0.0,0.0,11.31,4.14,0.0
20141005:0310,0.0,0.0,0.0,11.11,4.14,0.0
20141005:0410,0.0,0.0,0.0,10.9,4.14,0.0
20141005:0510,0.0,0.0,0.0,10.69,4.14,0.0
20141005:0610,0.0,3.41,1.82,10.58,4.0,0.0
20141005:0710,1747.22,41.11,11.34,10.59,4.28,0.0
20141005:0810,4928.95,92.26,20.11,10.81,4.34,0.0
20141005:0910,4097.84,79.47,27.62,11.27,4.21,0.0
20141005:1010,7763.81,136.11,33.2,11.84,4.28,0.0
20141005:1110,10935.67,184.57,36.16,12.53,4.21,0.0
20141005:1210,12612.3,210.31,36.03,13.37,4.62,0.0
20141005:1310,14455.91,238.25,32.82,13.96,4.83,0.0
20141005:1410,7017.71,126.06,27.05,14.41,4.55,0.0
20141005:1510,13199.77,220.49,19.42,14.64,4.14,0.0
20141005:1610,6681.48,126.77,10.56,14.4,3.17,0.0
20141005:1710,0.0,0.0,0.0,13.87,2.07,0.0
20141005:1810,0.0,0.0,0.0,12.98,1.72,0.0
20141005:1910,0.0,0.0,0.0,12.57,0.83,0.0
20141005:2010,0.0,0.0,0.0,12.85,0.48,0.0
20141005:2110,0.0,0.0,0.0,11.95,0.83,0.0
20141005:2210,0.0,0.0,0.0,11.39,1.03,0.0
20141005:2310,0.0,0.0,0.0,11.3,1.24,0.0
20141006:0010,0.0,0.0,0.0,11.5,0.76,0.0
20141006:0110,0.0,0.0,0.0,11.65,0.62,0.0
20141006:0210,0.0,0.0,0.0,11.28,1.24,0.0
20141006:0310,0.0,0.0,0.0,10.78,1.66,0.0
20141006:0410,0.0,0.0,0.0,10.58,1.86,0.0
20141006:0510,0.0,0.0,0.0,10.34,2.21,0.0
20141006:0610,0.0,4.26,1.57,10.33,2.55,0.0
20141006:0710,1637.92,39.28,11.08,10.82,3.17,0.0
20141006:0810,4566.9,86.78,19.83,11.23,4.41,0.0
20141006:0910,11104.17,185.8,27.31,11.89,5.24,0.0
20141006:1010,12175.88,202.78,32.85,12.65,5.24,0.0
20141006:1110,16900.65,273.99,35.78,13.19,5.24,0.0
20141006:1210,10955.41,185.51,35.63,13.75,5.17,0.0
20141006:1310,14534.09,239.5,32.43,14.17,5.03,0.0
20141006:1410,3586.28,72.16,26.68,14.04,4.69,0.0
20141006:1510,4818.13,91.33,19.06,13.0,4.48,0.0
20141006:1610,3803.35,76.48,10.21,11.72,4.9,0.0
20141006:1710,0.0,0.0,0.0,11.32,5.45,0.0
20141006:1810,0.0,0.0,0.0,11.55,5.59,0.0
20141006:1910,0.0,0.0,0.0,12.48,4.97,0.0
20141006:2010,0.0,0.0,0.0,13.11,4.9,0.0
20141006:2110,0.0,0.0,0.0,13.54,4.62,0.0
20141006:2210,0.0,0.0,0.0,13.8,4.21,0.0
20141006:2310,0.0,0.0,0.0,13.85,3.79,0.0
20141007:0010,0.0,0.0,0.0,13.79,3.31,0.0
20141007:0110,0.0,0.0,0.0,13.88,3.03,0.0
20141007:0210,0.0,0.0,0.0,13.96,3.31,0.0
20141007:0310,0.0,0.0,0.0,13.65,3.59,0.0
20141007:0410,0.0,0.0,0.0,13.06,3.93,0.0
20141007:0510,0.0,0.0,0.0,12.62,4.48,0.0
20141007:0610,0.0,4.26,1.33,12.37,5.03,0.0
20141007:0710,16296.49,269.69,10.82,12.62,5.72,0.0
20141007:0810,8827.17,152.4,19.55,13.33,5.38,0.0
20141007:0910,2916.08,61.2,26.99,13.79,5.93,0.0
20141007:1010,4629.9,88.61,32.51,13.85,6.14,0.0
20141007:1110,29787.71,469.5,35.41,14.03,5.72,0.0
20141007:1210,30882.19,488.29,35.25,14.62,5.38,0.0
20141007:1310,8235.91,145.24,32.05,15.5,5.93,0.0
20141007:1410,6078.07,111.44,26.3,14.46,5.86,0.0
20141007:1510,17614.11,287.15,18.7,14.67,5.52,0.0
20141007:1610,1502.06,37.45,9.87,14.8,5.86,0.0
20141007:1710,0.0,0.0,0.0,14.45,5.52,0.0
20141007:1810,0.0,0.0,0.0,13.69,5.03,0.0
20141007:1910,0.0,0.0,0.0,12.85,3.66,0.0
20141007:2010,0.0,0.0,0.0,12.5,3.45,0.0
20141007:2110,0.0,0.0,0.0,12.17,3.24,0.0
20141007:2210,0.0,0.0,0.0,12.22,3.17,0.0
20141007:2310,0.0,0.0,0.0,12.21,2.97,0.0
20141008:0010,0.0,0.0,0.0,12.28,2.83,0.0
20141008:0110,0.0,0.0,0.0,12.29,3.03,0.0
20141008:0210,0.0,0.0,0.0,12.52,3.24,0.0
20141008:0310,0.0,0.0,0.0,12.75,3.31,0.0
20141008:0410,0.0,0.0,0.0,13.14,3.45,0.0
20141008:0510,0.0,0.0,0.0,13.15,3.31,0.0
20141008:0610,0.0,0.0,0.0,13.09,3.1,0.0
20141008:0710,179.12,10.96,10.56,13.11,3.66,0.0
20141008:0810,2586.67,55.72,19.27,13.25,3.52,0.0
20141008:0910,3593.86,72.16,26.68,13.48,3.66,0.0
20141008:1010,4732.37,90.43,32.16,14.09,3.86,0.0
20141008:1110,12367.15,207.98,35.03,14.79,4.28,0.0
20141008:1210,7138.4,128.8,34.86,16.13,4.9,0.0
20141008:1310,5656.83,105.96,31.66,16.76,5.1,0.0
20141008:1410,26473.92,426.55,25.93,18.24,5.17,0.0
20141008:1510,17827.39,296.46,18.34,19.08,5.24,0.0
20141008:1610,1815.53,43.97,9.52,19.54,4.76,0.0
20141008:1710,0.0,0.0,0.0,19.52,5.38,0.0
20141008:1810,0.0,0.0,0.0,19.19,5.93,0.0
20141008:1910,0.0,0.0,0.0,17.59,5.45,0.0
20141008:2010,0.0,0.0,0.0,17.09,4.48,0.0
20141008:2110,0.0,0.0,0.0,16.7,4.07,0.0
20141008:2210,0.0,0.0,0.0,16.28,4.41,0.0
20141008:2310,0.0,0.0,0.0,15.71,4.28,0.0
20141009:0010,0.0,0.0,0.0,15.28,3.93,0.0
20141009:0110,0.0,0.0,0.0,14.99,3.93,0.0
20141009:0210,0.0,0.0,0.0,14.75,3.86,0.0
20141009:0310,0.0,0.0,0.0,14.73,3.72,0.0
20141009:0410,0.0,0.0,0.0,14.45,3.66,0.0
20141009:0510,0.0,0.0,0.0,14.31,3.72,0.0
20141009:0610,0.0,0.0,0.0,14.26,3.59,0.0
20141009:0710,176.85,10.96,10.3,14.43,3.59,0.0
20141009:0810,12840.0,213.93,18.98,14.84,4.21,0.0
20141009:0910,10051.44,172.92,26.37,15.46,4.28,0.0
20141009:1010,21041.0,340.27,31.81,15.72,4.0,0.0
20141009:1110,31509.13,503.78,34.66,16.22,4.34,0.0
20141009:1210,47076.98,759.5,34.47,16.74,4.41,0.0
20141009:1310,48092.52,777.27,31.28,17.45,4.55,0.0
20141009:1410,27972.95,450.18,25.56,18.14,4.97,0.0
20141009:1510,25670.9,420.34,17.99,18.59,4.83,0.0
20141009:1610,5639.37,111.9,9.18,17.95,3.86,0.0
20141009:1710,0.0,0.0,0.0,16.99,3.52,0.0
20141009:1810,0.0,0.0,0.0,15.52,3.24,0.0
20141009:1910,0.0,0.0,0.0,15.14,3.66,0.0
20141009:2010,0.0,0.0,0.0,14.93,4.07,0.0
20141009:2110,0.0,0.0,0.0,14.73,3.93,0.0
20141009:2210,0.0,0.0,0.0,14.73,3.79,0.0
20141009:2310,0.0,0.0,0.0,14.51,3.59,0.0
20141010:0010,0.0,0.0,0.0,14.02,3.31,0.0
20141010:0110,0.0,0.0,0.0,13.35,3.1,0.0
20141010:0210,0.0,0.0,0.0,12.64,2.83,0.0
20141010:0310,0.0,0.0,0.0,12.06,2.55,0.0
20141010:0410,0.0,0.0,0.0,11.53,2.34,0.0
20141010:0510,0.0,0.0,0.0,11.1,2.21,0.0
20141010:0610,0.0,0.0,0.0,10.66,2.14,0.0
20141010:0710,3313.04,67.24,10.04,10.74,1.86,0.0
20141010:0810,14752.68,241.77,18.7,12.52,1.93,0.0
20141010:0910,14504.49,240.22,26.05,13.98,1.66,0.0
20141010:1010,43073.25,708.45,31.47,15.36,1.38,0.0
20141010:1110,33544.01,548.88,34.29,16.45,1.38,0.0
20141010:1210,18301.01,303.72,34.09,17.18,1.59,0.0
20141010:1310,21712.71,357.6,30.89,17.61,1.59,0.0
20141010:1410,16298.01,272.43,25.19,17.74,1.52,0.0
20141010:1510,6844.66,125.48,17.63,17.5,1.59,0.0
20141010:1610,3458.0,73.23,8.84,17.02,1.38,0.0
20141010:1710,0.0,0.0,0.0,16.08,1.59,0.0
20141010:1810,0.0,0.0,0.0,14.68,1.66,0.0
20141010:1910,0.0,0.0,0.0,13.97,1.72,0.0
20141010:2010,0.0,0.0,0.0,13.76,1.59,0.0
20141010:2110,0.0,0.0,0.0,13.28,1.66,0.0
20141010:2210,0.0,0.0,0.0,13.16,1.59,0.0
20141010:2310,0.0,0.0,0.0,13.1,1.52,0.0
20141011:0010,0.0,0.0,0.0,13.15,1.31,0.0
20141011:0110,0.0,0.0,0.0,13.25,1.1,0.0
20141011:0210,0.0,0.0,0.0,13.06,1.17,0.0
20141011:0310,0.0,0.0,0.0,12.75,1.1,0.0
20141011:0410,0.0,0.0,0.0,12.84,1.1,0.0
20141011:0510,0.0,0.0,0.0,12.39,1.38,0.0
20141011:0610,0.0,0.0,0.0,12.37,0.83,0.0
20141011:0710,1358.61,34.71,9.78,13.23,2.07,0.0
20141011:0810,19111.62,309.26,18.42,13.79,2.14,0.0
20141011:0910,30983.9,497.26,25.74,14.54,1.93,0.0
20141011:1010,43225.81,704.08,31.12,15.79,2.28,0.0
20141011:1110,38952.64,633.73,33.92,17.09,2.69,0.0
20141011:1210,13820.63,233.97,33.7,18.12,2.9,0.0
20141011:1310,23619.32,386.3,30.51,18.58,3.03,0.0
20141011:1410,19575.37,323.05,24.82,18.79,2.9,0.0
20141011:1510,18123.4,303.17,17.28,18.65,2.62,0.0
20141011:1610,8206.31,160.07,8.51,17.93,1.52,0.0
20141011:1710,0.0,0.0,0.0,16.63,1.72,0.0
20141011:1810,0.0,0.0,0.0,14.64,1.93,0.0
20141011:1910,0.0,0.0,0.0,13.61,2.07,0.0
20141011:2010,0.0,0.0,0.0,13.26,1.86,0.0
20141011:2110,0.0,0.0,0.0,12.84,1.79,0.0
20141011:2210,0.0,0.0,0.0,12.13,1.45,0.0
20141011:2310,0.0,0.0,0.0,12.41,0.97,0.0
20141012:0010,0.0,0.0,0.0,10.96,1.38,0.0
20141012:0110,0.0,0.0,0.0,9.78,1.79,0.0
20141012:0210,0.0,0.0,0.0,9.33,2.07,0.0
20141012:0310,0.0,0.0,0.0,9.32,2.21,0.0
20141012:0410,0.0,0.0,0.0,9.54,2.34,0.0
20141012:0510,0.0,0.0,0.0,9.71,2.48,0.0
20141012:0610,0.0,0.0,0.0,9.98,2.62,0.0
20141012:0710,2073.59,46.8,9.52,11.04,3.17,0.0
20141012:0810,4072.79,79.47,18.13,12.42,3.59,0.0
20141012:0910,12228.25,204.04,25.43,13.54,3.93,0.0
20141012:1010,11859.38,199.39,30.77,14.04,4.14,0.0
20141012:1110,8321.68,146.16,33.54,14.57,4.76,0.0
20141012:1210,2520.64,54.81,33.32,14.25,4.62,0.0
20141012:1310,5318.31,99.57,30.14,14.08,4.55,0.0
20141012:1410,1815.53,42.93,24.46,14.6,4.34,0.0
20141012:1510,5871.62,108.79,16.94,15.36,3.93,0.0
20141012:1610,2372.63,53.79,8.17,16.14,3.66,0.0
20141012:1710,0.0,0.0,0.0,16.41,3.59,0.0
20141012:1810,0.0,0.0,0.0,16.16,3.66,0.0
20141012:1910,0.0,0.0,0.0,15.53,2.97,0.0
20141012:2010,0.0,0.0,0.0,15.48,3.45,0.0
20141012:2110,0.0,0.0,0.0,15.6,4.0,0.0
20141012:2210,0.0,0.0,0.0,15.54,4.34,0.0
20141012:2310,0.0,0.0,0.0,15.62,4.62,0.0
20141013:0010,0.0,0.0,0.0,15.66,5.17,0.0
20141013:0110,0.0,0.0,0.0,15.36,5.52,0.0
20141013:0210,0.0,0.0,0.0,14.78,5.79,0.0
20141013:0310,0.0,0.0,0.0,14.4,6.0,0.0
20141013:0410,0.0,0.0,0.0,14.13,6.21,0.0
20141013:0510,0.0,0.0,0.0,14.07,6.34,0.0
20141013:0610,0.0,0.0,0.0,14.02,6.41,0.0
20141013:0710,453.88,17.36,9.25,14.12,5.86,0.0
20141013:0810,27547.15,435.01,17.85,14.4,5.45,0.0
20141013:0910,34420.65,539.52,25.11,15.08,6.83,0.0
20141013:1010,38976.17,613.47,30.43,15.72,6.9,0.0
20141013:1110,50612.4,804.95,33.18,16.46,6.9,0.0
20141013:1210,51687.9,826.76,32.94,17.57,6.97,0.0
20141013:1310,42677.81,680.23,29.76,18.1,6.83,0.0
20141013:1410,29299.68,468.59,24.1,18.21,6.48,0.0
20141013:1510,23267.15,380.08,16.59,17.86,5.86,0.0
20141013:1610,4207.9,87.48,7.84,17.1,4.76,0.0
20141013:1710,0.0,0.0,0.0,15.82,4.14,0.0
20141013:1810,0.0,0.0,0.0,14.69,3.72,0.0
20141013:1910,0.0,0.0,0.0,13.65,3.31,0.0
20141013:2010,0.0,0.0,0.0,12.82,3.24,0.0
20141013:2110,0.0,0.0,0.0,12.04,3.17,0.0
20141013:2210,0.0,0.0,0.0,11.32,3.17,0.0
20141013:2310,0.0,0.0,0.0,10.77,3.24,0.0
20141014:0010,0.0,0.0,0.0,10.39,3.1,0.0
20141014:0110,0.0,0.0,0.0,9.88,2.97,0.0
20141014:0210,0.0,0.0,0.0,9.31,2.76,0.0
20141014:0310,0.0,0.0,0.0,8.77,2.62,0.0
20141014:0410,0.0,0.0,0.0,8.27,2.55,0.0
20141014:0510,0.0,0.0,0.0,7.89,2.55,0.0
20141014:0610,0.0,0.0,0.0,7.58,2.55,0.0
20141014:0710,15759.12,259.04,8.99,8.33,2.48,0.0
20141014:0810,32974.0,517.51,17.56,10.35,2.55,0.0
20141014:0910,44159.38,702.46,24.8,12.58,2.9,0.0
20141014:1010,52600.22,852.85,30.09,14.32,3.17,0.0
20141014:1110,56218.37,922.19,32.81,15.48,3.31,0.0
20141014:1210,55019.15,901.88,32.56,16.56,3.66,0.0
20141014:1310,48443.18,788.75,29.39,17.1,3.52,0.0
20141014:1410,26974.86,436.28,23.74,17.21,3.03,0.0
20141014:1510,24832.2,408.67,16.25,17.07,2.69,0.0
20141014:1610,8451.46,165.36,7.52,16.47,1.79,0.0
20141014:1710,0.0,0.0,0.0,15.11,2.0,0.0
20141014:1810,0.0,0.0,0.0,13.38,2.14,0.0
20141014:1910,0.0,0.0,0.0,12.38,1.93,0.0
20141014:2010,0.0,0.0,0.0,11.18,2.07,0.0
20141014:2110,0.0,0.0,0.0,10.3,2.07,0.0
20141014:2210,0.0,0.0,0.0,9.53,1.93,0.0
20141014:2310,0.0,0.0,0.0,9.05,1.72,0.0
20141015:0010,0.0,0.0,0.0,8.37,1.79,0.0
20141015:0110,0.0,0.0,0.0,8.08,1.66,0.0
20141015:0210,0.0,0.0,0.0,8.3,1.31,0.0
20141015:0310,0.0,0.0,0.0,8.5,1.03,0.0
20141015:0410,0.0,0.0,0.0,7.64,1.1,0.0
20141015:0510,0.0,0.0,0.0,7.05,1.31,0.0
20141015:0610,0.0,0.0,0.0,7.08,1.52,0.0
20141015:0710,4617.76,87.48,8.73,8.19,1.52,0.0
20141015:0810,9952.01,168.31,17.28,10.65,1.38,0.0
20141015:0910,5323.63,99.57,24.48,13.03,1.45,0.0
20141015:1010,8119.02,143.67,29.74,14.54,1.66,0.0
20141015:1110,4909.21,94.09,32.44,15.74,1.59,0.0
20141015:1210,8922.8,157.28,32.19,16.23,1.59,0.0
20141015:1310,10527.33,182.06,29.02,16.53,1.86,0.0
20141015:1410,4714.15,91.35,23.39,16.99,2.48,0.0
20141015:1510,1086.89,30.14,15.91,16.53,1.66,0.0
20141015:1610,1089.92,30.14,7.19,16.03,1.72,0.0
20141015:1710,0.0,0.0,0.0,15.22,2.0,0.0
20141015:1810,0.0,0.0,0.0,14.6,2.14,0.0
20141015:1910,0.0,0.0,0.0,14.22,2.76,0.0
20141015:2010,0.0,0.0,0.0,14.19,3.17,0.0
20141015:2110,0.0,0.0,0.0,14.16,3.66,0.0
20141015:2210,0.0,0.0,0.0,13.91,3.79,0.0
20141015:2310,0.0,0.0,0.0,13.82,3.93,0.0
20141016:0010,0.0,0.0,0.0,13.94,4.28,0.0
20141016:0110,0.0,0.0,0.0,13.94,4.41,0.0
20141016:0210,0.0,0.0,0.0,14.19,4.07,0.0
20141016:0310,0.0,0.0,0.0,14.19,3.72,0.0
20141016:0410,0.0,0.0,0.0,13.94,3.72,0.0
20141016:0510,0.0,0.0,0.0,13.99,4.07,0.0
20141016:0610,0.0,0.0,0.0,14.43,4.07,0.0
20141016:0710,10723.15,186.3,8.47,14.82,4.07,0.0
20141016:0810,18984.87,306.86,16.99,15.17,4.14,0.0
20141016:0910,28838.96,458.18,24.17,15.94,4.83,0.0
20141016:1010,17173.89,281.88,29.4,16.95,5.03,0.0
20141016:1110,17907.85,294.65,32.08,17.95,5.17,0.0
20141016:1210,14918.15,249.84,31.81,18.57,5.1,0.0
20141016:1310,11810.04,202.66,28.65,18.96,4.48,0.0
20141016:1410,11956.53,204.58,23.03,18.98,4.28,0.0
20141016:1510,6906.9,126.87,15.58,18.84,3.31,0.0
20141016:1610,1521.04,38.95,6.87,18.17,2.76,0.0
20141016:1710,0.0,0.0,0.0,17.12,2.62,0.0
20141016:1810,0.0,0.0,0.0,16.37,2.48,0.0
20141016:1910,0.0,0.0,0.0,15.92,2.76,0.0
20141016:2010,0.0,0.0,0.0,15.49,2.97,0.0
20141016:2110,0.0,0.0,0.0,15.36,2.83,0.0
20141016:2210,0.0,0.0,0.0,15.22,2.69,0.0
20141016:2310,0.0,0.0,0.0,15.1,2.69,0.0
20141017:0010,0.0,0.0,0.0,14.88,2.76,0.0
20141017:0110,0.0,0.0,0.0,14.6,2.69,0.0
20141017:0210,0.0,0.0,0.0,14.25,2.28,0.0
20141017:0310,0.0,0.0,0.0,13.67,2.28,0.0
20141017:0410,0.0,0.0,0.0,13.23,2.55,0.0
20141017:0510,0.0,0.0,0.0,12.71,2.83,0.0
20141017:0610,0.0,0.0,0.0,12.7,2.83,0.0
20141017:0710,4849.25,92.99,8.2,13.24,2.97,0.0
20141017:0810,6802.92,122.22,16.71,14.07,4.0,0.0
20141017:0910,7412.39,132.44,23.86,15.13,4.21,0.0
20141017:1010,17627.78,288.48,29.06,16.02,3.72,0.0
20141017:1110,21800.76,354.42,31.71,17.17,3.79,0.0
20141017:1210,15696.12,261.54,31.44,17.69,3.66,0.0
20141017:1310,13557.26,229.06,28.29,18.27,3.72,0.0
20141017:1410,11206.64,193.1,22.68,18.79,3.66,0.0
20141017:1510,7860.96,141.86,15.24,18.77,3.31,0.0
20141017:1610,1663.73,41.9,6.55,18.3,2.69,0.0
20141017:1710,0.0,0.0,0.0,17.23,2.48,0.0
20141017:1810,0.0,0.0,0.0,16.35,2.69,0.0
20141017:1910,0.0,0.0,0.0,15.05,2.69,0.0
20141017:2010,0.0,0.0,0.0,14.63,2.83,0.0
20141017:2110,0.0,0.0,0.0,14.09,2.97,0.0
20141017:2210,0.0,0.0,0.0,13.74,3.1,0.0
20141017:2310,0.0,0.0,0.0,13.88,3.38,0.0
20141018:0010,0.0,0.0,0.0,14.26,3.24,0.0
20141018:0110,0.0,0.0,0.0,14.15,3.24,0.0
20141018:0210,0.0,0.0,0.0,14.12,3.24,0.0
20141018:0310,0.0,0.0,0.0,14.06,3.1,0.0
20141018:0410,0.0,0.0,0.0,13.92,3.03,0.0
20141018:0510,0.0,0.0,0.0,13.81,2.97,0.0
20141018:0610,0.0,0.0,0.0,13.75,2.97,0.0
20141018:0710,12244.19,210.59,7.94,14.46,3.03,0.0
20141018:0810,29047.69,467.18,16.42,16.02,2.83,0.0
20141018:0910,40997.38,664.26,23.54,18.17,3.52,0.0
20141018:1010,49320.58,812.22,28.72,20.06,4.0,0.0
20141018:1110,52795.28,880.25,31.35,21.65,4.21,0.0
20141018:1210,51681.07,865.53,31.08,22.73,4.14,0.0
20141018:1310,45812.48,765.2,27.93,23.35,3.79,0.0
20141018:1410,34705.28,576.74,22.34,23.61,3.45,0.0
20141018:1510,21610.25,368.08,14.91,23.44,2.76,0.0
20141018:1610,2869.02,66.29,6.24,22.45,2.28,0.0
20141018:1710,0.0,0.0,0.0,20.53,2.55,0.0
20141018:1810,0.0,0.0,0.0,19.03,2.62,0.0
20141018:1910,0.0,0.0,0.0,18.03,2.69,0.0
20141018:2010,0.0,0.0,0.0,17.23,2.69,0.0
20141018:2110,0.0,0.0,0.0,16.6,2.62,0.0
20141018:2210,0.0,0.0,0.0,16.09,2.62,0.0
20141018:2310,0.0,0.0,0.0,15.64,2.62,0.0
20141019:0010,0.0,0.0,0.0,15.26,2.69,0.0
20141019:0110,0.0,0.0,0.0,14.96,2.69,0.0
20141019:0210,0.0,0.0,0.0,14.73,2.76,0.0
20141019:0310,0.0,0.0,0.0,14.65,2.83,0.0
20141019:0410,0.0,0.0,0.0,14.62,2.97,0.0
20141019:0510,0.0,0.0,0.0,14.53,3.1,0.0
20141019:0610,0.0,0.0,0.0,14.43,3.24,0.0
20141019:0710,12074.93,208.12,7.67,14.66,3.17,0.0
20141019:0810,29021.12,466.49,16.13,16.05,2.97,0.0
20141019:0910,39903.67,644.39,23.23,18.01,3.72,0.0
20141019:1010,48652.66,800.48,28.38,19.68,3.79,0.0
20141019:1110,52024.14,866.97,31.0,21.12,3.86,0.0
20141019:1210,51364.57,858.03,30.71,22.21,4.07,0.0
20141019:1310,45035.27,745.54,27.57,22.82,4.41,0.0
20141019:1410,16487.76,278.49,21.99,22.95,4.62,0.0
20141019:1510,5155.89,100.53,14.59,22.56,4.34,0.0
20141019:1610,5651.51,119.25,5.93,21.52,3.86,0.0
20141019:1710,0.0,0.0,0.0,20.31,3.38,0.0
20141019:1810,0.0,0.0,0.0,19.1,2.9,0.0
20141019:1910,0.0,0.0,0.0,18.05,2.9,0.0
20141019:2010,0.0,0.0,0.0,17.44,3.1,0.0
20141019:2110,0.0,0.0,0.0,17.04,3.31,0.0
20141019:2210,0.0,0.0,0.0,16.64,3.24,0.0
20141019:2310,0.0,0.0,0.0,16.11,3.03,0.0
20141020:0010,0.0,0.0,0.0,15.52,2.76,0.0
20141020:0110,0.0,0.0,0.0,14.95,2.48,0.0
20141020:0210,0.0,0.0,0.0,14.37,2.28,0.0
20141020:0310,0.0,0.0,0.0,13.81,2.0,0.0
20141020:0410,0.0,0.0,0.0,13.25,1.72,0.0
20141020:0510,0.0,0.0,0.0,13.18,1.52,0.0
20141020:0610,0.0,0.0,0.0,13.14,1.52,0.0
20141020:0710,5777.51,108.58,7.41,14.01,1.31,0.0
20141020:0810,6165.36,113.12,15.85,14.63,1.17,0.0
20141020:0910,18426.24,300.92,22.92,15.22,1.72,0.0
20141020:1010,23020.47,372.69,28.04,15.75,2.28,0.0
20141020:1110,6476.55,118.75,30.64,16.02,2.69,0.0
20141020:1210,29900.8,479.28,30.35,15.38,2.9,0.0
20141020:1310,4879.61,93.17,27.21,14.97,2.9,0.0
20141020:1410,3972.61,78.56,21.65,14.39,2.76,0.0
20141020:1510,2467.51,53.9,14.27,13.86,2.76,0.0
20141020:1610,1664.49,41.8,5.62,13.58,2.62,0.0
20141020:1710,0.0,0.0,0.0,13.09,2.62,0.0
20141020:1810,0.0,0.0,0.0,12.23,2.55,0.0
20141020:1910,0.0,0.0,0.0,12.11,2.55,0.0
20141020:2010,0.0,0.0,0.0,11.56,2.55,0.0
20141020:2110,0.0,0.0,0.0,11.1,2.55,0.0
20141020:2210,0.0,0.0,0.0,10.76,2.62,0.0
20141020:2310,0.0,0.0,0.0,10.42,2.55,0.0
20141021:0010,0.0,0.0,0.0,10.1,2.62,0.0
20141021:0110,0.0,0.0,0.0,10.11,2.9,0.0
20141021:0210,0.0,0.0,0.0,10.26,3.1,0.0
20141021:0310,0.0,0.0,0.0,10.2,3.38,0.0
20141021:0410,0.0,0.0,0.0,10.55,4.0,0.0
20141021:0510,0.0,0.0,0.0,10.78,4.41,0.0
20141021:0610,0.0,0.0,0.0,11.47,4.55,0.0
20141021:0710,7442.75,133.31,7.15,11.91,4.83,0.0
20141021:0810,1779.1,42.02,15.56,12.96,5.72,0.0
20141021:0910,2364.28,52.07,22.61,13.74,6.69,0.0
20141021:1010,12472.65,207.91,27.71,14.6,7.17,0.0
20141021:1110,5300.1,99.57,30.28,15.23,7.72,0.0
20141021:1210,5518.69,103.22,29.99,15.82,7.72,0.0
20141021:1310,2687.62,57.55,26.86,14.41,8.76,0.0
20141021:1410,33988.78,527.42,21.32,13.73,8.62,0.0
20141021:1510,4599.54,88.0,13.95,13.61,7.86,0.0
20141021:1610,1194.67,32.54,5.32,12.93,7.79,0.0
20141021:1710,0.0,0.0,0.0,12.19,6.69,0.0
20141021:1810,0.0,0.0,0.0,11.7,6.48,0.0
20141021:1910,0.0,0.0,0.0,11.04,6.34,0.0
20141021:2010,0.0,0.0,0.0,11.0,6.0,0.0
20141021:2110,0.0,0.0,0.0,11.04,5.79,0.0
20141021:2210,0.0,0.0,0.0,10.77,5.59,0.0
20141021:2310,0.0,0.0,0.0,10.43,5.31,0.0
20141022:0010,0.0,0.0,0.0,9.98,5.1,0.0
20141022:0110,0.0,0.0,0.0,9.65,4.97,0.0
20141022:0210,0.0,0.0,0.0,9.19,4.9,0.0
20141022:0310,0.0,0.0,0.0,8.91,4.76,0.0
20141022:0410,0.0,0.0,0.0,8.73,4.48,0.0
20141022:0510,0.0,0.0,0.0,8.57,4.21,0.0
20141022:0610,0.0,0.0,0.0,8.48,4.0,0.0
20141022:0710,11829.02,198.45,6.88,7.87,3.52,0.0
20141022:0810,29040.1,451.07,15.28,8.96,3.17,0.0
20141022:0910,12860.5,210.45,22.3,10.61,4.0,0.0
20141022:1010,16099.91,259.43,27.37,11.54,4.62,0.0
20141022:1110,34033.56,531.05,29.93,12.49,5.31,0.0
20141022:1210,20921.84,332.7,29.63,12.93,5.31,0.0
20141022:1310,15195.94,247.41,26.51,13.08,5.24,0.0
20141022:1410,15849.44,256.93,20.98,13.28,5.24,0.0
20141022:1510,18001.2,293.15,13.63,13.27,4.83,0.0
20141022:1610,2548.72,59.15,5.02,12.66,3.52,0.0
20141022:1710,0.0,0.0,0.0,11.78,2.97,0.0
20141022:1810,0.0,0.0,0.0,11.18,2.48,0.0
20141022:1910,0.0,0.0,0.0,10.43,2.14,0.0
20141022:2010,0.0,0.0,0.0,10.29,2.07,0.0
20141022:2110,0.0,0.0,0.0,10.35,2.14,0.0
20141022:2210,0.0,0.0,0.0,10.66,2.14,0.0
20141022:2310,0.0,0.0,0.0,10.95,2.21,0.0
20141023:0010,0.0,0.0,0.0,11.13,2.21,0.0
20141023:0110,0.0,0.0,0.0,11.2,2.41,0.0
20141023:0210,0.0,0.0,0.0,11.19,2.55,0.0
20141023:0310,0.0,0.0,0.0,11.1,2.69,0.0
20141023:0410,0.0,0.0,0.0,11.08,2.62,0.0
20141023:0510,0.0,0.0,0.0,10.72,2.48,0.0
20141023:0610,0.0,0.0,0.0,10.53,2.28,0.0
20141023:0710,3986.27,78.43,6.62,10.01,2.0,0.0
20141023:0810,7382.03,129.64,14.99,11.01,1.79,0.0
20141023:0910,31145.56,493.76,21.99,12.29,1.93,0.0
20141023:1010,38538.23,618.73,27.04,13.57,1.93,0.0
20141023:1110,12669.23,213.27,29.58,14.74,1.86,0.0
20141023:1210,7775.96,138.85,29.28,15.56,2.28,0.0
20141023:1310,9911.78,171.55,26.16,15.74,2.41,0.0
20141023:1410,10443.08,179.22,20.66,15.74,2.48,0.0
20141023:1510,7063.25,127.85,13.32,15.48,2.28,0.0
20141023:1610,1473.98,38.99,4.72,14.84,1.72,0.0
20141023:1710,0.0,0.0,0.0,13.92,1.86,0.0
20141023:1810,0.0,0.0,0.0,13.15,2.0,0.0
20141023:1910,0.0,0.0,0.0,12.31,1.66,0.0
20141023:2010,0.0,0.0,0.0,12.17,1.72,0.0
20141023:2110,0.0,0.0,0.0,12.06,1.93,0.0
20141023:2210,0.0,0.0,0.0,11.93,2.14,0.0
20141023:2310,0.0,0.0,0.0,11.88,2.21,0.0
20141024:0010,0.0,0.0,0.0,11.82,2.21,0.0
20141024:0110,0.0,0.0,0.0,11.66,2.34,0.0
20141024:0210,0.0,0.0,0.0,11.58,2.21,0.0
20141024:0310,0.0,0.0,0.0,11.56,2.28,0.0
20141024:0410,0.0,0.0,0.0,11.4,2.41,0.0
20141024:0510,0.0,0.0,0.0,11.35,2.34,0.0
20141024:0610,0.0,0.0,0.0,11.12,2.34,0.0
20141024:0710,642.11,21.01,6.35,10.53,2.62,0.0
20141024:0810,9698.5,163.87,14.71,10.83,2.69,0.0
20141024:0910,13133.74,215.46,21.68,11.35,2.9,0.0
20141024:1010,13526.9,222.22,26.71,11.57,2.76,0.0
20141024:1110,35896.9,565.93,29.23,12.33,3.17,0.0
20141024:1210,13993.68,230.33,28.92,12.72,3.24,0.0
20141024:1310,11311.38,190.31,25.82,13.12,3.24,0.0
20141024:1410,3537.7,71.25,20.33,13.33,3.17,0.0
20141024:1510,6396.09,116.24,13.01,13.12,2.55,0.0
20141024:1610,404.55,16.21,4.43,12.59,2.28,0.0
20141024:1710,0.0,0.0,0.0,12.15,2.21,0.0
20141024:1810,0.0,0.0,0.0,11.95,2.0,0.0
20141024:1910,0.0,0.0,0.0,12.08,2.07,0.0
20141024:2010,0.0,0.0,0.0,11.93,2.14,0.0
20141024:2110,0.0,0.0,0.0,11.87,2.07,0.0
20141024:2210,0.0,0.0,0.0,11.35,2.07,0.0
20141024:2310,0.0,0.0,0.0,11.14,2.07,0.0
20141025:0010,0.0,0.0,0.0,11.05,2.0,0.0
20141025:0110,0.0,0.0,0.0,11.08,1.86,0.0
20141025:0210,0.0,0.0,0.0,11.23,1.66,0.0
20141025:0310,0.0,0.0,0.0,11.41,1.38,0.0
20141025:0410,0.0,0.0,0.0,11.49,1.17,0.0
20141025:0510,0.0,0.0,0.0,11.5,1.17,0.0
20141025:0610,0.0,0.0,0.0,11.64,1.1,0.0
20141025:0710,643.63,21.01,6.09,10.01,1.03,0.0
20141025:0810,4110.74,79.77,14.43,11.07,0.69,0.0
20141025:0910,1832.98,42.93,21.38,12.29,0.69,0.0
20141025:1010,5949.04,109.62,26.38,13.36,0.76,0.0
20141025:1110,5461.76,102.31,28.89,14.1,0.76,0.0
20141025:1210,4302.01,84.04,28.58,14.41,0.69,0.0
20141025:1310,5276.57,99.57,25.48,14.68,1.03,0.0
20141025:1410,4412.07,85.87,20.01,14.77,1.1,0.0
20141025:1510,14620.62,246.3,12.71,14.85,0.97,0.0
20141025:1610,683.86,22.18,4.14,14.74,0.76,0.0
20141025:1710,0.0,0.0,0.0,14.46,0.83,0.0
20141025:1810,0.0,0.0,0.0,14.15,0.48,0.0
20141025:1910,0.0,0.0,0.0,13.73,0.34,0.0
20141025:2010,0.0,0.0,0.0,13.56,0.48,0.0
20141025:2110,0.0,0.0,0.0,12.66,0.9,0.0
20141025:2210,0.0,0.0,0.0,12.36,0.9,0.0
20141025:2310,0.0,0.0,0.0,12.84,0.55,0.0
20141026:0010,0.0,0.0,0.0,12.73,0.14,0.0
20141026:0110,0.0,0.0,0.0,12.4,0.28,0.0
20141026:0210,0.0,0.0,0.0,12.02,0.34,0.0
20141026:0310,0.0,0.0,0.0,12.05,0.14,0.0
20141026:0410,0.0,0.0,0.0,11.72,0.55,0.0
20141026:0510,0.0,0.0,0.0,11.84,0.62,0.0
20141026:0610,0.0,0.0,0.0,11.88,0.76,0.0
20141026:0710,79.7,8.22,5.83,11.12,1.03,0.0
20141026:0810,6383.19,114.95,14.14,11.58,1.03,0.0
20141026:0910,10370.98,176.24,21.07,12.79,1.45,0.0
20141026:1010,12675.3,212.22,26.05,13.91,1.86,0.0
20141026:1110,4176.02,82.21,28.55,15.33,1.72,0.0
20141026:1210,41688.83,683.38,28.23,15.88,1.59,0.0
20141026:1310,19422.05,318.55,25.15,16.22,1.52,0.0
20141026:1410,19330.97,317.79,19.69,16.53,1.31,0.0
20141026:1510,19516.93,326.59,12.41,16.45,1.17,0.0
20141026:1610,473.62,17.91,3.86,15.97,0.76,0.0
20141026:1710,0.0,0.0,0.0,15.41,0.41,0.0
20141026:1810,0.0,0.0,0.0,15.11,0.34,0.0
20141026:1910,0.0,0.0,0.0,13.66,0.83,0.0
20141026:2010,0.0,0.0,0.0,13.11,0.9,0.0
20141026:2110,0.0,0.0,0.0,13.1,0.76,0.0
20141026:2210,0.0,0.0,0.0,12.86,0.76,0.0
20141026:2310,0.0,0.0,0.0,12.47,0.76,0.0
20141027:0010,0.0,0.0,0.0,11.79,0.9,0.0
20141027:0110,0.0,0.0,0.0,10.65,1.17,0.0
20141027:0210,0.0,0.0,0.0,10.25,1.31,0.0
20141027:0310,0.0,0.0,0.0,10.22,1.03,0.0
20141027:0410,0.0,0.0,0.0,9.96,1.31,0.0
20141027:0510,0.0,0.0,0.0,9.93,1.1,0.0
20141027:0610,0.0,0.0,0.0,9.85,1.17,0.0
20141027:0710,3575.65,72.06,5.57,9.7,0.97,0.0
20141027:0810,9264.35,157.74,13.86,10.33,0.9,0.0
20141027:0910,10106.09,171.28,20.77,11.25,1.1,0.0
20141027:1010,21156.37,340.02,25.73,12.32,1.24,0.0
20141027:1110,51198.34,848.47,28.21,13.89,1.38,0.0
20141027:1210,51607.45,853.67,27.89,15.42,2.0,0.0
20141027:1310,44480.44,725.17,24.82,16.41,2.48,0.0
20141027:1410,35234.3,570.92,19.38,16.68,2.41,0.0
20141027:1510,19904.78,331.13,12.12,16.6,2.34,0.0
20141027:1610,475.13,17.91,3.58,15.63,1.93,0.0
20141027:1710,0.0,0.0,0.0,13.83,2.34,0.0
20141027:1810,0.0,0.0,0.0,12.43,2.48,0.0
20141027:1910,0.0,0.0,0.0,11.94,2.48,0.0
20141027:2010,0.0,0.0,0.0,11.5,2.55,0.0
20141027:2110,0.0,0.0,0.0,11.29,2.48,0.0
20141027:2210,0.0,0.0,0.0,10.98,2.41,0.0
20141027:2310,0.0,0.0,0.0,10.62,2.28,0.0
20141028:0010,0.0,0.0,0.0,10.1,2.21,0.0
20141028:0110,0.0,0.0,0.0,9.43,2.14,0.0
20141028:0210,0.0,0.0,0.0,8.78,2.07,0.0
20141028:0310,0.0,0.0,0.0,8.29,2.0,0.0
20141028:0410,0.0,0.0,0.0,8.16,2.07,0.0
20141028:0510,0.0,0.0,0.0,7.9,2.0,0.0
20141028:0610,0.0,0.0,0.0,7.7,1.93,0.0
20141028:0710,2598.06,55.47,5.3,7.65,2.48,0.0
20141028:0810,2095.6,46.59,13.58,8.03,2.41,0.0
20141028:0910,1549.12,37.45,20.46,8.75,2.34,0.0
20141028:1010,2686.1,56.64,25.4,9.78,2.28,0.0
20141028:1110,3348.71,67.6,27.87,10.92,2.21,0.0
20141028:1210,3786.65,74.9,27.56,11.98,2.07,0.0
20141028:1310,4229.15,82.21,24.49,12.86,1.93,0.0
20141028:1410,2853.84,60.29,19.07,13.7,2.07,0.0
20141028:1510,1870.18,43.85,11.83,14.16,2.0,0.0
20141028:1610,251.99,12.79,3.31,13.79,1.45,0.0
20141028:1710,0.0,0.0,0.0,12.56,1.59,0.0
20141028:1810,0.0,0.0,0.0,10.83,1.52,0.0
20141028:1910,0.0,0.0,0.0,9.62,1.86,0.0
20141028:2010,0.0,0.0,0.0,9.56,1.86,0.0
20141028:2110,0.0,0.0,0.0,8.92,1.93,0.0
20141028:2210,0.0,0.0,0.0,8.27,1.93,0.0
20141028:2310,0.0,0.0,0.0,7.56,1.86,0.0
20141029:0010,0.0,0.0,0.0,6.87,1.93,0.0
20141029:0110,0.0,0.0,0.0,6.29,1.86,0.0
20141029:0210,0.0,0.0,0.0,5.75,1.79,0.0
20141029:0310,0.0,0.0,0.0,5.54,1.66,0.0
20141029:0410,0.0,0.0,0.0,5.33,1.45,0.0
20141029:0510,0.0,0.0,0.0,5.04,1.31,0.0
20141029:0610,0.0,0.0,0.0,5.01,1.31,0.0
20141029:0710,387.85,15.53,5.04,6.7,0.97,0.0
20141029:0810,1041.35,28.32,13.3,7.34,1.17,0.0
20141029:0910,4030.29,77.65,20.16,8.18,1.38,0.0
20141029:1010,8561.52,147.02,25.08,9.2,1.52,0.0
20141029:1110,34940.56,553.03,27.54,10.28,1.45,0.0
20141029:1210,38754.54,619.04,27.22,11.86,1.66,0.0
20141029:1310,18379.19,297.85,24.17,13.09,1.52,0.0
20141029:1410,7645.41,135.59,18.76,13.85,1.45,0.0
20141029:1510,10366.42,179.06,11.54,14.17,1.31,0.0
20141029:1610,287.66,13.65,3.04,13.89,1.31,0.0
20141029:1710,0.0,0.0,0.0,12.79,1.66,0.0
20141029:1810,0.0,0.0,0.0,11.54,1.86,0.0
20141029:1910,0.0,0.0,0.0,11.61,2.0,0.0
20141029:2010,0.0,0.0,0.0,11.03,2.14,0.0
20141029:2110,0.0,0.0,0.0,10.52,2.14,0.0
20141029:2210,0.0,0.0,0.0,10.03,2.21,0.0
20141029:2310,0.0,0.0,0.0,9.79,2.14,0.0
20141030:0010,0.0,0.0,0.0,9.42,1.86,0.0
20141030:0110,0.0,0.0,0.0,9.2,1.52,0.0
20141030:0210,0.0,0.0,0.0,8.91,1.79,0.0
20141030:0310,0.0,0.0,0.0,8.31,1.93,0.0
20141030:0410,0.0,0.0,0.0,7.95,2.0,0.0
20141030:0510,0.0,0.0,0.0,7.75,2.07,0.0
20141030:0610,0.0,0.0,0.0,7.65,2.07,0.0
20141030:0710,923.7,26.36,4.78,7.92,2.14,0.0
20141030:0810,7240.86,126.66,13.02,9.73,2.0,0.0
20141030:0910,29172.92,460.99,19.86,12.25,2.21,0.0
20141030:1010,40510.11,651.11,24.76,14.41,2.34,0.0
20141030:1110,46827.26,765.25,27.21,16.27,2.55,0.0
20141030:1210,45179.48,739.77,26.89,17.61,2.76,0.0
20141030:1310,35653.27,579.47,23.85,18.39,2.83,0.0
20141030:1410,28026.08,456.44,18.46,18.69,2.76,0.0
20141030:1510,19684.67,331.06,11.26,18.4,2.21,0.0
20141030:1610,281.59,13.65,2.77,17.09,2.28,0.0
20141030:1710,0.0,0.0,0.0,15.21,2.62,0.0
20141030:1810,0.0,0.0,0.0,14.3,2.69,0.0
20141030:1910,0.0,0.0,0.0,13.87,2.76,0.0
20141030:2010,0.0,0.0,0.0,13.06,2.62,0.0
20141030:2110,0.0,0.0,0.0,12.23,2.62,0.0
20141030:2210,0.0,0.0,0.0,11.61,2.62,0.0
20141030:2310,0.0,0.0,0.0,11.19,2.76,0.0
20141031:0010,0.0,0.0,0.0,10.9,2.62,0.0
20141031:0110,0.0,0.0,0.0,10.51,2.48,0.0
20141031:0210,0.0,0.0,0.0,10.1,2.34,0.0
20141031:0310,0.0,0.0,0.0,9.77,2.34,0.0
20141031:0410,0.0,0.0,0.0,9.58,2.34,0.0
20141031:0510,0.0,0.0,0.0,9.34,2.41,0.0
20141031:0610,0.0,0.0,0.0,9.16,2.41,0.0
20141031:0710,3891.39,77.46,4.52,9.6,2.28,0.0
20141031:0810,25528.97,403.64,12.75,10.97,2.07,0.0
20141031:0910,34569.41,549.92,19.57,13.57,2.34,0.0
20141031:1010,44709.65,725.81,24.45,15.77,2.55,0.0
20141031:1110,47206.0,775.81,26.89,17.71,2.76,0.0
20141031:1210,48380.18,801.35,26.57,19.22,2.9,0.0
20141031:1310,35858.96,587.81,23.54,20.18,2.9,0.0
20141031:1410,21331.7,352.84,18.17,20.53,2.76,0.0
20141031:1510,9413.88,168.1,10.99,20.03,2.48,0.0
20141031:1610,84.25,8.53,2.51,18.45,2.9,0.0
20141031:1710,0.0,0.0,0.0,16.64,3.1,0.0
20141031:1810,0.0,0.0,0.0,15.58,3.17,0.0
20141031:1910,0.0,0.0,0.0,14.68,3.24,0.0
20141031:2010,0.0,0.0,0.0,14.05,3.24,0.0
20141031:2110,0.0,0.0,0.0,13.5,3.24,0.0
20141031:2210,0.0,0.0,0.0,13.01,3.17,0.0
20141031:2310,0.0,0.0,0.0,12.53,3.03,0.0
20141101:0010,0.0,0.0,0.0,12.09,2.9,0.0
20141101:0110,0.0,0.0,0.0,11.65,2.83,0.0
20141101:0210,0.0,0.0,0.0,11.31,2.76,0.0
20141101:0310,0.0,0.0,0.0,10.99,2.69,0.0
20141101:0410,0.0,0.0,0.0,10.67,2.55,0.0
20141101:0510,0.0,0.0,0.0,10.28,2.41,0.0
20141101:0610,0.0,0.0,0.0,9.97,2.48,0.0
20141101:0710,8184.3,146.21,4.27,10.66,2.76,0.0
20141101:0810,26566.52,420.64,12.47,11.87,2.41,0.0
20141101:0910,41017.12,655.03,19.27,13.97,2.69,0.0
20141101:1010,49499.7,806.19,24.14,15.72,2.83,0.0
20141101:1110,50932.7,839.55,26.56,17.07,2.69,0.0
20141101:1210,50434.79,835.78,26.25,18.1,2.62,0.0
20141101:1310,44821.99,737.99,23.23,18.73,2.62,0.0
20141101:1410,35773.19,585.79,17.88,19.01,2.55,0.0
20141101:1510,18781.46,317.36,10.71,18.81,2.21,0.0
20141101:1610,145.73,10.24,2.26,17.67,2.14,0.0
20141101:1710,0.0,0.0,0.0,15.99,2.48,0.0
20141101:1810,0.0,0.0,0.0,15.06,2.55,0.0
20141101:1910,0.0,0.0,0.0,14.45,2.48,0.0
20141101:2010,0.0,0.0,0.0,14.15,2.55,0.0
20141101:2110,0.0,0.0,0.0,13.83,2.62,0.0
20141101:2210,0.0,0.0,0.0,13.59,2.62,0.0
20141101:2310,0.0,0.0,0.0,13.31,2.62,0.0
20141102:0010,0.0,0.0,0.0,12.98,2.55,0.0
20141102:0110,0.0,0.0,0.0,12.64,2.48,0.0
20141102:0210,0.0,0.0,0.0,12.07,2.48,0.0
20141102:0310,0.0,0.0,0.0,11.7,2.55,0.0
20141102:0410,0.0,0.0,0.0,11.48,2.69,0.0
20141102:0510,0.0,0.0,0.0,11.25,2.76,0.0
20141102:0610,0.0,0.0,0.0,11.22,2.9,0.0
20141102:0710,4329.34,85.44,4.01,11.74,3.45,0.0
20141102:0810,9813.11,166.22,12.2,12.71,4.55,0.0
20141102:0910,7397.97,130.94,18.98,13.71,5.24,0.0
20141102:1010,13876.04,228.87,23.83,14.75,5.45,0.0
20141102:1110,5634.82,105.05,26.24,15.54,5.52,0.0
20141102:1210,16263.09,266.79,25.93,16.44,5.38,0.0
20141102:1310,10887.86,186.13,22.93,16.72,4.48,0.0
20141102:1410,21953.32,354.43,17.59,16.89,4.28,0.0
20141102:1510,7392.66,133.56,10.45,16.55,4.62,0.0
20141102:1610,0.0,2.56,2.01,15.6,4.48,0.0
20141102:1710,0.0,0.0,0.0,14.89,4.62,0.0
20141102:1810,0.0,0.0,0.0,14.47,4.76,0.0
20141102:1910,0.0,0.0,0.0,14.61,5.59,0.0
20141102:2010,0.0,0.0,0.0,14.55,6.48,0.0
20141102:2110,0.0,0.0,0.0,13.84,5.93,0.0
20141102:2210,0.0,0.0,0.0,13.57,6.14,0.0
20141102:2310,0.0,0.0,0.0,13.2,6.34,0.0
20141103:0010,0.0,0.0,0.0,12.89,5.59,0.0
20141103:0110,0.0,0.0,0.0,12.43,5.24,0.0
20141103:0210,0.0,0.0,0.0,11.98,4.97,0.0
20141103:0310,0.0,0.0,0.0,11.76,5.1,0.0
20141103:0410,0.0,0.0,0.0,11.62,5.17,0.0
20141103:0510,0.0,0.0,0.0,11.68,5.38,0.0
20141103:0610,0.0,0.0,0.0,11.76,5.79,0.0
20141103:0710,20.49,6.39,3.75,12.11,6.07,0.0
20141103:0810,4220.8,81.46,11.92,12.48,6.34,0.0
20141103:0910,6701.21,119.96,18.69,13.07,6.9,0.0
20141103:1010,15369.75,249.13,23.52,13.72,7.52,0.0
20141103:1110,28307.66,442.8,25.93,14.3,7.72,0.0
20141103:1210,3863.31,76.73,25.62,14.78,7.52,0.0
20141103:1310,2736.2,58.46,22.63,14.77,6.69,0.0
20141103:1410,5337.29,99.22,17.31,13.29,7.93,0.0
20141103:1510,3769.95,74.91,10.19,13.22,7.17,0.0
20141103:1610,0.0,4.26,1.76,13.22,6.97,0.0
20141103:1710,0.0,0.0,0.0,13.03,6.76,0.0
20141103:1810,0.0,0.0,0.0,12.56,6.0,0.0
20141103:1910,0.0,0.0,0.0,12.34,6.28,0.0
20141103:2010,0.0,0.0,0.0,11.47,4.14,0.0
20141103:2110,0.0,0.0,0.0,11.01,2.07,0.0
20141103:2210,0.0,0.0,0.0,10.7,1.38,0.0
20141103:2310,0.0,0.0,0.0,10.13,2.28,0.0
20141104:0010,0.0,0.0,0.0,9.46,1.86,0.0
20141104:0110,0.0,0.0,0.0,9.04,0.97,0.0
20141104:0210,0.0,0.0,0.0,8.62,1.66,0.0
20141104:0310,0.0,0.0,0.0,8.21,1.93,0.0
20141104:0410,0.0,0.0,0.0,7.78,2.14,0.0
20141104:0510,0.0,0.0,0.0,7.37,2.21,0.0
20141104:0610,0.0,0.0,0.0,7.11,2.21,0.0
20141104:0710,7246.93,130.36,3.5,7.12,1.38,0.0
20141104:0810,6812.78,119.25,11.65,7.61,1.45,0.0
20141104:0910,6638.21,117.34,18.4,8.36,1.66,0.0
20141104:1010,11640.78,192.29,23.22,9.04,1.72,0.0
20141104:1110,14644.15,237.47,25.62,9.88,2.14,0.0
20141104:1210,20804.95,329.75,25.31,10.59,2.48,0.0
20141104:1310,9142.16,156.28,22.33,11.07,2.9,0.0
20141104:1410,18503.66,295.58,17.04,11.35,2.76,0.0
20141104:1510,1844.37,42.93,9.93,11.34,2.07,0.0
20141104:1610,0.0,2.56,1.52,10.77,1.66,0.0
20141104:1710,0.0,0.0,0.0,9.6,2.07,0.0
20141104:1810,0.0,0.0,0.0,9.0,2.0,0.0
20141104:1910,0.0,0.0,0.0,9.22,2.07,0.0
20141104:2010,0.0,0.0,0.0,8.85,2.14,0.0
20141104:2110,0.0,0.0,0.0,8.22,2.28,0.0
20141104:2210,0.0,0.0,0.0,7.7,2.34,0.0
20141104:2310,0.0,0.0,0.0,7.29,2.21,0.0
20141105:0010,0.0,0.0,0.0,6.93,2.21,0.0
20141105:0110,0.0,0.0,0.0,6.49,2.28,0.0
20141105:0210,0.0,0.0,0.0,6.04,2.34,0.0
20141105:0310,0.0,0.0,0.0,5.56,2.34,0.0
20141105:0410,0.0,0.0,0.0,5.13,2.41,0.0
20141105:0510,0.0,0.0,0.0,4.86,2.55,0.0
20141105:0610,0.0,0.0,0.0,4.56,2.76,0.0
20141105:0710,9062.46,156.7,3.24,4.44,2.69,0.0
20141105:0810,28929.28,443.9,11.38,5.44,2.62,0.0
20141105:0910,43316.13,669.76,18.11,7.42,2.97,0.0
20141105:1010,34205.09,528.17,22.92,8.98,3.52,0.0
20141105:1110,10806.64,180.02,25.31,10.09,4.55,0.0
20141105:1210,15206.56,244.95,25.01,10.65,4.69,0.0
20141105:1310,7711.44,134.43,22.04,10.65,4.14,0.0
20141105:1410,5757.77,104.8,16.76,10.65,3.93,0.0
20141105:1510,4012.83,78.1,9.68,10.28,2.9,0.0
20141105:1610,0.0,0.0,0.0,9.43,2.21,0.0
20141105:1710,0.0,0.0,0.0,8.33,2.07,0.0
20141105:1810,0.0,0.0,0.0,7.75,2.07,0.0
20141105:1910,0.0,0.0,0.0,6.96,2.62,0.0
20141105:2010,0.0,0.0,0.0,6.81,2.76,0.0
20141105:2110,0.0,0.0,0.0,6.41,2.62,0.0
20141105:2210,0.0,0.0,0.0,5.78,2.55,0.0
20141105:2310,0.0,0.0,0.0,5.45,2.83,0.0
20141106:0010,0.0,0.0,0.0,5.32,2.9,0.0
20141106:0110,0.0,0.0,0.0,5.14,2.69,0.0
20141106:0210,0.0,0.0,0.0,4.73,2.41,0.0
20141106:0310,0.0,0.0,0.0,4.25,2.21,0.0
20141106:0410,0.0,0.0,0.0,3.69,2.07,0.0
20141106:0510,0.0,0.0,0.0,3.22,1.86,0.0
20141106:0610,0.0,0.0,0.0,2.78,1.79,0.0
20141106:0710,6585.84,118.17,2.99,2.6,1.66,0.0
20141106:0810,26889.09,414.72,11.11,3.99,1.03,0.0
20141106:0910,41303.26,649.97,17.83,6.61,0.9,0.0
20141106:1010,49497.43,796.72,22.62,8.57,1.1,0.0
20141106:1110,50256.43,809.84,25.01,9.91,1.59,0.0
20141106:1210,45815.52,728.74,24.71,10.88,2.34,0.0
20141106:1310,36857.8,579.55,21.76,11.52,2.83,0.0
20141106:1410,26990.04,424.44,16.5,11.58,3.17,0.0
20141106:1510,17934.41,293.06,9.43,11.27,2.97,0.0
20141106:1610,0.0,0.0,0.0,10.29,2.76,0.0
20141106:1710,0.0,0.0,0.0,8.85,3.03,0.0
20141106:1810,0.0,0.0,0.0,7.8,3.38,0.0
20141106:1910,0.0,0.0,0.0,8.29,4.0,0.0
20141106:2010,0.0,0.0,0.0,8.26,4.28,0.0
20141106:2110,0.0,0.0,0.0,8.16,4.55,0.0
20141106:2210,0.0,0.0,0.0,8.14,4.69,0.0
20141106:2310,0.0,0.0,0.0,8.4,4.9,0.0
20141107:0010,0.0,0.0,0.0,8.74,5.1,0.0
20141107:0110,0.0,0.0,0.0,8.87,5.31,0.0
20141107:0210,0.0,0.0,0.0,8.83,5.31,0.0
20141107:0310,0.0,0.0,0.0,8.74,5.31,0.0
20141107:0410,0.0,0.0,0.0,8.88,5.59,0.0
20141107:0510,0.0,0.0,0.0,9.17,5.93,0.0
20141107:0610,0.0,0.0,0.0,8.95,6.07,0.0
20141107:0710,560.9,19.57,2.74,8.61,6.28,0.0
20141107:0810,4396.13,82.87,10.85,8.73,6.41,0.0
20141107:0910,2418.17,52.07,17.55,9.3,6.28,0.0
20141107:1010,12007.38,197.11,22.32,10.55,6.14,0.0
20141107:1110,40967.78,633.77,24.71,12.47,6.9,0.0
20141107:1210,41749.55,647.57,24.41,13.3,7.24,0.0
20141107:1310,23165.44,364.81,21.48,13.71,6.69,0.0
20141107:1410,30546.71,478.27,16.24,13.81,6.14,0.0
20141107:1510,12840.0,215.54,9.19,13.51,5.79,0.0
20141107:1610,0.0,0.0,0.0,12.82,6.07,0.0
20141107:1710,0.0,0.0,0.0,12.23,6.07,0.0
20141107:1810,0.0,0.0,0.0,11.62,5.66,0.0
20141107:1910,0.0,0.0,0.0,11.16,5.45,0.0
20141107:2010,0.0,0.0,0.0,10.72,5.38,0.0
20141107:2110,0.0,0.0,0.0,10.25,5.24,0.0
20141107:2210,0.0,0.0,0.0,9.85,5.1,0.0
20141107:2310,0.0,0.0,0.0,9.44,4.69,0.0
20141108:0010,0.0,0.0,0.0,9.11,4.48,0.0
20141108:0110,0.0,0.0,0.0,8.83,4.28,0.0
20141108:0210,0.0,0.0,0.0,8.69,4.07,0.0
20141108:0310,0.0,0.0,0.0,8.37,3.93,0.0
20141108:0410,0.0,0.0,0.0,8.21,3.93,0.0
20141108:0510,0.0,0.0,0.0,8.33,3.93,0.0
20141108:0610,0.0,0.0,0.0,8.61,3.86,0.0
20141108:0710,190.51,11.09,2.49,8.3,3.66,0.0
20141108:0810,14846.04,237.52,10.59,8.97,4.0,0.0
20141108:0910,8356.59,142.91,17.27,9.9,5.17,0.0
20141108:1010,37058.18,572.35,22.03,11.05,5.31,0.0
20141108:1110,45962.0,717.03,24.41,12.3,5.52,0.0
20141108:1210,49244.68,773.29,24.12,13.56,5.86,0.0
20141108:1310,26141.48,412.3,21.2,14.28,5.17,0.0
20141108:1410,10260.92,174.25,15.98,14.17,4.34,0.0
20141108:1510,2755.93,58.76,8.96,13.92,4.14,0.0
20141108:1610,0.0,0.0,0.0,13.36,3.86,0.0
20141108:1710,0.0,0.0,0.0,12.69,3.79,0.0
20141108:1810,0.0,0.0,0.0,12.16,3.86,0.0
20141108:1910,0.0,0.0,0.0,11.73,4.07,0.0
20141108:2010,0.0,0.0,0.0,11.44,4.14,0.0
20141108:2110,0.0,0.0,0.0,11.37,4.21,0.0
20141108:2210,0.0,0.0,0.0,11.18,4.21,0.0
20141108:2310,0.0,0.0,0.0,10.82,4.14,0.0
20141109:0010,0.0,0.0,0.0,10.32,4.0,0.0
20141109:0110,0.0,0.0,0.0,9.86,3.86,0.0
20141109:0210,0.0,0.0,0.0,9.57,3.59,0.0
20141109:0310,0.0,0.0,0.0,9.22,3.31,0.0
20141109:0410,0.0,0.0,0.0,9.09,3.17,0.0
20141109:0510,0.0,0.0,0.0,8.93,3.1,0.0
20141109:0610,0.0,0.0,0.0,8.92,2.9,0.0
20141109:0710,9.87,5.97,2.24,8.44,3.24,0.0
20141109:0810,8821.86,149.25,10.32,8.93,3.24,0.0
20141109:0910,33261.66,516.71,16.99,9.87,2.97,0.0
20141109:1010,11320.48,187.89,21.75,10.55,3.17,0.0
20141109:1110,4800.68,90.43,24.12,11.1,3.52,0.0
20141109:1210,3174.14,64.86,23.84,11.33,3.38,0.0
20141109:1310,1946.84,44.76,20.93,11.95,2.9,0.0
20141109:1410,10186.54,172.26,15.73,12.17,2.34,0.0
20141109:1510,9274.22,161.02,8.73,12.14,2.0,0.0
20141109:1610,0.0,0.0,0.0,11.62,1.79,0.0
20141109:1710,0.0,0.0,0.0,10.93,1.66,0.0
20141109:1810,0.0,0.0,0.0,10.45,1.66,0.0
20141109:1910,0.0,0.0,0.0,10.26,1.72,0.0
20141109:2010,0.0,0.0,0.0,9.88,1.79,0.0
20141109:2110,0.0,0.0,0.0,9.56,1.86,0.0
20141109:2210,0.0,0.0,0.0,9.16,2.0,0.0
20141109:2310,0.0,0.0,0.0,8.6,2.14,0.0
20141110:0010,0.0,0.0,0.0,8.4,2.14,0.0
20141110:0110,0.0,0.0,0.0,8.38,2.07,0.0
20141110:0210,0.0,0.0,0.0,7.97,2.07,0.0
20141110:0310,0.0,0.0,0.0,7.62,2.21,0.0
20141110:0410,0.0,0.0,0.0,6.92,2.34,0.0
20141110:0510,0.0,0.0,0.0,6.57,2.34,0.0
20141110:0610,0.0,0.0,0.0,5.93,2.48,0.0
20141110:0710,64.52,7.68,2.0,7.0,2.83,0.0
20141110:0810,6500.84,114.12,10.07,7.33,2.97,0.0
20141110:0910,6172.95,110.06,16.72,8.46,3.24,0.0
20141110:1010,9105.72,154.65,21.46,9.88,3.72,0.0
20141110:1110,9838.92,166.39,23.84,11.01,4.0,0.0
20141110:1210,13069.98,214.62,23.56,11.76,4.21,0.0
20141110:1310,14326.13,233.08,20.67,12.11,4.21,0.0
20141110:1410,12149.31,200.78,15.49,12.15,4.07,0.0
20141110:1510,13246.07,221.21,8.5,11.73,3.52,0.0
20141110:1610,0.0,0.0,0.0,10.57,3.24,0.0
20141110:1710,0.0,0.0,0.0,9.28,3.24,0.0
20141110:1810,0.0,0.0,0.0,8.45,3.38,0.0
20141110:1910,0.0,0.0,0.0,9.23,3.38,0.0
20141110:2010,0.0,0.0,0.0,9.4,3.66,0.0
20141110:2110,0.0,0.0,0.0,9.72,3.72,0.0
20141110:2210,0.0,0.0,0.0,9.86,3.66,0.0
20141110:2310,0.0,0.0,0.0,9.35,3.52,0.0
20141111:0010,0.0,0.0,0.0,8.65,3.66,0.0
20141111:0110,0.0,0.0,0.0,8.05,3.52,0.0
20141111:0210,0.0,0.0,0.0,7.42,3.52,0.0
20141111:0310,0.0,0.0,0.0,7.05,3.52,0.0
20141111:0410,0.0,0.0,0.0,6.86,3.52,0.0
20141111:0510,0.0,0.0,0.0,6.81,3.45,0.0
20141111:0610,0.0,0.0,0.0,6.82,3.38,0.0
20141111:0710,36.43,6.82,1.76,6.58,3.45,0.0
20141111:0810,24409.44,377.67,9.81,7.3,3.45,0.0
20141111:0910,37944.69,587.59,16.45,9.17,3.24,0.0
20141111:1010,46775.65,733.38,21.19,11.41,4.07,0.0
20141111:1110,50582.8,801.12,23.55,13.2,4.55,0.0
20141111:1210,49110.34,779.33,23.28,14.56,4.97,0.0
20141111:1310,45816.28,727.39,20.41,15.36,4.97,0.0
20141111:1410,30237.04,481.33,15.25,15.42,4.0,0.0
20141111:1510,18527.95,307.91,8.29,15.06,3.24,0.0
20141111:1610,0.0,0.0,0.0,14.04,2.9,0.0
20141111:1710,0.0,0.0,0.0,13.08,2.76,0.0
20141111:1810,0.0,0.0,0.0,11.95,2.69,0.0
20141111:1910,0.0,0.0,0.0,11.69,1.93,0.0
20141111:2010,0.0,0.0,0.0,11.18,2.14,0.0
20141111:2110,0.0,0.0,0.0,11.14,2.34,0.0
20141111:2210,0.0,0.0,0.0,11.23,2.55,0.0
20141111:2310,0.0,0.0,0.0,11.28,2.76,0.0
20141112:0010,0.0,0.0,0.0,11.16,2.97,0.0
20141112:0110,0.0,0.0,0.0,11.13,3.38,0.0
20141112:0210,0.0,0.0,0.0,11.01,3.93,0.0
20141112:0310,0.0,0.0,0.0,10.62,4.0,0.0
20141112:0410,0.0,0.0,0.0,10.4,3.93,0.0
20141112:0510,0.0,0.0,0.0,10.35,3.72,0.0
20141112:0610,0.0,0.0,0.0,10.18,3.66,0.0
20141112:0710,0.0,4.26,1.51,9.58,4.0,0.0
20141112:0810,26922.49,419.29,9.56,9.7,4.0,0.0
20141112:0910,35846.81,556.84,16.19,10.56,3.59,0.0
20141112:1010,45023.12,698.54,20.91,11.59,5.52,0.0
20141112:1110,32087.48,498.64,23.28,12.41,5.59,0.0
20141112:1210,47998.4,754.45,23.02,13.27,5.24,0.0
20141112:1310,44815.16,705.26,20.15,13.53,4.76,0.0
20141112:1410,9286.36,159.32,15.02,13.89,4.41,0.0
20141112:1510,10762.62,184.91,8.07,13.56,2.97,0.0
20141112:1610,0.0,0.0,0.0,12.49,2.28,0.0
20141112:1710,0.0,0.0,0.0,11.29,2.34,0.0
20141112:1810,0.0,0.0,0.0,10.29,2.55,0.0
20141112:1910,0.0,0.0,0.0,9.14,2.55,0.0
20141112:2010,0.0,0.0,0.0,8.63,2.55,0.0
20141112:2110,0.0,0.0,0.0,8.22,2.48,0.0
20141112:2210,0.0,0.0,0.0,7.77,2.55,0.0
20141112:2310,0.0,0.0,0.0,7.43,2.55,0.0
20141113:0010,0.0,0.0,0.0,7.18,2.55,0.0
20141113:0110,0.0,0.0,0.0,6.94,2.55,0.0
20141113:0210,0.0,0.0,0.0,6.75,2.55,0.0
20141113:0310,0.0,0.0,0.0,6.59,2.62,0.0
20141113:0410,0.0,0.0,0.0,6.56,2.69,0.0
20141113:0510,0.0,0.0,0.0,7.09,2.76,0.0
20141113:0610,0.0,0.0,0.0,7.69,2.83,0.0
20141113:0710,0.0,0.0,0.0,7.73,2.97,0.0
20141113:0810,6399.89,113.1,9.31,8.49,3.17,0.0
20141113:0910,18952.23,297.74,15.92,9.54,3.79,0.0
20141113:1010,33997.13,525.84,20.64,10.55,4.34,0.0
20141113:1110,41629.63,645.8,23.01,11.66,5.38,0.0
20141113:1210,30070.06,469.57,22.75,12.8,5.03,0.0
20141113:1310,33182.72,519.34,19.91,13.24,4.62,0.0
20141113:1410,33538.69,528.49,14.79,13.69,4.34,0.0
20141113:1510,16412.62,272.14,7.87,13.36,3.79,0.0
20141113:1610,0.0,0.0,0.0,12.49,3.79,0.0
20141113:1710,0.0,0.0,0.0,11.95,4.07,0.0
20141113:1810,0.0,0.0,0.0,11.58,4.21,0.0
20141113:1910,0.0,0.0,0.0,10.96,4.41,0.0
20141113:2010,0.0,0.0,0.0,10.45,4.28,0.0
20141113:2110,0.0,0.0,0.0,9.96,4.07,0.0
20141113:2210,0.0,0.0,0.0,9.63,4.21,0.0
20141113:2310,0.0,0.0,0.0,9.3,4.28,0.0
20141114:0010,0.0,0.0,0.0,9.39,4.48,0.0
20141114:0110,0.0,0.0,0.0,9.34,4.34,0.0
20141114:0210,0.0,0.0,0.0,8.96,4.21,0.0
20141114:0310,0.0,0.0,0.0,9.04,4.0,0.0
20141114:0410,0.0,0.0,0.0,8.74,3.93,0.0
20141114:0510,0.0,0.0,0.0,9.06,4.07,0.0
20141114:0610,0.0,0.0,0.0,9.02,3.59,0.0
20141114:0710,0.0,0.0,0.0,9.58,3.93,0.0
20141114:0810,1537.73,37.45,9.06,10.31,4.14,0.0
20141114:0910,2289.14,50.24,15.66,10.62,4.0,0.0
20141114:1010,2566.94,54.81,20.37,10.5,3.59,0.0
20141114:1110,2733.92,57.55,22.74,10.53,2.97,0.0
20141114:1210,1958.98,44.76,22.49,10.74,2.76,0.0
20141114:1310,876.65,25.58,19.67,10.83,2.62,0.0
20141114:1410,1323.7,33.8,14.57,10.99,2.69,0.0
20141114:1510,1487.64,36.74,7.67,10.96,2.48,0.0
20141114:1610,0.0,0.0,0.0,10.57,2.28,0.0
20141114:1710,0.0,0.0,0.0,10.07,2.0,0.0
20141114:1810,0.0,0.0,0.0,9.79,1.79,0.0
20141114:1910,0.0,0.0,0.0,9.09,1.45,0.0
20141114:2010,0.0,0.0,0.0,8.82,1.31,0.0
20141114:2110,0.0,0.0,0.0,8.51,1.17,0.0
20141114:2210,0.0,0.0,0.0,8.2,1.17,0.0
20141114:2310,0.0,0.0,0.0,7.84,1.31,0.0
20141115:0010,0.0,0.0,0.0,7.92,0.55,0.0
20141115:0110,0.0,0.0,0.0,7.97,0.76,0.0
20141115:0210,0.0,0.0,0.0,8.07,0.9,0.0
20141115:0310,0.0,0.0,0.0,7.96,1.03,0.0
20141115:0410,0.0,0.0,0.0,7.81,0.97,0.0
20141115:0510,0.0,0.0,0.0,7.79,1.24,0.0
20141115:0610,0.0,0.0,0.0,7.76,1.52,0.0
20141115:0710,0.0,0.0,0.0,8.1,2.0,0.0
20141115:0810,889.55,25.58,8.81,8.15,2.21,0.0
20141115:0910,2370.36,51.15,15.41,8.34,3.1,0.0
20141115:1010,19696.05,309.12,20.11,8.91,2.97,0.0
20141115:1110,4536.54,85.87,22.48,9.75,3.38,0.0
20141115:1210,3184.01,64.86,22.24,10.72,3.31,0.0
20141115:1310,22304.73,351.48,19.43,11.53,3.38,0.0
20141115:1410,730.16,22.84,14.35,11.76,2.76,0.0
20141115:1510,1017.82,28.32,7.47,11.75,2.62,0.0
20141115:1610,0.0,0.0,0.0,11.36,2.48,0.0
20141115:1710,0.0,0.0,0.0,10.35,2.14,0.0
20141115:1810,0.0,0.0,0.0,9.47,2.07,0.0
20141115:1910,0.0,0.0,0.0,8.55,2.69,0.0
20141115:2010,0.0,0.0,0.0,8.19,2.55,0.0
20141115:2110,0.0,0.0,0.0,7.89,2.69,0.0
20141115:2210,0.0,0.0,0.0,7.75,2.62,0.0
20141115:2310,0.0,0.0,0.0,7.35,2.55,0.0
20141116:0010,0.0,0.0,0.0,7.04,2.62,0.0
20141116:0110,0.0,0.0,0.0,6.88,2.76,0.0
20141116:0210,0.0,0.0,0.0,6.99,2.76,0.0
20141116:0310,0.0,0.0,0.0,7.43,2.76,0.0
20141116:0410,0.0,0.0,0.0,7.61,2.76,0.0
20141116:0510,0.0,0.0,0.0,7.89,2.76,0.0
20141116:0610,0.0,0.0,0.0,8.16,2.76,0.0
20141116:0710,0.0,0.0,0.0,8.26,2.41,0.0
20141116:0810,6923.6,120.85,8.57,8.21,2.48,0.0
20141116:0910,6976.73,121.99,15.16,8.56,2.41,0.0
20141116:1010,7634.78,132.46,19.85,9.26,3.03,0.0
20141116:1110,5539.18,101.4,22.22,9.88,3.1,0.0
20141116:1210,12773.97,209.2,21.99,10.2,2.83,0.0
20141116:1310,21505.51,338.51,19.2,10.44,2.83,0.0
20141116:1410,11593.72,191.85,14.14,10.84,2.76,0.0
20141116:1510,6386.98,115.53,7.28,10.17,2.21,0.0
20141116:1610,0.0,0.0,0.0,9.35,1.93,0.0
20141116:1710,0.0,0.0,0.0,8.59,2.0,0.0
20141116:1810,0.0,0.0,0.0,7.83,2.07,0.0
20141116:1910,0.0,0.0,0.0,7.33,1.45,0.0
20141116:2010,0.0,0.0,0.0,6.78,1.79,0.0
20141116:2110,0.0,0.0,0.0,6.71,1.72,0.0
20141116:2210,0.0,0.0,0.0,6.37,1.72,0.0
20141116:2310,0.0,0.0,0.0,5.95,2.0,0.0
20141117:0010,0.0,0.0,0.0,5.82,2.21,0.0
20141117:0110,0.0,0.0,0.0,5.71,2.48,0.0
20141117:0210,0.0,0.0,0.0,6.07,2.21,0.0
20141117:0310,0.0,0.0,0.0,5.9,2.0,0.0
20141117:0410,0.0,0.0,0.0,5.79,1.79,0.0
20141117:0510,0.0,0.0,0.0,5.17,1.86,0.0
20141117:0610,0.0,0.0,0.0,5.02,1.86,0.0
20141117:0710,0.0,0.0,0.0,5.83,2.0,0.0
20141117:0810,4555.52,84.75,8.33,6.76,2.55,0.0
20141117:0910,1772.27,41.11,14.91,7.66,2.9,0.0
20141117:1010,3793.48,73.99,19.6,8.68,2.69,0.0
20141117:1110,5782.06,105.05,21.97,9.63,2.69,0.0
20141117:1210,5466.32,100.48,21.75,10.22,2.55,0.0
20141117:1310,15459.31,248.8,18.98,10.17,2.21,0.0
20141117:1410,5046.59,93.78,13.94,10.07,1.72,0.0
20141117:1510,2402.24,52.19,7.1,9.77,1.38,0.0
20141117:1610,0.0,0.0,0.0,9.08,1.72,0.0
20141117:1710,0.0,0.0,0.0,8.58,1.86,0.0
20141117:1810,0.0,0.0,0.0,8.28,1.93,0.0
20141117:1910,0.0,0.0,0.0,7.93,1.79,0.0
20141117:2010,0.0,0.0,0.0,7.37,1.79,0.0
20141117:2110,0.0,0.0,0.0,6.87,1.79,0.0
20141117:2210,0.0,0.0,0.0,6.37,1.86,0.0
20141117:2310,0.0,0.0,0.0,6.13,1.79,0.0
20141118:0010,0.0,0.0,0.0,6.39,1.72,0.0
20141118:0110,0.0,0.0,0.0,6.21,1.79,0.0
20141118:0210,0.0,0.0,0.0,6.34,1.79,0.0
20141118:0310,0.0,0.0,0.0,5.51,2.0,0.0
20141118:0410,0.0,0.0,0.0,4.71,2.0,0.0
20141118:0510,0.0,0.0,0.0,4.02,1.79,0.0
20141118:0610,0.0,0.0,0.0,3.69,1.86,0.0
20141118:0710,0.0,0.0,0.0,4.92,1.59,0.0
20141118:0810,2023.49,44.94,8.1,5.71,2.0,0.0
20141118:0910,7504.23,128.88,14.67,6.95,2.41,0.0
20141118:1010,15437.3,245.71,19.35,7.79,2.34,0.0
20141118:1110,6348.28,113.27,21.72,8.74,2.14,0.0
20141118:1210,10181.23,170.56,21.52,9.35,2.14,0.0
20141118:1310,3996.89,77.65,18.76,10.14,2.28,0.0
20141118:1410,2290.66,50.24,13.74,10.29,2.28,0.0
20141118:1510,3020.06,62.42,6.92,10.01,1.79,0.0
20141118:1610,0.0,0.0,0.0,9.15,1.86,0.0
20141118:1710,0.0,0.0,0.0,8.61,2.0,0.0
20141118:1810,0.0,0.0,0.0,7.9,2.07,0.0
20141118:1910,0.0,0.0,0.0,7.41,1.45,0.0
20141118:2010,0.0,0.0,0.0,6.57,1.52,0.0
20141118:2110,0.0,0.0,0.0,6.38,1.52,0.0
20141118:2210,0.0,0.0,0.0,6.03,1.72,0.0
20141118:2310,0.0,0.0,0.0,6.01,1.59,0.0
20141119:0010,0.0,0.0,0.0,5.81,1.45,0.0
20141119:0110,0.0,0.0,0.0,5.06,1.52,0.0
20141119:0210,0.0,0.0,0.0,4.73,1.52,0.0
20141119:0310,0.0,0.0,0.0,4.5,1.52,0.0
20141119:0410,0.0,0.0,0.0,4.79,1.31,0.0
20141119:0510,0.0,0.0,0.0,4.75,1.31,0.0
20141119:0610,0.0,0.0,0.0,5.06,1.45,0.0
20141119:0710,0.0,0.0,0.0,4.09,1.03,0.0
20141119:0810,10861.29,177.36,7.87,5.07,1.17,0.0
20141119:0910,9597.56,159.3,14.43,6.19,1.31,0.0
20141119:1010,3121.01,63.03,19.11,7.08,1.45,0.0
20141119:1110,11801.69,193.38,21.48,8.17,2.28,0.0
20141119:1210,2691.41,56.64,21.29,9.43,2.34,0.0
20141119:1310,5914.89,107.07,18.55,9.89,2.41,0.0
20141119:1410,2516.84,53.9,13.55,9.94,2.48,0.0
20141119:1510,1838.3,42.69,6.75,9.71,2.21,0.0
20141119:1610,0.0,0.0,0.0,9.3,2.14,0.0
20141119:1710,0.0,0.0,0.0,8.92,2.28,0.0
20141119:1810,0.0,0.0,0.0,8.69,2.34,0.0
20141119:1910,0.0,0.0,0.0,7.99,2.21,0.0
20141119:2010,0.0,0.0,0.0,7.91,2.21,0.0
20141119:2110,0.0,0.0,0.0,7.65,2.28,0.0
20141119:2210,0.0,0.0,0.0,7.58,2.07,0.0
20141119:2310,0.0,0.0,0.0,7.56,2.07,0.0
20141120:0010,0.0,0.0,0.0,7.36,2.21,0.0
20141120:0110,0.0,0.0,0.0,7.22,2.14,0.0
20141120:0210,0.0,0.0,0.0,7.18,2.21,0.0
20141120:0310,0.0,0.0,0.0,7.04,2.28,0.0
20141120:0410,0.0,0.0,0.0,6.96,2.34,0.0
20141120:0510,0.0,0.0,0.0,6.75,2.41,0.0
20141120:0610,0.0,0.0,0.0,6.57,2.55,0.0
20141120:0710,0.0,0.0,0.0,5.71,2.21,0.0
20141120:0810,9520.9,157.84,7.64,5.84,2.28,0.0
20141120:0910,1302.44,32.89,14.19,6.65,2.28,0.0
20141120:1010,5374.48,97.97,18.87,7.69,2.41,0.0
20141120:1110,4681.51,87.69,21.25,8.35,2.48,0.0
20141120:1210,13070.74,212.48,21.06,9.13,2.76,0.0
20141120:1310,18407.27,291.35,18.34,9.85,2.83,0.0
20141120:1410,16111.29,257.78,13.37,10.04,2.97,0.0
20141120:1510,3624.23,72.08,6.59,9.68,2.55,0.0
20141120:1610,0.0,0.0,0.0,9.09,2.34,0.0
20141120:1710,0.0,0.0,0.0,8.69,2.62,0.0
20141120:1810,0.0,0.0,0.0,8.28,3.24,0.0
20141120:1910,0.0,0.0,0.0,7.97,2.97,0.0
20141120:2010,0.0,0.0,0.0,7.91,2.69,0.0
20141120:2110,0.0,0.0,0.0,7.98,2.34,0.0
20141120:2210,0.0,0.0,0.0,8.0,2.07,0.0
20141120:2310,0.0,0.0,0.0,7.83,2.0,0.0
20141121:0010,0.0,0.0,0.0,7.82,2.0,0.0
20141121:0110,0.0,0.0,0.0,7.82,2.0,0.0
20141121:0210,0.0,0.0,0.0,7.54,2.28,0.0
20141121:0310,0.0,0.0,0.0,7.3,2.21,0.0
20141121:0410,0.0,0.0,0.0,6.96,2.0,0.0
20141121:0510,0.0,0.0,0.0,6.83,2.0,0.0
20141121:0610,0.0,0.0,0.0,6.75,2.0,0.0
20141121:0710,0.0,0.0,0.0,6.56,1.45,0.0
20141121:0810,1096.76,29.23,7.41,6.58,1.38,0.0
20141121:0910,12065.06,196.02,13.96,7.46,1.52,0.0
20141121:1010,20960.54,328.81,18.64,8.37,1.59,0.0
20141121:1110,12386.88,203.23,21.02,9.38,1.59,0.0
20141121:1210,30863.98,486.29,20.85,10.4,1.45,0.0
20141121:1310,24931.63,394.66,18.14,11.13,1.38,0.0
20141121:1410,22175.7,353.31,13.19,11.48,1.52,0.0
20141121:1510,9819.18,169.73,6.43,11.28,1.38,0.0
20141121:1610,0.0,0.0,0.0,10.36,1.86,0.0
20141121:1710,0.0,0.0,0.0,9.58,2.0,0.0
20141121:1810,0.0,0.0,0.0,9.06,2.21,0.0
20141121:1910,0.0,0.0,0.0,8.94,2.41,0.0
20141121:2010,0.0,0.0,0.0,9.04,2.48,0.0
20141121:2110,0.0,0.0,0.0,9.09,2.48,0.0
20141121:2210,0.0,0.0,0.0,9.08,2.55,0.0
20141121:2310,0.0,0.0,0.0,8.83,2.48,0.0
20141122:0010,0.0,0.0,0.0,8.43,2.48,0.0
20141122:0110,0.0,0.0,0.0,8.13,2.48,0.0
20141122:0210,0.0,0.0,0.0,7.96,2.55,0.0
20141122:0310,0.0,0.0,0.0,7.73,2.48,0.0
20141122:0410,0.0,0.0,0.0,7.51,2.28,0.0
20141122:0510,0.0,0.0,0.0,7.42,2.14,0.0
20141122:0610,0.0,0.0,0.0,7.2,2.21,0.0
20141122:0710,0.0,0.0,0.0,7.41,2.62,0.0
20141122:0810,16491.55,262.0,7.19,7.79,2.48,0.0
20141122:0910,36921.56,576.17,13.73,9.11,2.14,0.0
20141122:1010,45417.04,719.84,18.41,10.97,2.41,0.0
20141122:1110,31264.73,493.64,20.79,12.62,2.48,0.0
20141122:1210,45195.41,726.31,20.64,13.65,2.41,0.0
20141122:1310,22244.77,356.21,17.95,14.37,2.48,0.0
20141122:1410,2078.14,47.5,13.02,14.63,2.07,0.0
20141122:1510,5347.91,101.31,6.28,14.22,1.79,0.0
20141122:1610,0.0,0.0,0.0,12.78,2.28,0.0
20141122:1710,0.0,0.0,0.0,11.82,2.14,0.0
20141122:1810,0.0,0.0,0.0,11.09,2.07,0.0
20141122:1910,0.0,0.0,0.0,10.62,2.07,0.0
20141122:2010,0.0,0.0,0.0,10.29,2.0,0.0
20141122:2110,0.0,0.0,0.0,9.81,2.07,0.0
20141122:2210,0.0,0.0,0.0,9.45,1.86,0.0
20141122:2310,0.0,0.0,0.0,8.88,1.86,0.0
20141123:0010,0.0,0.0,0.0,8.36,2.07,0.0
20141123:0110,0.0,0.0,0.0,8.0,2.14,0.0
20141123:0210,0.0,0.0,0.0,7.73,2.14,0.0
20141123:0310,0.0,0.0,0.0,7.57,2.21,0.0
20141123:0410,0.0,0.0,0.0,7.64,2.28,0.0
20141123:0510,0.0,0.0,0.0,7.79,2.41,0.0
20141123:0610,0.0,0.0,0.0,8.0,2.55,0.0
20141123:0710,0.0,0.0,0.0,8.49,2.48,0.0
20141123:0810,16284.35,260.12,6.98,8.79,2.48,0.0
20141123:0910,31717.09,495.53,13.51,10.39,2.34,0.0
20141123:1010,34848.73,548.39,18.19,12.11,2.62,0.0
20141123:1110,48807.5,784.41,20.58,13.54,2.83,0.0
20141123:1210,44760.51,719.61,20.43,14.77,2.83,0.0
20141123:1310,34942.84,560.21,17.76,15.55,2.48,0.0
20141123:1410,22460.33,364.11,12.85,15.89,1.93,0.0
20141123:1510,6292.11,116.94,6.14,15.55,1.93,0.0
20141123:1610,0.0,0.0,0.0,14.26,2.21,0.0
20141123:1710,0.0,0.0,0.0,13.11,2.07,0.0
20141123:1810,0.0,0.0,0.0,12.49,2.07,0.0
20141123:1910,0.0,0.0,0.0,11.72,2.14,0.0
20141123:2010,0.0,0.0,0.0,11.34,2.34,0.0
20141123:2110,0.0,0.0,0.0,11.5,2.83,0.0
20141123:2210,0.0,0.0,0.0,11.28,3.1,0.0
20141123:2310,0.0,0.0,0.0,10.71,3.24,0.0
20141124:0010,0.0,0.0,0.0,10.09,3.1,0.0
20141124:0110,0.0,0.0,0.0,9.73,3.03,0.0
20141124:0210,0.0,0.0,0.0,9.45,2.76,0.0
20141124:0310,0.0,0.0,0.0,9.16,2.76,0.0
20141124:0410,0.0,0.0,0.0,8.82,3.17,0.0
20141124:0510,0.0,0.0,0.0,8.89,3.45,0.0
20141124:0610,0.0,0.0,0.0,8.87,3.38,0.0
20141124:0710,0.0,0.0,0.0,8.34,3.03,0.0
20141124:0810,4685.31,87.14,6.76,8.28,3.45,0.0
20141124:0910,4525.92,85.02,13.29,8.89,4.76,0.0
20141124:1010,3150.61,63.94,17.97,9.46,4.97,0.0
20141124:1110,4833.31,90.43,20.37,9.85,4.21,0.0
20141124:1210,3364.65,67.6,20.23,10.23,3.86,0.0
20141124:1310,7706.13,133.85,17.58,10.43,3.59,0.0
20141124:1410,10908.35,181.06,12.7,10.64,3.59,0.0
20141124:1510,6185.85,112.69,6.0,10.5,3.1,0.0
20141124:1610,0.0,0.0,0.0,9.79,2.97,0.0
20141124:1710,0.0,0.0,0.0,9.21,3.24,0.0
20141124:1810,0.0,0.0,0.0,8.89,3.38,0.0
20141124:1910,0.0,0.0,0.0,8.88,3.1,0.0
20141124:2010,0.0,0.0,0.0,8.66,3.24,0.0
20141124:2110,0.0,0.0,0.0,8.67,3.31,0.0
20141124:2210,0.0,0.0,0.0,8.57,3.24,0.0
20141124:2310,0.0,0.0,0.0,8.68,3.17,0.0
20141125:0010,0.0,0.0,0.0,8.78,3.1,0.0
20141125:0110,0.0,0.0,0.0,8.87,2.97,0.0
20141125:0210,0.0,0.0,0.0,8.94,2.9,0.0
20141125:0310,0.0,0.0,0.0,9.02,2.97,0.0
20141125:0410,0.0,0.0,0.0,9.13,3.1,0.0
20141125:0510,0.0,0.0,0.0,9.2,3.17,0.0
20141125:0610,0.0,0.0,0.0,9.18,3.1,0.0
20141125:0710,0.0,0.0,0.0,8.65,2.83,0.0
20141125:0810,8653.36,146.84,6.55,8.74,2.83,0.0
20141125:0910,5905.78,105.94,13.08,9.2,3.72,0.0
20141125:1010,6927.39,121.92,17.76,9.74,3.52,0.0
20141125:1110,9982.37,167.72,20.16,10.44,3.52,0.0
20141125:1210,2504.7,53.9,20.04,10.98,3.31,0.0
20141125:1310,14094.63,228.45,17.41,11.28,3.66,0.0
20141125:1410,1738.87,41.11,12.54,11.36,3.1,0.0
20141125:1510,1578.72,38.47,5.87,11.14,2.07,0.0
20141125:1610,0.0,0.0,0.0,10.74,1.93,0.0
20141125:1710,0.0,0.0,0.0,10.36,1.79,0.0
20141125:1810,0.0,0.0,0.0,10.22,1.93,0.0
20141125:1910,0.0,0.0,0.0,10.3,1.59,0.0
20141125:2010,0.0,0.0,0.0,10.34,1.59,0.0
20141125:2110,0.0,0.0,0.0,10.43,1.31,0.0
20141125:2210,0.0,0.0,0.0,10.49,1.24,0.0
20141125:2310,0.0,0.0,0.0,10.5,1.17,0.0
20141126:0010,0.0,0.0,0.0,10.51,1.1,0.0
20141126:0110,0.0,0.0,0.0,10.56,1.03,0.0
20141126:0210,0.0,0.0,0.0,10.55,0.9,0.0
20141126:0310,0.0,0.0,0.0,10.52,0.83,0.0
20141126:0410,0.0,0.0,0.0,10.48,0.69,0.0
20141126:0510,0.0,0.0,0.0,10.5,0.9,0.0
20141126:0610,0.0,0.0,0.0,10.55,1.1,0.0
20141126:0710,0.0,0.0,0.0,10.1,0.9,0.0
20141126:0810,2383.26,51.62,6.35,10.22,1.1,0.0
20141126:0910,5561.19,101.56,12.87,10.53,1.86,0.0
20141126:1010,5511.86,101.34,17.55,10.94,2.0,0.0
20141126:1110,7621.88,133.71,19.96,11.54,2.14,0.0
20141126:1210,4074.31,79.47,19.85,12.03,2.21,0.0
20141126:1310,3376.79,68.51,17.24,12.55,2.0,0.0
20141126:1410,2258.78,50.24,12.4,12.84,1.24,0.0
20141126:1510,1033.76,28.82,5.74,12.75,0.97,0.0
20141126:1610,0.0,0.0,0.0,12.37,1.24,0.0
20141126:1710,0.0,0.0,0.0,11.97,1.38,0.0
20141126:1810,0.0,0.0,0.0,11.68,1.72,0.0
20141126:1910,0.0,0.0,0.0,11.47,2.14,0.0
20141126:2010,0.0,0.0,0.0,11.3,2.07,0.0
20141126:2110,0.0,0.0,0.0,11.13,1.93,0.0
20141126:2210,0.0,0.0,0.0,11.07,1.72,0.0
20141126:2310,0.0,0.0,0.0,10.85,1.72,0.0
20141127:0010,0.0,0.0,0.0,10.72,1.59,0.0
20141127:0110,0.0,0.0,0.0,10.57,1.52,0.0
20141127:0210,0.0,0.0,0.0,10.29,1.52,0.0
20141127:0310,0.0,0.0,0.0,10.12,1.52,0.0
20141127:0410,0.0,0.0,0.0,9.81,1.45,0.0
20141127:0510,0.0,0.0,0.0,9.78,1.31,0.0
20141127:0610,0.0,0.0,0.0,9.7,1.24,0.0
20141127:0710,0.0,0.0,0.0,8.56,1.45,0.0
20141127:0810,1319.9,33.35,6.15,8.22,1.03,0.0
20141127:0910,4231.42,80.86,12.67,9.3,1.03,0.0
20141127:1010,3306.2,66.68,17.35,9.77,1.24,0.0
20141127:1110,4044.71,78.56,19.77,10.49,1.66,0.0
20141127:1210,6611.65,118.42,19.68,11.37,1.86,0.0
20141127:1310,2216.28,49.33,17.08,11.87,1.66,0.0
20141127:1410,3711.51,73.63,12.26,12.07,1.66,0.0
20141127:1510,1144.57,30.71,5.62,12.04,1.52,0.0
20141127:1610,0.0,0.0,0.0,11.76,1.38,0.0
20141127:1710,0.0,0.0,0.0,11.49,1.31,0.0
20141127:1810,0.0,0.0,0.0,11.36,1.38,0.0
20141127:1910,0.0,0.0,0.0,10.86,2.0,0.0
20141127:2010,0.0,0.0,0.0,10.72,2.14,0.0
20141127:2110,0.0,0.0,0.0,10.68,2.34,0.0
20141127:2210,0.0,0.0,0.0,10.38,2.48,0.0
20141127:2310,0.0,0.0,0.0,9.93,2.76,0.0
20141128:0010,0.0,0.0,0.0,9.63,3.03,0.0
20141128:0110,0.0,0.0,0.0,9.59,3.31,0.0
20141128:0210,0.0,0.0,0.0,9.74,3.59,0.0
20141128:0310,0.0,0.0,0.0,9.74,3.72,0.0
20141128:0410,0.0,0.0,0.0,9.66,3.86,0.0
20141128:0510,0.0,0.0,0.0,9.6,4.07,0.0
20141128:0610,0.0,0.0,0.0,9.6,4.21,0.0
20141128:0710,0.0,0.0,0.0,10.09,4.14,0.0
20141128:0810,2792.36,58.2,5.95,10.44,4.28,0.0
20141128:0910,9578.58,161.17,12.47,11.23,4.41,0.0
20141128:1010,3497.47,70.34,17.15,12.6,4.48,0.0
20141128:1110,13788.75,226.49,19.58,13.73,3.79,0.0
20141128:1210,5090.61,96.06,19.5,14.3,3.72,0.0
20141128:1310,2954.03,62.12,16.93,14.83,4.55,0.0
20141128:1410,12604.71,209.6,12.13,14.98,4.34,0.0
20141128:1510,992.77,28.15,5.51,14.61,4.0,0.0
20141128:1610,0.0,0.0,0.0,13.65,3.86,0.0
20141128:1710,0.0,0.0,0.0,13.18,4.14,0.0
20141128:1810,0.0,0.0,0.0,12.83,4.28,0.0
20141128:1910,0.0,0.0,0.0,11.61,4.41,0.0
20141128:2010,0.0,0.0,0.0,11.32,4.34,0.0
20141128:2110,0.0,0.0,0.0,10.76,4.14,0.0
20141128:2210,0.0,0.0,0.0,10.37,3.86,0.0
20141128:2310,0.0,0.0,0.0,10.0,3.59,0.0
20141129:0010,0.0,0.0,0.0,9.03,3.45,0.0
20141129:0110,0.0,0.0,0.0,8.28,3.24,0.0
20141129:0210,0.0,0.0,0.0,7.67,3.1,0.0
20141129:0310,0.0,0.0,0.0,7.26,2.97,0.0
20141129:0410,0.0,0.0,0.0,6.72,2.83,0.0
20141129:0510,0.0,0.0,0.0,6.35,2.69,0.0
20141129:0610,0.0,0.0,0.0,5.87,2.62,0.0
20141129:0710,0.0,0.0,0.0,5.72,2.76,0.0
20141129:0810,3825.36,73.3,5.76,5.85,2.62,0.0
20141129:0910,26259.12,404.77,12.28,7.13,2.28,0.0
20141129:1010,40448.63,630.43,16.96,8.86,2.41,0.0
20141129:1110,43127.9,681.3,19.4,10.53,2.28,0.0
20141129:1210,46913.03,751.43,19.34,11.82,2.14,0.0
20141129:1310,37244.89,591.33,16.79,12.69,2.21,0.0
20141129:1410,21645.92,346.03,12.0,12.91,2.21,0.0
20141129:1510,1097.51,29.85,5.41,12.17,2.21,0.0
20141129:1610,0.0,0.0,0.0,10.52,2.48,0.0
20141129:1710,0.0,0.0,0.0,9.05,2.34,0.0
20141129:1810,0.0,0.0,0.0,7.85,2.21,0.0
20141129:1910,0.0,0.0,0.0,5.66,2.21,0.0
20141129:2010,0.0,0.0,0.0,4.92,2.07,0.0
20141129:2110,0.0,0.0,0.0,4.27,2.0,0.0
20141129:2210,0.0,0.0,0.0,3.72,1.93,0.0
20141129:2310,0.0,0.0,0.0,3.25,1.86,0.0
20141130:0010,0.0,0.0,0.0,2.79,1.79,0.0
20141130:0110,0.0,0.0,0.0,2.38,1.86,0.0
20141130:0210,0.0,0.0,0.0,2.04,1.93,0.0
20141130:0310,0.0,0.0,0.0,1.77,1.86,0.0
20141130:0410,0.0,0.0,0.0,1.53,2.0,0.0
20141130:0510,0.0,0.0,0.0,1.43,2.21,0.0
20141130:0610,0.0,0.0,0.0,1.26,1.93,0.0
20141130:0710,0.0,0.0,0.0,0.72,1.38,0.0
20141130:0810,1897.5,42.12,5.58,1.26,0.69,0.0
20141130:0910,2380.98,50.24,12.1,2.31,0.69,0.0
20141130:1010,4185.13,78.56,16.78,3.44,1.38,0.0
20141130:1110,5124.01,93.17,19.23,4.6,1.59,0.0
20141130:1210,4856.08,89.52,19.18,5.73,1.66,0.0
20141130:1310,5433.68,98.49,16.65,6.8,1.93,0.0
20141130:1410,4112.26,78.4,11.89,7.35,1.79,0.0
20141130:1510,940.4,26.44,5.31,7.22,1.86,0.0
20141130:1610,0.0,0.0,0.0,6.15,2.34,0.0
20141130:1710,0.0,0.0,0.0,5.52,2.28,0.0
20141130:1810,0.0,0.0,0.0,5.45,2.0,0.0
20141130:1910,0.0,0.0,0.0,5.1,1.03,0.0
20141130:2010,0.0,0.0,0.0,5.54,1.24,0.0
20141130:2110,0.0,0.0,0.0,6.12,1.72,0.0
20141130:2210,0.0,0.0,0.0,6.84,2.28,0.0
20141130:2310,0.0,0.0,0.0,7.27,2.69,0.0
20141201:0010,0.0,0.0,0.0,7.7,2.9,0.0
20141201:0110,0.0,0.0,0.0,7.78,2.97,0.0
20141201:0210,0.0,0.0,0.0,7.71,3.24,0.0
20141201:0310,0.0,0.0,0.0,7.63,3.72,0.0
20141201:0410,0.0,0.0,0.0,6.98,4.55,0.0
20141201:0510,0.0,0.0,0.0,5.57,5.03,0.0
20141201:0610,0.0,0.0,0.0,4.33,4.69,0.0
20141201:0710,0.0,0.0,0.0,3.74,4.83,0.0
20141201:0810,1393.52,33.98,5.4,3.32,4.69,0.0
20141201:0910,1594.66,37.45,11.92,3.36,4.55,0.0
20141201:1010,1921.79,42.93,16.6,3.61,4.48,0.0
20141201:1110,2311.91,49.33,19.06,3.9,4.41,0.0
20141201:1210,2653.46,54.81,19.03,4.01,4.41,0.0
20141201:1310,2195.79,47.5,16.52,4.16,4.48,0.0
20141201:1410,1373.03,33.8,11.78,4.22,4.41,0.0
20141201:1510,816.68,23.88,5.22,4.32,4.0,0.0
20141201:1610,0.0,0.0,0.0,4.29,3.38,0.0
20141201:1710,0.0,0.0,0.0,4.29,3.03,0.0
20141201:1810,0.0,0.0,0.0,4.25,3.17,0.0
20141201:1910,0.0,0.0,0.0,3.37,2.62,0.0
20141201:2010,0.0,0.0,0.0,3.19,2.34,0.0
20141201:2110,0.0,0.0,0.0,3.16,2.48,0.0
20141201:2210,0.0,0.0,0.0,3.05,2.21,0.0
20141201:2310,0.0,0.0,0.0,2.87,2.07,0.0
20141202:0010,0.0,0.0,0.0,2.88,2.28,0.0
20141202:0110,0.0,0.0,0.0,2.73,2.34,0.0
20141202:0210,0.0,0.0,0.0,2.66,2.76,0.0
20141202:0310,0.0,0.0,0.0,2.53,2.62,0.0
20141202:0410,0.0,0.0,0.0,2.45,2.62,0.0
20141202:0510,0.0,0.0,0.0,2.35,2.28,0.0
20141202:0610,0.0,0.0,0.0,2.22,2.41,0.0
20141202:0710,0.0,0.0,0.0,2.18,2.48,0.0
20141202:0810,2365.04,49.73,5.22,2.17,2.41,0.0
20141202:0910,0.0,0.0,0.0,2.31,2.97,0.0
20141202:1010,0.0,0.0,0.0,2.76,3.24,0.0
20141202:1110,0.0,0.0,0.0,3.06,3.38,0.0
20141202:1210,0.0,0.0,0.0,3.31,3.45,0.0
20141202:1310,0.0,0.0,0.0,3.47,3.45,0.0
20141202:1410,0.0,0.0,0.0,3.68,3.66,0.0
20141202:1510,0.0,0.0,0.0,3.65,3.52,0.0
20141202:1610,0.0,0.0,0.0,3.46,3.17,0.0
20141202:1710,0.0,0.0,0.0,3.4,3.03,0.0
20141202:1810,0.0,0.0,0.0,3.33,2.97,0.0
20141202:1910,0.0,0.0,0.0,3.05,3.03,0.0
20141202:2010,0.0,0.0,0.0,2.95,2.97,0.0
20141202:2110,0.0,0.0,0.0,2.95,3.1,0.0
20141202:2210,0.0,0.0,0.0,2.85,3.24,0.0
20141202:2310,0.0,0.0,0.0,2.6,3.59,0.0
20141203:0010,0.0,0.0,0.0,2.18,3.86,0.0
20141203:0110,0.0,0.0,0.0,1.51,3.24,0.0
20141203:0210,0.0,0.0,0.0,0.99,3.17,0.0
20141203:0310,0.0,0.0,0.0,0.93,4.07,0.0
20141203:0410,0.0,0.0,0.0,0.84,4.69,0.0
20141203:0510,0.0,0.0,0.0,0.91,4.21,0.0
20141203:0610,0.0,0.0,0.0,0.94,4.14,0.0
20141203:0710,0.0,0.0,0.0,1.12,3.66,0.0
20141203:0810,6753.58,114.96,5.05,1.29,4.34,0.0
20141203:0910,3641.68,69.36,11.57,1.67,4.55,0.0
20141203:1010,2446.26,51.15,16.27,2.18,3.72,0.0
20141203:1110,4390.06,81.3,18.75,2.85,3.86,0.0
20141203:1210,4498.59,83.13,18.75,3.41,3.79,0.0
20141203:1310,0.0,0.0,0.0,3.6,3.72,0.0
20141203:1410,0.0,0.0,0.0,3.57,3.79,0.0
20141203:1510,469.82,17.06,5.06,3.28,3.66,0.0
20141203:1610,0.0,0.0,0.0,2.87,3.17,0.0
20141203:1710,0.0,0.0,0.0,2.53,3.66,0.0
20141203:1810,0.0,0.0,0.0,2.26,3.59,0.0
20141203:1910,0.0,0.0,0.0,2.25,2.97,0.0
20141203:2010,0.0,0.0,0.0,2.09,2.83,0.0
20141203:2110,0.0,0.0,0.0,2.0,2.97,0.0
20141203:2210,0.0,0.0,0.0,1.9,2.83,0.0
20141203:2310,0.0,0.0,0.0,1.83,2.69,0.0
20141204:0010,0.0,0.0,0.0,1.79,2.48,0.0
20141204:0110,0.0,0.0,0.0,1.74,2.28,0.0
20141204:0210,0.0,0.0,0.0,1.75,2.28,0.0
20141204:0310,0.0,0.0,0.0,1.62,2.28,0.0
20141204:0410,0.0,0.0,0.0,1.59,2.21,0.0
20141204:0510,0.0,0.0,0.0,1.76,2.07,0.0
20141204:0610,0.0,0.0,0.0,1.85,2.07,0.0
20141204:0710,0.0,0.0,0.0,2.33,1.93,0.0
20141204:0810,3230.3,63.32,4.88,2.48,1.93,0.0
20141204:0910,23672.45,359.13,11.41,2.81,2.07,0.0
20141204:1010,1540.01,36.54,16.11,3.22,2.07,0.0
20141204:1110,6535.75,113.53,18.6,3.67,2.14,0.0
20141204:1210,6505.39,113.35,18.62,4.15,1.86,0.0
20141204:1310,6613.93,114.9,16.16,4.33,1.72,0.0
20141204:1410,1909.64,42.93,11.49,4.5,1.52,0.0
20141204:1510,680.06,21.32,4.99,4.56,1.38,0.0
20141204:1610,0.0,0.0,0.0,4.48,0.83,0.0
20141204:1710,0.0,0.0,0.0,4.35,0.69,0.0
20141204:1810,0.0,0.0,0.0,4.18,0.62,0.0
20141204:1910,0.0,0.0,0.0,4.23,1.1,0.0
20141204:2010,0.0,0.0,0.0,4.28,1.1,0.0
20141204:2110,0.0,0.0,0.0,4.34,1.17,0.0
20141204:2210,0.0,0.0,0.0,4.41,1.17,0.0
20141204:2310,0.0,0.0,0.0,4.22,1.31,0.0
20141205:0010,0.0,0.0,0.0,4.29,1.17,0.0
20141205:0110,0.0,0.0,0.0,4.33,1.17,0.0
20141205:0210,0.0,0.0,0.0,4.19,1.24,0.0
20141205:0310,0.0,0.0,0.0,4.04,1.31,0.0
20141205:0410,0.0,0.0,0.0,3.97,1.24,0.0
20141205:0510,0.0,0.0,0.0,3.88,1.17,0.0
20141205:0610,0.0,0.0,0.0,3.82,1.17,0.0
20141205:0710,0.0,0.0,0.0,3.63,1.24,0.0
20141205:0810,2147.21,46.56,4.72,3.77,1.24,0.0
20141205:0910,1110.42,29.23,11.25,4.18,1.1,0.0
20141205:1010,1962.77,43.85,15.96,4.77,1.66,0.0
20141205:1110,2347.59,50.24,18.46,5.3,1.45,0.0
20141205:1210,2856.12,58.46,18.49,5.61,1.66,0.0
20141205:1310,5697.81,101.97,16.06,5.76,1.86,0.0
20141205:1410,1360.89,33.8,11.4,5.7,1.66,0.0
20141205:1510,721.05,22.18,4.92,5.47,1.45,0.0
20141205:1610,0.0,0.0,0.0,5.04,1.52,0.0
20141205:1710,0.0,0.0,0.0,4.59,1.66,0.0
20141205:1810,0.0,0.0,0.0,4.29,1.72,0.0
20141205:1910,0.0,0.0,0.0,4.43,1.45,0.0
20141205:2010,0.0,0.0,0.0,4.45,1.45,0.0
20141205:2110,0.0,0.0,0.0,4.41,1.52,0.0
20141205:2210,0.0,0.0,0.0,4.38,1.59,0.0
20141205:2310,0.0,0.0,0.0,4.09,1.72,0.0
20141206:0010,0.0,0.0,0.0,3.7,1.93,0.0
20141206:0110,0.0,0.0,0.0,3.35,2.28,0.0
20141206:0210,0.0,0.0,0.0,3.2,2.48,0.0
20141206:0310,0.0,0.0,0.0,2.89,2.69,0.0
20141206:0410,0.0,0.0,0.0,2.21,2.83,0.0
20141206:0510,0.0,0.0,0.0,1.78,2.69,0.0
20141206:0610,0.0,0.0,0.0,1.17,2.62,0.0
20141206:0710,0.0,0.0,0.0,1.33,2.83,0.0
20141206:0810,15609.59,242.26,4.57,0.93,2.83,0.0
20141206:0910,33430.91,501.06,11.09,1.77,2.62,0.0
20141206:1010,43991.64,665.47,15.81,3.32,3.1,0.0
20141206:1110,51130.04,776.51,18.33,4.91,4.55,0.0
20141206:1210,45974.15,697.72,18.38,5.76,4.55,0.0
20141206:1310,23846.26,364.39,15.96,6.4,4.28,0.0
20141206:1410,7693.98,131.28,11.33,6.75,3.59,0.0
20141206:1510,897.9,25.59,4.86,6.5,3.03,0.0
20141206:1610,0.0,0.0,0.0,5.73,2.69,0.0
20141206:1710,0.0,0.0,0.0,5.69,2.76,0.0
20141206:1810,0.0,0.0,0.0,5.3,2.9,0.0
20141206:1910,0.0,0.0,0.0,4.05,2.83,0.0
20141206:2010,0.0,0.0,0.0,3.66,2.76,0.0
20141206:2110,0.0,0.0,0.0,2.96,2.62,0.0
20141206:2210,0.0,0.0,0.0,2.46,2.48,0.0
20141206:2310,0.0,0.0,0.0,1.84,2.28,0.0
20141207:0010,0.0,0.0,0.0,1.36,2.07,0.0
20141207:0110,0.0,0.0,0.0,0.85,1.93,0.0
20141207:0210,0.0,0.0,0.0,0.26,1.79,0.0
20141207:0310,0.0,0.0,0.0,-0.55,1.93,0.0
20141207:0410,0.0,0.0,0.0,-0.95,1.93,0.0
20141207:0510,0.0,0.0,0.0,-1.46,1.93,0.0
20141207:0610,0.0,0.0,0.0,-1.89,2.0,0.0
20141207:0710,0.0,0.0,0.0,-1.62,1.79,0.0
20141207:0810,13128.42,205.13,4.42,-1.34,2.07,0.0
20141207:0910,13438.1,208.74,10.95,0.26,2.34,0.0
20141207:1010,3024.62,60.29,15.68,2.22,2.83,0.0
20141207:1110,13025.96,206.01,18.2,3.39,3.17,0.0
20141207:1210,8097.01,136.41,18.27,4.59,3.52,0.0
20141207:1310,5273.53,95.12,15.88,4.88,3.86,0.0
20141207:1410,1961.26,43.85,11.26,5.18,4.14,0.0
20141207:1510,678.55,21.32,4.81,5.26,4.34,0.0
20141207:1610,0.0,0.0,0.0,5.13,4.34,0.0
20141207:1710,0.0,0.0,0.0,4.82,4.41,0.0
20141207:1810,0.0,0.0,0.0,5.23,4.48,0.0
20141207:1910,0.0,0.0,0.0,5.69,4.07,0.0
20141207:2010,0.0,0.0,0.0,6.11,3.38,0.0
20141207:2110,0.0,0.0,0.0,6.04,2.76,0.0
20141207:2210,0.0,0.0,0.0,5.53,2.55,0.0
20141207:2310,0.0,0.0,0.0,4.98,2.48,0.0
20141208:0010,0.0,0.0,0.0,4.54,2.48,0.0
20141208:0110,0.0,0.0,0.0,4.2,2.41,0.0
20141208:0210,0.0,0.0,0.0,3.97,2.21,0.0
20141208:0310,0.0,0.0,0.0,3.55,2.21,0.0
20141208:0410,0.0,0.0,0.0,3.27,2.07,0.0
20141208:0510,0.0,0.0,0.0,3.14,2.07,0.0
20141208:0610,0.0,0.0,0.0,2.87,2.14,0.0
20141208:0710,0.0,0.0,0.0,1.81,2.34,0.0
20141208:0810,0.0,0.0,0.0,1.92,2.55,0.0
20141208:0910,3883.04,73.32,10.81,2.74,2.55,0.0
20141208:1010,5757.02,101.93,15.54,3.9,2.83,0.0
20141208:1110,10468.13,170.6,18.08,4.99,3.93,0.0
20141208:1210,1842.09,42.02,18.17,6.18,4.21,0.0
20141208:1310,2789.32,57.55,15.79,6.67,3.93,0.0
20141208:1410,7364.58,126.06,11.2,6.32,4.62,0.0
20141208:1510,765.83,23.03,4.77,5.56,4.14,0.0
20141208:1610,0.0,0.0,0.0,4.87,4.0,0.0
20141208:1710,0.0,0.0,0.0,3.97,4.14,0.0
20141208:1810,0.0,0.0,0.0,3.55,4.0,0.0
20141208:1910,0.0,0.0,0.0,3.33,3.66,0.0
20141208:2010,0.0,0.0,0.0,2.48,3.31,0.0
20141208:2110,0.0,0.0,0.0,1.74,3.17,0.0
20141208:2210,0.0,0.0,0.0,1.2,3.03,0.0
20141208:2310,0.0,0.0,0.0,0.98,3.03,0.0
20141209:0010,0.0,0.0,0.0,0.84,2.97,0.0
20141209:0110,0.0,0.0,0.0,0.67,2.9,0.0
20141209:0210,0.0,0.0,0.0,0.53,2.83,0.0
20141209:0310,0.0,0.0,0.0,0.45,2.76,0.0
20141209:0410,0.0,0.0,0.0,0.12,2.69,0.0
20141209:0510,0.0,0.0,0.0,-0.24,2.48,0.0
20141209:0610,0.0,0.0,0.0,-0.68,2.48,0.0
20141209:0710,0.0,0.0,0.0,-0.8,2.34,0.0
20141209:0810,14191.78,220.58,4.13,-1.16,2.14,0.0
20141209:0910,24378.32,365.79,10.67,0.14,1.79,0.0
20141209:1010,30580.11,462.46,15.42,2.57,1.72,0.0
20141209:1110,44411.37,683.07,17.97,4.06,1.93,0.0
20141209:1210,46349.09,718.58,18.07,5.09,1.93,0.0
20141209:1310,39189.45,605.07,15.72,5.61,1.72,0.0
20141209:1410,15846.4,250.41,11.14,5.66,1.24,0.0
20141209:1510,812.13,23.88,4.73,5.28,1.38,0.0
20141209:1610,0.0,0.0,0.0,3.86,2.14,0.0
20141209:1710,0.0,0.0,0.0,2.43,2.48,0.0
20141209:1810,0.0,0.0,0.0,1.71,2.76,0.0
20141209:1910,0.0,0.0,0.0,2.22,3.17,0.0
20141209:2010,0.0,0.0,0.0,2.28,3.38,0.0
20141209:2110,0.0,0.0,0.0,2.41,3.66,0.0
20141209:2210,0.0,0.0,0.0,2.51,4.07,0.0
20141209:2310,0.0,0.0,0.0,2.78,4.34,0.0
20141210:0010,0.0,0.0,0.0,3.05,4.69,0.0
20141210:0110,0.0,0.0,0.0,3.43,5.03,0.0
20141210:0210,0.0,0.0,0.0,4.1,5.52,0.0
20141210:0310,0.0,0.0,0.0,4.72,5.72,0.0
20141210:0410,0.0,0.0,0.0,5.42,5.93,0.0
20141210:0510,0.0,0.0,0.0,6.0,6.07,0.0
20141210:0610,0.0,0.0,0.0,6.44,5.93,0.0
20141210:0710,0.0,0.0,0.0,7.12,5.79,0.0
20141210:0810,890.31,25.5,4.0,7.66,5.52,0.0
20141210:0910,31899.25,486.61,10.55,8.23,4.97,0.0
20141210:1010,3565.78,70.34,15.3,8.61,3.79,0.0
20141210:1110,11136.81,183.55,17.87,9.16,2.97,0.0
20141210:1210,2025.77,45.67,17.99,9.54,2.9,0.0
20141210:1310,3602.97,71.25,15.65,9.66,3.17,0.0
20141210:1410,1916.48,43.85,11.1,9.64,3.66,0.0
20141210:1510,620.86,20.47,4.71,8.94,3.66,0.0
20141210:1610,0.0,0.0,0.0,7.99,3.31,0.0
20141210:1710,0.0,0.0,0.0,7.0,3.03,0.0
20141210:1810,0.0,0.0,0.0,6.64,3.03,0.0
20141210:1910,0.0,0.0,0.0,6.4,3.31,0.0
20141210:2010,0.0,0.0,0.0,6.51,3.45,0.0
20141210:2110,0.0,0.0,0.0,6.69,3.72,0.0
20141210:2210,0.0,0.0,0.0,6.78,4.07,0.0
20141210:2310,0.0,0.0,0.0,6.64,4.21,0.0
20141211:0010,0.0,0.0,0.0,6.38,4.28,0.0
20141211:0110,0.0,0.0,0.0,6.01,4.41,0.0
20141211:0210,0.0,0.0,0.0,6.01,4.69,0.0
20141211:0310,0.0,0.0,0.0,5.72,4.97,0.0
20141211:0410,0.0,0.0,0.0,5.88,5.24,0.0
20141211:0510,0.0,0.0,0.0,6.18,5.59,0.0
20141211:0610,0.0,0.0,0.0,6.32,5.72,0.0
20141211:0710,0.0,0.0,0.0,6.52,6.0,0.0
20141211:0810,9380.48,156.07,3.87,6.54,6.21,0.0
20141211:0910,14058.96,221.71,10.42,6.76,6.48,0.0
20141211:1010,9188.45,152.77,15.19,7.22,6.41,0.0
20141211:1110,7048.07,122.34,17.77,7.71,6.55,0.0
20141211:1210,3168.82,63.94,17.91,8.45,6.83,0.0
20141211:1310,5707.68,102.83,15.59,8.85,7.38,0.0
20141211:1410,7753.94,132.84,11.06,8.95,6.83,0.0
20141211:1510,621.62,20.47,4.68,8.83,6.28,0.0
20141211:1610,0.0,0.0,0.0,8.43,5.66,0.0
20141211:1710,0.0,0.0,0.0,7.85,5.31,0.0
20141211:1810,0.0,0.0,0.0,7.62,5.1,0.0
20141211:1910,0.0,0.0,0.0,8.17,5.38,0.0
20141211:2010,0.0,0.0,0.0,8.38,5.24,0.0
20141211:2110,0.0,0.0,0.0,8.51,5.38,0.0
20141211:2210,0.0,0.0,0.0,8.41,5.38,0.0
20141211:2310,0.0,0.0,0.0,7.96,5.45,0.0
20141212:0010,0.0,0.0,0.0,7.67,5.86,0.0
20141212:0110,0.0,0.0,0.0,7.79,6.21,0.0
20141212:0210,0.0,0.0,0.0,8.15,6.69,0.0
20141212:0310,0.0,0.0,0.0,8.4,7.1,0.0
20141212:0410,0.0,0.0,0.0,8.31,7.24,0.0
20141212:0510,0.0,0.0,0.0,8.51,7.66,0.0
20141212:0610,0.0,0.0,0.0,8.71,7.86,0.0
20141212:0710,0.0,0.0,0.0,8.97,7.86,0.0
20141212:0810,299.81,13.7,3.75,9.07,7.93,0.0
20141212:0910,1548.36,37.45,10.31,9.19,8.14,0.0
20141212:1010,1866.38,42.93,15.08,9.58,8.55,0.0
20141212:1110,3606.77,71.25,17.68,10.1,8.83,0.0
20141212:1210,1433.75,35.63,17.84,10.45,8.69,0.0
20141212:1310,551.79,19.18,15.54,10.72,8.55,0.0
20141212:1410,257.3,12.79,11.02,10.87,8.41,0.0
20141212:1510,0.0,5.12,4.67,10.96,8.14,0.0
20141212:1610,0.0,0.0,0.0,11.02,7.93,0.0
20141212:1710,0.0,0.0,0.0,10.62,7.79,0.0
20141212:1810,0.0,0.0,0.0,10.61,7.24,0.0
20141212:1910,0.0,0.0,0.0,10.1,5.45,0.0
20141212:2010,0.0,0.0,0.0,9.56,3.79,0.0
20141212:2110,0.0,0.0,0.0,8.88,2.41,0.0
20141212:2210,0.0,0.0,0.0,8.22,1.66,0.0
20141212:2310,0.0,0.0,0.0,7.72,1.31,0.0
20141213:0010,0.0,0.0,0.0,7.4,1.52,0.0
20141213:0110,0.0,0.0,0.0,7.13,1.72,0.0
20141213:0210,0.0,0.0,0.0,7.0,1.72,0.0
20141213:0310,0.0,0.0,0.0,6.89,1.86,0.0
20141213:0410,0.0,0.0,0.0,6.69,2.14,0.0
20141213:0510,0.0,0.0,0.0,6.41,2.41,0.0
20141213:0610,0.0,0.0,0.0,6.09,2.55,0.0
20141213:0710,0.0,0.0,0.0,6.01,3.1,0.0
20141213:0810,348.38,14.62,3.63,5.61,3.17,0.0
20141213:0910,1577.96,37.45,10.2,5.27,3.17,0.0
20141213:1010,1159.75,30.14,14.99,4.79,2.97,0.0
20141213:1110,2762.0,56.64,17.6,4.35,3.17,0.0
20141213:1210,3471.67,67.6,17.77,3.88,3.52,0.0
20141213:1310,2894.07,58.46,15.5,3.29,3.72,0.0
20141213:1410,3347.95,65.26,11.0,2.88,3.66,0.0
20141213:1510,733.19,22.18,4.66,2.65,3.31,0.0
20141213:1610,0.0,0.0,0.0,2.56,3.1,0.0
20141213:1710,0.0,0.0,0.0,2.61,2.9,0.0
20141213:1810,0.0,0.0,0.0,2.7,2.76,0.0
20141213:1910,0.0,0.0,0.0,2.76,2.34,0.0
20141213:2010,0.0,0.0,0.0,2.74,2.21,0.0
20141213:2110,0.0,0.0,0.0,2.62,2.21,0.0
20141213:2210,0.0,0.0,0.0,2.57,2.07,0.0
20141213:2310,0.0,0.0,0.0,2.61,1.79,0.0
20141214:0010,0.0,0.0,0.0,2.5,1.72,0.0
20141214:0110,0.0,0.0,0.0,2.23,1.45,0.0
20141214:0210,0.0,0.0,0.0,1.26,1.52,0.0
20141214:0310,0.0,0.0,0.0,0.24,1.59,0.0
20141214:0410,0.0,0.0,0.0,-0.67,1.17,0.0
20141214:0510,0.0,0.0,0.0,-1.2,0.97,0.0
20141214:0610,0.0,0.0,0.0,-1.39,0.97,0.0
20141214:0710,0.0,0.0,0.0,-0.42,0.69,0.0
20141214:0810,2133.55,45.72,3.52,-0.3,0.41,0.0
20141214:0910,4674.68,84.45,10.1,0.03,0.14,0.0
20141214:1010,3451.17,66.68,14.9,0.82,0.34,0.0
20141214:1110,5222.68,93.67,17.52,1.71,0.34,0.0
20141214:1210,7622.64,129.14,17.72,2.44,0.34,0.0
20141214:1310,6748.27,116.31,15.46,2.86,0.69,0.0
20141214:1410,3898.22,73.86,10.98,3.14,1.24,0.0
20141214:1510,822.0,23.88,4.66,3.1,1.52,0.0
20141214:1610,0.0,0.0,0.0,2.78,1.38,0.0
20141214:1710,0.0,0.0,0.0,2.58,1.52,0.0
20141214:1810,0.0,0.0,0.0,2.3,1.72,0.0
20141214:1910,0.0,0.0,0.0,1.87,2.21,0.0
20141214:2010,0.0,0.0,0.0,1.59,2.55,0.0
20141214:2110,0.0,0.0,0.0,1.32,2.76,0.0
20141214:2210,0.0,0.0,0.0,1.15,2.9,0.0
20141214:2310,0.0,0.0,0.0,0.99,3.17,0.0
20141215:0010,0.0,0.0,0.0,0.81,3.24,0.0
20141215:0110,0.0,0.0,0.0,0.36,3.17,0.0
20141215:0210,0.0,0.0,0.0,0.39,3.38,0.0
20141215:0310,0.0,0.0,0.0,0.48,3.59,0.0
20141215:0410,0.0,0.0,0.0,0.67,3.66,0.0
20141215:0510,0.0,0.0,0.0,0.79,3.72,0.0
20141215:0610,0.0,0.0,0.0,1.05,3.79,0.0
20141215:0710,0.0,0.0,0.0,2.41,3.93,0.0
20141215:0810,2667.88,54.75,3.42,3.12,3.86,0.0
20141215:0910,1322.94,32.89,10.0,3.75,3.66,0.0
20141215:1010,1970.36,43.85,14.81,4.21,3.38,0.0
20141215:1110,6957.75,119.81,17.45,4.56,3.17,0.0
20141215:1210,5932.34,105.07,17.67,4.91,2.97,0.0
20141215:1310,10053.71,164.95,15.43,5.48,2.9,0.0
20141215:1410,3419.3,67.17,10.97,5.84,2.97,0.0
20141215:1510,720.29,22.18,4.66,5.79,2.48,0.0
20141215:1610,0.0,0.0,0.0,5.46,2.41,0.0
20141215:1710,0.0,0.0,0.0,5.29,2.34,0.0
20141215:1810,0.0,0.0,0.0,5.21,2.28,0.0
20141215:1910,0.0,0.0,0.0,4.95,2.21,0.0
20141215:2010,0.0,0.0,0.0,5.1,2.14,0.0
20141215:2110,0.0,0.0,0.0,5.19,2.21,0.0
20141215:2210,0.0,0.0,0.0,5.36,2.07,0.0
20141215:2310,0.0,0.0,0.0,5.53,2.14,0.0
20141216:0010,0.0,0.0,0.0,5.68,2.07,0.0
20141216:0110,0.0,0.0,0.0,5.76,2.07,0.0
20141216:0210,0.0,0.0,0.0,5.91,1.93,0.0
20141216:0310,0.0,0.0,0.0,6.01,1.86,0.0
20141216:0410,0.0,0.0,0.0,6.13,1.86,0.0
20141216:0510,0.0,0.0,0.0,6.12,1.79,0.0
20141216:0610,0.0,0.0,0.0,6.13,1.72,0.0
20141216:0710,0.0,0.0,0.0,6.12,1.72,0.0
20141216:0810,818.96,24.06,3.32,6.17,1.79,0.0
20141216:0910,4507.7,83.88,9.92,6.75,2.76,0.0
20141216:1010,15641.47,246.8,14.74,7.32,3.1,0.0
20141216:1110,40315.8,621.88,17.39,7.65,2.9,0.0
20141216:1210,46602.6,728.5,17.63,8.06,2.48,0.0
20141216:1310,40820.54,633.4,15.41,8.44,2.76,0.0
20141216:1410,29105.37,451.17,10.97,8.36,2.69,0.0
20141216:1510,711.18,22.18,4.67,7.92,2.21,0.0
20141216:1610,0.0,0.0,0.0,6.9,2.21,0.0
20141216:1710,0.0,0.0,0.0,6.13,2.28,0.0
20141216:1810,0.0,0.0,0.0,5.27,2.28,0.0
20141216:1910,0.0,0.0,0.0,4.89,2.07,0.0
20141216:2010,0.0,0.0,0.0,4.7,2.0,0.0
20141216:2110,0.0,0.0,0.0,4.42,2.14,0.0
20141216:2210,0.0,0.0,0.0,4.22,2.14,0.0
20141216:2310,0.0,0.0,0.0,4.25,2.41,0.0
20141217:0010,0.0,0.0,0.0,4.35,2.62,0.0
20141217:0110,0.0,0.0,0.0,4.56,3.03,0.0
20141217:0210,0.0,0.0,0.0,4.99,3.79,0.0
20141217:0310,0.0,0.0,0.0,5.35,4.55,0.0
20141217:0410,0.0,0.0,0.0,5.7,5.1,0.0
20141217:0510,0.0,0.0,0.0,6.01,5.72,0.0
20141217:0610,0.0,0.0,0.0,6.28,6.28,0.0
20141217:0710,0.0,0.0,0.0,6.68,6.48,0.0
20141217:0810,777.22,23.34,3.23,7.13,6.07,0.0
20141217:0910,1505.1,36.54,9.83,7.87,5.38,0.0
20141217:1010,1926.34,43.85,14.67,8.79,4.9,0.0
20141217:1110,5928.55,106.74,17.34,9.65,5.03,0.0
20141217:1210,3947.56,76.73,17.59,10.18,5.03,0.0
20141217:1310,1801.11,42.02,15.4,10.58,4.83,0.0
20141217:1410,5775.99,104.52,10.97,10.76,4.55,0.0
20141217:1510,449.33,17.06,4.69,10.79,4.14,0.0
20141217:1610,0.0,0.0,0.0,10.81,4.0,0.0
20141217:1710,0.0,0.0,0.0,10.86,3.79,0.0
20141217:1810,0.0,0.0,0.0,10.86,3.59,0.0
20141217:1910,0.0,0.0,0.0,10.77,3.45,0.0
20141217:2010,0.0,0.0,0.0,10.76,3.45,0.0
20141217:2110,0.0,0.0,0.0,10.83,3.66,0.0
20141217:2210,0.0,0.0,0.0,10.9,3.86,0.0
20141217:2310,0.0,0.0,0.0,10.98,4.07,0.0
20141218:0010,0.0,0.0,0.0,11.06,4.21,0.0
20141218:0110,0.0,0.0,0.0,11.11,4.41,0.0
20141218:0210,0.0,0.0,0.0,11.24,4.48,0.0
20141218:0310,0.0,0.0,0.0,11.36,4.55,0.0
20141218:0410,0.0,0.0,0.0,11.42,4.62,0.0
20141218:0510,0.0,0.0,0.0,11.48,4.55,0.0
20141218:0610,0.0,0.0,0.0,11.48,4.55,0.0
20141218:0710,0.0,0.0,0.0,11.38,4.83,0.0
20141218:0810,1996.93,45.42,3.15,11.36,4.97,0.0
20141218:0910,4124.41,79.34,9.76,11.42,5.03,0.0
20141218:1010,6921.32,122.18,14.61,11.64,5.24,0.0
20141218:1110,12159.18,199.63,17.3,11.78,5.52,0.0
20141218:1210,7878.42,136.83,17.57,11.82,5.52,0.0
20141218:1310,2277.0,50.24,15.39,11.78,5.31,0.0
20141218:1410,1631.09,39.28,10.98,11.73,5.03,0.0
20141218:1510,654.26,21.32,4.72,11.56,4.69,0.0
20141218:1610,0.0,0.0,0.0,11.35,4.62,0.0
20141218:1710,0.0,0.0,0.0,11.01,4.69,0.0
20141218:1810,0.0,0.0,0.0,10.8,4.76,0.0
20141218:1910,0.0,0.0,0.0,11.19,5.17,0.0
20141218:2010,0.0,0.0,0.0,11.13,5.31,0.0
20141218:2110,0.0,0.0,0.0,11.05,5.38,0.0
20141218:2210,0.0,0.0,0.0,11.01,5.45,0.0
20141218:2310,0.0,0.0,0.0,10.95,5.45,0.0
20141219:0010,0.0,0.0,0.0,10.86,5.52,0.0
20141219:0110,0.0,0.0,0.0,10.81,5.52,0.0
20141219:0210,0.0,0.0,0.0,10.85,5.66,0.0
20141219:0310,0.0,0.0,0.0,10.86,5.79,0.0
20141219:0410,0.0,0.0,0.0,10.93,6.07,0.0
20141219:0510,0.0,0.0,0.0,10.92,6.07,0.0
20141219:0610,0.0,0.0,0.0,10.92,6.14,0.0
20141219:0710,0.0,0.0,0.0,10.95,6.41,0.0
20141219:0810,49.34,7.31,3.07,11.01,6.69,0.0
20141219:0910,1637.16,39.28,9.69,11.2,6.9,0.0
20141219:1010,875.13,25.58,14.55,11.24,7.03,0.0
20141219:1110,4055.34,78.56,17.26,10.86,6.9,0.0
20141219:1210,4349.07,83.13,17.55,10.81,6.97,0.0
20141219:1310,1072.47,29.23,15.39,11.03,6.76,0.0
20141219:1410,1221.99,31.97,11.0,11.26,6.28,0.0
20141219:1510,330.92,14.5,4.75,11.12,5.86,0.0
20141219:1610,0.0,0.0,0.0,10.87,5.1,0.0
20141219:1710,0.0,0.0,0.0,9.97,4.41,0.0
20141219:1810,0.0,0.0,0.0,8.9,3.93,0.0
20141219:1910,0.0,0.0,0.0,8.67,4.07,0.0
20141219:2010,0.0,0.0,0.0,7.61,3.38,0.0
20141219:2110,0.0,0.0,0.0,6.38,2.55,0.0
20141219:2210,0.0,0.0,0.0,5.87,2.55,0.0
20141219:2310,0.0,0.0,0.0,5.28,2.83,0.0
20141220:0010,0.0,0.0,0.0,4.98,2.9,0.0
20141220:0110,0.0,0.0,0.0,4.8,2.97,0.0
20141220:0210,0.0,0.0,0.0,4.64,3.1,0.0
20141220:0310,0.0,0.0,0.0,4.83,3.1,0.0
20141220:0410,0.0,0.0,0.0,5.15,3.1,0.0
20141220:0510,0.0,0.0,0.0,5.56,3.1,0.0
20141220:0610,0.0,0.0,0.0,5.51,3.03,0.0
20141220:0710,0.0,0.0,0.0,5.37,3.1,0.0
20141220:0810,0.0,2.74,2.99,5.33,3.38,0.0
20141220:0910,16231.22,253.63,9.63,6.2,3.66,0.0
20141220:1010,6747.51,117.64,14.51,7.18,3.66,0.0
20141220:1110,21576.85,333.53,17.23,8.08,4.34,0.0
20141220:1210,11516.31,188.16,17.54,8.7,4.69,0.0
20141220:1310,7205.95,125.25,15.4,9.22,6.07,0.0
20141220:1410,1975.68,44.76,11.03,9.28,4.83,0.0
20141220:1510,620.86,20.47,4.79,9.04,4.55,0.0
20141220:1610,0.0,0.0,0.0,8.52,3.93,0.0
20141220:1710,0.0,0.0,0.0,8.29,3.79,0.0
20141220:1810,0.0,0.0,0.0,7.86,3.45,0.0
20141220:1910,0.0,0.0,0.0,7.24,3.31,0.0
20141220:2010,0.0,0.0,0.0,7.2,3.1,0.0
20141220:2110,0.0,0.0,0.0,6.89,2.83,0.0
20141220:2210,0.0,0.0,0.0,6.39,2.76,0.0
20141220:2310,0.0,0.0,0.0,6.19,2.69,0.0
20141221:0010,0.0,0.0,0.0,5.57,2.55,0.0
20141221:0110,0.0,0.0,0.0,5.19,2.48,0.0
20141221:0210,0.0,0.0,0.0,4.84,2.41,0.0
20141221:0310,0.0,0.0,0.0,4.69,2.41,0.0
20141221:0410,0.0,0.0,0.0,4.54,2.34,0.0
20141221:0510,0.0,0.0,0.0,4.53,2.34,0.0
20141221:0610,0.0,0.0,0.0,4.71,2.34,0.0
20141221:0710,0.0,0.0,0.0,5.36,2.28,0.0
20141221:0810,0.0,5.48,2.93,5.66,2.41,0.0
20141221:0910,1359.37,33.8,9.57,6.0,2.55,0.0
20141221:1010,1146.85,30.14,14.47,6.78,2.69,0.0
20141221:1110,6869.71,120.02,17.21,7.67,3.17,0.0
20141221:1210,1982.51,44.76,17.54,8.5,3.52,0.0
20141221:1310,935.09,26.49,15.42,8.91,3.72,0.0
20141221:1410,1815.53,42.02,11.06,8.95,3.79,0.0
20141221:1510,414.41,16.21,4.84,8.73,4.07,0.0
20141221:1610,0.0,0.0,0.0,8.09,4.0,0.0
20141221:1710,0.0,0.0,0.0,7.58,4.0,0.0
20141221:1810,0.0,0.0,0.0,7.22,4.0,0.0
20141221:1910,0.0,0.0,0.0,7.55,4.07,0.0
20141221:2010,0.0,0.0,0.0,7.71,4.41,0.0
20141221:2110,0.0,0.0,0.0,7.73,4.41,0.0
20141221:2210,0.0,0.0,0.0,7.48,4.34,0.0
20141221:2310,0.0,0.0,0.0,7.34,4.34,0.0
20141222:0010,0.0,0.0,0.0,7.53,4.41,0.0
20141222:0110,0.0,0.0,0.0,7.27,4.41,0.0
20141222:0210,0.0,0.0,0.0,7.02,4.41,0.0
20141222:0310,0.0,0.0,0.0,6.82,4.41,0.0
20141222:0410,0.0,0.0,0.0,6.62,4.48,0.0
20141222:0510,0.0,0.0,0.0,7.04,4.55,0.0
20141222:0610,0.0,0.0,0.0,7.14,4.55,0.0
20141222:0710,0.0,0.0,0.0,6.82,4.69,0.0
20141222:0810,187.47,10.96,2.87,6.9,4.69,0.0
20141222:0910,11875.31,191.32,9.53,7.3,4.83,0.0
20141222:1010,11436.61,185.96,14.43,7.89,4.28,0.0
20141222:1110,3334.29,66.68,17.19,8.76,5.03,0.0
20141222:1210,3150.61,63.94,17.54,9.48,5.31,0.0
20141222:1310,4683.03,87.97,15.44,10.28,5.93,0.0
20141222:1410,2073.59,46.59,11.1,10.38,5.17,0.0
20141222:1510,34.91,6.82,4.89,10.1,4.83,0.0
20141222:1610,0.0,0.0,0.0,9.67,4.48,0.0
20141222:1710,0.0,0.0,0.0,9.6,4.55,0.0
20141222:1810,0.0,0.0,0.0,9.34,4.55,0.0
20141222:1910,0.0,0.0,0.0,9.15,4.62,0.0
20141222:2010,0.0,0.0,0.0,8.88,4.62,0.0
20141222:2110,0.0,0.0,0.0,8.85,4.55,0.0
20141222:2210,0.0,0.0,0.0,8.83,4.48,0.0
20141222:2310,0.0,0.0,0.0,8.81,4.34,0.0
20141223:0010,0.0,0.0,0.0,8.72,4.14,0.0
20141223:0110,0.0,0.0,0.0,8.63,4.0,0.0
20141223:0210,0.0,0.0,0.0,8.52,3.86,0.0
20141223:0310,0.0,0.0,0.0,8.34,3.66,0.0
20141223:0410,0.0,0.0,0.0,8.34,3.52,0.0
20141223:0510,0.0,0.0,0.0,8.11,3.45,0.0
20141223:0610,0.0,0.0,0.0,8.1,3.52,0.0
20141223:0710,0.0,0.0,0.0,8.27,3.59,0.0
20141223:0810,50.85,7.31,2.82,8.14,3.59,0.0
20141223:0910,2799.95,57.87,9.49,8.25,3.31,0.0
20141223:1010,1290.3,32.89,14.41,8.49,4.0,0.0
20141223:1110,3390.45,67.6,17.19,8.71,3.86,0.0
20141223:1210,2365.8,51.15,17.55,8.82,3.86,0.0
20141223:1310,1815.53,42.02,15.47,8.91,3.86,0.0
20141223:1410,935.09,26.49,11.15,8.89,3.38,0.0
20141223:1510,579.12,19.62,4.95,8.68,2.9,0.0
20141223:1610,0.0,0.0,0.0,8.13,2.76,0.0
20141223:1710,0.0,0.0,0.0,7.56,3.03,0.0
20141223:1810,0.0,0.0,0.0,7.25,3.45,0.0
20141223:1910,0.0,0.0,0.0,6.57,3.66,0.0
20141223:2010,0.0,0.0,0.0,6.27,4.0,0.0
20141223:2110,0.0,0.0,0.0,6.01,4.14,0.0
20141223:2210,0.0,0.0,0.0,6.05,4.07,0.0
20141223:2310,0.0,0.0,0.0,6.14,4.14,0.0
20141224:0010,0.0,0.0,0.0,6.47,4.21,0.0
20141224:0110,0.0,0.0,0.0,6.83,4.41,0.0
20141224:0210,0.0,0.0,0.0,6.89,4.41,0.0
20141224:0310,0.0,0.0,0.0,7.13,4.48,0.0
20141224:0410,0.0,0.0,0.0,7.58,4.62,0.0
20141224:0510,0.0,0.0,0.0,7.94,4.69,0.0
20141224:0610,0.0,0.0,0.0,8.19,4.9,0.0
20141224:0710,0.0,0.0,0.0,8.48,4.97,0.0
20141224:0810,3461.04,68.73,2.77,8.87,5.17,0.0
20141224:0910,3335.05,66.46,9.45,9.18,5.31,0.0
20141224:1010,981.39,27.4,14.39,9.54,4.83,0.0
20141224:1110,2247.4,49.33,17.19,9.71,6.62,0.0
20141224:1210,6498.56,115.31,17.58,9.87,5.93,0.0
20141224:1310,6577.49,116.39,15.51,9.98,5.72,0.0
20141224:1410,831.86,24.66,11.2,10.26,5.66,0.0
20141224:1510,924.46,26.44,5.02,10.41,5.59,0.0
20141224:1610,0.0,0.0,0.0,10.49,5.31,0.0
20141224:1710,0.0,0.0,0.0,10.55,4.83,0.0
20141224:1810,0.0,0.0,0.0,10.37,4.07,0.0
20141224:1910,0.0,0.0,0.0,9.71,4.07,0.0
20141224:2010,0.0,0.0,0.0,8.67,3.79,0.0
20141224:2110,0.0,0.0,0.0,7.67,3.1,0.0
20141224:2210,0.0,0.0,0.0,6.79,2.55,0.0
20141224:2310,0.0,0.0,0.0,5.6,2.34,0.0
20141225:0010,0.0,0.0,0.0,5.04,2.28,0.0
20141225:0110,0.0,0.0,0.0,5.19,2.21,0.0
20141225:0210,0.0,0.0,0.0,5.13,2.28,0.0
20141225:0310,0.0,0.0,0.0,4.86,2.41,0.0
20141225:0410,0.0,0.0,0.0,5.14,2.55,0.0
20141225:0510,0.0,0.0,0.0,5.29,2.62,0.0
20141225:0610,0.0,0.0,0.0,5.29,2.69,0.0
20141225:0710,0.0,0.0,0.0,4.76,2.83,0.0
20141225:0810,661.09,20.96,2.73,4.6,2.97,0.0
20141225:0910,6017.35,105.73,9.43,5.39,3.03,0.0
20141225:1010,4566.14,85.0,14.38,6.45,2.9,0.0
20141225:1110,10342.89,170.42,17.2,7.19,3.17,0.0
20141225:1210,34245.32,524.73,17.6,7.8,3.52,0.0
20141225:1310,31914.43,487.8,15.56,8.17,4.34,0.0
20141225:1410,5741.08,102.94,11.26,7.93,3.52,0.0
20141225:1510,582.91,19.62,5.09,7.53,3.03,0.0
20141225:1610,0.0,0.0,0.0,6.46,2.69,0.0
20141225:1710,0.0,0.0,0.0,5.49,2.55,0.0
20141225:1810,0.0,0.0,0.0,5.02,2.48,0.0
20141225:1910,0.0,0.0,0.0,4.33,2.69,0.0
20141225:2010,0.0,0.0,0.0,4.2,2.62,0.0
20141225:2110,0.0,0.0,0.0,3.74,2.62,0.0
20141225:2210,0.0,0.0,0.0,3.11,2.48,0.0
20141225:2310,0.0,0.0,0.0,2.54,2.41,0.0
20141226:0010,0.0,0.0,0.0,1.98,2.41,0.0
20141226:0110,0.0,0.0,0.0,1.46,2.28,0.0
20141226:0210,0.0,0.0,0.0,0.98,2.21,0.0
20141226:0310,0.0,0.0,0.0,0.55,2.14,0.0
20141226:0410,0.0,0.0,0.0,0.24,2.0,0.0
20141226:0510,0.0,0.0,0.0,-0.28,1.93,0.0
20141226:0610,0.0,0.0,0.0,-0.47,1.79,0.0
20141226:0710,0.0,0.0,0.0,-0.7,1.59,0.0
20141226:0810,2957.82,58.68,2.7,-0.72,1.52,0.0
20141226:0910,16186.43,249.37,9.41,0.58,0.9,0.0
20141226:1010,13667.31,215.29,14.38,2.61,0.97,0.0
20141226:1110,26262.92,402.03,17.21,3.88,1.1,0.0
20141226:1210,24731.26,380.06,17.64,4.86,1.38,0.0
20141226:1310,10776.28,175.7,15.61,5.36,1.86,0.0
20141226:1410,14440.73,228.51,11.33,5.52,2.34,0.0
20141226:1510,951.03,26.44,5.17,5.09,2.48,0.0
20141226:1610,0.0,0.0,0.0,4.44,2.83,0.0
20141226:1710,0.0,0.0,0.0,4.17,3.24,0.0
20141226:1810,0.0,0.0,0.0,4.12,3.72,0.0
20141226:1910,0.0,0.0,0.0,4.23,4.21,0.0
20141226:2010,0.0,0.0,0.0,4.22,4.76,0.0
20141226:2110,0.0,0.0,0.0,4.32,5.66,0.0
20141226:2210,0.0,0.0,0.0,4.16,6.41,0.0
20141226:2310,0.0,0.0,0.0,3.67,6.21,0.0
20141227:0010,0.0,0.0,0.0,3.74,6.14,0.0
20141227:0110,0.0,0.0,0.0,4.88,6.55,0.0
20141227:0210,0.0,0.0,0.0,6.96,6.97,0.0
20141227:0310,0.0,0.0,0.0,8.13,7.59,0.0
20141227:0410,0.0,0.0,0.0,7.48,8.21,0.0
20141227:0510,0.0,0.0,0.0,6.6,8.9,0.0
20141227:0610,0.0,0.0,0.0,5.35,8.55,0.0
20141227:0710,0.0,0.0,0.0,4.46,8.62,0.0
20141227:0810,724.09,22.12,2.67,4.17,8.83,0.0
20141227:0910,4790.05,86.94,9.39,4.36,8.97,0.0
20141227:1010,3471.67,67.6,14.38,4.44,9.59,0.0
20141227:1110,19693.01,298.6,17.24,4.67,9.86,0.0
20141227:1210,12043.05,192.12,17.68,5.01,7.66,0.0
20141227:1310,7397.97,125.87,15.67,5.21,8.0,0.0
20141227:1410,1804.14,41.11,11.41,4.59,8.41,0.0
20141227:1510,862.98,24.74,5.26,4.44,7.59,0.0
20141227:1610,0.0,0.0,0.0,3.8,6.34,0.0
20141227:1710,0.0,0.0,0.0,3.57,5.79,0.0
20141227:1810,0.0,0.0,0.0,3.15,5.24,0.0
20141227:1910,0.0,0.0,0.0,2.95,5.17,0.0
20141227:2010,0.0,0.0,0.0,2.73,4.83,0.0
20141227:2110,0.0,0.0,0.0,2.67,4.83,0.0
20141227:2210,0.0,0.0,0.0,2.34,4.69,0.0
20141227:2310,0.0,0.0,0.0,2.11,4.76,0.0
20141228:0010,0.0,0.0,0.0,1.91,5.24,0.0
20141228:0110,0.0,0.0,0.0,1.25,5.45,0.0
20141228:0210,0.0,0.0,0.0,0.7,5.52,0.0
20141228:0310,0.0,0.0,0.0,0.31,5.79,0.0
20141228:0410,0.0,0.0,0.0,-0.25,6.0,0.0
20141228:0510,0.0,0.0,0.0,-0.7,5.86,0.0
20141228:0610,0.0,0.0,0.0,-1.22,5.93,0.0
20141228:0710,0.0,0.0,0.0,-0.93,6.28,0.0
20141228:0810,1448.17,34.42,2.65,-1.19,6.41,0.0
20141228:0910,6941.81,115.68,9.39,-1.37,6.62,0.0
20141228:1010,9875.35,157.0,14.4,-1.33,6.69,0.0
20141228:1110,39759.46,577.74,17.27,-1.03,6.21,0.0
20141228:1210,53045.75,778.8,17.73,-0.46,6.07,0.0
20141228:1310,45001.87,659.09,15.74,-0.27,5.66,0.0
20141228:1410,33855.95,497.39,11.49,-0.2,5.31,0.0
20141228:1510,933.57,25.59,5.35,-0.49,4.69,0.0
20141228:1610,0.0,0.0,0.0,-1.36,4.41,0.0
20141228:1710,0.0,0.0,0.0,-2.01,4.21,0.0
20141228:1810,0.0,0.0,0.0,-2.59,3.79,0.0
20141228:1910,0.0,0.0,0.0,-3.14,3.59,0.0
20141228:2010,0.0,0.0,0.0,-3.42,3.66,0.0
20141228:2110,0.0,0.0,0.0,-3.6,3.72,0.0
20141228:2210,0.0,0.0,0.0,-3.72,3.45,0.0
20141228:2310,0.0,0.0,0.0,-3.9,2.69,0.0
20141229:0010,0.0,0.0,0.0,-4.22,2.07,0.0
20141229:0110,0.0,0.0,0.0,-4.64,1.86,0.0
20141229:0210,0.0,0.0,0.0,-5.12,1.86,0.0
20141229:0310,0.0,0.0,0.0,-5.43,1.66,0.0
20141229:0410,0.0,0.0,0.0,-5.56,1.72,0.0
20141229:0510,0.0,0.0,0.0,-5.4,1.79,0.0
20141229:0610,0.0,0.0,0.0,-5.08,2.0,0.0
20141229:0710,0.0,0.0,0.0,-4.29,2.21,0.0
20141229:0810,11353.12,179.58,2.64,-3.25,2.48,0.0
20141229:0910,30602.88,451.02,9.39,-1.87,2.76,0.0
20141229:1010,31551.63,468.73,14.42,0.35,2.76,0.0
20141229:1110,48173.73,727.97,17.31,2.12,3.1,0.0
20141229:1210,47001.08,710.02,17.79,3.4,3.72,0.0
20141229:1310,34884.4,522.48,15.82,3.92,4.41,0.0
20141229:1410,13095.03,206.92,11.58,4.0,3.93,0.0
20141229:1510,1102.83,29.0,5.45,3.49,3.45,0.0
20141229:1610,0.0,0.0,0.0,2.87,3.38,0.0
20141229:1710,0.0,0.0,0.0,2.57,3.38,0.0
20141229:1810,0.0,0.0,0.0,2.67,3.52,0.0
20141229:1910,0.0,0.0,0.0,2.6,3.45,0.0
20141229:2010,0.0,0.0,0.0,2.8,3.45,0.0
20141229:2110,0.0,0.0,0.0,2.65,3.17,0.0
20141229:2210,0.0,0.0,0.0,2.3,2.83,0.0
20141229:2310,0.0,0.0,0.0,2.18,2.62,0.0
20141230:0010,0.0,0.0,0.0,2.13,2.62,0.0
20141230:0110,0.0,0.0,0.0,2.2,2.48,0.0
20141230:0210,0.0,0.0,0.0,2.22,2.34,0.0
20141230:0310,0.0,0.0,0.0,2.08,2.28,0.0
20141230:0410,0.0,0.0,0.0,1.48,2.28,0.0
20141230:0510,0.0,0.0,0.0,1.43,2.14,0.0
20141230:0610,0.0,0.0,0.0,1.12,2.07,0.0
20141230:0710,0.0,0.0,0.0,0.45,2.0,0.0
20141230:0810,5170.31,92.32,2.63,0.04,1.93,0.0
20141230:0910,29837.81,447.73,9.4,0.28,1.59,0.0
20141230:1010,29364.19,440.64,14.44,1.79,2.28,0.0
20141230:1110,47029.92,718.94,17.36,2.86,2.21,0.0
20141230:1210,20858.84,319.09,17.86,3.69,2.48,0.0
20141230:1310,12027.87,192.5,15.9,4.19,2.55,0.0
20141230:1410,9413.12,154.97,11.68,4.43,2.62,0.0
20141230:1510,1193.91,30.71,5.55,4.27,2.0,0.0
20141230:1610,0.0,0.0,0.0,3.84,1.72,0.0
20141230:1710,0.0,0.0,0.0,2.97,1.86,0.0
20141230:1810,0.0,0.0,0.0,2.6,1.79,0.0
20141230:1910,0.0,0.0,0.0,2.69,1.66,0.0
20141230:2010,0.0,0.0,0.0,1.8,1.93,0.0
20141230:2110,0.0,0.0,0.0,1.0,1.93,0.0
20141230:2210,0.0,0.0,0.0,0.62,1.86,0.0
20141230:2310,0.0,0.0,0.0,0.0,1.93,0.0
20141231:0010,0.0,0.0,0.0,-0.63,1.93,0.0
20141231:0110,0.0,0.0,0.0,-1.07,1.93,0.0
20141231:0210,0.0,0.0,0.0,-1.08,1.93,0.0
20141231:0310,0.0,0.0,0.0,-1.29,1.86,0.0
20141231:0410,0.0,0.0,0.0,-0.87,1.72,0.0
20141231:0510,0.0,0.0,0.0,-1.03,1.66,0.0
20141231:0610,0.0,0.0,0.0,-1.46,1.52,0.0
20141231:0710,0.0,0.0,0.0,-1.56,1.66,0.0
20141231:0810,4422.69,80.81,2.63,-1.24,1.66,0.0
20141231:0910,17252.83,262.91,9.42,-0.53,1.38,0.0
20141231:1010,17544.29,270.15,14.48,2.08,1.31,0.0
20141231:1110,30735.7,467.79,17.41,3.21,1.38,0.0
20141231:1210,46279.27,719.06,17.93,4.27,1.45,0.0
20141231:1310,42247.46,654.88,15.99,4.86,1.38,0.0
20141231:1410,9991.48,164.34,11.78,5.15,1.24,0.0
20141231:1510,951.79,26.44,5.67,4.92,0.97,0.0
20141231:1610,0.0,0.0,0.0,3.81,0.83,0.0
20141231:1710,0.0,0.0,0.0,3.33,0.83,0.0
20141231:1810,0.0,0.0,0.0,1.34,1.24,0.0
20141231:1910,0.0,0.0,0.0,2.16,0.69,0.0
20141231:2010,0.0,0.0,0.0,1.44,0.9,0.0
20141231:2110,0.0,0.0,0.0,-0.09,1.17,0.0
20141231:2210,0.0,0.0,0.0,0.37,0.28,0.0
20141231:2310,0.0,0.0,0.0,0.03,0.21,0.0

P: PV system power (W)
G(i): Global irradiance on the inclined plane (plane of the array) (W/m2)
H_sun: Sun height (degree)
T2m: 2-m air temperature (degree Celsius)
WS10m: 10-m total wind speed (m/s)
Int: 1 means solar radiation values are reconstructed



PVGIS (c) European Union, 2001-2024