Latitude (decimal degrees):	33.967
Longitude (decimal degrees):	-6.843
Elevation (m):	87
Radiation database:	PVGIS-SARAH3


Slope: 30 deg. (optimum)
Azimuth: 8 deg. (optimum)
Nominal power of the PV system (c-Si) (kWp):	75.9
System losses (%):	14.0
time,P,G(i),H_sun,T2m,WS10m,Int
20140101:0009,0.0,0.0,0.0,5.64,2.0,0.0
20140101:0109,0.0,0.0,0.0,5.38,1.93,0.0
20140101:0209,0.0,0.0,0.0,5.5,1.79,0.0
20140101:0309,0.0,0.0,0.0,5.5,1.59,0.0
20140101:0409,0.0,0.0,0.0,5.31,1.52,0.0
20140101:0509,0.0,0.0,0.0,4.98,1.52,0.0
20140101:0609,0.0,0.0,0.0,4.73,1.52,0.0
20140101:0709,0.0,0.0,0.0,4.86,2.0,0.0
20140101:0809,9907.23,178.33,5.79,4.82,2.0,0.0
20140101:0909,29071.22,459.32,15.63,7.32,1.52,0.0
20140101:1009,42223.93,681.98,23.88,11.54,1.17,0.0
20140101:1109,49967.25,831.7,29.85,14.02,1.03,0.0
20140101:1209,54745.91,928.55,32.8,15.68,1.17,0.0
20140101:1309,54145.54,911.97,32.28,16.7,1.72,0.0
20140101:1409,50770.27,844.2,28.36,16.97,2.07,0.0
20140101:1509,39043.72,635.76,21.64,16.5,2.07,0.0
20140101:1609,23232.99,378.63,12.85,15.53,1.79,0.0
20140101:1709,1312.31,35.45,2.64,13.83,1.86,0.0
20140101:1809,0.0,0.0,0.0,12.39,0.97,0.0
20140101:1909,0.0,0.0,0.0,11.27,1.59,0.0
20140101:2009,0.0,0.0,0.0,10.02,1.52,0.0
20140101:2109,0.0,0.0,0.0,9.07,1.38,0.0
20140101:2209,0.0,0.0,0.0,8.35,1.93,0.0
20140101:2309,0.0,0.0,0.0,7.89,2.07,0.0
20140102:0009,0.0,0.0,0.0,7.82,2.21,0.0
20140102:0109,0.0,0.0,0.0,7.92,2.07,0.0
20140102:0209,0.0,0.0,0.0,8.08,2.28,0.0
20140102:0309,0.0,0.0,0.0,8.31,2.34,0.0
20140102:0409,0.0,0.0,0.0,8.04,2.14,0.0
20140102:0509,0.0,0.0,0.0,8.14,2.28,0.0
20140102:0609,0.0,0.0,0.0,8.03,2.48,0.0
20140102:0709,0.0,0.0,0.0,8.77,2.62,0.0
20140102:0809,5096.69,100.12,5.77,8.95,2.55,0.0
20140102:0909,13549.67,223.5,15.63,10.83,2.07,0.0
20140102:1009,14584.19,241.4,23.9,13.79,1.93,0.0
20140102:1109,47310.75,779.48,29.89,16.21,2.0,0.0
20140102:1209,52528.11,881.53,32.88,17.69,2.0,0.0
20140102:1309,45063.35,749.26,32.38,18.53,2.07,0.0
20140102:1409,47518.71,792.97,28.48,18.83,2.07,0.0
20140102:1509,40151.1,661.68,21.77,18.75,2.07,0.0
20140102:1609,25314.17,416.36,12.99,18.05,1.93,0.0
20140102:1709,3866.35,81.82,2.78,16.58,1.59,0.0
20140102:1809,0.0,0.0,0.0,14.91,1.1,0.0
20140102:1909,0.0,0.0,0.0,14.32,0.48,0.0
20140102:2009,0.0,0.0,0.0,11.82,1.59,0.0
20140102:2109,0.0,0.0,0.0,10.66,1.93,0.0
20140102:2209,0.0,0.0,0.0,9.99,1.93,0.0
20140102:2309,0.0,0.0,0.0,9.57,1.93,0.0
20140103:0009,0.0,0.0,0.0,9.17,1.93,0.0
20140103:0109,0.0,0.0,0.0,8.81,1.93,0.0
20140103:0209,0.0,0.0,0.0,8.53,1.93,0.0
20140103:0309,0.0,0.0,0.0,8.33,2.0,0.0
20140103:0409,0.0,0.0,0.0,8.18,2.0,0.0
20140103:0509,0.0,0.0,0.0,8.01,2.0,0.0
20140103:0609,0.0,0.0,0.0,7.92,2.07,0.0
20140103:0709,0.0,0.0,0.0,8.29,2.21,0.0
20140103:0809,5438.24,105.91,5.75,8.45,2.21,0.0
20140103:0909,16165.94,263.67,15.63,10.77,1.66,0.0
20140103:1009,39518.09,643.22,23.93,14.66,1.45,0.0
20140103:1109,48629.89,812.07,29.95,16.92,1.52,0.0
20140103:1209,51578.6,876.25,32.96,18.22,1.38,0.0
20140103:1309,49240.13,835.3,32.49,19.08,1.45,0.0
20140103:1409,48044.7,809.93,28.6,19.37,1.66,0.0
20140103:1509,40176.91,663.99,21.9,19.16,2.0,0.0
20140103:1609,26100.49,429.4,13.12,18.39,2.07,0.0
20140103:1709,3773.75,80.13,2.92,16.85,1.72,0.0
20140103:1809,0.0,0.0,0.0,15.19,1.59,0.0
20140103:1909,0.0,0.0,0.0,13.98,1.17,0.0
20140103:2009,0.0,0.0,0.0,13.14,1.03,0.0
20140103:2109,0.0,0.0,0.0,11.94,1.66,0.0
20140103:2209,0.0,0.0,0.0,11.51,1.93,0.0
20140103:2309,0.0,0.0,0.0,11.24,2.0,0.0
20140104:0009,0.0,0.0,0.0,11.86,2.07,0.0
20140104:0109,0.0,0.0,0.0,12.34,2.21,0.0
20140104:0209,0.0,0.0,0.0,12.85,2.41,0.0
20140104:0309,0.0,0.0,0.0,13.11,2.62,0.0
20140104:0409,0.0,0.0,0.0,13.11,2.62,0.0
20140104:0509,0.0,0.0,0.0,13.04,2.55,0.0
20140104:0609,0.0,0.0,0.0,13.12,2.76,0.0
20140104:0709,0.0,0.0,0.0,13.58,2.9,0.0
20140104:0809,9039.69,170.87,5.74,13.63,2.55,0.0
20140104:0909,22216.69,362.13,15.64,14.61,2.48,0.0
20140104:1009,22307.01,359.62,23.96,15.72,3.93,0.0
20140104:1109,46576.79,753.61,30.01,16.59,3.72,0.0
20140104:1209,23104.72,376.57,33.05,17.6,3.66,0.0
20140104:1309,12175.12,208.8,32.6,18.43,3.66,0.0
20140104:1409,20450.5,336.1,28.74,18.55,3.59,0.0
20140104:1509,25805.24,419.08,22.04,18.2,3.1,0.0
20140104:1609,4359.7,86.05,13.27,18.31,2.9,0.0
20140104:1709,2942.64,65.43,3.06,17.17,2.76,0.0
20140104:1809,0.0,0.0,0.0,15.57,2.69,0.0
20140104:1909,0.0,0.0,0.0,14.82,1.72,0.0
20140104:2009,0.0,0.0,0.0,14.13,1.45,0.0
20140104:2109,0.0,0.0,0.0,13.49,1.31,0.0
20140104:2209,0.0,0.0,0.0,13.7,0.76,0.0
20140104:2309,0.0,0.0,0.0,13.13,0.9,0.0
20140105:0009,0.0,0.0,0.0,11.31,1.45,0.0
20140105:0109,0.0,0.0,0.0,10.68,1.59,0.0
20140105:0209,0.0,0.0,0.0,10.97,1.66,0.0
20140105:0309,0.0,0.0,0.0,10.78,1.66,0.0
20140105:0409,0.0,0.0,0.0,10.81,1.45,0.0
20140105:0509,0.0,0.0,0.0,10.81,1.72,0.0
20140105:0609,0.0,0.0,0.0,10.83,1.93,0.0
20140105:0709,0.0,0.0,0.0,10.69,1.66,0.0
20140105:0809,3778.3,78.41,5.74,10.66,1.59,0.0
20140105:0909,24841.31,399.94,15.66,11.25,1.59,0.0
20140105:1009,41000.42,660.32,24.0,12.65,1.66,0.0
20140105:1109,50109.18,820.38,30.08,14.27,2.07,0.0
20140105:1209,54874.18,907.23,33.15,15.78,2.62,0.0
20140105:1309,54163.76,897.15,32.73,17.07,2.9,0.0
20140105:1409,50505.38,835.01,28.88,17.81,2.76,0.0
20140105:1509,41469.48,678.44,22.19,18.13,2.62,0.0
20140105:1609,27081.12,443.46,13.41,17.92,2.34,0.0
20140105:1709,5573.34,110.33,3.2,16.66,2.0,0.0
20140105:1809,0.0,0.0,0.0,14.66,2.28,0.0
20140105:1909,0.0,0.0,0.0,13.71,2.34,0.0
20140105:2009,0.0,0.0,0.0,12.72,2.14,0.0
20140105:2109,0.0,0.0,0.0,11.82,2.0,0.0
20140105:2209,0.0,0.0,0.0,10.98,1.86,0.0
20140105:2309,0.0,0.0,0.0,10.12,1.79,0.0
20140106:0009,0.0,0.0,0.0,9.24,1.66,0.0
20140106:0109,0.0,0.0,0.0,8.5,1.52,0.0
20140106:0209,0.0,0.0,0.0,7.99,1.52,0.0
20140106:0309,0.0,0.0,0.0,7.46,1.52,0.0
20140106:0409,0.0,0.0,0.0,7.0,1.59,0.0
20140106:0509,0.0,0.0,0.0,6.77,1.86,0.0
20140106:0609,0.0,0.0,0.0,6.65,2.07,0.0
20140106:0709,0.0,0.0,0.0,6.95,1.93,0.0
20140106:0809,9229.44,169.75,5.74,6.99,1.93,0.0
20140106:0909,27671.62,442.87,15.68,9.68,1.38,0.0
20140106:1009,41265.31,673.25,24.04,13.6,1.1,0.0
20140106:1109,49297.05,825.51,30.15,16.17,1.24,0.0
20140106:1209,54000.57,918.38,33.26,17.56,1.45,0.0
20140106:1309,53070.04,903.45,32.86,18.35,1.52,0.0
20140106:1409,49212.8,833.24,29.02,18.74,1.38,0.0
20140106:1509,41530.96,694.3,22.34,18.73,1.17,0.0
20140106:1609,27512.23,454.41,13.57,18.2,1.38,0.0
20140106:1709,4731.61,95.9,3.35,16.58,1.66,0.0
20140106:1809,0.0,0.0,0.0,14.34,1.59,0.0
20140106:1909,0.0,0.0,0.0,12.52,0.97,0.0
20140106:2009,0.0,0.0,0.0,11.28,1.1,0.0
20140106:2109,0.0,0.0,0.0,9.97,1.59,0.0
20140106:2209,0.0,0.0,0.0,9.33,1.72,0.0
20140106:2309,0.0,0.0,0.0,8.9,1.72,0.0
20140107:0009,0.0,0.0,0.0,8.48,1.72,0.0
20140107:0109,0.0,0.0,0.0,8.05,1.86,0.0
20140107:0209,0.0,0.0,0.0,7.86,1.86,0.0
20140107:0309,0.0,0.0,0.0,7.64,1.93,0.0
20140107:0409,0.0,0.0,0.0,7.49,1.86,0.0
20140107:0509,0.0,0.0,0.0,7.2,1.86,0.0
20140107:0609,0.0,0.0,0.0,7.05,1.93,0.0
20140107:0709,0.0,0.0,0.0,7.08,1.86,0.0
20140107:0809,8463.61,156.62,5.75,6.72,1.72,0.0
20140107:0909,28278.82,452.32,15.7,8.84,1.03,0.0
20140107:1009,40911.62,672.17,24.1,12.99,0.48,0.0
20140107:1109,48884.91,834.7,30.24,15.89,0.28,0.0
20140107:1209,52850.69,922.48,33.37,17.8,0.34,0.0
20140107:1309,52674.6,920.79,32.99,19.15,0.55,0.0
20140107:1409,49641.64,858.4,29.17,19.93,0.76,0.0
20140107:1509,41266.07,696.36,22.5,20.1,1.03,0.0
20140107:1609,27979.02,465.66,13.72,19.62,1.31,0.0
20140107:1709,7762.29,147.36,3.51,18.06,1.86,0.0
20140107:1809,0.0,0.0,0.0,15.84,2.21,0.0
20140107:1909,0.0,0.0,0.0,14.14,2.28,0.0
20140107:2009,0.0,0.0,0.0,12.84,2.34,0.0
20140107:2109,0.0,0.0,0.0,11.95,2.48,0.0
20140107:2209,0.0,0.0,0.0,11.25,2.55,0.0
20140107:2309,0.0,0.0,0.0,10.76,2.55,0.0
20140108:0009,0.0,0.0,0.0,10.36,2.55,0.0
20140108:0109,0.0,0.0,0.0,10.09,2.62,0.0
20140108:0209,0.0,0.0,0.0,9.93,2.62,0.0
20140108:0309,0.0,0.0,0.0,9.76,2.69,0.0
20140108:0409,0.0,0.0,0.0,9.6,2.76,0.0
20140108:0509,0.0,0.0,0.0,9.65,2.83,0.0
20140108:0609,0.0,0.0,0.0,9.95,2.9,0.0
20140108:0709,0.0,0.0,0.0,10.97,2.97,0.0
20140108:0809,8648.05,162.9,5.76,11.25,2.97,0.0
20140108:0909,25226.88,407.62,15.74,13.33,2.62,0.0
20140108:1009,40747.67,667.94,24.16,17.26,2.14,0.0
20140108:1109,48342.99,823.83,30.33,21.29,1.72,0.0
20140108:1209,51634.01,911.77,33.49,24.15,1.17,0.0
20140108:1309,49557.39,887.88,33.14,25.59,0.69,0.0
20140108:1409,47548.31,842.78,29.33,25.84,0.9,0.0
20140108:1509,41183.34,709.64,22.66,25.49,1.52,0.0
20140108:1609,26909.59,456.14,13.88,24.28,1.79,0.0
20140108:1709,5508.06,111.04,3.66,22.06,2.34,0.0
20140108:1809,0.0,0.0,0.0,19.38,2.69,0.0
20140108:1909,0.0,0.0,0.0,18.09,2.76,0.0
20140108:2009,0.0,0.0,0.0,16.72,2.69,0.0
20140108:2109,0.0,0.0,0.0,15.72,2.62,0.0
20140108:2209,0.0,0.0,0.0,15.09,2.69,0.0
20140108:2309,0.0,0.0,0.0,14.6,2.69,0.0
20140109:0009,0.0,0.0,0.0,14.09,2.62,0.0
20140109:0109,0.0,0.0,0.0,13.56,2.55,0.0
20140109:0209,0.0,0.0,0.0,12.99,2.48,0.0
20140109:0309,0.0,0.0,0.0,12.19,2.41,0.0
20140109:0409,0.0,0.0,0.0,10.98,2.14,0.0
20140109:0509,0.0,0.0,0.0,10.02,2.07,0.0
20140109:0609,0.0,0.0,0.0,9.54,2.14,0.0
20140109:0709,0.0,0.0,0.0,9.16,2.28,0.0
20140109:0809,5016.23,99.33,5.78,9.34,2.28,0.0
20140109:0909,19465.31,314.41,15.78,10.95,2.0,0.0
20140109:1009,38878.26,630.42,24.22,14.06,1.52,0.0
20140109:1109,50982.03,867.47,30.42,17.57,1.03,0.0
20140109:1209,51274.24,900.67,33.62,20.4,0.48,0.0
20140109:1309,53954.27,961.97,33.29,22.21,0.62,0.0
20140109:1409,48852.28,848.8,29.49,22.75,1.17,0.0
20140109:1509,40296.83,681.56,22.82,22.61,1.66,0.0
20140109:1609,16168.22,274.73,14.05,21.59,1.93,0.0
20140109:1709,7426.82,141.99,3.82,19.51,2.28,0.0
20140109:1809,0.0,0.0,0.0,17.0,2.48,0.0
20140109:1909,0.0,0.0,0.0,15.81,2.34,0.0
20140109:2009,0.0,0.0,0.0,14.65,2.21,0.0
20140109:2109,0.0,0.0,0.0,13.43,2.0,0.0
20140109:2209,0.0,0.0,0.0,11.77,1.72,0.0
20140109:2309,0.0,0.0,0.0,10.44,1.52,0.0
20140110:0009,0.0,0.0,0.0,9.88,1.59,0.0
20140110:0109,0.0,0.0,0.0,10.04,1.72,0.0
20140110:0209,0.0,0.0,0.0,10.57,2.14,0.0
20140110:0309,0.0,0.0,0.0,11.45,2.55,0.0
20140110:0409,0.0,0.0,0.0,12.5,2.55,0.0
20140110:0509,0.0,0.0,0.0,13.24,2.62,0.0
20140110:0609,0.0,0.0,0.0,13.28,2.55,0.0
20140110:0709,0.0,0.0,0.0,12.24,2.28,0.0
20140110:0809,2461.44,55.43,5.8,11.71,1.86,0.0
20140110:0909,19334.01,316.24,15.82,13.09,1.52,0.0
20140110:1009,22825.41,373.08,24.3,15.85,1.24,0.0
20140110:1109,15794.03,265.04,30.53,17.47,1.72,0.0
20140110:1209,11832.81,204.75,33.75,19.29,2.83,0.0
20140110:1309,17692.29,296.3,33.45,20.24,3.79,0.0
20140110:1409,7073.12,130.34,29.66,20.35,3.93,0.0
20140110:1509,9753.91,171.93,23.0,19.85,3.24,0.0
20140110:1609,5086.82,97.88,14.22,18.69,2.69,0.0
20140110:1709,2107.74,49.94,3.99,17.45,2.76,0.0
20140110:1809,0.0,0.0,0.0,15.97,2.55,0.0
20140110:1909,0.0,0.0,0.0,15.55,1.86,0.0
20140110:2009,0.0,0.0,0.0,14.34,2.0,0.0
20140110:2109,0.0,0.0,0.0,13.53,2.14,0.0
20140110:2209,0.0,0.0,0.0,13.07,2.34,0.0
20140110:2309,0.0,0.0,0.0,12.9,2.41,0.0
20140111:0009,0.0,0.0,0.0,12.76,2.34,0.0
20140111:0109,0.0,0.0,0.0,12.69,2.28,0.0
20140111:0209,0.0,0.0,0.0,12.54,2.34,0.0
20140111:0309,0.0,0.0,0.0,12.38,3.03,0.0
20140111:0409,0.0,0.0,0.0,12.11,3.45,0.0
20140111:0509,0.0,0.0,0.0,11.8,2.97,0.0
20140111:0609,0.0,0.0,0.0,11.33,2.83,0.0
20140111:0709,0.0,0.0,0.0,11.25,2.14,0.0
20140111:0809,2458.4,55.23,5.83,11.07,2.28,0.0
20140111:0909,12402.82,207.77,15.87,12.57,2.21,0.0
20140111:1009,8911.42,155.87,24.38,14.76,2.28,0.0
20140111:1109,7133.84,129.4,30.64,16.33,2.28,0.0
20140111:1209,16136.34,270.43,33.89,17.36,1.86,0.0
20140111:1309,32413.1,534.22,33.61,18.31,1.59,0.0
20140111:1409,48315.66,814.83,29.84,18.61,1.45,0.0
20140111:1509,38616.4,639.42,23.17,18.72,1.52,0.0
20140111:1609,26392.71,434.84,14.39,18.28,1.59,0.0
20140111:1709,6323.23,122.04,4.15,17.32,1.45,0.0
20140111:1809,0.0,0.0,0.0,15.79,1.52,0.0
20140111:1909,0.0,0.0,0.0,14.27,1.52,0.0
20140111:2009,0.0,0.0,0.0,12.97,1.79,0.0
20140111:2109,0.0,0.0,0.0,11.99,1.79,0.0
20140111:2209,0.0,0.0,0.0,11.2,1.59,0.0
20140111:2309,0.0,0.0,0.0,10.43,1.52,0.0
20140112:0009,0.0,0.0,0.0,9.58,1.45,0.0
20140112:0109,0.0,0.0,0.0,8.88,1.59,0.0
20140112:0209,0.0,0.0,0.0,8.82,1.93,0.0
20140112:0309,0.0,0.0,0.0,8.85,2.07,0.0
20140112:0409,0.0,0.0,0.0,8.79,2.07,0.0
20140112:0509,0.0,0.0,0.0,8.53,2.0,0.0
20140112:0609,0.0,0.0,0.0,8.36,2.07,0.0
20140112:0709,0.0,0.0,0.0,8.44,2.14,0.0
20140112:0809,8331.54,156.39,5.86,8.51,2.07,0.0
20140112:0909,26675.06,429.25,15.93,10.92,1.52,0.0
20140112:1009,39567.43,651.19,24.46,15.21,0.9,0.0
20140112:1109,47447.37,814.27,30.76,18.2,0.41,0.0
20140112:1209,52238.18,909.65,34.04,19.47,0.69,0.0
20140112:1309,52731.52,912.25,33.78,20.09,1.17,0.0
20140112:1409,49599.89,846.45,30.02,20.25,1.45,0.0
20140112:1509,42180.67,704.24,23.35,20.02,1.79,0.0
20140112:1609,27535.76,453.71,14.57,19.19,2.14,0.0
20140112:1709,8901.55,164.35,4.32,17.35,2.21,0.0
20140112:1809,0.0,0.0,0.0,15.04,1.86,0.0
20140112:1909,0.0,0.0,0.0,14.03,1.45,0.0
20140112:2009,0.0,0.0,0.0,13.1,0.76,0.0
20140112:2109,0.0,0.0,0.0,12.9,0.69,0.0
20140112:2209,0.0,0.0,0.0,10.62,1.66,0.0
20140112:2309,0.0,0.0,0.0,9.84,1.52,0.0
20140113:0009,0.0,0.0,0.0,9.61,1.31,0.0
20140113:0109,0.0,0.0,0.0,9.63,1.31,0.0
20140113:0209,0.0,0.0,0.0,9.53,1.45,0.0
20140113:0309,0.0,0.0,0.0,9.46,1.52,0.0
20140113:0409,0.0,0.0,0.0,9.29,1.45,0.0
20140113:0509,0.0,0.0,0.0,9.36,1.24,0.0
20140113:0609,0.0,0.0,0.0,9.33,1.45,0.0
20140113:0709,0.0,0.0,0.0,9.42,1.59,0.0
20140113:0809,2439.43,54.78,5.9,10.27,1.59,0.0
20140113:0909,17408.42,284.88,16.0,12.32,1.72,0.0
20140113:1009,17129.87,280.05,24.56,14.08,2.41,0.0
20140113:1109,23098.65,373.81,30.88,14.9,2.34,0.0
20140113:1209,14681.34,244.89,34.2,15.6,3.1,0.0
20140113:1309,4166.15,82.17,33.96,15.83,3.17,0.0
20140113:1409,4611.68,88.79,30.21,14.53,3.79,0.0
20140113:1509,4825.72,91.62,23.54,13.0,3.38,0.0
20140113:1609,1113.45,30.22,14.75,12.62,2.0,0.0
20140113:1709,0.0,3.78,4.49,12.47,1.59,0.0
20140113:1809,0.0,0.0,0.0,12.1,1.38,0.0
20140113:1909,0.0,0.0,0.0,11.7,0.97,0.0
20140113:2009,0.0,0.0,0.0,11.04,0.97,0.0
20140113:2109,0.0,0.0,0.0,10.8,0.9,0.0
20140113:2209,0.0,0.0,0.0,11.09,0.34,0.0
20140113:2309,0.0,0.0,0.0,10.47,0.55,0.0
20140114:0009,0.0,0.0,0.0,9.87,0.97,0.0
20140114:0109,0.0,0.0,0.0,8.89,1.03,0.0
20140114:0209,0.0,0.0,0.0,8.58,1.03,0.0
20140114:0309,0.0,0.0,0.0,7.83,1.24,0.0
20140114:0409,0.0,0.0,0.0,7.22,1.59,0.0
20140114:0509,0.0,0.0,0.0,7.05,1.79,0.0
20140114:0609,0.0,0.0,0.0,7.09,2.14,0.0
20140114:0709,0.0,0.0,0.0,7.12,2.21,0.0
20140114:0809,0.0,0.0,0.0,7.53,2.14,0.0
20140114:0909,26779.04,427.15,16.07,9.56,1.86,0.0
20140114:1009,38230.07,610.79,24.65,11.95,1.79,0.0
20140114:1109,50424.92,824.79,31.01,13.61,1.93,0.0
20140114:1209,51716.74,859.17,34.36,14.86,1.66,0.0
20140114:1309,46274.71,759.76,34.14,15.6,2.07,0.0
20140114:1409,39343.52,637.33,30.4,15.75,2.41,0.0
20140114:1509,21727.13,352.36,23.73,15.73,2.41,0.0
20140114:1609,21074.39,343.05,14.93,15.52,2.14,0.0
20140114:1709,8710.28,159.27,4.67,15.05,1.72,0.0
20140114:1809,0.0,0.0,0.0,14.07,1.72,0.0
20140114:1909,0.0,0.0,0.0,13.5,1.66,0.0
20140114:2009,0.0,0.0,0.0,13.02,1.31,0.0
20140114:2109,0.0,0.0,0.0,12.51,1.45,0.0
20140114:2209,0.0,0.0,0.0,11.88,1.66,0.0
20140114:2309,0.0,0.0,0.0,11.43,1.52,0.0
20140115:0009,0.0,0.0,0.0,11.09,1.52,0.0
20140115:0109,0.0,0.0,0.0,10.36,1.66,0.0
20140115:0209,0.0,0.0,0.0,9.84,1.66,0.0
20140115:0309,0.0,0.0,0.0,9.24,1.52,0.0
20140115:0409,0.0,0.0,0.0,8.61,1.52,0.0
20140115:0509,0.0,0.0,0.0,8.02,1.45,0.0
20140115:0609,0.0,0.0,0.0,7.53,1.52,0.0
20140115:0709,0.0,0.0,0.0,7.43,1.52,0.0
20140115:0809,5086.82,100.55,6.0,7.87,1.59,0.0
20140115:0909,15769.74,258.72,16.14,11.03,1.17,0.0
20140115:1009,23630.71,383.1,24.76,14.09,1.1,0.0
20140115:1109,28423.03,468.24,31.15,15.58,0.21,0.0
20140115:1209,49469.34,844.43,34.53,16.63,0.55,0.0
20140115:1309,54669.25,943.28,34.33,17.62,0.9,0.0
20140115:1409,40082.03,667.66,30.6,17.74,1.03,0.0
20140115:1509,36273.37,603.27,23.93,17.93,0.69,0.0
20140115:1609,17414.5,289.48,15.12,17.64,1.66,0.0
20140115:1709,8793.02,161.25,4.85,16.5,2.14,0.0
20140115:1809,0.0,0.0,0.0,14.8,2.0,0.0
20140115:1909,0.0,0.0,0.0,13.86,1.72,0.0
20140115:2009,0.0,0.0,0.0,12.77,1.03,0.0
20140115:2109,0.0,0.0,0.0,12.53,0.83,0.0
20140115:2209,0.0,0.0,0.0,11.15,1.52,0.0
20140115:2309,0.0,0.0,0.0,11.19,1.45,0.0
20140116:0009,0.0,0.0,0.0,11.65,1.45,0.0
20140116:0109,0.0,0.0,0.0,11.8,1.52,0.0
20140116:0209,0.0,0.0,0.0,11.98,1.52,0.0
20140116:0309,0.0,0.0,0.0,11.85,1.52,0.0
20140116:0409,0.0,0.0,0.0,11.57,1.52,0.0
20140116:0509,0.0,0.0,0.0,11.24,1.66,0.0
20140116:0609,0.0,0.0,0.0,11.17,1.66,0.0
20140116:0709,0.0,0.0,0.0,11.42,1.93,0.0
20140116:0809,2503.94,56.04,6.06,11.45,2.07,0.0
20140116:0909,9108.76,157.49,16.23,12.36,2.0,0.0
20140116:1009,23777.95,382.09,24.87,13.88,2.28,0.0
20140116:1109,40299.86,647.58,31.3,14.97,2.97,0.0
20140116:1209,25774.88,416.01,34.71,15.36,2.83,0.0
20140116:1309,9084.47,158.68,34.53,14.97,2.97,0.0
20140116:1409,9592.24,165.29,30.8,13.32,2.9,0.0
20140116:1509,4698.97,89.73,24.13,12.99,2.28,0.0
20140116:1609,6858.32,122.76,15.31,12.84,2.83,0.0
20140116:1709,4105.43,82.29,5.03,12.49,2.97,0.0
20140116:1809,0.0,0.0,0.0,12.29,2.48,0.0
20140116:1909,0.0,0.0,0.0,12.31,1.66,0.0
20140116:2009,0.0,0.0,0.0,12.14,1.72,0.0
20140116:2109,0.0,0.0,0.0,12.11,1.72,0.0
20140116:2209,0.0,0.0,0.0,11.86,1.72,0.0
20140116:2309,0.0,0.0,0.0,11.77,1.45,0.0
20140117:0009,0.0,0.0,0.0,11.98,1.45,0.0
20140117:0109,0.0,0.0,0.0,11.66,1.31,0.0
20140117:0209,0.0,0.0,0.0,11.65,1.45,0.0
20140117:0309,0.0,0.0,0.0,11.63,1.38,0.0
20140117:0409,0.0,0.0,0.0,11.7,1.24,0.0
20140117:0509,0.0,0.0,0.0,11.64,1.38,0.0
20140117:0609,0.0,0.0,0.0,11.29,1.66,0.0
20140117:0709,0.0,0.0,0.0,10.39,2.21,0.0
20140117:0809,3509.62,73.66,6.13,10.32,2.34,0.0
20140117:0909,12267.72,204.32,16.32,11.12,2.48,0.0
20140117:1009,24105.08,382.68,24.99,11.89,2.83,0.0
20140117:1109,46180.6,732.84,31.45,12.9,3.86,0.0
20140117:1209,26761.58,425.15,34.89,13.83,4.62,0.0
20140117:1309,24882.3,397.33,34.73,14.83,5.24,0.0
20140117:1409,54871.91,877.3,31.01,15.42,5.59,0.0
20140117:1509,3769.19,75.56,24.33,15.48,5.72,0.0
20140117:1609,2799.19,59.51,15.5,14.37,4.55,0.0
20140117:1709,5833.67,110.37,5.21,13.04,4.62,0.0
20140117:1809,0.0,0.0,0.0,11.79,5.1,0.0
20140117:1909,0.0,0.0,0.0,11.24,5.38,0.0
20140117:2009,0.0,0.0,0.0,11.05,5.31,0.0
20140117:2109,0.0,0.0,0.0,10.57,5.31,0.0
20140117:2209,0.0,0.0,0.0,10.5,4.69,0.0
20140117:2309,0.0,0.0,0.0,10.37,4.69,0.0
20140118:0009,0.0,0.0,0.0,10.17,4.55,0.0
20140118:0109,0.0,0.0,0.0,10.06,4.69,0.0
20140118:0209,0.0,0.0,0.0,10.05,4.83,0.0
20140118:0309,0.0,0.0,0.0,10.02,4.62,0.0
20140118:0409,0.0,0.0,0.0,10.08,4.62,0.0
20140118:0509,0.0,0.0,0.0,10.1,4.62,0.0
20140118:0609,0.0,0.0,0.0,10.21,5.45,0.0
20140118:0709,0.0,0.0,0.0,10.08,4.9,0.0
20140118:0809,925.98,26.45,6.2,9.99,4.9,0.0
20140118:0909,5094.41,94.71,16.41,10.36,4.48,0.0
20140118:1009,1437.55,35.89,25.12,11.39,3.59,0.0
20140118:1109,35386.86,557.06,31.61,12.47,3.93,0.0
20140118:1209,10563.76,179.46,35.08,12.8,3.93,0.0
20140118:1309,29517.51,464.4,34.94,12.36,4.62,0.0
20140118:1409,28640.11,450.31,31.23,11.97,4.07,0.0
20140118:1509,9060.18,155.68,24.54,11.89,4.21,0.0
20140118:1609,17388.69,278.28,15.7,11.16,4.21,0.0
20140118:1709,9531.52,168.24,5.4,11.18,3.38,0.0
20140118:1809,0.0,0.0,0.0,10.74,3.66,0.0
20140118:1909,0.0,0.0,0.0,10.74,3.59,0.0
20140118:2009,0.0,0.0,0.0,10.36,3.86,0.0
20140118:2109,0.0,0.0,0.0,10.29,4.28,0.0
20140118:2209,0.0,0.0,0.0,10.29,4.9,0.0
20140118:2309,0.0,0.0,0.0,10.16,5.17,0.0
20140119:0009,0.0,0.0,0.0,10.36,5.45,0.0
20140119:0109,0.0,0.0,0.0,10.1,5.86,0.0
20140119:0209,0.0,0.0,0.0,10.27,6.34,0.0
20140119:0309,0.0,0.0,0.0,10.33,6.9,0.0
20140119:0409,0.0,0.0,0.0,10.85,6.62,0.0
20140119:0509,0.0,0.0,0.0,11.66,6.55,0.0
20140119:0609,0.0,0.0,0.0,12.43,6.97,0.0
20140119:0709,0.0,0.0,0.0,12.79,8.28,0.0
20140119:0809,717.26,22.67,6.27,12.6,7.72,0.0
20140119:0909,4986.63,93.73,16.51,12.4,5.93,0.0
20140119:1009,23884.97,378.12,25.25,12.84,4.76,0.0
20140119:1109,43158.26,679.61,31.78,13.72,5.31,0.0
20140119:1209,59256.65,950.81,35.28,13.5,4.76,0.0
20140119:1309,50638.96,804.62,35.16,14.36,5.45,0.0
20140119:1409,44972.27,710.51,31.45,14.05,5.17,0.0
20140119:1509,22283.48,354.97,24.76,13.91,4.76,0.0
20140119:1609,12156.9,202.85,15.9,13.76,4.34,0.0
20140119:1709,5769.16,109.26,5.59,13.17,3.1,0.0
20140119:1809,0.0,0.0,0.0,12.41,1.86,0.0
20140119:1909,0.0,0.0,0.0,12.02,1.03,0.0
20140119:2009,0.0,0.0,0.0,11.97,0.69,0.0
20140119:2109,0.0,0.0,0.0,12.08,0.41,0.0
20140119:2209,0.0,0.0,0.0,11.83,0.62,0.0
20140119:2309,0.0,0.0,0.0,11.8,0.55,0.0
20140120:0009,0.0,0.0,0.0,11.68,0.55,0.0
20140120:0109,0.0,0.0,0.0,11.17,0.69,0.0
20140120:0209,0.0,0.0,0.0,10.54,0.76,0.0
20140120:0309,0.0,0.0,0.0,10.2,0.76,0.0
20140120:0409,0.0,0.0,0.0,10.24,0.76,0.0
20140120:0509,0.0,0.0,0.0,9.79,1.1,0.0
20140120:0609,0.0,0.0,0.0,9.57,1.24,0.0
20140120:0709,0.0,0.0,0.0,9.57,1.17,0.0
20140120:0809,5574.1,109.34,6.35,9.21,1.1,0.0
20140120:0909,13306.79,221.06,16.62,10.42,0.48,0.0
20140120:1009,13881.35,230.92,25.39,12.53,0.69,0.0
20140120:1109,22265.27,359.87,31.95,13.92,2.21,0.0
20140120:1209,58303.34,964.29,35.48,14.5,2.62,0.0
20140120:1309,30054.12,482.59,35.38,14.84,2.9,0.0
20140120:1409,11742.49,199.28,31.67,14.72,2.69,0.0
20140120:1509,11044.21,188.08,24.97,14.57,2.55,0.0
20140120:1609,6275.41,114.58,16.11,14.07,2.55,0.0
20140120:1709,3514.17,72.25,5.78,13.35,2.21,0.0
20140120:1809,0.0,0.0,0.0,12.33,2.14,0.0
20140120:1909,0.0,0.0,0.0,11.89,2.14,0.0
20140120:2009,0.0,0.0,0.0,10.64,2.0,0.0
20140120:2109,0.0,0.0,0.0,9.62,1.93,0.0
20140120:2209,0.0,0.0,0.0,8.45,1.86,0.0
20140120:2309,0.0,0.0,0.0,7.64,1.79,0.0
20140121:0009,0.0,0.0,0.0,7.1,1.79,0.0
20140121:0109,0.0,0.0,0.0,6.83,1.79,0.0
20140121:0209,0.0,0.0,0.0,6.73,1.79,0.0
20140121:0309,0.0,0.0,0.0,6.82,1.86,0.0
20140121:0409,0.0,0.0,0.0,6.86,2.21,0.0
20140121:0509,0.0,0.0,0.0,6.77,2.34,0.0
20140121:0609,0.0,0.0,0.0,6.6,2.14,0.0
20140121:0709,0.0,0.0,0.0,6.48,2.14,0.0
20140121:0809,8725.46,162.03,6.44,6.26,2.14,0.0
20140121:0909,28628.72,455.59,16.73,8.62,1.66,0.0
20140121:1009,42787.87,688.35,25.53,11.87,1.66,0.0
20140121:1109,51835.15,854.2,32.13,13.56,1.66,0.0
20140121:1209,56720.83,958.25,35.69,14.55,1.31,0.0
20140121:1309,57195.96,972.56,35.61,15.16,1.24,0.0
20140121:1409,25484.18,414.62,31.9,15.46,1.52,0.0
20140121:1509,37316.24,604.52,25.19,15.42,1.93,0.0
20140121:1609,31923.54,514.17,16.31,14.82,2.28,0.0
20140121:1709,12018.77,209.77,5.97,13.78,1.72,0.0
20140121:1809,0.0,0.0,0.0,12.38,1.59,0.0
20140121:1909,0.0,0.0,0.0,11.13,1.59,0.0
20140121:2009,0.0,0.0,0.0,10.45,1.03,0.0
20140121:2109,0.0,0.0,0.0,11.21,0.62,0.0
20140121:2209,0.0,0.0,0.0,7.95,1.86,0.0
20140121:2309,0.0,0.0,0.0,7.23,1.93,0.0
20140122:0009,0.0,0.0,0.0,7.24,2.14,0.0
20140122:0109,0.0,0.0,0.0,7.6,2.41,0.0
20140122:0209,0.0,0.0,0.0,8.0,2.48,0.0
20140122:0309,0.0,0.0,0.0,8.56,2.48,0.0
20140122:0409,0.0,0.0,0.0,9.24,2.69,0.0
20140122:0509,0.0,0.0,0.0,9.5,3.59,0.0
20140122:0609,0.0,0.0,0.0,9.16,3.24,0.0
20140122:0709,0.0,0.0,0.0,9.97,3.38,0.0
20140122:0809,926.74,26.45,6.53,9.81,3.38,0.0
20140122:0909,4409.03,84.06,16.85,10.01,3.24,0.0
20140122:1009,11992.96,198.49,25.68,9.95,2.9,0.0
20140122:1109,10156.18,171.74,32.31,10.36,2.9,0.0
20140122:1209,8495.49,147.35,35.9,11.32,2.76,0.0
20140122:1309,5196.87,97.29,35.84,12.49,2.83,0.0
20140122:1409,11334.91,191.65,32.13,12.99,2.62,0.0
20140122:1509,7111.83,127.51,25.42,13.71,2.9,0.0
20140122:1609,5624.19,104.61,16.52,14.22,2.28,0.0
20140122:1709,3491.4,71.98,6.17,14.02,1.66,0.0
20140122:1809,0.0,0.0,0.0,13.13,1.52,0.0
20140122:1909,0.0,0.0,0.0,12.77,1.66,0.0
20140122:2009,0.0,0.0,0.0,12.33,1.66,0.0
20140122:2109,0.0,0.0,0.0,11.95,1.79,0.0
20140122:2209,0.0,0.0,0.0,11.48,1.72,0.0
20140122:2309,0.0,0.0,0.0,10.68,1.93,0.0
20140123:0009,0.0,0.0,0.0,10.47,1.72,0.0
20140123:0109,0.0,0.0,0.0,10.54,1.66,0.0
20140123:0209,0.0,0.0,0.0,10.73,2.21,0.0
20140123:0309,0.0,0.0,0.0,10.8,2.9,0.0
20140123:0409,0.0,0.0,0.0,10.51,2.69,0.0
20140123:0509,0.0,0.0,0.0,10.48,2.34,0.0
20140123:0609,0.0,0.0,0.0,9.87,2.07,0.0
20140123:0709,0.0,0.0,0.0,9.41,1.45,0.0
20140123:0809,4401.44,88.78,6.63,9.3,1.38,0.0
20140123:0909,26655.32,429.93,16.97,10.7,1.17,0.0
20140123:1009,27635.19,439.58,25.84,12.31,2.28,0.0
20140123:1109,27559.29,438.48,32.5,12.81,2.9,0.0
20140123:1209,22770.0,366.46,36.12,13.72,3.03,0.0
20140123:1309,46295.96,745.52,36.08,13.93,3.1,0.0
20140123:1409,49587.75,798.42,32.37,14.04,3.38,0.0
20140123:1509,11984.61,201.34,25.65,13.9,3.66,0.0
20140123:1609,24234.87,385.9,16.74,13.52,3.72,0.0
20140123:1709,13074.53,224.71,6.37,13.04,3.03,0.0
20140123:1809,0.0,0.0,0.0,12.25,1.72,0.0
20140123:1909,0.0,0.0,0.0,11.16,1.31,0.0
20140123:2009,0.0,0.0,0.0,10.38,1.31,0.0
20140123:2109,0.0,0.0,0.0,9.23,1.86,0.0
20140123:2209,0.0,0.0,0.0,8.86,1.86,0.0
20140123:2309,0.0,0.0,0.0,8.28,1.93,0.0
20140124:0009,0.0,0.0,0.0,7.76,1.86,0.0
20140124:0109,0.0,0.0,0.0,7.19,1.79,0.0
20140124:0209,0.0,0.0,0.0,6.48,1.86,0.0
20140124:0309,0.0,0.0,0.0,5.91,1.79,0.0
20140124:0409,0.0,0.0,0.0,5.57,1.66,0.0
20140124:0509,0.0,0.0,0.0,5.35,1.72,0.0
20140124:0609,0.0,0.0,0.0,5.05,1.86,0.0
20140124:0709,0.0,0.0,0.0,4.94,2.0,0.0
20140124:0809,9697.74,177.92,6.73,4.99,1.86,0.0
20140124:0909,28031.39,447.18,17.1,8.2,1.1,0.0
20140124:1009,43066.42,699.11,26.0,12.2,1.17,0.0
20140124:1109,52336.09,868.56,32.7,13.94,1.45,0.0
20140124:1209,58008.85,973.87,36.35,15.14,1.93,0.0
20140124:1309,58666.91,983.88,36.32,15.77,2.28,0.0
20140124:1409,54712.52,907.75,32.62,15.96,2.41,0.0
20140124:1509,46681.54,761.92,25.88,15.78,2.41,0.0
20140124:1609,33048.38,532.2,16.95,15.21,2.55,0.0
20140124:1709,13862.38,238.58,6.56,14.06,2.34,0.0
20140124:1809,0.0,0.0,0.0,12.25,2.21,0.0
20140124:1909,0.0,0.0,0.0,11.17,2.07,0.0
20140124:2009,0.0,0.0,0.0,10.21,1.86,0.0
20140124:2109,0.0,0.0,0.0,9.62,1.31,0.0
20140124:2209,0.0,0.0,0.0,9.81,0.97,0.0
20140124:2309,0.0,0.0,0.0,8.12,1.45,0.0
20140125:0009,0.0,0.0,0.0,6.55,1.79,0.0
20140125:0109,0.0,0.0,0.0,5.7,1.79,0.0
20140125:0209,0.0,0.0,0.0,5.65,2.0,0.0
20140125:0309,0.0,0.0,0.0,5.36,1.93,0.0
20140125:0409,0.0,0.0,0.0,5.32,1.86,0.0
20140125:0509,0.0,0.0,0.0,5.1,1.79,0.0
20140125:0609,0.0,0.0,0.0,4.96,1.79,0.0
20140125:0709,0.0,0.0,0.0,5.37,1.86,0.0
20140125:0809,10027.91,184.22,6.84,5.6,1.79,0.0
20140125:0909,27993.44,447.21,17.24,8.64,1.17,0.0
20140125:1009,36875.26,596.7,26.17,12.68,0.97,0.0
20140125:1109,17998.17,297.54,32.9,14.38,0.55,0.0
20140125:1209,29990.37,488.14,36.59,15.29,1.45,0.0
20140125:1309,16742.78,277.97,36.57,15.55,1.79,0.0
20140125:1409,13274.15,224.51,32.86,15.95,1.79,0.0
20140125:1509,15579.23,259.33,26.11,15.94,1.66,0.0
20140125:1609,15773.54,261.22,17.17,15.7,1.93,0.0
20140125:1709,8373.29,151.32,6.76,14.92,2.0,0.0
20140125:1809,0.0,0.0,0.0,13.49,2.07,0.0
20140125:1909,0.0,0.0,0.0,12.34,2.0,0.0
20140125:2009,0.0,0.0,0.0,11.55,1.93,0.0
20140125:2109,0.0,0.0,0.0,11.07,1.45,0.0
20140125:2209,0.0,0.0,0.0,10.72,1.03,0.0
20140125:2309,0.0,0.0,0.0,9.52,1.45,0.0
20140126:0009,0.0,0.0,0.0,9.32,1.17,0.0
20140126:0109,0.0,0.0,0.0,9.09,1.1,0.0
20140126:0209,0.0,0.0,0.0,8.85,1.1,0.0
20140126:0309,0.0,0.0,0.0,8.84,1.17,0.0
20140126:0409,0.0,0.0,0.0,9.12,1.1,0.0
20140126:0509,0.0,0.0,0.0,9.32,1.1,0.0
20140126:0609,0.0,0.0,0.0,9.41,1.38,0.0
20140126:0709,0.0,0.0,0.0,9.25,1.72,0.0
20140126:0809,6673.13,128.26,6.96,9.38,1.52,0.0
20140126:0909,19371.2,313.64,17.38,10.59,1.38,0.0
20140126:1009,42333.98,685.15,26.34,12.46,1.38,0.0
20140126:1109,51325.1,858.46,33.11,14.03,0.97,0.0
20140126:1209,55301.5,950.48,36.83,15.54,0.69,0.0
20140126:1309,57166.36,973.12,36.83,16.7,1.59,0.0
20140126:1409,49348.66,820.57,33.12,17.17,2.07,0.0
20140126:1509,45716.85,748.8,26.35,17.09,2.55,0.0
20140126:1609,32326.57,523.38,17.39,16.45,2.55,0.0
20140126:1709,13574.72,235.43,6.97,15.46,1.79,0.0
20140126:1809,0.0,0.0,0.0,14.15,1.52,0.0
20140126:1909,0.0,0.0,0.0,12.87,1.45,0.0
20140126:2009,0.0,0.0,0.0,12.06,0.97,0.0
20140126:2109,0.0,0.0,0.0,11.97,0.83,0.0
20140126:2209,0.0,0.0,0.0,9.57,1.72,0.0
20140126:2309,0.0,0.0,0.0,9.07,1.45,0.0
20140127:0009,0.0,0.0,0.0,9.56,1.45,0.0
20140127:0109,0.0,0.0,0.0,9.73,1.38,0.0
20140127:0209,0.0,0.0,0.0,10.37,1.45,0.0
20140127:0309,0.0,0.0,0.0,10.74,1.45,0.0
20140127:0409,0.0,0.0,0.0,10.86,1.45,0.0
20140127:0509,0.0,0.0,0.0,10.96,1.52,0.0
20140127:0609,0.0,0.0,0.0,10.89,1.66,0.0
20140127:0709,0.0,0.0,0.0,11.42,1.72,0.0
20140127:0809,3374.51,71.18,7.08,11.56,1.66,0.0
20140127:0909,15038.83,247.75,17.53,12.0,2.0,0.0
20140127:1009,6630.62,119.95,26.52,13.08,1.86,0.0
20140127:1109,6829.48,123.73,33.33,14.33,1.59,0.0
20140127:1209,5714.51,106.73,37.07,15.3,1.66,0.0
20140127:1309,5935.38,110.51,37.09,16.17,2.21,0.0
20140127:1409,10170.6,176.53,33.37,16.45,2.83,0.0
20140127:1509,15217.95,253.25,26.59,16.55,3.1,0.0
20140127:1609,14535.61,241.9,17.61,16.07,2.83,0.0
20140127:1709,3105.83,65.55,7.17,15.37,2.07,0.0
20140127:1809,0.0,0.0,0.0,14.15,1.86,0.0
20140127:1909,0.0,0.0,0.0,13.75,1.66,0.0
20140127:2009,0.0,0.0,0.0,13.29,1.66,0.0
20140127:2109,0.0,0.0,0.0,13.05,1.52,0.0
20140127:2209,0.0,0.0,0.0,12.96,1.72,0.0
20140127:2309,0.0,0.0,0.0,13.0,2.14,0.0
20140128:0009,0.0,0.0,0.0,12.84,2.48,0.0
20140128:0109,0.0,0.0,0.0,12.54,2.07,0.0
20140128:0209,0.0,0.0,0.0,12.1,1.59,0.0
20140128:0309,0.0,0.0,0.0,11.7,1.38,0.0
20140128:0409,0.0,0.0,0.0,11.22,1.1,0.0
20140128:0509,0.0,0.0,0.0,11.42,0.55,0.0
20140128:0609,0.0,0.0,0.0,11.44,0.41,0.0
20140128:0709,0.0,0.0,0.0,11.89,0.48,0.0
20140128:0809,7048.83,136.22,7.21,11.57,0.62,0.0
20140128:0909,18199.3,298.7,17.68,11.7,0.41,0.0
20140128:1009,27250.38,442.56,26.71,13.08,0.34,0.0
20140128:1109,43344.21,716.55,33.55,13.81,0.69,0.0
20140128:1209,33861.27,553.04,37.32,14.31,0.9,0.0
20140128:1309,56680.6,960.04,37.35,14.65,1.24,0.0
20140128:1409,40223.96,654.38,33.63,14.76,1.79,0.0
20140128:1509,47128.59,767.21,26.84,14.67,2.21,0.0
20140128:1609,33682.14,541.05,17.84,14.4,2.34,0.0
20140128:1709,14568.25,249.0,7.38,13.8,2.0,0.0
20140128:1809,0.0,0.0,0.0,12.99,1.38,0.0
20140128:1909,0.0,0.0,0.0,12.14,1.45,0.0
20140128:2009,0.0,0.0,0.0,11.04,1.17,0.0
20140128:2109,0.0,0.0,0.0,10.31,1.17,0.0
20140128:2209,0.0,0.0,0.0,9.42,1.45,0.0
20140128:2309,0.0,0.0,0.0,9.15,1.79,0.0
20140129:0009,0.0,0.0,0.0,8.92,1.93,0.0
20140129:0109,0.0,0.0,0.0,9.3,2.28,0.0
20140129:0209,0.0,0.0,0.0,9.58,2.76,0.0
20140129:0309,0.0,0.0,0.0,10.04,2.97,0.0
20140129:0409,0.0,0.0,0.0,10.08,3.17,0.0
20140129:0509,0.0,0.0,0.0,10.01,3.31,0.0
20140129:0609,0.0,0.0,0.0,10.09,3.52,0.0
20140129:0709,0.0,0.0,0.0,9.64,4.14,0.0
20140129:0809,777.98,23.61,7.34,9.6,4.14,0.0
20140129:0909,12859.74,212.07,17.84,10.3,3.38,0.0
20140129:1009,42992.04,680.49,26.9,11.41,2.9,0.0
20140129:1109,43309.3,681.77,33.78,11.48,3.79,0.0
20140129:1209,41782.95,656.61,37.58,11.37,4.07,0.0
20140129:1309,3252.32,66.12,37.62,11.31,4.48,0.0
20140129:1409,5413.95,100.12,33.9,11.51,4.28,0.0
20140129:1509,19774.23,315.49,27.08,12.22,4.48,0.0
20140129:1609,35791.4,562.63,18.06,12.42,4.21,0.0
20140129:1709,12675.3,215.9,7.58,11.99,3.59,0.0
20140129:1809,0.0,0.0,0.0,11.32,2.62,0.0
20140129:1909,0.0,0.0,0.0,10.81,2.28,0.0
20140129:2009,0.0,0.0,0.0,10.58,2.07,0.0
20140129:2109,0.0,0.0,0.0,10.14,2.0,0.0
20140129:2209,0.0,0.0,0.0,10.21,2.14,0.0
20140129:2309,0.0,0.0,0.0,10.07,1.93,0.0
20140130:0009,0.0,0.0,0.0,9.63,1.93,0.0
20140130:0109,0.0,0.0,0.0,9.73,2.07,0.0
20140130:0209,0.0,0.0,0.0,9.58,2.21,0.0
20140130:0309,0.0,0.0,0.0,9.17,2.21,0.0
20140130:0409,0.0,0.0,0.0,8.85,2.34,0.0
20140130:0509,0.0,0.0,0.0,8.77,2.21,0.0
20140130:0609,0.0,0.0,0.0,8.51,2.14,0.0
20140130:0709,0.0,0.0,0.0,7.88,1.93,0.0
20140130:0809,10309.5,191.08,7.48,8.32,2.0,0.0
20140130:0909,4094.05,79.34,18.01,10.31,1.79,0.0
20140130:1009,37605.41,594.48,27.1,11.42,2.69,0.0
20140130:1109,49169.54,781.86,34.01,12.26,3.72,0.0
20140130:1209,59205.04,954.49,37.84,12.86,4.07,0.0
20140130:1309,40132.88,634.5,37.9,13.21,4.48,0.0
20140130:1409,35721.58,562.29,34.17,13.17,4.76,0.0
20140130:1509,48062.16,757.2,27.33,12.91,4.83,0.0
20140130:1609,33721.61,528.99,18.29,12.62,4.76,0.0
20140130:1709,486.52,17.95,7.79,12.21,3.66,0.0
20140130:1809,0.0,0.0,0.0,11.27,2.41,0.0
20140130:1909,0.0,0.0,0.0,10.86,2.41,0.0
20140130:2009,0.0,0.0,0.0,10.47,2.07,0.0
20140130:2109,0.0,0.0,0.0,10.06,1.79,0.0
20140130:2209,0.0,0.0,0.0,9.93,1.59,0.0
20140130:2309,0.0,0.0,0.0,9.79,1.59,0.0
20140131:0009,0.0,0.0,0.0,9.76,1.59,0.0
20140131:0109,0.0,0.0,0.0,9.68,1.93,0.0
20140131:0209,0.0,0.0,0.0,9.64,2.07,0.0
20140131:0309,0.0,0.0,0.0,9.31,2.21,0.0
20140131:0409,0.0,0.0,0.0,9.12,2.21,0.0
20140131:0509,0.0,0.0,0.0,9.23,2.21,0.0
20140131:0609,0.0,0.0,0.0,9.43,2.14,0.0
20140131:0709,0.0,0.0,0.0,9.99,2.14,0.0
20140131:0809,3383.62,70.48,7.62,10.28,2.14,0.0
20140131:0909,5293.27,98.16,18.18,10.7,2.0,0.0
20140131:1009,4497.08,85.95,27.3,11.17,1.86,0.0
20140131:1109,7408.6,131.29,34.25,11.87,1.93,0.0
20140131:1209,6952.44,124.68,38.11,12.85,2.48,0.0
20140131:1309,7124.73,127.51,38.18,13.13,2.34,0.0
20140131:1409,4809.02,91.62,34.44,13.49,2.55,0.0
20140131:1509,5587.0,103.9,27.58,13.77,2.83,0.0
20140131:1609,10704.18,181.74,18.52,13.62,2.48,0.0
20140131:1709,8021.87,143.78,8.0,13.22,2.48,0.0
20140131:1809,0.0,0.0,0.0,12.89,2.34,0.0
20140131:1909,0.0,0.0,0.0,12.76,2.48,0.0
20140131:2009,0.0,0.0,0.0,12.64,2.76,0.0
20140131:2109,0.0,0.0,0.0,12.62,2.97,0.0
20140131:2209,0.0,0.0,0.0,12.58,3.17,0.0
20140131:2309,0.0,0.0,0.0,12.51,3.31,0.0
20140201:0009,0.0,0.0,0.0,12.51,3.38,0.0
20140201:0109,0.0,0.0,0.0,12.45,3.45,0.0
20140201:0209,0.0,0.0,0.0,12.47,3.45,0.0
20140201:0309,0.0,0.0,0.0,12.48,3.45,0.0
20140201:0409,0.0,0.0,0.0,12.5,3.45,0.0
20140201:0509,0.0,0.0,0.0,12.38,3.38,0.0
20140201:0609,0.0,0.0,0.0,12.21,3.38,0.0
20140201:0709,0.0,0.0,0.0,12.14,3.52,0.0
20140201:0809,2557.07,56.37,7.77,12.21,3.72,0.0
20140201:0909,11403.22,192.0,18.35,12.63,3.66,0.0
20140201:1009,24832.2,395.12,27.51,13.11,3.52,0.0
20140201:1109,8298.91,145.46,34.5,13.45,3.66,0.0
20140201:1209,9722.79,168.13,38.39,15.05,4.62,0.0
20140201:1309,13732.59,229.7,38.46,15.3,4.28,0.0
20140201:1409,11832.05,200.8,34.72,15.45,4.0,0.0
20140201:1509,35841.5,571.61,27.84,15.41,3.79,0.0
20140201:1609,17544.29,286.35,18.75,15.41,3.66,0.0
20140201:1709,4538.82,88.77,8.21,14.82,2.69,0.0
20140201:1809,0.0,0.0,0.0,14.01,2.34,0.0
20140201:1909,0.0,0.0,0.0,13.6,1.72,0.0
20140201:2009,0.0,0.0,0.0,13.16,1.86,0.0
20140201:2109,0.0,0.0,0.0,13.0,2.14,0.0
20140201:2209,0.0,0.0,0.0,12.82,1.86,0.0
20140201:2309,0.0,0.0,0.0,12.61,1.79,0.0
20140202:0009,0.0,0.0,0.0,12.24,1.93,0.0
20140202:0109,0.0,0.0,0.0,11.94,2.07,0.0
20140202:0209,0.0,0.0,0.0,11.72,2.21,0.0
20140202:0309,0.0,0.0,0.0,11.3,2.07,0.0
20140202:0409,0.0,0.0,0.0,10.72,1.86,0.0
20140202:0509,0.0,0.0,0.0,10.38,1.72,0.0
20140202:0609,0.0,0.0,0.0,10.08,1.72,0.0
20140202:0709,0.0,0.0,0.0,9.71,1.93,0.0
20140202:0809,5023.06,98.46,7.92,9.56,1.93,0.0
20140202:0909,14413.41,236.59,18.53,10.57,2.07,0.0
20140202:1009,24113.43,382.72,27.73,11.42,2.76,0.0
20140202:1109,38998.18,620.13,34.75,12.21,2.76,0.0
20140202:1209,59634.63,986.04,38.66,12.9,2.34,0.0
20140202:1309,47354.01,775.3,38.75,13.71,1.86,0.0
20140202:1409,39960.59,649.4,35.0,14.27,1.72,0.0
20140202:1509,38305.97,618.39,28.1,14.31,1.93,0.0
20140202:1609,32466.98,521.54,18.98,14.06,2.07,0.0
20140202:1709,7193.8,130.33,8.42,13.09,2.48,0.0
20140202:1809,0.0,0.0,0.0,11.35,2.69,0.0
20140202:1909,0.0,0.0,0.0,10.17,2.41,0.0
20140202:2009,0.0,0.0,0.0,9.33,1.79,0.0
20140202:2109,0.0,0.0,0.0,8.4,1.17,0.0
20140202:2209,0.0,0.0,0.0,8.12,1.03,0.0
20140202:2309,0.0,0.0,0.0,6.66,1.38,0.0
20140203:0009,0.0,0.0,0.0,5.86,1.52,0.0
20140203:0109,0.0,0.0,0.0,5.08,1.59,0.0
20140203:0209,0.0,0.0,0.0,4.85,1.72,0.0
20140203:0309,0.0,0.0,0.0,4.61,1.72,0.0
20140203:0409,0.0,0.0,0.0,4.24,1.86,0.0
20140203:0509,0.0,0.0,0.0,4.12,1.93,0.0
20140203:0609,0.0,0.0,0.0,4.06,1.79,0.0
20140203:0709,0.0,0.0,0.0,5.04,2.0,0.0
20140203:0809,10541.75,191.75,8.08,5.76,2.07,0.0
20140203:0909,21847.06,348.52,18.72,9.17,2.07,0.0
20140203:1009,34962.58,553.32,27.95,11.41,2.41,0.0
20140203:1109,52960.74,858.49,35.0,13.04,2.76,0.0
20140203:1209,56165.24,918.02,38.95,14.09,3.1,0.0
20140203:1309,40297.59,649.53,39.05,15.05,3.1,0.0
20140203:1409,14197.85,237.99,35.28,15.93,3.03,0.0
20140203:1509,10891.65,187.03,28.36,16.01,2.9,0.0
20140203:1609,2436.39,53.84,19.22,15.81,2.76,0.0
20140203:1709,998.84,28.34,8.63,14.99,2.48,0.0
20140203:1809,0.0,0.0,0.0,14.05,2.55,0.0
20140203:1909,0.0,0.0,0.0,12.71,2.97,0.0
20140203:2009,0.0,0.0,0.0,12.08,2.69,0.0
20140203:2109,0.0,0.0,0.0,11.78,2.14,0.0
20140203:2209,0.0,0.0,0.0,11.62,1.45,0.0
20140203:2309,0.0,0.0,0.0,11.67,0.55,0.0
20140204:0009,0.0,0.0,0.0,11.62,0.48,0.0
20140204:0109,0.0,0.0,0.0,11.27,0.76,0.0
20140204:0209,0.0,0.0,0.0,10.65,0.97,0.0
20140204:0309,0.0,0.0,0.0,10.31,1.17,0.0
20140204:0409,0.0,0.0,0.0,10.08,1.03,0.0
20140204:0509,0.0,0.0,0.0,10.25,0.62,0.0
20140204:0609,0.0,0.0,0.0,10.63,0.28,0.0
20140204:0709,0.0,0.0,0.0,11.17,0.48,0.0
20140204:0809,6423.42,123.82,8.24,11.16,0.55,0.0
20140204:0909,27966.11,454.79,18.91,11.95,0.9,0.0
20140204:1009,27805.21,446.57,28.17,12.29,1.1,0.0
20140204:1109,31886.35,516.03,35.26,12.91,0.9,0.0
20140204:1209,42764.34,715.39,39.24,13.67,0.14,0.0
20140204:1309,22791.25,374.15,39.35,14.76,0.76,0.0
20140204:1409,40526.81,662.55,35.56,15.53,1.79,0.0
20140204:1509,43816.31,712.83,28.62,15.93,2.48,0.0
20140204:1609,29974.43,482.91,19.45,15.31,2.34,0.0
20140204:1709,12443.8,214.66,8.84,14.55,1.79,0.0
20140204:1809,0.0,0.0,0.0,13.11,1.66,0.0
20140204:1909,0.0,0.0,0.0,12.1,1.52,0.0
20140204:2009,0.0,0.0,0.0,11.05,1.03,0.0
20140204:2109,0.0,0.0,0.0,9.62,1.79,0.0
20140204:2209,0.0,0.0,0.0,9.09,1.86,0.0
20140204:2309,0.0,0.0,0.0,8.98,2.14,0.0
20140205:0009,0.0,0.0,0.0,9.02,2.28,0.0
20140205:0109,0.0,0.0,0.0,9.04,2.28,0.0
20140205:0209,0.0,0.0,0.0,9.01,2.55,0.0
20140205:0309,0.0,0.0,0.0,9.01,2.83,0.0
20140205:0409,0.0,0.0,0.0,9.04,2.9,0.0
20140205:0509,0.0,0.0,0.0,9.07,2.76,0.0
20140205:0609,0.0,0.0,0.0,8.89,2.76,0.0
20140205:0709,0.0,0.0,0.0,9.26,2.9,0.0
20140205:0809,9724.31,180.36,8.41,9.68,2.97,0.0
20140205:0909,27613.94,442.04,19.11,11.75,2.83,0.0
20140205:1009,41996.23,671.87,28.4,14.17,3.17,0.0
20140205:1109,51448.06,840.6,35.53,16.0,3.17,0.0
20140205:1209,55814.58,926.51,39.53,17.16,3.1,0.0
20140205:1309,52270.05,868.84,39.65,18.03,2.97,0.0
20140205:1409,51848.81,864.42,35.85,18.41,2.69,0.0
20140205:1509,42579.9,701.41,28.88,18.55,2.41,0.0
20140205:1609,28413.17,465.1,19.69,18.21,2.07,0.0
20140205:1709,12115.16,212.03,9.05,17.27,1.59,0.0
20140205:1809,0.0,0.0,0.0,15.61,1.72,0.0
20140205:1909,0.0,0.0,0.0,14.09,1.38,0.0
20140205:2009,0.0,0.0,0.0,13.94,0.28,0.0
20140205:2109,0.0,0.0,0.0,11.62,1.38,0.0
20140205:2209,0.0,0.0,0.0,10.16,1.79,0.0
20140205:2309,0.0,0.0,0.0,9.35,1.79,0.0
20140206:0009,0.0,0.0,0.0,9.01,1.93,0.0
20140206:0109,0.0,0.0,0.0,8.63,1.93,0.0
20140206:0209,0.0,0.0,0.0,8.24,1.93,0.0
20140206:0309,0.0,0.0,0.0,7.97,2.0,0.0
20140206:0409,0.0,0.0,0.0,7.7,2.07,0.0
20140206:0509,0.0,0.0,0.0,7.51,2.14,0.0
20140206:0609,0.0,0.0,0.0,7.49,2.28,0.0
20140206:0709,0.0,0.0,0.0,7.73,2.41,0.0
20140206:0809,9720.51,178.95,8.58,8.3,2.34,0.0
20140206:0909,28469.33,457.47,19.31,11.33,1.93,0.0
20140206:1009,42459.98,692.3,28.64,15.21,1.93,0.0
20140206:1109,51312.2,852.61,35.8,17.84,2.62,0.0
20140206:1209,47172.61,772.58,39.83,18.8,4.21,0.0
20140206:1309,28128.54,455.83,39.96,18.29,5.03,0.0
20140206:1409,10088.63,175.68,36.15,17.92,5.52,0.0
20140206:1509,33169.06,532.05,29.15,17.99,5.24,0.0
20140206:1609,34133.75,550.01,19.92,17.78,4.28,0.0
20140206:1709,15249.07,261.03,9.27,17.25,3.45,0.0
20140206:1809,0.0,0.0,0.0,15.89,3.59,0.0
20140206:1909,0.0,0.0,0.0,14.78,3.59,0.0
20140206:2009,0.0,0.0,0.0,14.49,4.0,0.0
20140206:2109,0.0,0.0,0.0,13.72,4.0,0.0
20140206:2209,0.0,0.0,0.0,13.14,3.45,0.0
20140206:2309,0.0,0.0,0.0,12.89,2.62,0.0
20140207:0009,0.0,0.0,0.0,12.43,2.41,0.0
20140207:0109,0.0,0.0,0.0,11.92,2.21,0.0
20140207:0209,0.0,0.0,0.0,11.37,2.0,0.0
20140207:0309,0.0,0.0,0.0,10.58,1.93,0.0
20140207:0409,0.0,0.0,0.0,9.98,1.79,0.0
20140207:0509,0.0,0.0,0.0,9.53,1.59,0.0
20140207:0609,0.0,0.0,0.0,8.95,1.45,0.0
20140207:0709,0.0,0.0,0.0,9.88,1.03,0.0
20140207:0809,9504.96,178.44,8.76,11.57,0.55,0.0
20140207:0909,28094.38,461.18,19.51,12.34,0.21,0.0
20140207:1009,42105.52,691.35,28.88,13.76,0.9,0.0
20140207:1109,48366.52,807.92,36.08,14.69,0.97,0.0
20140207:1209,56904.51,982.05,40.13,15.19,0.69,0.0
20140207:1309,55730.33,966.24,40.27,15.81,0.55,0.0
20140207:1409,52935.7,914.71,36.44,16.29,0.41,0.0
20140207:1509,45199.21,760.81,29.41,16.52,0.62,0.0
20140207:1609,34092.76,559.07,20.16,16.41,1.24,0.0
20140207:1709,15639.2,266.33,9.48,15.62,2.14,0.0
20140207:1809,0.0,0.0,0.0,13.72,2.41,0.0
20140207:1909,0.0,0.0,0.0,12.4,2.34,0.0
20140207:2009,0.0,0.0,0.0,11.44,2.07,0.0
20140207:2109,0.0,0.0,0.0,10.52,1.72,0.0
20140207:2209,0.0,0.0,0.0,9.58,1.59,0.0
20140207:2309,0.0,0.0,0.0,8.56,1.79,0.0
20140208:0009,0.0,0.0,0.0,7.85,1.93,0.0
20140208:0109,0.0,0.0,0.0,7.32,1.86,0.0
20140208:0209,0.0,0.0,0.0,6.8,1.86,0.0
20140208:0309,0.0,0.0,0.0,6.44,1.86,0.0
20140208:0409,0.0,0.0,0.0,6.1,1.79,0.0
20140208:0509,0.0,0.0,0.0,5.87,2.0,0.0
20140208:0609,0.0,0.0,0.0,6.05,2.21,0.0
20140208:0709,0.0,0.0,0.0,6.28,2.07,0.0
20140208:0809,10090.91,183.67,8.95,6.66,2.07,0.0
20140208:0909,28608.99,457.37,19.73,10.21,1.86,0.0
20140208:1009,42657.32,687.06,29.12,13.23,2.14,0.0
20140208:1109,52582.76,861.85,36.36,14.86,2.62,0.0
20140208:1209,58496.89,975.95,40.44,15.99,2.69,0.0
20140208:1309,59102.57,988.6,40.58,16.76,2.9,0.0
20140208:1409,56667.7,940.18,36.74,17.25,3.24,0.0
20140208:1509,48125.15,785.44,29.68,17.32,3.38,0.0
20140208:1609,34669.6,560.07,20.4,16.97,3.24,0.0
20140208:1709,16374.67,278.31,9.69,16.18,2.62,0.0
20140208:1809,0.0,0.0,0.0,14.64,2.41,0.0
20140208:1909,0.0,0.0,0.0,13.54,2.21,0.0
20140208:2009,0.0,0.0,0.0,12.64,2.34,0.0
20140208:2109,0.0,0.0,0.0,12.14,2.55,0.0
20140208:2209,0.0,0.0,0.0,11.67,2.69,0.0
20140208:2309,0.0,0.0,0.0,11.45,2.69,0.0
20140209:0009,0.0,0.0,0.0,11.35,2.83,0.0
20140209:0109,0.0,0.0,0.0,11.24,3.1,0.0
20140209:0209,0.0,0.0,0.0,11.07,3.17,0.0
20140209:0309,0.0,0.0,0.0,10.98,2.76,0.0
20140209:0409,0.0,0.0,0.0,10.67,2.48,0.0
20140209:0509,0.0,0.0,0.0,10.53,2.62,0.0
20140209:0609,0.0,0.0,0.0,10.54,2.83,0.0
20140209:0709,0.0,0.0,0.0,10.89,3.03,0.0
20140209:0809,6136.52,117.41,9.14,11.05,2.9,0.0
20140209:0909,25563.88,411.6,19.94,13.17,3.03,0.0
20140209:1009,28183.19,451.52,29.37,15.42,3.66,0.0
20140209:1109,34958.78,563.85,36.64,17.3,4.0,0.0
20140209:1209,21023.54,345.69,40.76,18.65,4.9,0.0
20140209:1309,12121.23,208.46,40.9,19.38,5.38,0.0
20140209:1409,15362.16,258.58,37.04,19.41,5.1,0.0
20140209:1509,10126.58,177.31,29.95,19.43,5.24,0.0
20140209:1609,4683.79,91.62,20.64,19.24,4.62,0.0
20140209:1709,1807.18,43.45,9.91,18.38,5.03,0.0
20140209:1809,0.0,0.0,0.0,17.12,5.45,0.0
20140209:1909,0.0,0.0,0.0,16.32,5.72,0.0
20140209:2009,0.0,0.0,0.0,15.95,6.07,0.0
20140209:2109,0.0,0.0,0.0,15.36,6.14,0.0
20140209:2209,0.0,0.0,0.0,14.98,6.34,0.0
20140209:2309,0.0,0.0,0.0,14.41,6.62,0.0
20140210:0009,0.0,0.0,0.0,14.12,7.24,0.0
20140210:0109,0.0,0.0,0.0,12.75,6.62,0.0
20140210:0209,0.0,0.0,0.0,12.12,5.24,0.0
20140210:0309,0.0,0.0,0.0,11.92,4.97,0.0
20140210:0409,0.0,0.0,0.0,11.46,4.69,0.0
20140210:0509,0.0,0.0,0.0,11.07,4.14,0.0
20140210:0609,0.0,0.0,0.0,10.83,4.28,0.0
20140210:0709,0.0,0.0,0.0,10.14,4.21,0.0
20140210:0809,11337.94,207.7,9.33,10.16,3.38,0.0
20140210:0909,8292.83,143.85,20.16,11.03,3.59,0.0
20140210:1009,36791.01,577.13,29.63,11.86,4.14,0.0
20140210:1109,32372.87,509.06,36.93,12.49,4.76,0.0
20140210:1209,42667.19,675.28,41.07,12.86,4.41,0.0
20140210:1309,61357.56,993.12,41.22,12.9,4.14,0.0
20140210:1409,46254.22,736.91,37.34,13.04,3.79,0.0
20140210:1509,43390.51,689.89,30.22,13.07,3.38,0.0
20140210:1609,28385.08,450.66,20.88,12.97,2.97,0.0
20140210:1709,16606.16,276.96,10.12,12.42,2.62,0.0
20140210:1809,0.0,0.0,0.0,11.39,1.86,0.0
20140210:1909,0.0,0.0,0.0,10.9,1.66,0.0
20140210:2009,0.0,0.0,0.0,9.7,1.52,0.0
20140210:2109,0.0,0.0,0.0,10.35,0.69,0.0
20140210:2209,0.0,0.0,0.0,10.23,0.62,0.0
20140210:2309,0.0,0.0,0.0,7.52,1.66,0.0
20140211:0009,0.0,0.0,0.0,6.26,1.59,0.0
20140211:0109,0.0,0.0,0.0,5.52,1.72,0.0
20140211:0209,0.0,0.0,0.0,5.3,2.0,0.0
20140211:0309,0.0,0.0,0.0,5.44,2.14,0.0
20140211:0409,0.0,0.0,0.0,5.4,2.07,0.0
20140211:0509,0.0,0.0,0.0,5.33,2.21,0.0
20140211:0609,0.0,0.0,0.0,5.37,2.21,0.0
20140211:0709,0.0,0.0,0.0,5.29,2.0,0.0
20140211:0809,9945.94,179.33,9.53,5.36,1.59,0.0
20140211:0909,27697.43,442.02,20.39,8.92,1.24,0.0
20140211:1009,44507.76,725.53,29.89,12.26,1.1,0.0
20140211:1109,51414.66,862.8,37.23,13.54,0.76,0.0
20140211:1209,52775.55,891.45,41.4,14.47,0.97,0.0
20140211:1309,52616.92,877.77,41.55,15.15,1.79,0.0
20140211:1409,52667.77,868.13,37.64,15.26,2.48,0.0
20140211:1509,19765.12,321.79,30.49,14.88,2.62,0.0
20140211:1609,27710.33,444.07,21.12,14.37,2.55,0.0
20140211:1709,14080.97,238.6,10.33,13.64,2.14,0.0
20140211:1809,0.0,0.0,0.0,12.41,1.52,0.0
20140211:1909,0.0,0.0,0.0,11.72,1.79,0.0
20140211:2009,0.0,0.0,0.0,10.66,2.07,0.0
20140211:2109,0.0,0.0,0.0,9.99,2.21,0.0
20140211:2209,0.0,0.0,0.0,9.87,2.34,0.0
20140211:2309,0.0,0.0,0.0,9.71,2.48,0.0
20140212:0009,0.0,0.0,0.0,9.43,2.62,0.0
20140212:0109,0.0,0.0,0.0,9.33,2.76,0.0
20140212:0209,0.0,0.0,0.0,9.45,2.76,0.0
20140212:0309,0.0,0.0,0.0,9.54,2.76,0.0
20140212:0409,0.0,0.0,0.0,9.19,2.69,0.0
20140212:0509,0.0,0.0,0.0,9.11,2.55,0.0
20140212:0609,0.0,0.0,0.0,9.53,2.41,0.0
20140212:0709,0.0,0.0,0.0,10.91,2.69,0.0
20140212:0809,6534.23,123.73,9.73,11.47,2.62,0.0
20140212:0909,11420.67,192.84,20.62,12.69,2.34,0.0
20140212:1009,19860.75,322.98,30.15,14.71,2.83,0.0
20140212:1109,37529.51,607.11,37.53,16.47,3.17,0.0
20140212:1209,39082.43,636.11,41.72,17.8,3.59,0.0
20140212:1309,56731.46,949.62,41.88,18.21,3.1,0.0
20140212:1409,47839.77,791.14,37.95,18.32,2.9,0.0
20140212:1509,22877.02,375.33,30.77,18.22,2.69,0.0
20140212:1609,32344.03,526.86,21.36,17.66,2.41,0.0
20140212:1709,16772.38,285.9,10.55,17.0,2.07,0.0
20140212:1809,0.0,0.0,0.0,15.56,1.59,0.0
20140212:1909,0.0,0.0,0.0,14.3,1.66,0.0
20140212:2009,0.0,0.0,0.0,13.29,1.1,0.0
20140212:2109,0.0,0.0,0.0,13.06,0.69,0.0
20140212:2209,0.0,0.0,0.0,10.68,1.66,0.0
20140212:2309,0.0,0.0,0.0,10.03,1.66,0.0
20140213:0009,0.0,0.0,0.0,9.73,1.72,0.0
20140213:0109,0.0,0.0,0.0,9.48,1.72,0.0
20140213:0209,0.0,0.0,0.0,9.15,1.52,0.0
20140213:0309,0.0,0.0,0.0,9.17,1.52,0.0
20140213:0409,0.0,0.0,0.0,9.44,1.59,0.0
20140213:0509,0.0,0.0,0.0,9.26,1.24,0.0
20140213:0609,0.0,0.0,0.0,9.09,1.17,0.0
20140213:0709,0.0,0.0,0.0,9.62,1.24,0.0
20140213:0809,9461.69,174.06,9.94,9.84,1.24,0.0
20140213:0909,28448.84,458.6,20.85,10.92,1.17,0.0
20140213:1009,42655.04,697.4,30.42,13.06,0.97,0.0
20140213:1109,51165.71,867.47,37.83,15.83,0.83,0.0
20140213:1209,56152.34,982.25,42.05,17.92,0.69,0.0
20140213:1309,56950.05,996.48,42.21,19.09,1.03,0.0
20140213:1409,55065.45,942.62,38.26,19.58,1.86,0.0
20140213:1509,47223.46,787.84,31.04,19.34,2.28,0.0
20140213:1609,34423.69,564.98,21.6,18.75,2.28,0.0
20140213:1709,15839.57,271.52,10.76,17.82,2.14,0.0
20140213:1809,0.0,0.0,0.0,15.97,1.93,0.0
20140213:1909,0.0,0.0,0.0,14.49,2.14,0.0
20140213:2009,0.0,0.0,0.0,13.5,1.79,0.0
20140213:2109,0.0,0.0,0.0,12.82,1.72,0.0
20140213:2209,0.0,0.0,0.0,12.28,1.72,0.0
20140213:2309,0.0,0.0,0.0,11.82,1.79,0.0
20140214:0009,0.0,0.0,0.0,11.3,1.93,0.0
20140214:0109,0.0,0.0,0.0,10.91,1.93,0.0
20140214:0209,0.0,0.0,0.0,10.65,2.07,0.0
20140214:0309,0.0,0.0,0.0,10.59,2.28,0.0
20140214:0409,0.0,0.0,0.0,10.75,2.48,0.0
20140214:0509,0.0,0.0,0.0,11.1,2.83,0.0
20140214:0609,0.0,0.0,0.0,11.47,2.97,0.0
20140214:0709,0.0,0.0,0.0,11.51,2.9,0.0
20140214:0809,10462.06,193.02,10.15,12.24,2.76,0.0
20140214:0909,28290.97,460.96,21.09,15.01,2.28,0.0
20140214:1009,41939.3,690.06,30.69,18.32,2.48,0.0
20140214:1109,51963.42,870.35,38.14,20.4,3.17,0.0
20140214:1209,55522.37,936.18,42.39,21.34,3.72,0.0
20140214:1309,59161.01,1004.73,42.54,21.71,3.79,0.0
20140214:1409,54944.77,925.88,38.57,21.56,3.66,0.0
20140214:1509,46246.63,767.87,31.32,21.03,3.38,0.0
20140214:1609,32678.75,538.61,21.84,20.2,2.55,0.0
20140214:1709,14281.34,248.38,10.97,19.28,1.45,0.0
20140214:1809,0.0,0.0,0.0,17.92,1.17,0.0
20140214:1909,0.0,0.0,0.0,15.51,1.45,0.0
20140214:2009,0.0,0.0,0.0,13.99,1.1,0.0
20140214:2109,0.0,0.0,0.0,13.23,1.1,0.0
20140214:2209,0.0,0.0,0.0,11.67,1.79,0.0
20140214:2309,0.0,0.0,0.0,10.93,2.07,0.0
20140215:0009,0.0,0.0,0.0,10.68,2.07,0.0
20140215:0109,0.0,0.0,0.0,10.37,2.21,0.0
20140215:0209,0.0,0.0,0.0,10.4,2.34,0.0
20140215:0309,0.0,0.0,0.0,10.34,2.41,0.0
20140215:0409,0.0,0.0,0.0,10.22,2.55,0.0
20140215:0509,0.0,0.0,0.0,10.33,2.62,0.0
20140215:0609,0.0,0.0,0.0,10.15,2.69,0.0
20140215:0709,0.0,0.0,0.0,10.76,2.48,0.0
20140215:0809,10089.39,185.19,10.37,11.2,2.41,0.0
20140215:0909,27818.87,449.69,21.34,13.39,2.28,0.0
20140215:1009,42839.48,694.25,30.97,15.59,2.69,0.0
20140215:1109,52184.29,868.76,38.46,17.32,2.41,0.0
20140215:1209,48635.96,815.59,42.73,18.66,2.21,0.0
20140215:1309,58349.64,996.22,42.88,19.27,2.41,0.0
20140215:1409,55829.76,936.98,38.88,19.08,3.03,0.0
20140215:1509,47876.96,783.92,31.59,17.85,3.31,0.0
20140215:1609,34750.06,558.59,22.08,16.39,3.52,0.0
20140215:1709,14240.36,240.85,11.19,14.96,4.07,0.0
20140215:1809,0.0,0.0,0.0,13.48,4.14,0.0
20140215:1909,0.0,0.0,0.0,13.27,3.93,0.0
20140215:2009,0.0,0.0,0.0,12.61,4.0,0.0
20140215:2109,0.0,0.0,0.0,12.23,3.31,0.0
20140215:2209,0.0,0.0,0.0,11.86,2.97,0.0
20140215:2309,0.0,0.0,0.0,11.44,2.62,0.0
20140216:0009,0.0,0.0,0.0,11.16,2.34,0.0
20140216:0109,0.0,0.0,0.0,10.88,2.14,0.0
20140216:0209,0.0,0.0,0.0,10.55,1.86,0.0
20140216:0309,0.0,0.0,0.0,10.1,1.52,0.0
20140216:0409,0.0,0.0,0.0,9.68,1.24,0.0
20140216:0509,0.0,0.0,0.0,9.62,1.1,0.0
20140216:0609,0.0,0.0,0.0,9.8,1.03,0.0
20140216:0709,0.0,0.0,0.0,9.91,1.59,0.0
20140216:0809,4396.13,85.94,10.59,10.25,1.72,0.0
20140216:0909,7393.42,130.35,21.58,11.01,2.9,0.0
20140216:1009,18260.78,294.68,31.25,11.88,3.03,0.0
20140216:1109,43941.55,702.01,38.77,12.93,3.17,0.0
20140216:1209,60818.67,999.74,43.07,13.91,3.24,0.0
20140216:1309,54142.51,882.26,43.22,14.41,3.38,0.0
20140216:1409,34781.18,554.59,39.2,14.28,3.72,0.0
20140216:1509,14376.98,237.98,31.87,14.11,3.93,0.0
20140216:1609,16149.24,263.27,22.32,13.71,4.07,0.0
20140216:1709,8412.0,148.15,11.4,12.99,3.86,0.0
20140216:1809,0.0,0.0,0.0,11.97,3.38,0.0
20140216:1909,0.0,0.0,0.0,11.33,3.45,0.0
20140216:2009,0.0,0.0,0.0,10.67,3.24,0.0
20140216:2109,0.0,0.0,0.0,10.19,2.76,0.0
20140216:2209,0.0,0.0,0.0,9.71,2.28,0.0
20140216:2309,0.0,0.0,0.0,9.14,1.79,0.0
20140217:0009,0.0,0.0,0.0,8.8,1.38,0.0
20140217:0109,0.0,0.0,0.0,8.71,0.83,0.0
20140217:0209,0.0,0.0,0.0,8.96,0.41,0.0
20140217:0309,0.0,0.0,0.0,8.98,0.55,0.0
20140217:0409,0.0,0.0,0.0,8.98,0.62,0.0
20140217:0509,0.0,0.0,0.0,9.69,0.28,0.0
20140217:0609,0.0,0.0,0.0,9.58,0.62,0.0
20140217:0709,0.0,0.0,0.0,7.3,1.31,0.0
20140217:0809,5785.1,108.31,10.81,8.19,0.97,0.0
20140217:0909,13934.48,231.08,21.83,11.16,0.69,0.0
20140217:1009,16847.52,275.68,31.54,12.85,2.0,0.0
20140217:1109,24673.57,397.8,39.09,14.11,2.69,0.0
20140217:1209,16678.27,275.29,43.41,14.81,3.1,0.0
20140217:1309,11408.53,194.57,43.57,15.15,3.1,0.0
20140217:1409,6954.72,125.62,39.51,14.77,3.03,0.0
20140217:1509,5209.02,98.23,32.14,14.41,2.9,0.0
20140217:1609,6374.08,116.16,22.56,13.89,2.83,0.0
20140217:1709,8443.12,148.88,11.61,13.08,2.76,0.0
20140217:1809,0.0,0.0,0.0,12.37,2.48,0.0
20140217:1909,0.0,0.0,0.0,11.45,1.79,0.0
20140217:2009,0.0,0.0,0.0,11.03,1.66,0.0
20140217:2109,0.0,0.0,0.0,10.62,1.31,0.0
20140217:2209,0.0,0.0,0.0,10.16,0.76,0.0
20140217:2309,0.0,0.0,0.0,10.68,0.07,0.0
20140218:0009,0.0,0.0,0.0,9.79,0.62,0.0
20140218:0109,0.0,0.0,0.0,8.85,1.1,0.0
20140218:0209,0.0,0.0,0.0,8.4,1.24,0.0
20140218:0309,0.0,0.0,0.0,7.97,1.31,0.0
20140218:0409,0.0,0.0,0.0,7.65,1.45,0.0
20140218:0509,0.0,0.0,0.0,7.34,1.66,0.0
20140218:0609,0.0,0.0,0.0,7.69,1.72,0.0
20140218:0709,0.0,0.0,0.0,8.45,1.79,0.0
20140218:0809,8563.04,155.71,11.04,8.93,1.72,0.0
20140218:0909,8347.48,144.73,22.09,10.25,1.59,0.0
20140218:1009,13942.07,229.96,31.83,11.31,2.0,0.0
20140218:1109,22126.37,356.1,39.42,12.14,2.14,0.0
20140218:1209,38438.04,617.18,43.76,12.67,2.28,0.0
20140218:1309,47851.91,777.12,43.91,13.64,2.62,0.0
20140218:1409,42218.62,677.33,39.83,14.27,3.38,0.0
20140218:1509,35727.65,562.84,32.42,12.06,3.52,0.0
20140218:1609,21284.64,339.84,22.8,12.21,3.03,0.0
20140218:1709,5148.3,96.79,11.82,12.24,3.24,0.0
20140218:1809,0.0,0.0,0.0,11.45,2.69,0.0
20140218:1909,0.0,0.0,0.0,11.29,2.69,0.0
20140218:2009,0.0,0.0,0.0,10.98,2.21,0.0
20140218:2109,0.0,0.0,0.0,10.6,2.07,0.0
20140218:2209,0.0,0.0,0.0,10.24,2.07,0.0
20140218:2309,0.0,0.0,0.0,9.52,1.86,0.0
20140219:0009,0.0,0.0,0.0,9.16,1.59,0.0
20140219:0109,0.0,0.0,0.0,8.55,1.52,0.0
20140219:0209,0.0,0.0,0.0,8.08,1.79,0.0
20140219:0309,0.0,0.0,0.0,7.87,1.79,0.0
20140219:0409,0.0,0.0,0.0,7.67,1.93,0.0
20140219:0509,0.0,0.0,0.0,7.96,2.07,0.0
20140219:0609,0.0,0.0,0.0,7.85,2.21,0.0
20140219:0709,0.0,0.0,0.0,8.08,1.72,0.0
20140219:0809,13107.17,235.01,11.27,8.28,1.72,0.0
20140219:0909,30740.26,493.28,22.35,10.73,1.59,0.0
20140219:1009,42374.97,685.38,32.12,12.66,1.59,0.0
20140219:1109,24015.52,390.53,39.75,13.73,1.24,0.0
20140219:1209,25199.56,410.69,44.12,14.68,1.59,0.0
20140219:1309,58453.63,979.87,44.26,15.1,2.21,0.0
20140219:1409,55129.96,914.94,40.15,15.22,2.34,0.0
20140219:1509,49942.2,820.16,32.7,15.18,2.21,0.0
20140219:1609,37200.87,599.6,23.04,15.01,2.48,0.0
20140219:1709,18442.18,307.51,12.03,14.18,2.62,0.0
20140219:1809,0.0,0.0,0.0,12.92,2.14,0.0
20140219:1909,0.0,0.0,0.0,11.9,1.72,0.0
20140219:2009,0.0,0.0,0.0,10.89,1.52,0.0
20140219:2109,0.0,0.0,0.0,10.1,1.24,0.0
20140219:2209,0.0,0.0,0.0,11.2,0.48,0.0
20140219:2309,0.0,0.0,0.0,9.43,1.1,0.0
20140220:0009,0.0,0.0,0.0,7.73,1.45,0.0
20140220:0109,0.0,0.0,0.0,7.08,1.66,0.0
20140220:0209,0.0,0.0,0.0,7.08,1.86,0.0
20140220:0309,0.0,0.0,0.0,6.86,2.0,0.0
20140220:0409,0.0,0.0,0.0,7.0,2.07,0.0
20140220:0509,0.0,0.0,0.0,7.04,2.07,0.0
20140220:0609,0.0,0.0,0.0,6.95,2.14,0.0
20140220:0709,0.0,0.0,0.0,7.1,2.07,0.0
20140220:0809,12314.78,219.73,11.51,7.8,1.79,0.0
20140220:0909,30969.48,497.23,22.61,10.59,1.45,0.0
20140220:1009,44377.97,728.93,32.42,13.25,0.97,0.0
20140220:1109,53665.85,908.01,40.08,14.73,0.97,0.0
20140220:1209,58841.48,1005.81,44.47,15.8,1.45,0.0
20140220:1309,61154.91,1045.16,44.62,16.52,1.93,0.0
20140220:1409,57969.38,978.2,40.47,16.8,2.21,0.0
20140220:1509,49776.74,822.46,32.97,16.72,2.34,0.0
20140220:1609,37288.15,605.63,23.28,16.28,2.34,0.0
20140220:1709,18724.53,314.42,12.24,15.36,2.07,0.0
20140220:1809,0.0,0.0,0.0,13.87,1.66,0.0
20140220:1909,0.0,0.0,0.0,12.3,1.59,0.0
20140220:2009,0.0,0.0,0.0,11.13,1.31,0.0
20140220:2109,0.0,0.0,0.0,11.05,0.9,0.0
20140220:2209,0.0,0.0,0.0,10.4,1.03,0.0
20140220:2309,0.0,0.0,0.0,8.2,1.72,0.0
20140221:0009,0.0,0.0,0.0,7.32,1.66,0.0
20140221:0109,0.0,0.0,0.0,7.25,1.79,0.0
20140221:0209,0.0,0.0,0.0,7.5,1.79,0.0
20140221:0309,0.0,0.0,0.0,7.08,1.79,0.0
20140221:0409,0.0,0.0,0.0,6.83,1.72,0.0
20140221:0509,0.0,0.0,0.0,6.73,1.72,0.0
20140221:0609,0.0,0.0,0.0,6.68,1.72,0.0
20140221:0709,0.0,0.0,0.0,7.36,1.66,0.0
20140221:0809,11400.94,203.97,11.75,8.2,1.45,0.0
20140221:0909,17764.4,291.04,22.88,12.35,1.1,0.0
20140221:1009,35116.65,573.94,32.72,14.49,0.9,0.0
20140221:1109,45032.99,743.0,40.42,15.87,1.79,0.0
20140221:1209,30599.84,496.82,44.83,16.37,2.9,0.0
20140221:1309,11493.54,195.52,44.97,14.94,3.59,0.0
20140221:1409,6605.58,119.95,40.79,14.39,3.38,0.0
20140221:1509,17953.39,293.16,33.25,13.85,2.55,0.0
20140221:1609,11485.19,194.26,23.52,13.63,2.0,0.0
20140221:1709,12223.7,208.25,12.45,13.25,1.93,0.0
20140221:1809,0.0,0.0,0.0,12.85,1.93,0.0
20140221:1909,0.0,0.0,0.0,12.29,2.0,0.0
20140221:2009,0.0,0.0,0.0,12.01,2.14,0.0
20140221:2109,0.0,0.0,0.0,11.8,2.28,0.0
20140221:2209,0.0,0.0,0.0,11.62,1.86,0.0
20140221:2309,0.0,0.0,0.0,11.42,1.24,0.0
20140222:0009,0.0,0.0,0.0,10.99,0.76,0.0
20140222:0109,0.0,0.0,0.0,10.5,0.76,0.0
20140222:0209,0.0,0.0,0.0,9.99,0.97,0.0
20140222:0309,0.0,0.0,0.0,9.59,1.1,0.0
20140222:0409,0.0,0.0,0.0,9.04,1.31,0.0
20140222:0509,0.0,0.0,0.0,8.2,1.59,0.0
20140222:0609,0.0,0.0,0.0,7.9,1.72,0.0
20140222:0709,0.0,0.0,0.0,7.53,2.14,0.0
20140222:0809,12933.36,230.07,11.99,8.21,1.86,0.0
20140222:0909,31442.33,504.0,23.15,11.26,2.0,0.0
20140222:1009,45352.53,725.53,33.02,12.84,2.97,0.0
20140222:1109,56259.36,914.37,40.76,13.85,3.45,0.0
20140222:1209,61765.14,1018.22,45.2,14.73,3.59,0.0
20140222:1309,63085.04,1045.08,45.33,15.47,3.72,0.0
20140222:1409,60171.24,990.11,41.11,15.93,3.93,0.0
20140222:1509,51771.39,839.51,33.53,16.12,4.0,0.0
20140222:1609,38246.01,613.05,23.75,15.96,3.93,0.0
20140222:1709,20124.13,334.91,12.65,15.29,3.45,0.0
20140222:1809,0.0,0.0,0.0,13.73,3.1,0.0
20140222:1909,0.0,0.0,0.0,12.09,3.1,0.0
20140222:2009,0.0,0.0,0.0,11.07,2.9,0.0
20140222:2109,0.0,0.0,0.0,10.25,2.69,0.0
20140222:2209,0.0,0.0,0.0,9.53,2.41,0.0
20140222:2309,0.0,0.0,0.0,8.77,2.07,0.0
20140223:0009,0.0,0.0,0.0,8.0,1.79,0.0
20140223:0109,0.0,0.0,0.0,7.32,1.59,0.0
20140223:0209,0.0,0.0,0.0,6.4,1.52,0.0
20140223:0309,0.0,0.0,0.0,5.9,1.45,0.0
20140223:0409,0.0,0.0,0.0,5.26,1.72,0.0
20140223:0509,0.0,0.0,0.0,5.1,1.93,0.0
20140223:0609,0.0,0.0,0.0,5.16,2.14,0.0
20140223:0709,0.0,0.0,0.0,5.7,2.48,0.0
20140223:0809,12779.28,225.7,12.24,7.26,2.28,0.0
20140223:0909,31130.38,501.17,23.42,12.01,1.86,0.0
20140223:1009,44333.19,730.04,33.33,16.34,1.86,0.0
20140223:1109,53920.88,913.4,41.1,19.37,2.28,0.0
20140223:1209,59823.62,1023.43,45.56,20.97,3.1,0.0
20140223:1309,61551.11,1050.22,45.68,21.42,3.72,0.0
20140223:1409,58513.59,988.7,41.43,21.25,3.86,0.0
20140223:1509,49654.54,821.94,33.8,20.53,3.93,0.0
20140223:1609,36297.66,588.19,23.99,18.83,4.28,0.0
20140223:1709,18556.79,311.97,12.86,16.89,3.38,0.0
20140223:1809,0.0,0.0,0.0,15.39,2.9,0.0
20140223:1909,0.0,0.0,0.0,14.15,2.62,0.0
20140223:2009,0.0,0.0,0.0,13.18,2.41,0.0
20140223:2109,0.0,0.0,0.0,12.43,2.28,0.0
20140223:2209,0.0,0.0,0.0,11.89,2.21,0.0
20140223:2309,0.0,0.0,0.0,11.44,2.21,0.0
20140224:0009,0.0,0.0,0.0,11.26,2.41,0.0
20140224:0109,0.0,0.0,0.0,11.2,2.76,0.0
20140224:0209,0.0,0.0,0.0,11.06,2.9,0.0
20140224:0309,0.0,0.0,0.0,11.41,2.83,0.0
20140224:0409,0.0,0.0,0.0,11.33,2.55,0.0
20140224:0509,0.0,0.0,0.0,11.24,2.28,0.0
20140224:0609,0.0,0.0,0.0,11.28,1.86,0.0
20140224:0709,0.0,0.0,0.0,11.16,1.52,0.0
20140224:0809,4999.53,95.14,12.49,10.96,1.45,0.0
20140224:0909,12588.02,210.15,23.7,11.61,1.52,0.0
20140224:1009,18511.25,300.46,33.64,11.98,1.79,0.0
20140224:1109,39676.73,637.95,41.45,12.55,2.07,0.0
20140224:1209,27098.58,438.01,45.93,13.61,1.93,0.0
20140224:1309,12803.57,216.3,46.04,14.67,2.0,0.0
20140224:1409,43908.15,717.46,41.75,15.1,2.21,0.0
20140224:1509,9625.64,167.18,34.08,15.1,2.76,0.0
20140224:1609,16529.5,270.87,24.22,14.48,3.17,0.0
20140224:1709,19782.58,328.3,13.06,14.03,2.76,0.0
20140224:1809,0.0,0.0,0.0,13.33,1.66,0.0
20140224:1909,0.0,0.0,0.0,12.42,1.52,0.0
20140224:2009,0.0,0.0,0.0,11.22,1.24,0.0
20140224:2109,0.0,0.0,0.0,11.78,0.62,0.0
20140224:2209,0.0,0.0,0.0,9.93,1.24,0.0
20140224:2309,0.0,0.0,0.0,8.21,1.86,0.0
20140225:0009,0.0,0.0,0.0,7.38,1.66,0.0
20140225:0109,0.0,0.0,0.0,7.13,1.79,0.0
20140225:0209,0.0,0.0,0.0,7.07,1.86,0.0
20140225:0309,0.0,0.0,0.0,6.82,1.86,0.0
20140225:0409,0.0,0.0,0.0,6.63,1.86,0.0
20140225:0509,0.0,0.0,0.0,6.67,1.66,0.0
20140225:0609,0.0,0.0,0.0,6.5,1.59,0.0
20140225:0709,0.0,0.0,0.0,6.81,1.17,0.0
20140225:0809,12865.05,228.42,12.75,7.81,0.97,0.0
20140225:0909,31578.95,512.93,23.98,11.25,0.62,0.0
20140225:1009,44275.51,727.9,33.95,13.29,0.9,0.0
20140225:1109,19041.03,312.91,41.79,14.71,1.93,0.0
20140225:1209,10028.67,173.79,46.3,15.45,2.41,0.0
20140225:1309,60492.3,1012.71,46.41,15.64,2.69,0.0
20140225:1409,26319.84,426.09,42.08,15.75,3.17,0.0
20140225:1509,49703.12,805.95,34.35,15.7,3.45,0.0
20140225:1609,37436.92,599.75,24.46,15.15,3.31,0.0
20140225:1709,19560.95,325.18,13.27,14.58,3.03,0.0
20140225:1809,0.0,0.0,0.0,13.4,2.55,0.0
20140225:1909,0.0,0.0,0.0,12.09,2.83,0.0
20140225:2009,0.0,0.0,0.0,11.37,2.55,0.0
20140225:2109,0.0,0.0,0.0,10.97,2.14,0.0
20140225:2209,0.0,0.0,0.0,10.6,1.86,0.0
20140225:2309,0.0,0.0,0.0,10.31,1.66,0.0
20140226:0009,0.0,0.0,0.0,9.93,1.52,0.0
20140226:0109,0.0,0.0,0.0,9.52,1.38,0.0
20140226:0209,0.0,0.0,0.0,8.87,1.52,0.0
20140226:0309,0.0,0.0,0.0,8.55,1.59,0.0
20140226:0409,0.0,0.0,0.0,8.32,1.66,0.0
20140226:0509,0.0,0.0,0.0,7.94,1.66,0.0
20140226:0609,0.0,0.0,0.0,7.75,1.66,0.0
20140226:0709,0.0,0.0,0.0,9.08,1.24,0.0
20140226:0809,13634.68,244.68,13.01,10.54,0.76,0.0
20140226:0909,27542.59,447.11,24.26,13.08,1.31,0.0
20140226:1009,33035.48,529.2,34.27,14.61,3.1,0.0
20140226:1109,44529.01,730.67,42.15,15.43,2.07,0.0
20140226:1209,52345.95,889.34,46.68,16.42,1.24,0.0
20140226:1309,60028.55,1032.2,46.77,17.5,1.79,0.0
20140226:1409,55853.29,930.51,42.4,17.58,3.1,0.0
20140226:1509,51089.81,829.61,34.63,16.59,4.0,0.0
20140226:1609,38224.0,610.1,24.69,15.24,4.0,0.0
20140226:1709,20123.37,332.51,13.47,14.03,3.66,0.0
20140226:1809,0.0,0.0,0.0,12.71,2.9,0.0
20140226:1909,0.0,0.0,0.0,11.56,2.48,0.0
20140226:2009,0.0,0.0,0.0,10.61,2.14,0.0
20140226:2109,0.0,0.0,0.0,9.7,1.66,0.0
20140226:2209,0.0,0.0,0.0,8.66,1.66,0.0
20140226:2309,0.0,0.0,0.0,7.68,1.66,0.0
20140227:0009,0.0,0.0,0.0,6.92,1.72,0.0
20140227:0109,0.0,0.0,0.0,6.36,1.79,0.0
20140227:0209,0.0,0.0,0.0,6.04,1.79,0.0
20140227:0309,0.0,0.0,0.0,5.78,1.79,0.0
20140227:0409,0.0,0.0,0.0,5.7,1.93,0.0
20140227:0509,0.0,0.0,0.0,5.56,1.86,0.0
20140227:0609,0.0,0.0,0.0,5.37,1.72,0.0
20140227:0709,0.0,0.0,0.0,5.84,1.72,0.0
20140227:0809,13397.87,235.47,13.27,7.18,1.38,0.0
20140227:0909,31333.04,505.55,24.55,11.29,1.17,0.0
20140227:1009,44607.19,733.17,34.59,13.73,1.1,0.0
20140227:1109,54103.04,908.04,42.5,15.15,1.52,0.0
20140227:1209,50522.84,840.63,47.05,16.11,2.14,0.0
20140227:1309,61812.96,1047.85,47.14,16.68,2.48,0.0
20140227:1409,58534.84,980.13,42.72,16.82,2.76,0.0
20140227:1509,50141.06,819.48,34.9,16.62,3.24,0.0
20140227:1609,36879.05,593.7,24.92,15.95,3.17,0.0
20140227:1709,20086.18,334.22,13.67,15.04,3.03,0.0
20140227:1809,0.0,5.67,1.7,13.68,2.48,0.0
20140227:1909,0.0,0.0,0.0,12.19,2.07,0.0
20140227:2009,0.0,0.0,0.0,11.25,1.86,0.0
20140227:2109,0.0,0.0,0.0,10.52,1.66,0.0
20140227:2209,0.0,0.0,0.0,9.76,1.52,0.0
20140227:2309,0.0,0.0,0.0,9.23,1.45,0.0
20140228:0009,0.0,0.0,0.0,8.47,1.59,0.0
20140228:0109,0.0,0.0,0.0,7.94,1.66,0.0
20140228:0209,0.0,0.0,0.0,7.54,1.72,0.0
20140228:0309,0.0,0.0,0.0,7.5,1.79,0.0
20140228:0409,0.0,0.0,0.0,7.94,1.93,0.0
20140228:0509,0.0,0.0,0.0,8.28,2.0,0.0
20140228:0609,0.0,0.0,0.0,8.39,1.93,0.0
20140228:0709,0.0,0.0,0.0,8.37,1.93,0.0
20140228:0809,12270.75,216.94,13.53,9.38,1.52,0.0
20140228:0909,30234.01,491.15,24.84,12.58,1.03,0.0
20140228:1009,43999.23,737.64,34.91,14.98,0.34,0.0
20140228:1109,52956.19,907.72,42.86,16.43,0.76,0.0
20140228:1209,57347.76,973.52,47.43,17.53,2.14,0.0
20140228:1309,61534.41,1040.98,47.5,17.88,2.97,0.0
20140228:1409,59106.37,984.58,43.05,17.66,3.52,0.0
20140228:1509,50018.86,824.52,35.18,17.38,2.83,0.0
20140228:1609,37298.78,614.87,25.16,17.32,1.45,0.0
20140228:1709,21207.22,357.57,13.87,16.85,1.79,0.0
20140228:1809,0.0,5.67,1.89,15.3,2.41,0.0
20140228:1909,0.0,0.0,0.0,13.57,2.34,0.0
20140228:2009,0.0,0.0,0.0,12.76,1.31,0.0
20140228:2109,0.0,0.0,0.0,12.51,0.48,0.0
20140228:2209,0.0,0.0,0.0,11.78,0.83,0.0
20140228:2309,0.0,0.0,0.0,11.56,1.52,0.0
20140301:0009,0.0,0.0,0.0,11.52,1.31,0.0
20140301:0109,0.0,0.0,0.0,11.35,1.31,0.0
20140301:0209,0.0,0.0,0.0,11.2,1.59,0.0
20140301:0309,0.0,0.0,0.0,10.96,1.93,0.0
20140301:0409,0.0,0.0,0.0,10.87,1.79,0.0
20140301:0509,0.0,0.0,0.0,10.99,1.86,0.0
20140301:0609,0.0,0.0,0.0,11.22,2.14,0.0
20140301:0709,0.0,4.72,1.78,11.82,2.41,0.0
20140301:0809,3919.48,77.41,13.8,12.31,2.62,0.0
20140301:0909,11165.65,188.84,25.13,13.32,3.93,0.0
20140301:1009,22036.81,355.67,35.23,14.8,4.07,0.0
20140301:1109,13185.35,222.43,43.22,16.32,4.41,0.0
20140301:1209,9104.21,159.62,47.81,16.55,4.76,0.0
20140301:1309,13078.33,221.02,47.87,16.66,4.76,0.0
20140301:1409,6786.22,123.73,43.37,16.67,4.9,0.0
20140301:1509,13063.91,220.15,35.45,16.24,4.55,0.0
20140301:1609,13372.06,224.13,25.38,16.13,4.41,0.0
20140301:1709,5048.87,96.39,14.07,15.89,4.14,0.0
20140301:1809,25.05,6.61,2.07,15.26,3.45,0.0
20140301:1909,0.0,0.0,0.0,14.46,3.24,0.0
20140301:2009,0.0,0.0,0.0,14.13,3.24,0.0
20140301:2109,0.0,0.0,0.0,13.83,3.17,0.0
20140301:2209,0.0,0.0,0.0,13.57,3.24,0.0
20140301:2309,0.0,0.0,0.0,13.41,3.24,0.0
20140302:0009,0.0,0.0,0.0,13.47,3.38,0.0
20140302:0109,0.0,0.0,0.0,13.4,3.66,0.0
20140302:0209,0.0,0.0,0.0,13.4,4.0,0.0
20140302:0309,0.0,0.0,0.0,13.43,4.14,0.0
20140302:0409,0.0,0.0,0.0,13.49,3.93,0.0
20140302:0509,0.0,0.0,0.0,13.56,3.79,0.0
20140302:0609,0.0,0.0,0.0,13.56,3.52,0.0
20140302:0709,0.0,4.72,2.03,13.75,3.59,0.0
20140302:0809,3574.89,72.21,14.07,13.97,3.45,0.0
20140302:0909,2740.75,58.56,25.43,14.36,3.79,0.0
20140302:1009,4965.38,94.45,35.56,14.76,3.86,0.0
20140302:1109,6469.72,118.07,43.58,14.94,3.72,0.0
20140302:1209,0.0,0.0,0.0,15.54,4.28,0.0
20140302:1309,14184.19,237.58,48.24,16.16,4.62,0.0
20140302:1409,8692.83,153.01,43.69,16.12,4.62,0.0
20140302:1509,9672.7,168.13,35.72,16.03,4.34,0.0
20140302:1609,9131.53,159.61,25.61,15.82,3.59,0.0
20140302:1709,4127.44,81.55,14.27,15.47,2.97,0.0
20140302:1809,0.0,5.67,2.24,15.04,2.62,0.0
20140302:1909,0.0,0.0,0.0,14.67,1.86,0.0
20140302:2009,0.0,0.0,0.0,14.35,1.93,0.0
20140302:2109,0.0,0.0,0.0,14.24,1.86,0.0
20140302:2209,0.0,0.0,0.0,14.16,1.79,0.0
20140302:2309,0.0,0.0,0.0,14.01,1.79,0.0
20140303:0009,0.0,0.0,0.0,13.89,1.79,0.0
20140303:0109,0.0,0.0,0.0,13.77,1.79,0.0
20140303:0209,0.0,0.0,0.0,13.53,1.79,0.0
20140303:0309,0.0,0.0,0.0,13.33,1.86,0.0
20140303:0409,0.0,0.0,0.0,13.24,1.93,0.0
20140303:0509,0.0,0.0,0.0,12.98,1.72,0.0
20140303:0609,0.0,0.0,0.0,12.48,2.07,0.0
20140303:0709,121.44,9.45,2.29,12.5,1.93,0.0
20140303:0809,7828.33,142.17,14.34,13.3,2.0,0.0
20140303:0909,8798.33,153.76,25.72,14.05,2.41,0.0
20140303:1009,16300.28,268.99,35.89,14.77,3.1,0.0
20140303:1109,14598.61,244.11,43.95,15.6,3.17,0.0
20140303:1209,0.0,0.0,0.0,16.06,3.59,0.0
20140303:1309,11936.79,203.07,48.61,15.89,3.79,0.0
20140303:1409,18070.27,296.83,44.02,15.4,3.79,0.0
20140303:1509,47147.56,757.5,35.99,14.71,3.72,0.0
20140303:1609,21795.44,351.03,25.84,14.21,3.17,0.0
20140303:1709,8630.59,151.98,14.47,14.07,2.83,0.0
20140303:1809,569.25,23.32,2.42,13.62,2.28,0.0
20140303:1909,0.0,0.0,0.0,13.18,1.66,0.0
20140303:2009,0.0,0.0,0.0,12.77,1.17,0.0
20140303:2109,0.0,0.0,0.0,12.13,0.76,0.0
20140303:2209,0.0,0.0,0.0,11.61,0.83,0.0
20140303:2309,0.0,0.0,0.0,11.33,0.83,0.0
20140304:0009,0.0,0.0,0.0,11.19,0.9,0.0
20140304:0109,0.0,0.0,0.0,11.01,0.83,0.0
20140304:0209,0.0,0.0,0.0,10.93,0.76,0.0
20140304:0309,0.0,0.0,0.0,10.79,0.69,0.0
20140304:0409,0.0,0.0,0.0,11.17,0.34,0.0
20140304:0509,0.0,0.0,0.0,11.2,0.14,0.0
20140304:0609,0.0,0.0,0.0,11.18,0.28,0.0
20140304:0709,192.03,13.73,2.55,10.13,1.03,0.0
20140304:0809,14088.56,249.26,14.62,10.87,1.03,0.0
20140304:0909,29932.68,481.54,26.02,12.8,2.21,0.0
20140304:1009,23413.63,377.64,36.22,13.31,2.21,0.0
20140304:1109,41425.46,671.5,44.31,14.01,2.28,0.0
20140304:1209,0.0,0.0,0.0,14.63,2.62,0.0
20140304:1309,34969.41,566.99,48.98,15.46,2.76,0.0
20140304:1409,47714.54,783.35,44.34,15.93,2.69,0.0
20140304:1509,43909.67,713.71,36.26,16.0,2.9,0.0
20140304:1609,37169.75,598.1,26.07,15.6,3.1,0.0
20140304:1709,19641.4,326.54,14.66,14.84,2.97,0.0
20140304:1809,1130.91,37.26,2.6,13.7,2.34,0.0
20140304:1909,0.0,0.0,0.0,12.08,2.41,0.0
20140304:2009,0.0,0.0,0.0,11.13,2.28,0.0
20140304:2109,0.0,0.0,0.0,10.39,2.14,0.0
20140304:2209,0.0,0.0,0.0,9.87,2.0,0.0
20140304:2309,0.0,0.0,0.0,9.16,2.0,0.0
20140305:0009,0.0,0.0,0.0,8.72,1.93,0.0
20140305:0109,0.0,0.0,0.0,8.23,2.0,0.0
20140305:0209,0.0,0.0,0.0,7.86,2.07,0.0
20140305:0309,0.0,0.0,0.0,7.82,2.07,0.0
20140305:0409,0.0,0.0,0.0,7.83,1.93,0.0
20140305:0509,0.0,0.0,0.0,7.76,1.93,0.0
20140305:0609,0.0,0.0,0.0,7.73,1.93,0.0
20140305:0709,330.92,18.25,2.81,7.81,1.93,0.0
20140305:0809,13699.95,239.26,14.89,9.24,1.52,0.0
20140305:0909,31893.18,515.29,26.32,12.64,1.66,0.0
20140305:1009,45698.63,744.02,36.56,14.49,2.21,0.0
20140305:1109,50956.98,845.05,44.68,15.87,2.21,0.0
20140305:1209,48969.92,811.65,49.36,17.06,2.69,0.0
20140305:1309,60524.94,1017.92,49.35,17.88,3.31,0.0
20140305:1409,57520.06,956.39,44.66,17.76,3.59,0.0
20140305:1509,49671.24,812.72,36.53,17.46,3.59,0.0
20140305:1609,36428.96,588.61,26.29,17.04,3.45,0.0
20140305:1709,15120.8,256.03,14.86,16.33,2.97,0.0
20140305:1809,494.11,20.37,2.78,15.4,2.21,0.0
20140305:1909,0.0,0.0,0.0,13.61,1.86,0.0
20140305:2009,0.0,0.0,0.0,12.55,1.72,0.0
20140305:2109,0.0,0.0,0.0,11.7,1.72,0.0
20140305:2209,0.0,0.0,0.0,11.1,1.66,0.0
20140305:2309,0.0,0.0,0.0,10.38,1.79,0.0
20140306:0009,0.0,0.0,0.0,9.82,1.93,0.0
20140306:0109,0.0,0.0,0.0,9.64,2.07,0.0
20140306:0209,0.0,0.0,0.0,9.33,2.14,0.0
20140306:0309,0.0,0.0,0.0,9.09,2.14,0.0
20140306:0409,0.0,0.0,0.0,8.91,2.14,0.0
20140306:0509,0.0,0.0,0.0,8.68,2.07,0.0
20140306:0609,0.0,0.0,0.0,8.39,1.93,0.0
20140306:0709,348.38,16.96,3.08,8.89,1.79,0.0
20140306:0809,9526.97,167.43,15.17,9.85,1.45,0.0
20140306:0909,16667.64,272.35,26.63,12.01,2.07,0.0
20140306:1009,43546.87,704.96,36.89,13.89,2.28,0.0
20140306:1109,56076.44,934.87,45.05,16.19,2.55,0.0
20140306:1209,58355.72,988.21,49.75,18.12,2.69,0.0
20140306:1309,60405.02,1032.8,49.73,19.51,2.83,0.0
20140306:1409,57401.65,976.78,44.98,20.28,2.9,0.0
20140306:1509,49982.43,836.08,36.79,20.38,3.03,0.0
20140306:1609,36759.89,604.38,26.51,19.84,3.03,0.0
20140306:1709,19971.57,338.23,15.05,18.67,2.69,0.0
20140306:1809,1451.97,44.68,2.95,16.75,2.14,0.0
20140306:1909,0.0,0.0,0.0,14.57,1.93,0.0
20140306:2009,0.0,0.0,0.0,13.42,1.59,0.0
20140306:2109,0.0,0.0,0.0,12.53,1.17,0.0
20140306:2209,0.0,0.0,0.0,11.83,1.31,0.0
20140306:2309,0.0,0.0,0.0,10.42,1.72,0.0
20140307:0009,0.0,0.0,0.0,9.65,1.79,0.0
20140307:0109,0.0,0.0,0.0,9.26,1.79,0.0
20140307:0209,0.0,0.0,0.0,9.16,1.86,0.0
20140307:0309,0.0,0.0,0.0,8.98,2.0,0.0
20140307:0409,0.0,0.0,0.0,8.89,2.07,0.0
20140307:0509,0.0,0.0,0.0,8.96,2.28,0.0
20140307:0609,0.0,0.0,0.0,9.17,2.48,0.0
20140307:0709,502.46,25.52,3.35,9.28,2.28,0.0
20140307:0809,15097.27,264.64,15.45,11.17,2.14,0.0
20140307:0909,32517.84,528.49,26.93,14.93,2.28,0.0
20140307:1009,45625.01,754.98,37.23,18.55,2.62,0.0
20140307:1109,54156.17,925.42,45.43,21.56,2.62,0.0
20140307:1209,55964.11,976.29,50.14,23.91,2.55,0.0
20140307:1309,58950.01,1042.83,50.1,25.46,2.62,0.0
20140307:1409,56172.07,985.26,45.31,26.15,2.9,0.0
20140307:1509,48716.42,837.35,37.06,26.15,3.17,0.0
20140307:1609,35902.98,606.05,26.73,25.52,3.24,0.0
20140307:1709,19395.49,336.85,15.24,24.14,3.03,0.0
20140307:1809,1633.37,50.06,3.12,21.59,3.17,0.0
20140307:1909,0.0,0.0,0.0,19.38,3.45,0.0
20140307:2009,0.0,0.0,0.0,17.91,3.38,0.0
20140307:2109,0.0,0.0,0.0,16.69,3.1,0.0
20140307:2209,0.0,0.0,0.0,15.47,2.9,0.0
20140307:2309,0.0,0.0,0.0,14.31,2.69,0.0
20140308:0009,0.0,0.0,0.0,13.33,2.55,0.0
20140308:0109,0.0,0.0,0.0,12.5,2.41,0.0
20140308:0209,0.0,0.0,0.0,11.71,2.28,0.0
20140308:0309,0.0,0.0,0.0,11.12,2.21,0.0
20140308:0409,0.0,0.0,0.0,10.81,2.21,0.0
20140308:0509,0.0,0.0,0.0,10.71,2.28,0.0
20140308:0609,0.0,0.0,0.0,10.61,2.34,0.0
20140308:0709,604.16,26.01,3.62,11.01,2.62,0.0
20140308:0809,14747.37,259.92,15.74,12.78,2.28,0.0
20140308:0909,31081.05,512.99,27.24,17.31,1.72,0.0
20140308:1009,43949.14,750.85,37.57,21.91,1.38,0.0
20140308:1109,51413.14,919.78,45.8,25.52,1.03,0.0
20140308:1209,52483.33,977.16,50.54,27.92,0.34,0.0
20140308:1309,55631.66,1035.71,50.47,29.0,0.9,0.0
20140308:1409,53690.9,965.31,45.63,28.79,2.0,0.0
20140308:1509,46283.82,809.09,37.32,27.53,2.14,0.0
20140308:1609,20605.33,353.77,26.95,25.82,1.79,0.0
20140308:1709,625.42,21.72,15.43,24.03,1.79,0.0
20140308:1809,1740.39,52.48,3.3,21.84,1.52,0.0
20140308:1909,0.0,0.0,0.0,22.1,1.38,0.0
20140308:2009,0.0,0.0,0.0,20.28,1.31,0.0
20140308:2109,0.0,0.0,0.0,18.77,1.52,0.0
20140308:2209,0.0,0.0,0.0,17.82,1.66,0.0
20140308:2309,0.0,0.0,0.0,16.38,1.93,0.0
20140309:0009,0.0,0.0,0.0,15.56,2.34,0.0
20140309:0109,0.0,0.0,0.0,14.89,2.28,0.0
20140309:0209,0.0,0.0,0.0,14.54,2.0,0.0
20140309:0309,0.0,0.0,0.0,14.38,1.24,0.0
20140309:0409,0.0,0.0,0.0,14.26,2.21,0.0
20140309:0509,0.0,0.0,0.0,14.45,2.0,0.0
20140309:0609,0.0,0.0,0.0,14.59,2.21,0.0
20140309:0709,492.59,19.47,3.89,15.24,1.72,0.0
20140309:0809,2995.01,63.28,16.02,15.93,1.03,0.0
20140309:0909,8065.13,145.8,27.55,18.6,0.9,0.0
20140309:1009,12423.31,215.56,37.91,19.83,1.45,0.0
20140309:1109,6981.28,129.4,46.18,20.18,1.1,0.0
20140309:1209,19973.84,339.78,50.93,21.02,0.97,0.0
20140309:1309,22640.21,384.23,50.85,21.66,1.17,0.0
20140309:1409,8905.35,161.51,45.95,22.56,1.79,0.0
20140309:1509,15941.28,273.78,37.58,22.82,2.48,0.0
20140309:1609,12405.1,216.31,27.17,22.55,2.97,0.0
20140309:1709,2528.99,56.67,15.62,21.54,2.55,0.0
20140309:1809,834.14,28.95,3.47,19.94,2.07,0.0
20140309:1909,0.0,0.0,0.0,18.63,2.62,0.0
20140309:2009,0.0,0.0,0.0,17.55,2.76,0.0
20140309:2109,0.0,0.0,0.0,16.95,2.76,0.0
20140309:2209,0.0,0.0,0.0,16.43,2.83,0.0
20140309:2309,0.0,0.0,0.0,16.02,2.97,0.0
20140310:0009,0.0,0.0,0.0,15.44,2.97,0.0
20140310:0109,0.0,0.0,0.0,14.74,2.83,0.0
20140310:0209,0.0,0.0,0.0,14.21,2.69,0.0
20140310:0309,0.0,0.0,0.0,13.9,2.62,0.0
20140310:0409,0.0,0.0,0.0,13.58,2.28,0.0
20140310:0509,0.0,0.0,0.0,13.28,2.07,0.0
20140310:0609,0.0,0.0,0.0,13.14,2.07,0.0
20140310:0709,446.29,17.74,4.16,13.5,2.14,0.0
20140310:0809,6872.74,125.69,16.31,14.19,1.59,0.0
20140310:0909,17888.87,298.23,27.86,16.49,1.24,0.0
20140310:1009,18347.31,310.58,38.25,18.72,0.28,0.0
20140310:1109,48040.15,828.04,46.56,20.52,1.1,0.0
20140310:1209,57962.55,1014.34,51.33,21.62,1.86,0.0
20140310:1309,57932.95,1008.5,51.22,21.8,2.21,0.0
20140310:1409,54601.7,938.75,46.26,21.83,2.41,0.0
20140310:1509,45946.06,772.51,37.84,21.41,2.55,0.0
20140310:1609,32895.82,544.02,27.39,20.75,2.62,0.0
20140310:1709,17358.33,296.33,15.8,19.49,2.83,0.0
20140310:1809,1585.55,46.58,3.64,17.82,2.55,0.0
20140310:1909,0.0,0.0,0.0,17.04,2.55,0.0
20140310:2009,0.0,0.0,0.0,15.56,2.41,0.0
20140310:2109,0.0,0.0,0.0,14.63,2.34,0.0
20140310:2209,0.0,0.0,0.0,14.01,2.07,0.0
20140310:2309,0.0,0.0,0.0,13.61,2.34,0.0
20140311:0009,0.0,0.0,0.0,13.32,2.62,0.0
20140311:0109,0.0,0.0,0.0,13.21,2.28,0.0
20140311:0209,0.0,0.0,0.0,12.92,2.14,0.0
20140311:0309,0.0,0.0,0.0,12.95,2.34,0.0
20140311:0409,0.0,0.0,0.0,13.11,2.34,0.0
20140311:0509,0.0,0.0,0.0,13.19,2.28,0.0
20140311:0609,0.0,0.0,0.0,13.37,1.93,0.0
20140311:0709,738.51,25.32,4.44,13.31,2.07,0.0
20140311:0809,10198.68,180.2,16.6,13.88,2.34,0.0
20140311:0909,15868.41,264.48,28.17,15.0,1.31,0.0
20140311:1009,20201.54,336.57,38.59,16.35,0.41,0.0
20140311:1109,14659.33,250.14,46.93,17.53,0.34,0.0
20140311:1209,14893.1,254.49,51.73,18.92,1.1,0.0
20140311:1309,52560.75,901.08,51.6,19.86,1.86,0.0
20140311:1409,53039.68,899.68,46.58,20.22,2.55,0.0
20140311:1509,42274.02,701.42,38.1,20.08,2.76,0.0
20140311:1609,30131.54,494.53,27.6,19.21,2.62,0.0
20140311:1709,12473.41,215.42,15.99,17.94,3.03,0.0
20140311:1809,1300.17,39.37,3.81,16.25,2.76,0.0
20140311:1909,0.0,0.0,0.0,15.03,1.79,0.0
20140311:2009,0.0,0.0,0.0,14.13,1.38,0.0
20140311:2109,0.0,0.0,0.0,13.24,1.1,0.0
20140311:2209,0.0,0.0,0.0,12.36,1.31,0.0
20140311:2309,0.0,0.0,0.0,11.69,1.45,0.0
20140312:0009,0.0,0.0,0.0,11.53,1.31,0.0
20140312:0109,0.0,0.0,0.0,11.82,1.03,0.0
20140312:0209,0.0,0.0,0.0,11.89,0.76,0.0
20140312:0309,0.0,0.0,0.0,10.89,1.03,0.0
20140312:0409,0.0,0.0,0.0,9.87,1.24,0.0
20140312:0509,0.0,0.0,0.0,9.5,1.38,0.0
20140312:0609,0.0,0.0,0.0,9.69,1.38,0.0
20140312:0709,942.68,33.51,4.71,10.12,1.17,0.0
20140312:0809,13489.71,235.34,16.89,11.9,1.38,0.0
20140312:0909,32458.64,531.42,28.48,13.54,0.76,0.0
20140312:1009,26789.66,440.02,38.94,15.33,0.76,0.0
20140312:1109,39978.05,669.92,47.31,17.0,0.83,0.0
20140312:1209,54061.29,934.21,52.13,18.57,1.24,0.0
20140312:1309,28744.85,478.1,51.97,19.59,2.07,0.0
20140312:1409,20562.83,344.15,46.9,20.21,2.83,0.0
20140312:1509,10201.72,179.46,38.36,19.8,3.45,0.0
20140312:1609,22779.11,374.94,27.81,19.41,3.45,0.0
20140312:1709,15926.86,271.4,16.17,18.59,3.31,0.0
20140312:1809,434.91,17.88,3.97,17.21,2.62,0.0
20140312:1909,0.0,0.0,0.0,15.68,2.07,0.0
20140312:2009,0.0,0.0,0.0,15.01,1.38,0.0
20140312:2109,0.0,0.0,0.0,14.16,1.72,0.0
20140312:2209,0.0,0.0,0.0,13.64,2.62,0.0
20140312:2309,0.0,0.0,0.0,13.31,2.97,0.0
20140313:0009,0.0,0.0,0.0,12.86,2.62,0.0
20140313:0109,0.0,0.0,0.0,12.02,2.21,0.0
20140313:0209,0.0,0.0,0.0,11.28,2.07,0.0
20140313:0309,0.0,0.0,0.0,10.52,2.07,0.0
20140313:0409,0.0,0.0,0.0,9.84,1.93,0.0
20140313:0509,0.0,0.0,0.0,9.16,1.79,0.0
20140313:0609,0.0,0.0,0.0,8.5,1.66,0.0
20140313:0709,1085.37,39.58,4.99,8.08,1.45,0.0
20140313:0809,16036.91,278.5,17.18,10.32,1.17,0.0
20140313:0909,32825.99,532.19,28.79,13.49,1.66,0.0
20140313:1009,46213.99,761.2,39.28,15.46,1.79,0.0
20140313:1109,55422.18,934.09,47.7,17.19,2.14,0.0
20140313:1209,58707.89,998.21,52.53,18.31,2.55,0.0
20140313:1309,45563.53,756.75,52.35,19.02,3.1,0.0
20140313:1409,39235.75,643.9,47.21,19.09,3.66,0.0
20140313:1509,48256.46,787.33,38.61,18.31,4.28,0.0
20140313:1609,37172.78,599.32,28.02,17.47,4.21,0.0
20140313:1709,20399.64,340.07,16.35,16.41,4.0,0.0
20140313:1809,2295.98,61.83,4.14,15.33,3.1,0.0
20140313:1909,0.0,0.0,0.0,14.28,2.76,0.0
20140313:2009,0.0,0.0,0.0,13.52,2.48,0.0
20140313:2109,0.0,0.0,0.0,12.86,2.34,0.0
20140313:2209,0.0,0.0,0.0,12.3,2.07,0.0
20140313:2309,0.0,0.0,0.0,11.62,1.79,0.0
20140314:0009,0.0,0.0,0.0,10.77,1.66,0.0
20140314:0109,0.0,0.0,0.0,10.02,1.86,0.0
20140314:0209,0.0,0.0,0.0,9.39,1.86,0.0
20140314:0309,0.0,0.0,0.0,8.77,1.86,0.0
20140314:0409,0.0,0.0,0.0,8.25,1.86,0.0
20140314:0509,0.0,0.0,0.0,7.83,1.93,0.0
20140314:0609,0.0,0.0,0.0,7.55,2.0,0.0
20140314:0709,1149.13,41.66,5.27,7.41,1.38,0.0
20140314:0809,16123.44,279.04,17.47,10.17,1.31,0.0
20140314:0909,33477.21,539.75,29.11,12.82,1.93,0.0
20140314:1009,47668.24,783.22,39.63,14.91,1.93,0.0
20140314:1109,55919.32,937.44,48.08,16.84,2.41,0.0
20140314:1209,60868.0,1028.9,52.93,18.12,3.1,0.0
20140314:1309,62270.64,1055.6,52.72,18.84,3.38,0.0
20140314:1409,58743.56,983.74,47.52,18.96,3.72,0.0
20140314:1509,50925.86,835.57,38.87,18.28,3.93,0.0
20140314:1609,37549.25,606.21,28.23,17.52,4.07,0.0
20140314:1709,20640.25,344.87,16.53,16.64,3.59,0.0
20140314:1809,2382.5,63.62,4.31,15.5,2.83,0.0
20140314:1909,0.0,0.0,0.0,14.05,2.48,0.0
20140314:2009,0.0,0.0,0.0,13.28,2.07,0.0
20140314:2109,0.0,0.0,0.0,12.8,1.59,0.0
20140314:2209,0.0,0.0,0.0,11.88,1.38,0.0
20140314:2309,0.0,0.0,0.0,10.91,1.79,0.0
20140315:0009,0.0,0.0,0.0,10.3,1.93,0.0
20140315:0109,0.0,0.0,0.0,9.89,2.0,0.0
20140315:0209,0.0,0.0,0.0,9.49,2.0,0.0
20140315:0309,0.0,0.0,0.0,9.07,1.93,0.0
20140315:0409,0.0,0.0,0.0,8.72,2.0,0.0
20140315:0509,0.0,0.0,0.0,8.51,2.14,0.0
20140315:0609,0.0,0.0,0.0,8.39,2.28,0.0
20140315:0709,1247.04,44.41,5.56,8.12,2.0,0.0
20140315:0809,16614.51,286.57,17.77,10.44,1.86,0.0
20140315:0909,33477.21,539.45,29.42,13.79,2.55,0.0
20140315:1009,47705.43,777.08,39.98,16.25,3.24,0.0
20140315:1109,57132.21,950.07,48.46,18.25,3.72,0.0
20140315:1209,60954.53,1028.94,53.33,19.7,3.86,0.0
20140315:1309,61715.81,1049.88,53.09,20.66,3.79,0.0
20140315:1409,58178.87,984.18,47.84,21.13,3.79,0.0
20140315:1509,50301.97,836.27,39.12,20.94,3.93,0.0
20140315:1609,37018.71,606.09,28.44,20.22,3.93,0.0
20140315:1709,20468.71,345.8,16.71,18.98,3.66,0.0
20140315:1809,2552.52,67.77,4.47,17.22,2.97,0.0
20140315:1909,0.0,0.0,0.0,15.34,2.9,0.0
20140315:2009,0.0,0.0,0.0,14.28,2.69,0.0
20140315:2109,0.0,0.0,0.0,13.49,2.48,0.0
20140315:2209,0.0,0.0,0.0,12.72,2.28,0.0
20140315:2309,0.0,0.0,0.0,11.93,2.28,0.0
20140316:0009,0.0,0.0,0.0,11.21,2.28,0.0
20140316:0109,0.0,0.0,0.0,10.51,2.28,0.0
20140316:0209,0.0,0.0,0.0,9.85,2.34,0.0
20140316:0309,0.0,0.0,0.0,9.28,2.41,0.0
20140316:0409,0.0,0.0,0.0,8.68,2.34,0.0
20140316:0509,0.0,0.0,0.0,8.17,2.28,0.0
20140316:0609,0.0,0.0,0.0,7.73,2.28,0.0
20140316:0709,1695.61,53.82,5.84,7.3,2.14,0.0
20140316:0809,17447.13,299.68,18.06,9.71,1.66,0.0
20140316:0909,34362.21,558.98,29.74,13.82,1.59,0.0
20140316:1009,47374.5,796.51,40.32,16.89,1.17,0.0
20140316:1109,55315.16,973.32,48.84,19.39,0.76,0.0
20140316:1209,59613.38,1072.54,53.73,21.17,0.9,0.0
20140316:1309,60295.72,1080.18,53.47,22.31,1.38,0.0
20140316:1409,57590.64,1012.33,48.15,22.83,1.93,0.0
20140316:1509,50375.59,861.49,39.37,22.73,2.41,0.0
20140316:1609,37613.76,627.72,28.64,22.07,2.76,0.0
20140316:1709,20856.56,356.48,16.89,20.7,2.69,0.0
20140316:1809,2710.39,71.64,4.64,18.6,2.21,0.0
20140316:1909,0.0,0.0,0.0,16.61,2.07,0.0
20140316:2009,0.0,0.0,0.0,15.42,1.66,0.0
20140316:2109,0.0,0.0,0.0,14.2,1.72,0.0
20140316:2209,0.0,0.0,0.0,12.81,1.93,0.0
20140316:2309,0.0,0.0,0.0,11.52,1.86,0.0
20140317:0009,0.0,0.0,0.0,10.36,1.72,0.0
20140317:0109,0.0,0.0,0.0,9.46,1.52,0.0
20140317:0209,0.0,0.0,0.0,8.92,1.52,0.0
20140317:0309,0.0,0.0,0.0,8.54,1.72,0.0
20140317:0409,0.0,0.0,0.0,8.24,1.79,0.0
20140317:0509,0.0,0.0,0.0,8.04,1.93,0.0
20140317:0609,0.0,0.0,0.0,7.94,2.0,0.0
20140317:0709,1863.35,55.51,6.12,8.49,2.07,0.0
20140317:0809,16979.59,293.45,18.36,11.46,1.72,0.0
20140317:0909,33449.89,552.79,30.05,16.44,1.24,0.0
20140317:1009,45480.04,782.08,40.67,20.3,0.76,0.0
20140317:1109,53195.27,947.68,49.23,22.88,0.83,0.0
20140317:1209,59202.0,1071.05,54.14,24.28,1.31,0.0
20140317:1309,59831.21,1071.84,53.84,24.81,1.93,0.0
20140317:1409,54655.59,956.23,48.46,24.7,2.41,0.0
20140317:1509,44173.8,751.48,39.61,24.12,2.69,0.0
20140317:1609,28857.18,482.94,28.84,23.07,2.69,0.0
20140317:1709,15098.79,262.32,17.07,21.45,2.21,0.0
20140317:1809,2803.75,74.25,4.8,19.38,1.59,0.0
20140317:1909,0.0,0.0,0.0,17.23,1.24,0.0
20140317:2009,0.0,0.0,0.0,15.71,0.62,0.0
20140317:2109,0.0,0.0,0.0,13.79,1.38,0.0
20140317:2209,0.0,0.0,0.0,12.59,1.79,0.0
20140317:2309,0.0,0.0,0.0,11.62,1.72,0.0
20140318:0009,0.0,0.0,0.0,11.0,1.59,0.0
20140318:0109,0.0,0.0,0.0,10.59,1.52,0.0
20140318:0209,0.0,0.0,0.0,10.32,1.52,0.0
20140318:0309,0.0,0.0,0.0,10.16,1.38,0.0
20140318:0409,0.0,0.0,0.0,10.12,1.24,0.0
20140318:0509,0.0,0.0,0.0,10.02,1.17,0.0
20140318:0609,0.0,0.0,0.0,9.6,1.31,0.0
20140318:0709,1907.37,52.03,6.41,10.1,1.45,0.0
20140318:0809,10243.46,178.51,18.65,12.2,0.83,0.0
20140318:0909,26973.34,447.27,30.37,16.01,0.41,0.0
20140318:1009,44214.79,750.5,41.02,18.4,0.76,0.0
20140318:1109,53222.6,927.98,49.61,19.8,0.97,0.0
20140318:1209,59060.07,1049.8,54.54,21.46,1.31,0.0
20140318:1309,58545.46,1033.96,54.21,22.2,1.72,0.0
20140318:1409,54254.08,941.42,48.76,21.95,1.93,0.0
20140318:1509,39145.43,659.01,39.86,21.61,1.93,0.0
20140318:1609,30747.09,512.38,29.04,20.93,1.86,0.0
20140318:1709,12458.23,217.96,17.24,19.89,1.59,0.0
20140318:1809,2338.48,62.22,4.96,18.63,1.24,0.0
20140318:1909,0.0,0.0,0.0,15.89,1.79,0.0
20140318:2009,0.0,0.0,0.0,14.35,1.52,0.0
20140318:2109,0.0,0.0,0.0,13.09,1.24,0.0
20140318:2209,0.0,0.0,0.0,12.84,0.69,0.0
20140318:2309,0.0,0.0,0.0,12.53,0.62,0.0
20140319:0009,0.0,0.0,0.0,11.09,1.1,0.0
20140319:0109,0.0,0.0,0.0,10.79,1.24,0.0
20140319:0209,0.0,0.0,0.0,10.64,1.31,0.0
20140319:0309,0.0,0.0,0.0,10.49,1.31,0.0
20140319:0409,0.0,0.0,0.0,10.25,1.38,0.0
20140319:0509,0.0,0.0,0.0,10.17,1.31,0.0
20140319:0609,0.0,0.0,0.0,10.01,1.38,0.0
20140319:0709,1974.16,52.27,6.69,10.97,0.97,0.0
20140319:0809,14553.07,252.46,18.95,12.97,0.76,0.0
20140319:0909,27201.04,449.65,30.69,15.21,0.34,0.0
20140319:1009,43171.16,736.66,41.37,17.59,0.21,0.0
20140319:1109,54525.04,952.13,50.0,19.51,0.97,0.0
20140319:1209,60231.96,1061.39,54.94,20.88,1.66,0.0
20140319:1309,60014.13,1047.04,54.58,21.48,2.28,0.0
20140319:1409,56602.42,974.05,49.07,21.59,2.55,0.0
20140319:1509,48806.74,821.97,40.1,21.18,2.69,0.0
20140319:1609,35978.88,595.05,29.24,20.55,2.76,0.0
20140319:1709,18478.61,314.65,17.41,19.18,2.69,0.0
20140319:1809,897.9,27.78,5.12,17.37,2.21,0.0
20140319:1909,0.0,0.0,0.0,14.91,1.86,0.0
20140319:2009,0.0,0.0,0.0,13.83,1.31,0.0
20140319:2109,0.0,0.0,0.0,12.9,1.03,0.0
20140319:2209,0.0,0.0,0.0,12.04,1.31,0.0
20140319:2309,0.0,0.0,0.0,11.48,1.38,0.0
20140320:0009,0.0,0.0,0.0,11.09,1.24,0.0
20140320:0109,0.0,0.0,0.0,11.17,1.1,0.0
20140320:0209,0.0,0.0,0.0,11.43,0.9,0.0
20140320:0309,0.0,0.0,0.0,11.46,0.97,0.0
20140320:0409,0.0,0.0,0.0,11.62,1.1,0.0
20140320:0509,0.0,0.0,0.0,11.8,1.1,0.0
20140320:0609,0.0,0.0,0.0,11.94,1.1,0.0
20140320:0709,1590.86,40.33,6.98,12.6,1.1,0.0
20140320:0809,7634.78,136.65,19.24,13.44,1.45,0.0
20140320:0909,5551.33,103.9,31.0,14.63,1.52,0.0
20140320:1009,5950.56,110.51,41.71,15.44,1.66,0.0
20140320:1109,7561.16,136.01,50.38,16.03,1.86,0.0
20140320:1209,8414.27,149.24,55.34,16.21,2.55,0.0
20140320:1309,13774.33,232.35,54.95,16.52,3.31,0.0
20140320:1409,24767.69,403.59,49.37,16.34,3.31,0.0
20140320:1509,8196.44,145.46,40.34,15.81,3.1,0.0
20140320:1609,12884.03,217.23,29.44,15.49,2.97,0.0
20140320:1709,7224.92,130.34,17.58,15.12,2.97,0.0
20140320:1809,1005.68,29.52,5.28,14.56,2.48,0.0
20140320:1909,0.0,0.0,0.0,14.0,1.86,0.0
20140320:2009,0.0,0.0,0.0,13.71,1.52,0.0
20140320:2109,0.0,0.0,0.0,13.61,1.17,0.0
20140320:2209,0.0,0.0,0.0,13.16,0.69,0.0
20140320:2309,0.0,0.0,0.0,12.73,0.69,0.0
20140321:0009,0.0,0.0,0.0,12.48,0.83,0.0
20140321:0109,0.0,0.0,0.0,12.4,0.83,0.0
20140321:0209,0.0,0.0,0.0,12.48,0.62,0.0
20140321:0309,0.0,0.0,0.0,12.43,0.69,0.0
20140321:0409,0.0,0.0,0.0,12.31,0.97,0.0
20140321:0509,0.0,0.0,0.0,12.09,1.17,0.0
20140321:0609,0.0,0.0,0.0,11.67,0.97,0.0
20140321:0709,2246.64,66.64,7.26,11.76,0.83,0.0
20140321:0809,16811.85,291.95,19.54,13.17,1.03,0.0
20140321:0909,27596.48,449.04,31.32,14.44,1.59,0.0
20140321:1009,47092.16,776.58,42.06,15.72,1.93,0.0
20140321:1109,54773.99,926.69,50.76,17.08,1.86,0.0
20140321:1209,53363.77,920.81,55.75,18.63,1.31,0.0
20140321:1309,60203.88,1057.17,55.32,19.39,1.45,0.0
20140321:1409,58194.05,988.93,49.67,19.72,2.9,0.0
20140321:1509,50734.6,839.48,40.58,19.39,3.66,0.0
20140321:1609,37600.86,610.86,29.64,18.43,3.86,0.0
20140321:1709,20666.81,346.49,17.75,17.19,3.66,0.0
20140321:1809,2983.63,75.87,5.44,15.7,3.03,0.0
20140321:1909,0.0,0.0,0.0,13.84,2.41,0.0
20140321:2009,0.0,0.0,0.0,12.99,1.93,0.0
20140321:2109,0.0,0.0,0.0,12.31,1.45,0.0
20140321:2209,0.0,0.0,0.0,11.83,0.83,0.0
20140321:2309,0.0,0.0,0.0,12.19,0.34,0.0
20140322:0009,0.0,0.0,0.0,11.57,0.69,0.0
20140322:0109,0.0,0.0,0.0,9.93,1.24,0.0
20140322:0209,0.0,0.0,0.0,9.33,1.31,0.0
20140322:0309,0.0,0.0,0.0,9.05,1.45,0.0
20140322:0409,0.0,0.0,0.0,8.84,1.66,0.0
20140322:0509,0.0,0.0,0.0,8.89,1.66,0.0
20140322:0609,0.0,0.0,0.0,8.89,1.66,0.0
20140322:0709,1837.54,43.99,7.55,9.32,1.45,0.0
20140322:0809,10393.75,179.96,19.83,12.23,1.45,0.0
20140322:0909,32340.23,530.47,31.64,13.97,0.69,0.0
20140322:1009,46166.18,780.56,42.41,15.66,0.41,0.0
20140322:1109,55148.18,948.63,51.15,17.2,1.1,0.0
20140322:1209,60933.28,1061.52,56.15,18.36,1.59,0.0
20140322:1309,60233.48,1053.31,55.69,19.28,1.59,0.0
20140322:1409,57044.92,985.08,49.97,20.1,1.93,0.0
20140322:1509,49552.83,829.95,40.81,20.13,2.76,0.0
20140322:1609,36766.72,602.88,29.83,19.43,3.17,0.0
20140322:1709,18332.13,310.79,17.92,18.37,3.03,0.0
20140322:1809,2573.77,65.85,5.6,16.93,2.69,0.0
20140322:1909,0.0,0.0,0.0,15.12,2.07,0.0
20140322:2009,0.0,0.0,0.0,14.2,1.59,0.0
20140322:2109,0.0,0.0,0.0,13.45,1.17,0.0
20140322:2209,0.0,0.0,0.0,12.96,1.03,0.0
20140322:2309,0.0,0.0,0.0,13.15,0.83,0.0
20140323:0009,0.0,0.0,0.0,12.94,0.76,0.0
20140323:0109,0.0,0.0,0.0,13.09,0.76,0.0
20140323:0209,0.0,0.0,0.0,13.2,0.69,0.0
20140323:0309,0.0,0.0,0.0,13.27,0.62,0.0
20140323:0409,0.0,0.0,0.0,13.1,0.62,0.0
20140323:0509,0.0,0.0,0.0,12.85,0.9,0.0
20140323:0609,0.0,0.0,0.0,12.78,0.83,0.0
20140323:0709,2132.03,51.02,7.84,13.23,1.79,0.0
20140323:0809,8728.5,153.73,20.13,14.1,2.9,0.0
20140323:0909,10049.16,173.28,31.95,14.87,3.45,0.0
20140323:1009,10639.66,183.24,42.76,15.79,3.1,0.0
20140323:1109,27957.77,457.54,51.53,16.89,2.62,0.0
20140323:1209,56086.31,948.67,56.55,17.84,2.48,0.0
20140323:1309,62485.43,1062.57,56.06,18.7,3.17,0.0
20140323:1409,58969.75,987.74,50.27,18.71,3.66,0.0
20140323:1509,51281.84,843.08,41.05,18.26,3.79,0.0
20140323:1609,38003.13,614.24,30.02,17.31,3.86,0.0
20140323:1709,21266.42,354.36,18.09,15.89,3.66,0.0
20140323:1809,3745.67,90.27,5.75,14.24,3.17,0.0
20140323:1909,0.0,0.0,0.0,12.62,2.48,0.0
20140323:2009,0.0,0.0,0.0,11.64,2.21,0.0
20140323:2109,0.0,0.0,0.0,10.88,1.86,0.0
20140323:2209,0.0,0.0,0.0,10.1,1.66,0.0
20140323:2309,0.0,0.0,0.0,9.22,1.59,0.0
20140324:0009,0.0,0.0,0.0,8.4,1.52,0.0
20140324:0109,0.0,0.0,0.0,7.54,1.59,0.0
20140324:0209,0.0,0.0,0.0,6.92,1.66,0.0
20140324:0309,0.0,0.0,0.0,6.44,1.66,0.0
20140324:0409,0.0,0.0,0.0,5.95,1.72,0.0
20140324:0509,0.0,0.0,0.0,5.43,1.79,0.0
20140324:0609,0.0,0.0,0.0,5.14,1.86,0.0
20140324:0709,2767.31,75.23,8.12,5.56,1.52,0.0
20140324:0809,18830.79,321.27,20.43,9.52,0.83,0.0
20140324:0909,35751.94,583.66,32.27,13.19,1.03,0.0
20140324:1009,48736.91,810.94,43.1,15.37,1.45,0.0
20140324:1109,57613.41,983.04,51.92,17.21,1.79,0.0
20140324:1209,63228.5,1097.42,56.95,18.69,2.14,0.0
20140324:1309,62690.36,1082.56,56.43,19.63,2.62,0.0
20140324:1409,59523.82,1011.36,50.56,19.89,3.17,0.0
20140324:1509,51140.66,849.15,41.28,19.45,3.45,0.0
20140324:1609,37959.87,618.22,30.21,18.52,3.66,0.0
20140324:1709,21299.06,357.13,18.25,17.24,3.66,0.0
20140324:1809,3546.81,85.63,5.91,15.74,3.03,0.0
20140324:1909,0.0,0.0,0.0,14.13,1.79,0.0
20140324:2009,0.0,0.0,0.0,13.25,1.24,0.0
20140324:2109,0.0,0.0,0.0,12.17,1.24,0.0
20140324:2209,0.0,0.0,0.0,11.23,1.38,0.0
20140324:2309,0.0,0.0,0.0,10.64,1.59,0.0
20140325:0009,0.0,0.0,0.0,10.6,1.86,0.0
20140325:0109,0.0,0.0,0.0,10.73,1.79,0.0
20140325:0209,0.0,0.0,0.0,11.09,1.79,0.0
20140325:0309,0.0,0.0,0.0,11.23,1.66,0.0
20140325:0409,0.0,0.0,0.0,11.24,1.59,0.0
20140325:0509,0.0,0.0,0.0,11.55,1.52,0.0
20140325:0609,0.0,0.0,0.0,11.73,1.52,0.0
20140325:0709,2771.87,77.36,8.41,12.4,1.66,0.0
20140325:0809,18625.86,320.91,20.72,13.46,2.21,0.0
20140325:0909,35303.37,569.99,32.58,14.56,2.76,0.0
20140325:1009,38193.64,623.73,43.45,15.99,2.21,0.0
20140325:1109,57436.57,974.11,52.3,17.62,2.21,0.0
20140325:1209,63177.64,1088.03,57.35,19.03,2.62,0.0
20140325:1309,62899.85,1078.38,56.79,19.77,3.1,0.0
20140325:1409,59302.19,1001.63,50.85,19.78,3.52,0.0
20140325:1509,51581.64,850.6,41.51,19.13,4.0,0.0
20140325:1609,38504.83,624.6,30.4,17.93,3.86,0.0
20140325:1709,21529.04,360.5,18.42,16.67,3.38,0.0
20140325:1809,3990.06,95.7,6.06,15.14,2.9,0.0
20140325:1909,0.0,0.0,0.0,13.2,2.21,0.0
20140325:2009,0.0,0.0,0.0,12.26,1.45,0.0
20140325:2109,0.0,0.0,0.0,11.22,1.03,0.0
20140325:2209,0.0,0.0,0.0,11.3,0.48,0.0
20140325:2309,0.0,0.0,0.0,11.36,0.28,0.0
20140326:0009,0.0,0.0,0.0,10.2,0.83,0.0
20140326:0109,0.0,0.0,0.0,9.91,0.76,0.0
20140326:0209,0.0,0.0,0.0,10.18,0.69,0.0
20140326:0309,0.0,0.0,0.0,10.5,0.55,0.0
20140326:0409,0.0,0.0,0.0,10.57,0.62,0.0
20140326:0509,0.0,0.0,0.0,10.09,0.97,0.0
20140326:0609,0.0,0.0,0.0,10.39,1.17,0.0
20140326:0709,2424.25,54.92,8.69,10.86,1.52,0.0
20140326:0809,7689.43,136.52,21.01,12.87,2.41,0.0
20140326:0909,4213.21,82.17,32.89,13.71,4.0,0.0
20140326:1009,15546.6,256.33,43.79,14.07,4.21,0.0
20140326:1109,15129.91,250.59,52.68,14.48,4.14,0.0
20140326:1209,51801.75,842.91,57.76,15.1,4.0,0.0
20140326:1309,51129.28,831.61,57.15,15.04,3.93,0.0
20140326:1409,0.0,0.0,0.0,15.01,3.93,0.0
20140326:1509,38713.55,619.46,41.73,14.49,3.66,0.0
20140326:1609,29928.13,478.09,30.58,14.18,3.38,0.0
20140326:1709,10585.77,181.82,18.58,13.71,3.03,0.0
20140326:1809,4066.72,96.4,6.22,13.16,2.76,0.0
20140326:1909,0.0,0.0,0.0,12.64,2.07,0.0
20140326:2009,0.0,0.0,0.0,12.23,1.59,0.0
20140326:2109,0.0,0.0,0.0,11.7,1.24,0.0
20140326:2209,0.0,0.0,0.0,11.1,1.17,0.0
20140326:2309,0.0,0.0,0.0,10.51,1.38,0.0
20140327:0009,0.0,0.0,0.0,10.25,1.45,0.0
20140327:0109,0.0,0.0,0.0,10.01,1.52,0.0
20140327:0209,0.0,0.0,0.0,9.49,1.72,0.0
20140327:0309,0.0,0.0,0.0,8.88,1.86,0.0
20140327:0409,0.0,0.0,0.0,8.69,1.93,0.0
20140327:0509,0.0,0.0,0.0,8.58,2.0,0.0
20140327:0609,0.0,0.0,0.0,8.51,2.07,0.0
20140327:0709,2551.0,56.19,8.98,8.81,1.72,0.0
20140327:0809,8482.58,147.99,21.31,10.98,1.45,0.0
20140327:0909,10949.33,186.44,33.21,13.19,1.86,0.0
20140327:1009,35290.46,573.47,44.13,13.88,1.52,0.0
20140327:1109,38443.35,630.91,53.06,14.73,1.52,0.0
20140327:1209,49800.27,834.23,58.16,15.57,1.66,0.0
20140327:1309,49631.77,837.54,57.52,16.56,1.52,0.0
20140327:1409,49027.61,815.94,51.43,17.32,2.48,0.0
20140327:1509,51001.76,851.76,41.96,17.03,2.0,0.0
20140327:1609,38446.39,629.59,30.76,16.89,2.14,0.0
20140327:1709,21688.43,364.03,18.74,16.05,2.34,0.0
20140327:1809,4083.42,97.71,6.37,14.56,2.34,0.0
20140327:1909,0.0,0.0,0.0,12.64,2.07,0.0
20140327:2009,0.0,0.0,0.0,11.54,1.79,0.0
20140327:2109,0.0,0.0,0.0,10.77,1.72,0.0
20140327:2209,0.0,0.0,0.0,10.34,1.93,0.0
20140327:2309,0.0,0.0,0.0,10.04,2.07,0.0
20140328:0009,0.0,0.0,0.0,9.96,2.28,0.0
20140328:0109,0.0,0.0,0.0,9.71,2.62,0.0
20140328:0209,0.0,0.0,0.0,9.85,2.97,0.0
20140328:0309,0.0,0.0,0.0,9.98,3.17,0.0
20140328:0409,0.0,0.0,0.0,10.24,3.17,0.0
20140328:0509,0.0,0.0,0.0,10.64,3.1,0.0
20140328:0609,0.0,0.0,0.0,10.88,2.83,0.0
20140328:0709,722.57,22.67,9.26,11.13,1.79,0.0
20140328:0809,4012.07,78.4,21.6,11.29,1.38,0.0
20140328:0909,4488.73,85.95,33.52,11.48,1.59,0.0
20140328:1009,10707.21,181.35,44.47,11.64,2.28,0.0
20140328:1109,11155.78,187.96,53.44,11.76,2.97,0.0
20140328:1209,9350.88,160.57,58.55,11.81,3.1,0.0
20140328:1309,15193.66,249.35,57.88,11.62,2.76,0.0
20140328:1409,8329.27,145.46,51.71,12.18,2.34,0.0
20140328:1509,5498.2,102.01,42.18,12.53,2.69,0.0
20140328:1609,4250.4,82.17,30.95,11.52,2.0,0.0
20140328:1709,1820.08,42.5,18.9,10.9,1.31,0.0
20140328:1809,726.36,22.67,6.52,10.1,0.97,0.0
20140328:1909,0.0,0.0,0.0,9.81,1.93,0.0
20140328:2009,0.0,0.0,0.0,9.48,2.14,0.0
20140328:2109,0.0,0.0,0.0,9.27,2.34,0.0
20140328:2209,0.0,0.0,0.0,8.92,2.55,0.0
20140328:2309,0.0,0.0,0.0,8.52,2.55,0.0
20140329:0009,0.0,0.0,0.0,8.18,2.41,0.0
20140329:0109,0.0,0.0,0.0,7.99,2.34,0.0
20140329:0209,0.0,0.0,0.0,7.92,2.21,0.0
20140329:0309,0.0,0.0,0.0,7.83,2.0,0.0
20140329:0409,0.0,0.0,0.0,7.71,1.79,0.0
20140329:0509,0.0,0.0,0.0,7.52,1.59,0.0
20140329:0609,0.0,0.0,0.0,7.43,1.45,0.0
20140329:0709,3297.86,85.87,9.55,8.39,1.31,0.0
20140329:0809,13074.53,220.1,21.89,10.1,1.52,0.0
20140329:0909,16738.23,272.73,33.83,11.52,2.34,0.0
20140329:1009,19677.83,319.6,44.81,12.81,2.48,0.0
20140329:1109,29670.07,478.57,53.82,14.15,2.83,0.0
20140329:1209,17658.89,290.59,58.95,14.77,3.31,0.0
20140329:1309,58815.67,968.59,58.23,15.31,3.79,0.0
20140329:1409,8149.38,143.57,52.0,14.26,4.14,0.0
20140329:1509,50734.6,815.56,42.4,14.39,4.0,0.0
20140329:1609,36553.44,582.45,31.13,14.3,3.79,0.0
20140329:1709,18078.62,298.83,19.06,13.33,4.07,0.0
20140329:1809,1525.59,38.92,6.67,12.38,3.31,0.0
20140329:1909,0.0,0.0,0.0,12.62,3.24,0.0
20140329:2009,0.0,0.0,0.0,12.11,3.03,0.0
20140329:2109,0.0,0.0,0.0,11.71,2.9,0.0
20140329:2209,0.0,0.0,0.0,11.33,2.9,0.0
20140329:2309,0.0,0.0,0.0,11.08,2.97,0.0
20140330:0009,0.0,0.0,0.0,10.8,2.9,0.0
20140330:0109,0.0,0.0,0.0,10.8,2.83,0.0
20140330:0209,0.0,0.0,0.0,10.53,2.83,0.0
20140330:0309,0.0,0.0,0.0,10.23,2.83,0.0
20140330:0409,0.0,0.0,0.0,10.39,2.76,0.0
20140330:0509,0.0,0.0,0.0,10.27,2.76,0.0
20140330:0609,0.0,0.0,0.0,9.97,2.83,0.0
20140330:0709,3418.54,89.52,9.83,10.24,2.83,0.0
20140330:0809,19727.93,334.81,22.18,11.75,2.69,0.0
20140330:0909,36721.18,588.7,34.13,13.63,3.1,0.0
20140330:1009,50319.42,815.68,45.15,15.46,3.66,0.0
20140330:1109,41300.23,673.96,54.19,16.84,3.38,0.0
20140330:1209,51855.64,866.2,59.35,18.13,3.03,0.0
20140330:1309,49550.56,832.64,58.59,18.75,2.55,0.0
20140330:1409,58390.63,999.21,52.28,19.5,2.41,0.0
20140330:1509,50727.01,847.52,42.62,19.59,2.9,0.0
20140330:1609,37959.11,620.73,31.3,18.91,3.38,0.0
20140330:1709,21034.93,354.42,19.22,17.5,3.31,0.0
20140330:1809,4075.83,96.96,6.82,15.92,2.55,0.0
20140330:1909,0.0,0.0,0.0,14.51,1.1,0.0
20140330:2009,0.0,0.0,0.0,13.85,0.28,0.0
20140330:2109,0.0,0.0,0.0,11.87,1.72,0.0
20140330:2209,0.0,0.0,0.0,11.0,1.86,0.0
20140330:2309,0.0,0.0,0.0,10.53,1.86,0.0
20140331:0009,0.0,0.0,0.0,10.15,1.86,0.0
20140331:0109,0.0,0.0,0.0,9.77,1.86,0.0
20140331:0209,0.0,0.0,0.0,9.41,1.86,0.0
20140331:0309,0.0,0.0,0.0,9.09,1.86,0.0
20140331:0409,0.0,0.0,0.0,8.84,1.93,0.0
20140331:0509,0.0,0.0,0.0,8.66,2.0,0.0
20140331:0609,0.0,0.0,0.0,8.58,2.0,0.0
20140331:0709,3776.78,87.9,10.11,9.33,1.86,0.0
20140331:0809,18628.9,317.45,22.47,12.38,1.52,0.0
20140331:0909,28719.8,470.23,34.44,15.53,1.45,0.0
20140331:1009,38082.83,633.27,45.49,17.68,1.38,0.0
20140331:1109,49620.38,847.04,54.57,19.4,1.59,0.0
20140331:1209,62540.08,1095.0,59.75,20.83,2.21,0.0
20140331:1309,62361.72,1083.97,58.94,22.08,2.97,0.0
20140331:1409,57857.05,998.88,52.55,22.9,2.97,0.0
20140331:1509,32459.39,541.65,42.83,22.8,3.31,0.0
20140331:1609,37185.69,613.61,31.48,21.5,3.86,0.0
20140331:1709,19528.31,331.25,19.37,19.05,3.86,0.0
20140331:1809,3811.7,91.49,6.97,17.27,2.76,0.0
20140331:1909,0.0,0.0,0.0,15.94,1.72,0.0
20140331:2009,0.0,0.0,0.0,14.92,1.03,0.0
20140331:2109,0.0,0.0,0.0,14.01,0.97,0.0
20140331:2209,0.0,0.0,0.0,13.16,1.79,0.0
20140331:2309,0.0,0.0,0.0,13.16,2.0,0.0
20140401:0009,0.0,0.0,0.0,13.15,2.21,0.0
20140401:0109,0.0,0.0,0.0,13.16,2.21,0.0
20140401:0209,0.0,0.0,0.0,12.99,2.21,0.0
20140401:0309,0.0,0.0,0.0,12.98,2.21,0.0
20140401:0409,0.0,0.0,0.0,12.6,2.34,0.0
20140401:0509,0.0,0.0,0.0,12.31,2.41,0.0
20140401:0609,0.0,0.0,0.0,11.97,2.41,0.0
20140401:0709,3824.6,88.94,10.39,12.31,2.28,0.0
20140401:0809,15313.58,261.59,22.76,14.65,1.86,0.0
20140401:0909,28757.75,474.27,34.74,18.0,2.0,0.0
20140401:1009,43440.61,724.29,45.82,19.69,2.41,0.0
20140401:1109,52790.73,899.93,54.94,20.9,2.48,0.0
20140401:1209,41903.63,710.79,60.14,21.87,2.28,0.0
20140401:1309,51739.51,903.14,59.3,22.72,1.72,0.0
20140401:1409,31672.31,542.35,52.83,23.28,1.03,0.0
20140401:1509,38239.94,652.96,43.04,23.08,1.38,0.0
20140401:1609,19407.63,326.99,31.65,21.9,2.97,0.0
20140401:1709,7037.45,129.63,19.53,19.54,3.59,0.0
20140401:1809,1968.85,48.71,7.12,17.69,2.48,0.0
20140401:1909,0.0,0.0,0.0,17.09,1.24,0.0
20140401:2009,0.0,0.0,0.0,16.4,0.14,0.0
20140401:2109,0.0,0.0,0.0,15.23,1.03,0.0
20140401:2209,0.0,0.0,0.0,14.75,1.45,0.0
20140401:2309,0.0,0.0,0.0,14.42,1.79,0.0
20140402:0009,0.0,0.0,0.0,14.22,2.28,0.0
20140402:0109,0.0,0.0,0.0,13.9,2.62,0.0
20140402:0209,0.0,0.0,0.0,13.17,2.69,0.0
20140402:0309,0.0,0.0,0.0,12.28,2.14,0.0
20140402:0409,0.0,0.0,0.0,12.16,1.72,0.0
20140402:0509,0.0,0.0,0.0,12.15,1.31,0.0
20140402:0609,0.0,0.0,0.0,12.16,0.48,0.0
20140402:0709,2045.5,46.8,10.67,12.27,3.1,0.0
20140402:0809,10824.1,184.42,23.04,12.08,3.31,0.0
20140402:0909,6609.37,119.01,35.05,12.33,3.24,0.0
20140402:1009,3976.4,78.4,46.15,13.59,3.45,0.0
20140402:1109,6037.84,111.45,55.32,15.28,4.14,0.0
20140402:1209,6780.91,122.79,60.53,14.99,4.83,0.0
20140402:1309,3822.32,76.51,59.65,15.63,4.69,0.0
20140402:1409,21740.8,354.32,53.1,16.44,5.1,0.0
20140402:1509,8778.59,153.96,43.25,15.82,5.72,0.0
20140402:1609,9156.58,158.1,31.83,13.4,5.66,0.0
20140402:1709,8537.23,149.59,19.68,13.73,4.55,0.0
20140402:1809,4275.45,99.88,7.27,12.17,5.1,0.0
20140402:1909,0.0,0.0,0.0,12.15,4.21,0.0
20140402:2009,0.0,0.0,0.0,11.81,4.14,0.0
20140402:2109,0.0,0.0,0.0,11.4,4.28,0.0
20140402:2209,0.0,0.0,0.0,11.26,4.0,0.0
20140402:2309,0.0,0.0,0.0,11.19,3.93,0.0
20140403:0009,0.0,0.0,0.0,11.14,4.0,0.0
20140403:0109,0.0,0.0,0.0,11.11,4.28,0.0
20140403:0209,0.0,0.0,0.0,11.08,4.55,0.0
20140403:0309,0.0,0.0,0.0,11.22,4.41,0.0
20140403:0409,0.0,0.0,0.0,10.69,5.1,0.0
20140403:0509,0.0,0.0,0.0,10.36,5.31,0.0
20140403:0609,0.0,0.0,0.0,10.61,5.17,0.0
20140403:0709,4131.24,95.23,10.95,10.58,5.52,0.0
20140403:0809,15166.34,252.3,23.32,11.23,4.41,0.0
20140403:0909,2658.02,56.67,35.35,12.11,4.62,0.0
20140403:1009,43927.88,696.5,46.48,13.25,4.62,0.0
20140403:1109,24604.5,395.13,55.69,13.85,4.55,0.0
20140403:1209,39468.76,631.59,60.92,14.84,5.03,0.0
20140403:1309,55665.82,902.42,59.99,15.41,5.1,0.0
20140403:1409,8292.08,146.4,53.37,15.59,5.17,0.0
20140403:1509,43890.69,698.56,43.46,14.93,5.17,0.0
20140403:1609,36910.93,585.54,32.0,14.88,5.17,0.0
20140403:1709,18431.56,306.71,19.83,14.84,4.34,0.0
20140403:1809,3379.07,78.27,7.42,14.17,3.31,0.0
20140403:1909,0.0,0.0,0.0,13.21,2.76,0.0
20140403:2009,0.0,0.0,0.0,12.37,2.0,0.0
20140403:2109,0.0,0.0,0.0,11.75,1.79,0.0
20140403:2209,0.0,0.0,0.0,11.23,1.72,0.0
20140403:2309,0.0,0.0,0.0,10.45,1.86,0.0
20140404:0009,0.0,0.0,0.0,9.93,1.86,0.0
20140404:0109,0.0,0.0,0.0,9.42,1.86,0.0
20140404:0209,0.0,0.0,0.0,8.85,1.86,0.0
20140404:0309,0.0,0.0,0.0,8.48,1.86,0.0
20140404:0409,0.0,0.0,0.0,7.98,2.07,0.0
20140404:0509,0.0,0.0,0.0,7.72,2.14,0.0
20140404:0609,0.0,0.0,0.0,7.61,2.28,0.0
20140404:0709,4317.19,96.12,11.22,8.74,1.79,0.0
20140404:0809,19875.93,337.14,23.61,11.78,1.59,0.0
20140404:0909,36161.8,590.86,35.64,14.37,1.38,0.0
20140404:1009,47305.43,795.92,46.81,15.56,0.76,0.0
20140404:1109,55767.52,966.84,56.05,16.67,0.76,0.0
20140404:1209,58865.76,1028.3,61.31,17.89,1.17,0.0
20140404:1309,59583.02,1039.59,60.34,18.82,1.52,0.0
20140404:1409,56484.02,969.31,53.63,19.39,2.0,0.0
20140404:1509,49605.96,825.98,43.66,19.29,2.9,0.0
20140404:1609,37680.56,613.66,32.16,18.36,3.59,0.0
20140404:1709,20915.76,351.91,19.98,17.09,3.66,0.0
20140404:1809,4197.27,99.73,7.57,15.74,3.03,0.0
20140404:1909,0.0,0.0,0.0,14.0,2.55,0.0
20140404:2009,0.0,0.0,0.0,12.98,2.34,0.0
20140404:2109,0.0,0.0,0.0,12.28,2.21,0.0
20140404:2209,0.0,0.0,0.0,11.67,2.0,0.0
20140404:2309,0.0,0.0,0.0,11.08,1.86,0.0
20140405:0009,0.0,0.0,0.0,10.6,1.93,0.0
20140405:0109,0.0,0.0,0.0,10.27,2.0,0.0
20140405:0209,0.0,0.0,0.0,10.02,2.07,0.0
20140405:0309,0.0,0.0,0.0,9.78,2.07,0.0
20140405:0409,0.0,0.0,0.0,9.55,1.93,0.0
20140405:0509,0.0,0.0,0.0,9.26,1.86,0.0
20140405:0609,0.0,0.0,0.0,8.96,1.79,0.0
20140405:0709,4170.71,102.73,11.5,9.68,1.72,0.0
20140405:0809,19713.51,334.69,23.89,12.93,2.14,0.0
20140405:0909,36189.88,584.99,35.94,15.15,2.9,0.0
20140405:1009,49050.38,805.14,47.14,17.09,3.1,0.0
20140405:1109,56492.37,948.77,56.42,18.85,3.17,0.0
20140405:1209,60190.22,1027.06,61.7,20.29,3.24,0.0
20140405:1309,61299.12,1051.23,60.68,21.24,3.38,0.0
20140405:1409,56967.5,966.83,53.9,21.64,3.59,0.0
20140405:1509,47500.5,791.48,43.87,21.54,3.72,0.0
20140405:1609,36621.75,603.23,32.33,20.96,3.72,0.0
20140405:1709,20140.82,343.84,20.14,19.85,3.45,0.0
20140405:1809,4352.87,104.37,7.71,18.24,2.83,0.0
20140405:1909,0.0,0.0,0.0,16.1,2.69,0.0
20140405:2009,0.0,0.0,0.0,14.83,2.48,0.0
20140405:2109,0.0,0.0,0.0,14.08,2.28,0.0
20140405:2209,0.0,0.0,0.0,13.51,2.14,0.0
20140405:2309,0.0,0.0,0.0,13.13,2.0,0.0
20140406:0009,0.0,0.0,0.0,12.71,1.93,0.0
20140406:0109,0.0,0.0,0.0,12.21,1.72,0.0
20140406:0209,0.0,0.0,0.0,11.65,1.59,0.0
20140406:0309,0.0,0.0,0.0,11.04,1.59,0.0
20140406:0409,0.0,0.0,0.0,10.5,1.66,0.0
20140406:0509,0.0,0.0,0.0,10.08,1.66,0.0
20140406:0609,0.0,0.0,0.0,9.74,1.72,0.0
20140406:0709,4604.09,102.61,11.77,10.87,1.59,0.0
20140406:0809,18690.38,318.8,24.16,14.39,1.45,0.0
20140406:0909,36094.25,598.67,36.23,17.83,1.59,0.0
20140406:1009,48496.31,827.07,47.46,20.89,1.72,0.0
20140406:1109,55734.13,979.01,56.78,23.37,1.86,0.0
20140406:1209,59403.89,1059.76,62.09,25.08,2.14,0.0
20140406:1309,60238.04,1076.51,61.02,25.98,2.41,0.0
20140406:1409,56242.66,991.73,54.16,26.24,2.62,0.0
20140406:1509,48669.36,839.64,44.07,26.0,2.83,0.0
20140406:1609,36847.17,624.47,32.5,25.15,2.83,0.0
20140406:1709,20869.46,364.64,20.28,23.8,2.55,0.0
20140406:1809,4141.86,100.74,7.86,21.76,2.21,0.0
20140406:1909,0.0,0.0,0.0,19.83,2.34,0.0
20140406:2009,0.0,0.0,0.0,18.26,2.14,0.0
20140406:2109,0.0,0.0,0.0,17.28,2.07,0.0
20140406:2209,0.0,0.0,0.0,16.19,2.07,0.0
20140406:2309,0.0,0.0,0.0,15.16,2.07,0.0
20140407:0009,0.0,0.0,0.0,14.09,2.0,0.0
20140407:0109,0.0,0.0,0.0,12.94,1.86,0.0
20140407:0209,0.0,0.0,0.0,12.1,1.79,0.0
20140407:0309,0.0,0.0,0.0,11.45,1.79,0.0
20140407:0409,0.0,0.0,0.0,10.97,1.79,0.0
20140407:0509,0.0,0.0,0.0,10.56,1.79,0.0
20140407:0609,0.0,0.0,0.0,10.12,1.79,0.0
20140407:0709,4373.36,110.37,12.04,11.29,1.72,0.0
20140407:0809,20428.48,353.6,24.44,15.71,1.03,0.0
20140407:0909,35820.25,609.1,36.52,20.63,0.76,0.0
20140407:1009,46474.33,821.43,47.78,24.45,0.69,0.0
20140407:1109,53028.29,977.26,57.14,26.87,0.48,0.0
20140407:1209,57314.37,1062.63,62.47,28.25,1.1,0.0
20140407:1309,58716.24,1073.27,61.36,28.69,1.93,0.0
20140407:1409,55173.99,987.08,54.42,28.5,2.41,0.0
20140407:1509,47980.19,837.65,44.26,27.84,2.62,0.0
20140407:1609,36561.79,626.78,32.66,26.76,2.48,0.0
20140407:1709,20518.81,362.27,20.43,25.27,2.0,0.0
20140407:1809,4185.88,102.89,8.01,23.26,1.72,0.0
20140407:1909,0.0,0.0,0.0,21.43,1.66,0.0
20140407:2009,0.0,0.0,0.0,19.8,1.79,0.0
20140407:2109,0.0,0.0,0.0,18.58,2.14,0.0
20140407:2209,0.0,0.0,0.0,17.34,2.07,0.0
20140407:2309,0.0,0.0,0.0,16.41,2.14,0.0
20140408:0009,0.0,0.0,0.0,15.56,2.14,0.0
20140408:0109,0.0,0.0,0.0,14.84,2.14,0.0
20140408:0209,0.0,0.0,0.0,14.39,2.14,0.0
20140408:0309,0.0,0.0,0.0,14.03,2.21,0.0
20140408:0409,0.0,0.0,0.0,13.75,2.28,0.0
20140408:0509,0.0,0.0,0.0,13.53,2.34,0.0
20140408:0609,0.0,0.0,0.0,13.34,2.41,0.0
20140408:0709,4538.06,110.19,12.31,14.74,2.28,0.0
20140408:0809,19609.52,342.25,24.71,18.98,1.79,0.0
20140408:0909,32441.94,553.34,36.81,23.87,1.59,0.0
20140408:1009,45973.39,812.86,48.09,27.94,1.59,0.0
20140408:1109,52626.02,961.19,57.5,30.89,1.72,0.0
20140408:1209,56373.21,1050.99,62.85,32.59,1.79,0.0
20140408:1309,56073.4,1055.0,61.7,33.41,1.59,0.0
20140408:1409,51906.49,975.03,54.67,33.56,1.1,0.0
20140408:1509,45114.2,826.73,44.46,33.33,1.17,0.0
20140408:1609,34243.8,610.4,32.82,32.37,1.38,0.0
20140408:1709,18147.69,332.04,20.58,30.77,0.76,0.0
20140408:1809,693.73,23.61,8.15,29.21,0.62,0.0
20140408:1909,0.0,0.0,0.0,25.61,0.97,0.0
20140408:2009,0.0,0.0,0.0,22.56,1.38,0.0
20140408:2109,0.0,0.0,0.0,20.6,1.66,0.0
20140408:2209,0.0,0.0,0.0,19.0,2.28,0.0
20140408:2309,0.0,0.0,0.0,18.44,2.34,0.0
20140409:0009,0.0,0.0,0.0,17.99,2.34,0.0
20140409:0109,0.0,0.0,0.0,17.43,2.21,0.0
20140409:0209,0.0,0.0,0.0,16.47,2.14,0.0
20140409:0309,0.0,0.0,0.0,15.51,1.86,0.0
20140409:0409,0.0,0.0,0.0,14.82,1.93,0.0
20140409:0509,0.0,0.0,0.0,14.89,2.28,0.0
20140409:0609,0.0,0.0,0.0,14.67,2.55,0.0
20140409:0709,4914.53,105.47,12.57,15.51,1.93,0.0
20140409:0809,1954.43,46.28,24.98,19.38,1.52,0.0
20140409:0909,34768.27,591.7,37.09,24.23,2.07,0.0
20140409:1009,46478.12,804.38,48.41,27.49,2.97,0.0
20140409:1109,54498.48,967.5,57.85,29.84,3.24,0.0
20140409:1209,56528.04,1033.28,63.23,31.62,2.48,0.0
20140409:1309,56241.9,1060.6,62.03,32.03,1.17,0.0
20140409:1409,52970.61,974.74,54.92,31.38,1.52,0.0
20140409:1509,46915.31,819.98,44.65,29.62,3.1,0.0
20140409:1609,35522.72,604.96,32.98,26.77,3.1,0.0
20140409:1709,19833.43,348.4,20.72,24.78,2.76,0.0
20140409:1809,3935.42,95.12,8.3,22.98,1.86,0.0
20140409:1909,0.0,0.0,0.0,23.2,2.07,0.0
20140409:2009,0.0,0.0,0.0,20.97,1.72,0.0
20140409:2109,0.0,0.0,0.0,19.58,1.86,0.0
20140409:2209,0.0,0.0,0.0,18.8,2.07,0.0
20140409:2309,0.0,0.0,0.0,18.24,2.28,0.0
20140410:0009,0.0,0.0,0.0,17.83,2.48,0.0
20140410:0109,0.0,0.0,0.0,17.37,2.34,0.0
20140410:0209,0.0,0.0,0.0,16.59,2.14,0.0
20140410:0309,0.0,0.0,0.0,15.83,2.0,0.0
20140410:0409,0.0,0.0,0.0,15.52,2.21,0.0
20140410:0509,0.0,0.0,0.0,15.23,2.41,0.0
20140410:0609,0.0,0.0,0.0,15.23,2.48,0.0
20140410:0709,4918.32,102.22,12.84,16.61,1.86,0.0
20140410:0809,14727.64,256.4,25.24,20.05,1.59,0.0
20140410:0909,27094.02,464.51,37.37,24.4,1.17,0.0
20140410:1009,32390.32,571.19,48.72,27.24,0.34,0.0
20140410:1109,41716.16,747.0,58.21,28.51,0.9,0.0
20140410:1209,43096.78,766.02,63.61,28.89,1.72,0.0
20140410:1309,40754.51,716.61,62.36,28.8,2.21,0.0
20140410:1409,32693.93,566.35,55.17,28.25,2.48,0.0
20140410:1509,18862.67,327.9,44.84,27.18,2.48,0.0
20140410:1609,11025.23,198.01,33.14,25.88,2.41,0.0
20140410:1709,6517.53,123.98,20.87,24.09,1.86,0.0
20140410:1809,2050.82,50.01,8.44,22.53,1.38,0.0
20140410:1909,0.0,0.0,0.0,20.67,0.69,0.0
20140410:2009,0.0,0.0,0.0,19.97,0.76,0.0
20140410:2109,0.0,0.0,0.0,19.09,1.31,0.0
20140410:2209,0.0,0.0,0.0,18.54,1.17,0.0
20140410:2309,0.0,0.0,0.0,17.78,0.97,0.0
20140411:0009,0.0,0.0,0.0,17.5,1.59,0.0
20140411:0109,0.0,0.0,0.0,17.19,1.72,0.0
20140411:0209,0.0,0.0,0.0,16.05,1.03,0.0
20140411:0309,0.0,0.0,0.0,15.41,0.97,0.0
20140411:0409,0.0,0.0,0.0,14.73,1.38,0.0
20140411:0509,0.0,0.0,0.0,14.66,1.38,0.0
20140411:0609,0.0,0.0,0.0,14.68,1.31,0.0
20140411:0709,4984.35,102.18,13.1,16.24,1.03,0.0
20140411:0809,15183.04,264.63,25.51,19.14,0.41,0.0
20140411:0909,5378.27,103.9,37.65,20.93,1.31,0.0
20140411:1009,32493.55,546.45,49.02,21.3,1.72,0.0
20140411:1109,31887.11,538.87,58.56,22.05,1.86,0.0
20140411:1209,43302.47,743.41,63.99,23.25,2.07,0.0
20140411:1309,49410.9,856.6,62.69,24.47,2.48,0.0
20140411:1409,44710.41,769.48,55.42,24.88,2.48,0.0
20140411:1509,39331.38,666.31,45.03,24.47,2.83,0.0
20140411:1609,27784.71,465.71,33.3,23.28,2.97,0.0
20140411:1709,10945.54,193.97,21.01,21.49,3.24,0.0
20140411:1809,2687.62,62.45,8.58,19.52,2.69,0.0
20140411:1909,0.0,0.0,0.0,17.52,1.93,0.0
20140411:2009,0.0,0.0,0.0,16.49,1.03,0.0
20140411:2109,0.0,0.0,0.0,15.82,0.34,0.0
20140411:2209,0.0,0.0,0.0,14.4,0.9,0.0
20140411:2309,0.0,0.0,0.0,13.84,0.97,0.0
20140412:0009,0.0,0.0,0.0,14.42,0.76,0.0
20140412:0109,0.0,0.0,0.0,14.52,0.69,0.0
20140412:0209,0.0,0.0,0.0,13.06,1.1,0.0
20140412:0309,0.0,0.0,0.0,12.15,1.31,0.0
20140412:0409,0.0,0.0,0.0,12.48,1.17,0.0
20140412:0509,0.0,0.0,0.0,12.98,0.9,0.0
20140412:0609,0.0,0.0,0.0,12.81,0.97,0.0
20140412:0709,4585.88,91.3,13.35,14.02,0.41,0.0
20140412:0809,13641.51,233.81,25.77,15.32,0.34,0.0
20140412:0909,16080.17,270.76,37.93,16.41,0.69,0.0
20140412:1009,27949.42,465.26,49.33,18.19,1.17,0.0
20140412:1109,39549.21,666.15,58.9,20.02,1.79,0.0
20140412:1209,59828.93,1039.01,64.36,20.68,2.28,0.0
20140412:1309,61024.36,1064.75,63.01,21.56,2.41,0.0
20140412:1409,56897.68,979.17,55.66,21.72,2.62,0.0
20140412:1509,48777.89,823.69,45.22,21.67,2.69,0.0
20140412:1609,36826.68,612.09,33.45,20.99,2.69,0.0
20140412:1709,20736.64,356.23,21.16,19.87,2.62,0.0
20140412:1809,4563.87,109.32,8.73,18.25,2.55,0.0
20140412:1909,0.0,0.0,0.0,16.06,2.41,0.0
20140412:2009,0.0,0.0,0.0,14.92,1.52,0.0
20140412:2109,0.0,0.0,0.0,13.98,0.83,0.0
20140412:2209,0.0,0.0,0.0,13.95,0.34,0.0
20140412:2309,0.0,0.0,0.0,11.67,1.24,0.0
20140413:0009,0.0,0.0,0.0,10.96,1.38,0.0
20140413:0109,0.0,0.0,0.0,10.48,1.59,0.0
20140413:0209,0.0,0.0,0.0,10.62,1.79,0.0
20140413:0309,0.0,0.0,0.0,10.62,1.93,0.0
20140413:0409,0.0,0.0,0.0,10.77,2.0,0.0
20140413:0509,0.0,0.0,0.0,10.8,2.34,0.0
20140413:0609,0.0,0.0,0.0,10.87,2.69,0.0
20140413:0709,5331.98,119.15,13.61,11.72,2.69,0.0
20140413:0809,21208.74,358.46,26.03,13.15,2.28,0.0
20140413:0909,36819.09,603.28,38.2,15.96,1.86,0.0
20140413:1009,48626.09,816.8,49.62,19.22,2.14,0.0
20140413:1109,56683.64,973.0,59.24,21.92,2.83,0.0
20140413:1209,60499.13,1055.67,64.73,23.89,3.1,0.0
20140413:1309,59891.17,1050.4,63.33,25.38,3.24,0.0
20140413:1409,56591.8,987.68,55.9,26.24,3.31,0.0
20140413:1509,47915.67,821.44,45.4,26.43,3.45,0.0
20140413:1609,35384.58,598.5,33.61,25.95,3.52,0.0
20140413:1709,18754.89,329.44,21.3,24.95,3.24,0.0
20140413:1809,3977.16,93.93,8.87,23.2,2.69,0.0
20140413:1909,0.0,0.0,0.0,21.56,2.76,0.0
20140413:2009,0.0,0.0,0.0,20.22,2.41,0.0
20140413:2109,0.0,0.0,0.0,19.46,2.28,0.0
20140413:2209,0.0,0.0,0.0,18.75,2.14,0.0
20140413:2309,0.0,0.0,0.0,17.72,1.86,0.0
20140414:0009,0.0,0.0,0.0,16.42,1.66,0.0
20140414:0109,0.0,0.0,0.0,17.82,0.48,0.0
20140414:0209,0.0,0.0,0.0,15.77,1.38,0.0
20140414:0309,0.0,0.0,0.0,14.6,1.93,0.0
20140414:0409,0.0,0.0,0.0,14.93,2.48,0.0
20140414:0509,0.0,0.0,0.0,14.89,2.21,0.0
20140414:0609,0.0,0.0,0.0,14.62,1.86,0.0
20140414:0709,388.61,16.06,13.86,16.01,2.34,0.0
20140414:0809,21374.2,369.41,26.28,17.8,2.55,0.0
20140414:0909,35811.9,597.9,38.46,21.12,2.48,0.0
20140414:1009,45652.33,807.58,49.92,24.81,0.62,0.0
20140414:1109,54558.44,967.69,59.58,26.34,2.07,0.0
20140414:1209,59447.16,1043.36,65.1,26.12,3.38,0.0
20140414:1309,58644.14,1013.22,63.65,25.08,4.07,0.0
20140414:1409,53379.71,905.48,56.14,24.26,4.48,0.0
20140414:1509,47200.69,785.36,45.58,22.76,4.55,0.0
20140414:1609,36197.47,597.18,33.76,21.75,4.14,0.0
20140414:1709,19791.68,340.49,21.44,20.69,3.45,0.0
20140414:1809,4071.28,95.11,9.01,19.6,2.76,0.0
20140414:1909,0.0,0.0,0.0,17.66,2.14,0.0
20140414:2009,0.0,0.0,0.0,16.76,1.59,0.0
20140414:2109,0.0,0.0,0.0,16.13,1.24,0.0
20140414:2209,0.0,0.0,0.0,15.57,1.52,0.0
20140414:2309,0.0,0.0,0.0,15.33,1.59,0.0
20140415:0009,0.0,0.0,0.0,15.16,1.66,0.0
20140415:0109,0.0,0.0,0.0,15.14,1.59,0.0
20140415:0209,0.0,0.0,0.0,14.75,1.72,0.0
20140415:0309,0.0,0.0,0.0,14.36,1.72,0.0
20140415:0409,0.0,0.0,0.0,13.9,1.52,0.0
20140415:0509,0.0,0.0,0.0,13.47,1.38,0.0
20140415:0609,0.0,5.42,1.76,12.85,1.45,0.0
20140415:0709,5034.45,99.04,14.11,14.89,2.07,0.0
20140415:0809,14863.5,252.85,26.53,16.1,1.93,0.0
20140415:0909,18533.26,310.59,38.73,17.79,1.31,0.0
20140415:1009,15865.38,270.7,50.21,19.23,0.9,0.0
20140415:1109,32095.07,544.58,59.92,20.52,0.83,0.0
20140415:1209,46651.18,807.76,65.46,22.05,1.45,0.0
20140415:1309,58200.12,1022.33,63.97,22.98,2.14,0.0
20140415:1409,55324.27,955.75,56.37,23.25,2.69,0.0
20140415:1509,48109.97,812.58,45.76,22.77,3.03,0.0
20140415:1609,35987.23,598.92,33.91,22.06,3.1,0.0
20140415:1709,19944.24,344.14,21.58,20.93,3.1,0.0
20140415:1809,4330.1,102.38,9.16,19.4,2.83,0.0
20140415:1909,0.0,0.0,0.0,17.42,2.41,0.0
20140415:2009,0.0,0.0,0.0,16.26,1.93,0.0
20140415:2109,0.0,0.0,0.0,15.53,1.52,0.0
20140415:2209,0.0,0.0,0.0,14.78,1.17,0.0
20140415:2309,0.0,0.0,0.0,14.11,1.1,0.0
20140416:0009,0.0,0.0,0.0,14.01,0.97,0.0
20140416:0109,0.0,0.0,0.0,14.17,0.9,0.0
20140416:0209,0.0,0.0,0.0,14.01,0.9,0.0
20140416:0309,0.0,0.0,0.0,14.06,0.97,0.0
20140416:0409,0.0,0.0,0.0,14.19,0.97,0.0
20140416:0509,0.0,0.0,0.0,14.26,1.1,0.0
20140416:0609,0.0,2.71,2.01,14.28,1.17,0.0
20140416:0709,567.73,19.84,14.35,14.99,1.59,0.0
20140416:0809,16866.5,286.09,26.78,15.87,1.72,0.0
20140416:0909,30761.51,507.19,38.99,17.1,1.59,0.0
20140416:1009,37213.77,619.2,50.5,19.09,2.0,0.0
20140416:1109,44373.42,752.05,60.25,21.43,2.34,0.0
20140416:1209,37939.37,638.63,65.82,21.99,2.83,0.0
20140416:1309,35787.61,601.55,64.28,22.7,3.24,0.0
20140416:1409,54722.38,928.91,56.6,22.7,3.79,0.0
20140416:1509,46325.56,770.21,45.94,21.99,4.14,0.0
20140416:1609,35732.96,587.37,34.06,20.91,4.14,0.0
20140416:1709,20174.22,344.73,21.72,19.64,4.0,0.0
20140416:1809,3037.52,67.71,9.3,18.18,3.52,0.0
20140416:1909,0.0,0.0,0.0,16.44,2.9,0.0
20140416:2009,0.0,0.0,0.0,15.51,2.28,0.0
20140416:2109,0.0,0.0,0.0,15.02,1.52,0.0
20140416:2209,0.0,0.0,0.0,14.52,0.76,0.0
20140416:2309,0.0,0.0,0.0,14.74,0.21,0.0
20140417:0009,0.0,0.0,0.0,14.73,0.0,0.0
20140417:0109,0.0,0.0,0.0,14.56,0.34,0.0
20140417:0209,0.0,0.0,0.0,13.95,0.62,0.0
20140417:0309,0.0,0.0,0.0,13.72,0.69,0.0
20140417:0409,0.0,0.0,0.0,13.28,0.9,0.0
20140417:0509,0.0,0.0,0.0,13.46,0.9,0.0
20140417:0609,44.78,7.22,2.26,13.48,1.1,0.0
20140417:0709,5753.98,113.62,14.59,14.7,0.76,0.0
20140417:0809,13262.77,227.56,27.02,16.39,1.03,0.0
20140417:0909,10664.71,187.02,39.24,18.85,1.24,0.0
20140417:1009,12215.35,213.46,50.78,20.97,1.45,0.0
20140417:1109,18699.48,319.23,60.57,22.11,1.86,0.0
20140417:1209,29103.1,492.94,66.18,23.12,2.34,0.0
20140417:1309,43788.23,748.29,64.59,23.64,2.69,0.0
20140417:1409,51770.63,887.87,56.83,23.68,3.03,0.0
20140417:1509,45420.84,766.06,46.11,23.22,3.17,0.0
20140417:1609,34539.81,575.62,34.21,22.35,3.1,0.0
20140417:1709,19063.04,329.71,21.86,21.2,2.9,0.0
20140417:1809,3725.17,84.1,9.44,19.83,2.48,0.0
20140417:1909,0.0,0.0,0.0,17.73,1.86,0.0
20140417:2009,0.0,0.0,0.0,16.59,1.52,0.0
20140417:2109,0.0,0.0,0.0,15.74,1.45,0.0
20140417:2209,0.0,0.0,0.0,15.04,1.52,0.0
20140417:2309,0.0,0.0,0.0,14.6,1.52,0.0
20140418:0009,0.0,0.0,0.0,14.54,1.52,0.0
20140418:0109,0.0,0.0,0.0,14.77,1.52,0.0
20140418:0209,0.0,0.0,0.0,14.77,1.72,0.0
20140418:0309,0.0,0.0,0.0,14.75,1.66,0.0
20140418:0409,0.0,0.0,0.0,14.96,1.72,0.0
20140418:0509,0.0,0.0,0.0,14.98,1.66,0.0
20140418:0609,0.0,3.61,2.5,14.92,1.52,0.0
20140418:0709,3061.81,64.23,14.83,15.46,1.66,0.0
20140418:0809,9492.81,166.64,27.26,16.3,1.59,0.0
20140418:0909,16083.21,270.91,39.5,17.4,1.52,0.0
20140418:1009,13548.15,232.35,51.06,18.6,1.45,0.0
20140418:1109,25414.36,427.13,60.9,20.26,1.59,0.0
20140418:1209,28246.94,475.87,66.54,21.54,2.07,0.0
20140418:1309,37811.86,638.97,64.89,22.28,2.55,0.0
20140418:1409,51260.58,873.22,57.05,22.44,3.03,0.0
20140418:1509,36344.72,604.38,46.29,21.71,3.31,0.0
20140418:1609,31339.11,517.18,34.36,20.55,3.31,0.0
20140418:1709,11117.83,194.73,22.0,19.26,3.17,0.0
20140418:1809,4462.92,103.62,9.58,17.87,2.9,0.0
20140418:1909,0.0,0.0,0.0,16.43,2.34,0.0
20140418:2009,0.0,0.0,0.0,15.82,1.79,0.0
20140418:2109,0.0,0.0,0.0,15.51,1.38,0.0
20140418:2209,0.0,0.0,0.0,15.21,1.1,0.0
20140418:2309,0.0,0.0,0.0,14.83,0.97,0.0
20140419:0009,0.0,0.0,0.0,14.53,1.38,0.0
20140419:0109,0.0,0.0,0.0,14.66,1.52,0.0
20140419:0209,0.0,0.0,0.0,14.52,1.52,0.0
20140419:0309,0.0,0.0,0.0,14.65,1.72,0.0
20140419:0409,0.0,0.0,0.0,14.59,1.38,0.0
20140419:0509,0.0,0.0,0.0,14.62,1.31,0.0
20140419:0609,0.0,5.42,2.75,14.58,1.38,0.0
20140419:0709,3070.16,64.23,15.07,14.92,1.66,0.0
20140419:0809,11263.56,193.93,27.5,15.45,1.59,0.0
20140419:0909,22856.53,377.34,39.74,16.38,1.45,0.0
20140419:1009,20918.04,348.49,51.33,17.68,1.59,0.0
20140419:1109,16899.14,284.47,61.22,18.55,2.48,0.0
20140419:1209,44506.24,744.28,66.89,19.48,2.83,0.0
20140419:1309,27489.46,457.25,65.2,19.99,2.83,0.0
20140419:1409,40693.79,678.44,57.27,20.53,3.03,0.0
20140419:1509,34868.46,574.36,46.46,20.61,3.86,0.0
20140419:1609,18581.08,309.62,34.5,19.45,4.14,0.0
20140419:1709,14585.7,249.5,22.13,17.94,3.52,0.0
20140419:1809,2015.15,47.21,9.72,17.16,2.69,0.0
20140419:1909,0.0,0.0,0.0,15.95,2.62,0.0
20140419:2009,0.0,0.0,0.0,15.0,1.86,0.0
20140419:2109,0.0,0.0,0.0,14.59,1.38,0.0
20140419:2209,0.0,0.0,0.0,14.26,1.38,0.0
20140419:2309,0.0,0.0,0.0,13.77,1.59,0.0
20140420:0009,0.0,0.0,0.0,13.26,1.72,0.0
20140420:0109,0.0,0.0,0.0,13.09,1.86,0.0
20140420:0209,0.0,0.0,0.0,12.54,2.14,0.0
20140420:0309,0.0,0.0,0.0,12.38,2.21,0.0
20140420:0409,0.0,0.0,0.0,12.2,2.41,0.0
20140420:0509,0.0,0.0,0.0,12.26,2.69,0.0
20140420:0609,286.14,13.54,2.99,12.31,2.83,0.0
20140420:0709,5776.75,133.02,15.3,13.83,2.97,0.0
20140420:0809,21264.9,360.05,27.73,16.18,3.93,0.0
20140420:0909,32590.7,528.6,39.99,18.19,4.9,0.0
20140420:1009,44522.94,723.68,51.6,19.87,6.07,0.0
20140420:1109,42323.36,693.14,61.53,20.82,6.21,0.0
20140420:1209,45199.97,742.94,67.24,21.23,6.41,0.0
20140420:1309,32299.25,530.58,65.49,21.53,6.76,0.0
20140420:1409,49217.36,807.65,57.49,21.93,7.17,0.0
20140420:1509,48223.82,785.57,46.63,21.75,7.31,0.0
20140420:1609,36129.92,586.61,34.65,20.8,6.62,0.0
20140420:1709,3740.35,76.51,22.27,20.1,5.86,0.0
20140420:1809,4262.54,96.25,9.86,19.23,5.38,0.0
20140420:1909,0.0,0.0,0.0,17.71,5.24,0.0
20140420:2009,0.0,0.0,0.0,16.78,4.69,0.0
20140420:2109,0.0,0.0,0.0,16.11,4.21,0.0
20140420:2209,0.0,0.0,0.0,15.77,4.0,0.0
20140420:2309,0.0,0.0,0.0,15.29,4.0,0.0
20140421:0009,0.0,0.0,0.0,15.03,3.86,0.0
20140421:0109,0.0,0.0,0.0,14.68,3.59,0.0
20140421:0209,0.0,0.0,0.0,14.5,3.59,0.0
20140421:0309,0.0,0.0,0.0,14.31,3.45,0.0
20140421:0409,0.0,0.0,0.0,14.02,3.24,0.0
20140421:0509,0.0,0.0,0.0,13.9,3.38,0.0
20140421:0609,322.58,14.44,3.22,13.76,3.31,0.0
20140421:0709,5832.16,134.42,15.53,14.17,3.45,0.0
20140421:0809,21850.09,369.29,27.96,15.38,3.79,0.0
20140421:0909,30727.36,497.25,40.23,16.69,4.07,0.0
20140421:1009,3259.15,68.01,51.87,17.9,4.28,0.0
20140421:1109,41338.94,674.13,61.84,18.55,4.9,0.0
20140421:1209,6026.46,112.4,67.58,17.86,4.9,0.0
20140421:1309,14358.0,242.74,65.79,18.58,4.97,0.0
20140421:1409,5045.83,97.29,57.71,18.92,4.97,0.0
20140421:1509,8875.75,156.79,46.79,17.88,5.86,0.0
20140421:1609,15879.8,264.21,34.79,17.23,5.17,0.0
20140421:1709,11475.32,197.95,22.41,17.17,5.17,0.0
20140421:1809,3404.87,73.99,10.0,16.53,4.41,0.0
20140421:1909,0.0,0.0,0.0,14.51,3.24,0.0
20140421:2009,0.0,0.0,0.0,13.57,2.83,0.0
20140421:2109,0.0,0.0,0.0,13.26,2.9,0.0
20140421:2209,0.0,0.0,0.0,13.03,2.62,0.0
20140421:2309,0.0,0.0,0.0,12.74,2.48,0.0
20140422:0009,0.0,0.0,0.0,12.83,2.48,0.0
20140422:0109,0.0,0.0,0.0,12.97,2.62,0.0
20140422:0209,0.0,0.0,0.0,12.85,2.76,0.0
20140422:0309,0.0,0.0,0.0,12.74,2.69,0.0
20140422:0409,0.0,0.0,0.0,12.49,2.55,0.0
20140422:0509,0.0,0.0,0.0,12.16,2.41,0.0
20140422:0609,449.33,17.15,3.45,12.01,2.41,0.0
20140422:0709,5803.31,136.84,15.75,13.04,2.14,0.0
20140422:0809,22171.15,374.39,28.18,14.54,3.03,0.0
20140422:0909,35370.16,574.52,40.46,15.93,2.76,0.0
20140422:1009,35259.34,579.5,52.13,17.39,2.34,0.0
20140422:1109,51552.04,875.58,62.15,18.6,1.86,0.0
20140422:1209,44552.54,755.75,67.92,19.94,1.86,0.0
20140422:1309,60200.84,1052.4,66.08,20.39,1.86,0.0
20140422:1409,56156.13,970.87,57.92,21.22,2.07,0.0
20140422:1509,48458.36,810.72,46.96,20.99,3.1,0.0
20140422:1609,36456.29,598.64,34.93,19.88,3.59,0.0
20140422:1709,20233.42,346.28,22.54,18.93,3.38,0.0
20140422:1809,4592.71,105.81,10.14,17.92,2.76,0.0
20140422:1909,0.0,0.0,0.0,16.36,1.72,0.0
20140422:2009,0.0,0.0,0.0,15.33,1.31,0.0
20140422:2109,0.0,0.0,0.0,14.49,1.24,0.0
20140422:2209,0.0,0.0,0.0,13.56,1.38,0.0
20140422:2309,0.0,0.0,0.0,12.87,1.24,0.0
20140423:0009,0.0,0.0,0.0,12.7,1.1,0.0
20140423:0109,0.0,0.0,0.0,13.02,0.83,0.0
20140423:0209,0.0,0.0,0.0,13.18,0.69,0.0
20140423:0309,0.0,0.0,0.0,12.8,0.76,0.0
20140423:0409,0.0,0.0,0.0,12.74,0.83,0.0
20140423:0509,0.0,0.0,0.0,12.11,1.03,0.0
20140423:0609,495.63,18.05,3.68,10.53,1.52,0.0
20140423:0709,6362.7,137.71,15.97,12.79,0.83,0.0
20140423:0809,21633.78,370.51,28.4,15.85,1.31,0.0
20140423:0909,37151.53,618.38,40.69,17.6,1.24,0.0
20140423:1009,48516.04,827.48,52.39,19.58,1.31,0.0
20140423:1109,55699.97,974.31,62.45,21.18,1.45,0.0
20140423:1209,59867.64,1052.99,68.26,22.3,2.07,0.0
20140423:1309,60575.03,1051.33,66.37,22.58,2.97,0.0
20140423:1409,56348.92,964.08,58.13,22.41,3.17,0.0
20140423:1509,48654.94,814.41,47.12,22.0,3.59,0.0
20140423:1609,36535.98,601.39,35.07,20.9,4.0,0.0
20140423:1709,20507.42,351.52,22.68,19.56,3.79,0.0
20140423:1809,4891.0,117.59,10.28,18.13,3.24,0.0
20140423:1909,0.0,0.0,0.0,16.48,2.62,0.0
20140423:2009,0.0,0.0,0.0,15.39,1.93,0.0
20140423:2109,0.0,0.0,0.0,14.72,1.31,0.0
20140423:2209,0.0,0.0,0.0,14.01,0.83,0.0
20140423:2309,0.0,0.0,0.0,13.94,0.62,0.0
20140424:0009,0.0,0.0,0.0,13.59,0.69,0.0
20140424:0109,0.0,0.0,0.0,13.1,0.83,0.0
20140424:0209,0.0,0.0,0.0,12.97,0.83,0.0
20140424:0309,0.0,0.0,0.0,13.27,0.69,0.0
20140424:0409,0.0,0.0,0.0,11.87,1.17,0.0
20140424:0509,0.0,0.0,0.0,10.5,1.45,0.0
20140424:0609,538.89,18.96,3.91,10.71,1.24,0.0
20140424:0709,6242.78,139.74,16.19,12.7,0.9,0.0
20140424:0809,21192.04,364.35,28.62,15.59,0.34,0.0
20140424:0909,35886.28,597.44,40.92,17.49,1.1,0.0
20140424:1009,43440.61,729.03,52.64,18.93,1.72,0.0
20140424:1109,56295.03,968.28,62.74,20.17,2.07,0.0
20140424:1209,60760.23,1052.09,68.6,21.05,2.62,0.0
20140424:1309,60838.4,1043.74,66.66,21.38,3.31,0.0
20140424:1409,53652.19,899.32,58.34,21.11,4.07,0.0
20140424:1509,22807.19,376.46,47.28,19.65,4.69,0.0
20140424:1609,9989.2,174.93,35.21,18.72,4.62,0.0
20140424:1709,14773.18,251.94,22.81,17.76,4.21,0.0
20140424:1809,3467.87,74.39,10.42,16.85,3.72,0.0
20140424:1909,0.0,0.0,0.0,15.88,3.24,0.0
20140424:2009,0.0,0.0,0.0,15.45,2.48,0.0
20140424:2109,0.0,0.0,0.0,14.82,1.66,0.0
20140424:2209,0.0,0.0,0.0,14.29,1.38,0.0
20140424:2309,0.0,0.0,0.0,13.44,1.24,0.0
20140425:0009,0.0,0.0,0.0,13.08,1.03,0.0
20140425:0109,0.0,0.0,0.0,12.65,1.17,0.0
20140425:0209,0.0,0.0,0.0,12.0,1.38,0.0
20140425:0309,0.0,0.0,0.0,11.61,1.52,0.0
20140425:0409,0.0,0.0,0.0,11.2,1.52,0.0
20140425:0509,0.0,0.0,0.0,10.91,1.52,0.0
20140425:0609,627.69,20.76,4.13,10.67,1.52,0.0
20140425:0709,6492.49,142.77,16.4,12.49,1.1,0.0
20140425:0809,22439.84,381.19,28.83,15.67,2.62,0.0
20140425:0909,36426.69,592.78,41.14,16.61,3.03,0.0
20140425:1009,42571.55,698.34,52.88,17.53,3.1,0.0
20140425:1109,53400.96,894.41,63.03,18.86,3.17,0.0
20140425:1209,61753.76,1055.47,68.93,20.31,3.31,0.0
20140425:1309,61781.84,1059.3,66.94,21.25,3.45,0.0
20140425:1409,57641.5,975.74,58.54,21.65,3.86,0.0
20140425:1509,49856.43,825.1,47.44,21.22,4.55,0.0
20140425:1609,37419.46,610.14,35.35,20.0,4.97,0.0
20140425:1709,21271.73,361.76,22.94,18.55,4.9,0.0
20140425:1809,4962.34,117.06,10.56,17.03,4.28,0.0
20140425:1909,0.0,0.0,0.0,15.7,3.52,0.0
20140425:2009,0.0,0.0,0.0,14.59,3.31,0.0
20140425:2109,0.0,0.0,0.0,13.88,3.1,0.0
20140425:2209,0.0,0.0,0.0,13.33,2.76,0.0
20140425:2309,0.0,0.0,0.0,12.73,2.41,0.0
20140426:0009,0.0,0.0,0.0,12.15,2.21,0.0
20140426:0109,0.0,0.0,0.0,11.57,2.0,0.0
20140426:0209,0.0,0.0,0.0,11.07,1.86,0.0
20140426:0309,0.0,0.0,0.0,10.68,1.86,0.0
20140426:0409,0.0,0.0,0.0,10.34,1.86,0.0
20140426:0509,0.0,0.0,0.0,10.1,1.86,0.0
20140426:0609,676.27,21.66,4.34,9.92,1.79,0.0
20140426:0709,6191.16,145.02,16.61,11.79,0.9,0.0
20140426:0809,22439.08,384.81,29.03,15.58,1.03,0.0
20140426:0909,37764.05,624.83,41.35,18.01,2.0,0.0
20140426:1009,49246.2,823.96,53.12,20.09,2.9,0.0
20140426:1109,57673.37,978.24,63.32,21.63,3.72,0.0
20140426:1209,62080.13,1062.12,69.25,22.59,4.21,0.0
20140426:1309,61654.33,1053.99,67.21,23.19,4.48,0.0
20140426:1409,57658.95,977.06,58.74,23.39,4.62,0.0
20140426:1509,49199.14,820.9,47.59,23.15,4.69,0.0
20140426:1609,36956.47,610.62,35.48,22.31,4.62,0.0
20140426:1709,21026.58,362.52,23.08,20.93,4.28,0.0
20140426:1809,4875.82,116.63,10.7,19.27,3.52,0.0
20140426:1909,0.0,0.0,0.0,17.12,2.9,0.0
20140426:2009,0.0,0.0,0.0,15.87,2.34,0.0
20140426:2109,0.0,0.0,0.0,15.13,1.79,0.0
20140426:2209,0.0,0.0,0.0,14.39,1.52,0.0
20140426:2309,0.0,0.0,0.0,13.55,1.31,0.0
20140427:0009,0.0,0.0,0.0,12.99,1.31,0.0
20140427:0109,0.0,0.0,0.0,12.42,1.45,0.0
20140427:0209,0.0,0.0,0.0,12.01,1.52,0.0
20140427:0309,0.0,0.0,0.0,11.71,1.52,0.0
20140427:0409,0.0,0.0,0.0,11.36,1.52,0.0
20140427:0509,0.0,0.0,0.0,11.11,1.52,0.0
20140427:0609,717.26,22.57,4.56,11.01,1.45,0.0
20140427:0709,6235.94,144.97,16.81,13.72,0.9,0.0
20140427:0809,8631.35,152.86,29.24,16.44,2.34,0.0
20140427:0909,18948.44,315.74,41.56,18.23,2.83,0.0
20140427:1009,39565.91,656.92,53.36,19.93,2.9,0.0
20140427:1109,56553.85,965.14,63.6,21.45,3.03,0.0
20140427:1209,61236.88,1059.15,69.58,22.86,3.38,0.0
20140427:1309,61218.66,1056.5,67.49,23.54,3.79,0.0
20140427:1409,57117.03,973.01,58.94,23.62,4.14,0.0
20140427:1509,48916.79,818.03,47.75,23.12,4.34,0.0
20140427:1609,36955.71,611.24,35.62,22.12,4.28,0.0
20140427:1709,20863.39,360.25,23.21,20.82,3.93,0.0
20140427:1809,4902.38,116.52,10.83,19.25,3.24,0.0
20140427:1909,0.0,0.0,0.0,17.4,2.55,0.0
20140427:2009,0.0,0.0,0.0,16.05,2.14,0.0
20140427:2109,0.0,0.0,0.0,15.19,1.79,0.0
20140427:2209,0.0,0.0,0.0,14.44,1.59,0.0
20140427:2309,0.0,0.0,0.0,13.49,1.59,0.0
20140428:0009,0.0,0.0,0.0,12.6,1.59,0.0
20140428:0109,0.0,0.0,0.0,11.95,1.66,0.0
20140428:0209,0.0,0.0,0.0,11.49,1.72,0.0
20140428:0309,0.0,0.0,0.0,11.13,1.79,0.0
20140428:0409,0.0,0.0,0.0,10.8,1.79,0.0
20140428:0509,0.0,0.0,0.0,10.49,1.66,0.0
20140428:0609,813.65,24.37,4.77,10.37,1.59,0.0
20140428:0709,6313.36,147.49,17.01,12.87,0.69,0.0
20140428:0809,22218.97,386.48,29.44,17.64,0.48,0.0
20140428:0909,37320.03,628.45,41.77,20.14,1.38,0.0
20140428:1009,48469.74,827.64,53.59,22.27,2.14,0.0
20140428:1109,56571.31,981.91,63.88,23.95,2.83,0.0
20140428:1209,60860.42,1064.69,69.89,25.0,3.38,0.0
20140428:1309,60630.44,1056.69,67.76,25.47,3.79,0.0
20140428:1409,56570.55,974.31,59.13,25.46,4.0,0.0
20140428:1509,48602.56,822.77,47.9,25.03,4.07,0.0
20140428:1609,36476.78,609.48,35.75,23.98,4.14,0.0
20140428:1709,20795.84,362.07,23.34,22.47,3.86,0.0
20140428:1809,4875.06,118.13,10.97,20.77,3.03,0.0
20140428:1909,0.0,0.0,0.0,18.87,2.28,0.0
20140428:2009,0.0,0.0,0.0,17.37,1.79,0.0
20140428:2109,0.0,0.0,0.0,16.49,1.38,0.0
20140428:2209,0.0,0.0,0.0,15.94,0.76,0.0
20140428:2309,0.0,0.0,0.0,15.74,0.9,0.0
20140429:0009,0.0,0.0,0.0,13.81,1.52,0.0
20140429:0109,0.0,0.0,0.0,12.79,1.72,0.0
20140429:0209,0.0,0.0,0.0,12.13,1.72,0.0
20140429:0309,0.0,0.0,0.0,11.78,1.59,0.0
20140429:0409,0.0,0.0,0.0,12.11,1.45,0.0
20140429:0509,0.0,0.0,0.0,12.92,1.38,0.0
20140429:0609,893.34,26.18,4.97,13.35,1.31,0.0
20140429:0709,6652.64,148.39,17.21,15.28,0.69,0.0
20140429:0809,20311.6,349.94,29.63,18.29,0.83,0.0
20140429:0909,34493.51,579.37,41.97,20.46,1.59,0.0
20140429:1009,48336.92,827.14,53.81,22.32,2.0,0.0
20140429:1109,56200.16,980.18,64.15,23.96,2.48,0.0
20140429:1209,60174.28,1057.57,70.21,25.11,3.03,0.0
20140429:1309,59901.8,1048.32,68.03,25.6,3.45,0.0
20140429:1409,56277.57,971.36,59.33,25.51,3.79,0.0
20140429:1509,48294.41,816.56,48.05,24.74,4.0,0.0
20140429:1609,36233.9,604.63,35.89,23.46,3.93,0.0
20140429:1709,20688.82,359.87,23.47,21.95,3.52,0.0
20140429:1809,4914.53,118.65,11.11,20.35,2.76,0.0
20140429:1909,0.0,0.0,0.0,18.22,2.14,0.0
20140429:2009,0.0,0.0,0.0,16.79,1.59,0.0
20140429:2109,0.0,0.0,0.0,15.78,0.55,0.0
20140429:2209,0.0,0.0,0.0,14.68,0.83,0.0
20140429:2309,0.0,0.0,0.0,13.37,1.17,0.0
20140430:0009,0.0,0.0,0.0,12.74,1.24,0.0
20140430:0109,0.0,0.0,0.0,12.03,1.45,0.0
20140430:0209,0.0,0.0,0.0,11.29,1.59,0.0
20140430:0309,0.0,0.0,0.0,10.71,1.52,0.0
20140430:0409,0.0,0.0,0.0,10.31,1.52,0.0
20140430:0509,0.0,0.0,0.0,10.04,1.59,0.0
20140430:0609,1007.19,27.98,5.17,9.93,1.66,0.0
20140430:0709,7542.94,144.42,17.4,13.02,0.76,0.0
20140430:0809,15740.14,268.53,29.82,16.87,0.55,0.0
20140430:0909,28540.68,483.2,42.17,19.65,0.34,0.0
20140430:1009,48094.04,837.07,54.03,22.12,0.97,0.0
20140430:1109,56170.55,997.68,64.41,24.13,1.59,0.0
20140430:1209,60140.12,1075.67,70.52,25.55,2.21,0.0
20140430:1309,59409.97,1056.18,68.29,26.39,2.69,0.0
20140430:1409,56109.08,983.68,59.52,26.54,3.03,0.0
20140430:1509,48160.83,826.83,48.2,26.18,3.24,0.0
20140430:1609,36195.95,612.72,36.02,25.3,3.24,0.0
20140430:1709,20705.52,364.69,23.6,23.94,2.97,0.0
20140430:1809,4926.67,119.37,11.25,22.25,2.48,0.0
20140430:1909,0.0,0.0,0.0,19.98,1.86,0.0
20140430:2009,0.0,0.0,0.0,18.46,1.45,0.0
20140430:2109,0.0,0.0,0.0,17.52,0.83,0.0
20140430:2209,0.0,0.0,0.0,17.59,0.34,0.0
20140430:2309,0.0,0.0,0.0,16.68,0.9,0.0
20140501:0009,0.0,0.0,0.0,16.13,1.03,0.0
20140501:0109,0.0,0.0,0.0,16.06,1.1,0.0
20140501:0209,0.0,0.0,0.0,15.89,1.17,0.0
20140501:0309,0.0,0.0,0.0,15.61,1.24,0.0
20140501:0409,0.0,0.0,0.0,14.8,1.45,0.0
20140501:0509,0.0,0.0,0.0,14.37,1.52,0.0
20140501:0609,985.18,27.98,5.37,14.01,1.45,0.0
20140501:0709,7476.91,145.96,17.58,15.58,0.83,0.0
20140501:0809,21353.71,373.43,30.0,19.52,0.41,0.0
20140501:0909,35853.64,620.41,42.36,22.01,0.14,0.0
20140501:1009,46276.99,815.91,54.24,24.6,0.83,0.0
20140501:1109,54416.5,972.94,64.67,26.75,1.79,0.0
20140501:1209,55822.93,990.99,70.82,27.84,2.9,0.0
20140501:1309,54797.52,962.17,68.55,27.89,3.59,0.0
20140501:1409,53587.68,928.94,59.7,27.4,4.0,0.0
20140501:1509,47333.52,806.54,48.35,26.65,4.14,0.0
20140501:1609,35196.35,592.97,36.15,25.5,4.0,0.0
20140501:1709,13934.48,245.87,23.73,24.25,3.66,0.0
20140501:1809,4866.71,115.66,11.38,22.93,2.83,0.0
20140501:1909,0.0,0.0,0.0,21.2,2.48,0.0
20140501:2009,0.0,0.0,0.0,19.76,2.34,0.0
20140501:2109,0.0,0.0,0.0,18.83,2.21,0.0
20140501:2209,0.0,0.0,0.0,18.19,1.66,0.0
20140501:2309,0.0,0.0,0.0,17.69,0.76,0.0
20140502:0009,0.0,0.0,0.0,16.5,1.1,0.0
20140502:0109,0.0,0.0,0.0,17.2,0.55,0.0
20140502:0209,0.0,0.0,0.0,16.73,0.83,0.0
20140502:0309,0.0,0.0,0.0,17.06,0.55,0.0
20140502:0409,0.0,0.0,0.0,16.18,0.97,0.0
20140502:0509,0.0,0.0,0.0,13.18,1.72,0.0
20140502:0609,1039.83,28.89,5.56,12.86,1.52,0.0
20140502:0709,6592.67,152.68,17.77,16.58,0.34,0.0
20140502:0809,22169.63,390.33,30.18,20.46,0.55,0.0
20140502:0909,36648.32,626.19,42.54,23.41,1.52,0.0
20140502:1009,47725.92,827.86,54.45,25.74,2.28,0.0
20140502:1109,55447.99,981.45,64.92,27.81,2.83,0.0
20140502:1209,58761.02,1046.08,71.12,29.32,3.59,0.0
20140502:1309,59151.15,1048.32,68.8,30.04,4.28,0.0
20140502:1409,55298.46,970.28,59.89,30.2,4.48,0.0
20140502:1509,46738.46,809.24,48.49,29.92,4.21,0.0
20140502:1609,35297.3,605.4,36.28,28.84,3.86,0.0
20140502:1709,20203.06,360.56,23.86,27.18,3.66,0.0
20140502:1809,4954.75,120.22,11.52,25.26,3.1,0.0
20140502:1909,0.0,0.0,0.0,22.86,2.76,0.0
20140502:2009,0.0,0.0,0.0,21.26,2.0,0.0
20140502:2109,0.0,0.0,0.0,20.3,1.1,0.0
20140502:2209,0.0,0.0,0.0,18.77,1.17,0.0
20140502:2309,0.0,0.0,0.0,17.95,0.9,0.0
20140503:0009,0.0,0.0,0.0,17.46,1.03,0.0
20140503:0109,0.0,0.0,0.0,16.29,1.31,0.0
20140503:0209,0.0,0.0,0.0,15.3,1.66,0.0
20140503:0309,0.0,0.0,0.0,14.89,1.72,0.0
20140503:0409,0.0,0.0,0.0,14.63,1.72,0.0
20140503:0509,0.0,0.0,0.0,14.32,1.72,0.0
20140503:0609,1082.33,29.79,5.74,13.87,1.93,0.0
20140503:0709,6687.55,153.48,17.94,16.03,1.38,0.0
20140503:0809,22386.7,393.66,30.35,20.64,0.83,0.0
20140503:0909,35997.85,625.36,42.72,23.39,0.34,0.0
20140503:1009,46741.5,834.05,54.65,25.68,0.62,0.0
20140503:1109,53743.27,977.94,65.17,27.64,1.17,0.0
20140503:1209,57765.97,1053.83,71.42,29.14,2.0,0.0
20140503:1309,58787.59,1055.13,69.05,29.68,3.17,0.0
20140503:1409,55541.34,977.18,60.07,29.33,3.86,0.0
20140503:1509,47388.17,815.21,48.63,28.31,4.07,0.0
20140503:1609,35779.26,609.24,36.41,27.44,3.93,0.0
20140503:1709,20285.03,360.54,23.98,26.28,3.59,0.0
20140503:1809,4996.5,121.82,11.65,24.71,2.55,0.0
20140503:1909,0.0,0.0,0.0,22.19,2.21,0.0
20140503:2009,0.0,0.0,0.0,20.45,1.72,0.0
20140503:2109,0.0,0.0,0.0,19.27,0.83,0.0
20140503:2209,0.0,0.0,0.0,18.11,0.83,0.0
20140503:2309,0.0,0.0,0.0,16.77,1.45,0.0
20140504:0009,0.0,0.0,0.0,15.99,1.59,0.0
20140504:0109,0.0,0.0,0.0,15.45,1.52,0.0
20140504:0209,0.0,0.0,0.0,15.01,1.45,0.0
20140504:0309,0.0,0.0,0.0,14.68,1.38,0.0
20140504:0409,0.0,0.0,0.0,14.11,1.52,0.0
20140504:0509,0.0,0.0,0.0,13.57,1.66,0.0
20140504:0609,1231.86,32.5,5.93,13.44,1.72,0.0
20140504:0709,7439.72,154.97,18.12,15.81,1.03,0.0
20140504:0809,22287.28,392.08,30.52,20.2,0.48,0.0
20140504:0909,36009.24,623.39,42.9,22.97,0.41,0.0
20140504:1009,46853.07,826.1,54.85,25.15,1.03,0.0
20140504:1109,54225.24,973.36,65.41,27.02,1.66,0.0
20140504:1209,58300.31,1054.23,71.71,28.42,2.28,0.0
20140504:1309,58178.87,1044.97,69.3,29.27,2.9,0.0
20140504:1409,54280.64,961.57,60.24,29.53,3.24,0.0
20140504:1509,47001.83,815.81,48.78,29.21,3.59,0.0
20140504:1609,35238.85,603.67,36.54,28.3,3.66,0.0
20140504:1709,20067.2,358.58,24.11,26.99,3.24,0.0
20140504:1809,5020.79,121.97,11.79,25.31,2.48,0.0
20140504:1909,0.0,0.0,0.0,23.07,1.86,0.0
20140504:2009,0.0,0.0,0.0,21.46,1.24,0.0
20140504:2109,0.0,0.0,0.0,20.87,0.21,0.0
20140504:2209,0.0,0.0,0.0,19.0,1.52,0.0
20140504:2309,0.0,0.0,0.0,17.93,1.59,0.0
20140505:0009,0.0,0.0,0.0,17.27,1.38,0.0
20140505:0109,0.0,0.0,0.0,16.59,1.59,0.0
20140505:0209,0.0,0.0,0.0,16.0,1.59,0.0
20140505:0309,0.0,0.0,0.0,15.45,1.66,0.0
20140505:0409,0.0,0.0,0.0,14.67,1.86,0.0
20140505:0509,0.0,0.0,0.0,14.2,1.72,0.0
20140505:0609,750.65,23.47,6.11,14.15,1.45,0.0
20140505:0709,7711.44,147.13,18.28,17.16,0.69,0.0
20140505:0809,21636.81,380.91,30.69,20.77,0.41,0.0
20140505:0909,32965.65,567.78,43.07,23.37,0.69,0.0
20140505:1009,42233.8,740.91,55.04,25.72,1.1,0.0
20140505:1109,51199.86,921.1,65.65,27.96,1.52,0.0
20140505:1209,46522.91,831.69,72.0,29.58,2.07,0.0
20140505:1309,56998.62,1032.77,69.54,30.63,2.69,0.0
20140505:1409,53570.98,955.69,60.42,30.68,3.1,0.0
20140505:1509,45313.82,793.9,48.92,30.5,3.17,0.0
20140505:1609,33521.24,580.36,36.67,29.91,3.24,0.0
20140505:1709,16011.1,288.15,24.24,28.79,2.97,0.0
20140505:1809,4973.73,120.4,11.92,27.03,2.34,0.0
20140505:1909,0.0,0.0,0.0,24.79,1.86,0.0
20140505:2009,0.0,0.0,0.0,23.42,1.38,0.0
20140505:2109,0.0,0.0,0.0,22.86,0.34,0.0
20140505:2209,0.0,0.0,0.0,21.3,1.72,0.0
20140505:2309,0.0,0.0,0.0,20.18,1.52,0.0
20140506:0009,0.0,0.0,0.0,20.95,0.41,0.0
20140506:0109,0.0,0.0,0.0,19.1,1.17,0.0
20140506:0209,0.0,0.0,0.0,18.11,1.66,0.0
20140506:0309,0.0,0.0,0.0,18.45,0.9,0.0
20140506:0409,0.0,0.0,0.0,17.78,0.97,0.0
20140506:0509,0.0,0.0,0.0,15.98,1.45,0.0
20140506:0609,1316.87,34.3,6.28,15.48,1.38,0.0
20140506:0709,6929.67,153.69,18.45,18.14,0.83,0.0
20140506:0809,21440.99,380.75,30.85,22.42,0.48,0.0
20140506:0909,33834.7,587.79,43.24,25.21,0.76,0.0
20140506:1009,45791.99,804.76,55.22,27.28,1.72,0.0
20140506:1109,52211.61,926.79,65.88,28.47,2.48,0.0
20140506:1209,57762.94,1036.61,72.28,29.15,2.83,0.0
20140506:1309,50011.27,886.02,69.78,29.6,3.03,0.0
20140506:1409,29654.13,515.26,60.59,29.63,3.1,0.0
20140506:1509,29100.82,501.76,49.05,28.47,2.97,0.0
20140506:1609,8535.71,158.68,36.79,27.33,2.34,0.0
20140506:1709,2789.32,62.34,24.36,26.4,2.9,0.0
20140506:1809,4941.09,113.6,12.05,24.97,2.69,0.0
20140506:1909,0.0,0.0,0.0,22.48,2.9,0.0
20140506:2009,0.0,0.0,0.0,21.0,3.03,0.0
20140506:2109,0.0,0.0,0.0,20.07,2.76,0.0
20140506:2209,0.0,0.0,0.0,19.66,1.86,0.0
20140506:2309,0.0,0.0,0.0,19.08,2.0,0.0
20140507:0009,0.0,0.0,0.0,18.55,2.48,0.0
20140507:0109,0.0,0.0,0.0,18.01,2.14,0.0
20140507:0209,0.0,0.0,0.0,17.57,1.66,0.0
20140507:0309,0.0,0.0,0.0,17.1,1.24,0.0
20140507:0409,0.0,0.0,0.0,16.71,0.69,0.0
20140507:0509,0.0,0.0,0.0,16.58,0.55,0.0
20140507:0609,1363.16,35.2,6.45,15.96,1.59,0.0
20140507:0709,7440.48,141.29,18.61,18.49,1.79,0.0
20140507:0809,18619.79,321.54,31.0,20.44,1.38,0.0
20140507:0909,31837.77,542.53,43.4,22.74,1.17,0.0
20140507:1009,45291.05,793.1,55.4,25.35,1.24,0.0
20140507:1109,53050.31,939.09,66.1,27.26,2.28,0.0
20140507:1209,57131.45,1010.43,72.56,27.48,3.03,0.0
20140507:1309,56684.4,1001.36,70.02,27.44,3.03,0.0
20140507:1409,52629.06,920.88,60.76,27.48,3.03,0.0
20140507:1509,44792.38,771.21,49.19,27.38,3.1,0.0
20140507:1609,32834.34,556.45,36.92,25.96,3.38,0.0
20140507:1709,18071.03,317.84,24.49,23.91,3.17,0.0
20140507:1809,4918.32,110.65,12.19,22.17,2.83,0.0
20140507:1909,0.0,0.0,0.0,20.47,2.41,0.0
20140507:2009,0.0,0.0,0.0,19.2,1.79,0.0
20140507:2109,0.0,0.0,0.0,18.61,1.17,0.0
20140507:2209,0.0,0.0,0.0,18.03,1.45,0.0
20140507:2309,0.0,0.0,0.0,17.42,1.59,0.0
20140508:0009,0.0,0.0,0.0,16.93,1.66,0.0
20140508:0109,0.0,0.0,0.0,16.43,1.59,0.0
20140508:0209,0.0,0.0,0.0,15.95,1.45,0.0
20140508:0309,0.0,0.0,0.0,15.42,1.31,0.0
20140508:0409,0.0,0.0,0.0,15.02,1.52,0.0
20140508:0509,0.0,0.0,0.0,14.9,1.72,0.0
20140508:0609,1370.75,35.2,6.61,14.92,1.59,0.0
20140508:0709,7009.36,154.48,18.76,16.89,0.97,0.0
20140508:0809,21649.72,379.09,31.15,19.95,0.69,0.0
20140508:0909,35055.17,600.35,43.55,22.47,0.83,0.0
20140508:1009,46264.09,794.12,55.58,24.13,2.21,0.0
20140508:1109,53350.87,934.04,66.32,25.33,2.34,0.0
20140508:1209,55981.56,989.59,72.83,26.27,2.55,0.0
20140508:1309,56522.73,1007.37,70.25,27.0,2.34,0.0
20140508:1409,52790.73,920.57,60.93,27.43,3.31,0.0
20140508:1509,46141.13,781.6,49.33,26.18,4.34,0.0
20140508:1609,34544.37,577.23,37.04,24.34,4.41,0.0
20140508:1709,18834.59,328.67,24.61,22.74,3.86,0.0
20140508:1809,4711.11,100.52,12.32,21.38,3.1,0.0
20140508:1909,0.0,0.0,0.0,19.68,2.14,0.0
20140508:2009,0.0,0.0,0.0,18.51,1.66,0.0
20140508:2109,0.0,0.0,0.0,17.87,0.9,0.0
20140508:2209,0.0,0.0,0.0,17.1,0.69,0.0
20140508:2309,0.0,0.0,0.0,16.06,0.97,0.0
20140509:0009,0.0,0.0,0.0,15.28,1.24,0.0
20140509:0109,0.0,0.0,0.0,15.16,1.24,0.0
20140509:0209,0.0,0.0,0.0,15.15,1.03,0.0
20140509:0309,0.0,0.0,0.0,15.08,0.97,0.0
20140509:0409,0.0,0.0,0.0,15.09,1.17,0.0
20140509:0509,0.0,0.0,0.0,15.17,1.24,0.0
20140509:0609,1417.81,36.11,6.77,15.31,1.17,0.0
20140509:0709,6940.3,157.31,18.91,16.67,1.17,0.0
20140509:0809,22366.97,390.33,31.3,19.06,0.76,0.0
20140509:0909,34942.84,600.5,43.7,21.63,0.34,0.0
20140509:1009,46039.42,800.68,55.74,23.73,1.24,0.0
20140509:1109,55958.03,989.26,66.53,25.23,2.07,0.0
20140509:1209,58386.83,1035.39,73.1,26.21,2.62,0.0
20140509:1309,58332.94,1030.02,70.48,26.73,3.03,0.0
20140509:1409,54405.88,947.81,61.09,26.74,3.31,0.0
20140509:1509,46525.94,796.1,49.46,26.41,3.45,0.0
20140509:1609,34765.24,588.4,37.16,25.63,3.45,0.0
20140509:1709,20117.3,355.31,24.73,24.42,3.31,0.0
20140509:1809,5184.73,125.41,12.45,22.87,2.9,0.0
20140509:1909,0.0,0.0,0.0,20.34,2.34,0.0
20140509:2009,0.0,0.0,0.0,18.91,1.79,0.0
20140509:2109,0.0,0.0,0.0,18.1,1.24,0.0
20140509:2209,0.0,0.0,0.0,17.36,0.55,0.0
20140509:2309,0.0,0.0,0.0,16.98,0.48,0.0
20140510:0009,0.0,0.0,0.0,15.8,1.1,0.0
20140510:0109,0.0,0.0,0.0,15.04,1.38,0.0
20140510:0209,0.0,0.0,0.0,14.63,1.45,0.0
20140510:0309,0.0,0.0,0.0,14.41,1.59,0.0
20140510:0409,0.0,0.0,0.0,14.3,1.72,0.0
20140510:0509,0.0,0.0,0.0,14.26,1.72,0.0
20140510:0609,1576.44,38.81,6.93,14.45,1.66,0.0
20140510:0709,7033.65,158.16,19.05,16.82,1.17,0.0
20140510:0809,21999.62,384.76,31.44,20.18,1.03,0.0
20140510:0909,35816.45,615.09,43.84,22.57,0.76,0.0
20140510:1009,46050.81,808.63,55.91,24.78,1.03,0.0
20140510:1109,52647.28,941.65,66.73,26.61,1.52,0.0
20140510:1209,56792.18,1023.94,73.36,27.92,2.07,0.0
20140510:1309,56612.29,1014.14,70.7,28.68,2.62,0.0
20140510:1409,53481.42,943.33,61.25,28.76,3.1,0.0
20140510:1509,46093.31,795.91,49.59,28.23,3.45,0.0
20140510:1609,34408.51,586.38,37.28,27.2,3.59,0.0
20140510:1709,19682.39,350.13,24.86,25.88,3.31,0.0
20140510:1809,5113.38,119.53,12.58,24.38,2.48,0.0
20140510:1909,0.0,0.0,0.0,22.02,1.86,0.0
20140510:2009,0.0,0.0,0.0,20.51,1.45,0.0
20140510:2109,0.0,0.0,0.0,19.49,1.24,0.0
20140510:2209,0.0,0.0,0.0,18.46,1.1,0.0
20140510:2309,0.0,0.0,0.0,17.49,1.1,0.0
20140511:0009,0.0,0.0,0.0,16.73,1.24,0.0
20140511:0109,0.0,0.0,0.0,16.01,1.38,0.0
20140511:0209,0.0,0.0,0.0,15.5,1.45,0.0
20140511:0309,0.0,0.0,0.0,15.04,1.52,0.0
20140511:0409,0.0,0.0,0.0,14.61,1.66,0.0
20140511:0509,0.0,0.0,0.0,14.27,1.66,0.0
20140511:0609,1578.72,38.81,7.08,14.18,1.59,0.0
20140511:0709,7466.28,160.78,19.19,16.97,1.1,0.0
20140511:0809,21780.26,381.85,31.57,20.77,0.83,0.0
20140511:0909,35591.03,618.72,43.98,23.39,0.28,0.0
20140511:1009,46080.41,817.91,56.06,25.87,0.83,0.0
20140511:1109,53318.99,961.01,66.93,27.88,1.59,0.0
20140511:1209,57447.19,1039.95,73.62,29.22,2.34,0.0
20140511:1309,57332.58,1029.47,70.92,29.78,2.97,0.0
20140511:1409,53477.62,947.28,61.41,29.82,3.24,0.0
20140511:1509,46000.71,799.9,49.72,29.39,3.38,0.0
20140511:1609,35024.81,602.38,37.4,28.52,3.31,0.0
20140511:1709,20070.24,359.48,24.98,27.08,3.1,0.0
20140511:1809,5201.43,125.53,12.71,25.25,2.62,0.0
20140511:1909,0.0,0.0,0.0,22.84,2.07,0.0
20140511:2009,0.0,0.0,0.0,21.0,1.52,0.0
20140511:2109,0.0,0.0,0.0,19.97,0.97,0.0
20140511:2209,0.0,0.0,0.0,18.9,1.03,0.0
20140511:2309,0.0,0.0,0.0,17.98,1.45,0.0
20140512:0009,0.0,0.0,0.0,17.23,1.52,0.0
20140512:0109,0.0,0.0,0.0,16.72,1.45,0.0
20140512:0209,0.0,0.0,0.0,16.24,1.45,0.0
20140512:0309,0.0,0.0,0.0,15.82,1.45,0.0
20140512:0409,0.0,0.0,0.0,15.44,1.45,0.0
20140512:0509,0.0,0.0,0.0,15.08,1.45,0.0
20140512:0609,1622.74,39.72,7.22,15.05,1.38,0.0
20140512:0709,7048.83,159.86,19.33,17.92,0.76,0.0
20140512:0809,22054.26,389.96,31.7,22.68,1.24,0.0
20140512:0909,35840.74,618.73,44.11,25.68,1.59,0.0
20140512:1009,46470.53,821.32,56.21,28.23,1.79,0.0
20140512:1109,53696.97,970.36,67.12,30.32,2.21,0.0
20140512:1209,57000.9,1038.65,73.87,31.63,2.69,0.0
20140512:1309,56600.15,1029.24,71.14,32.25,2.97,0.0
20140512:1409,52777.06,947.09,61.56,32.2,3.17,0.0
20140512:1509,44897.13,791.52,49.85,31.8,3.17,0.0
20140512:1609,33522.75,583.54,37.52,30.82,3.17,0.0
20140512:1709,18783.73,339.88,25.1,29.33,2.9,0.0
20140512:1809,5160.44,118.28,12.84,27.18,2.41,0.0
20140512:1909,0.0,0.0,0.0,24.29,1.86,0.0
20140512:2009,0.0,0.0,0.0,22.4,1.38,0.0
20140512:2109,0.0,0.0,0.0,21.34,0.97,0.0
20140512:2209,0.0,0.0,0.0,20.16,1.1,0.0
20140512:2309,0.0,0.0,0.0,19.2,1.59,0.0
20140513:0009,0.0,0.0,0.0,18.6,1.72,0.0
20140513:0109,0.0,0.0,0.0,17.92,1.66,0.0
20140513:0209,0.0,0.0,0.0,17.64,1.17,0.0
20140513:0309,0.0,0.0,0.0,18.69,0.48,0.0
20140513:0409,0.0,0.0,0.0,18.85,0.76,0.0
20140513:0509,0.0,0.0,0.0,18.96,0.76,0.0
20140513:0609,1694.09,41.52,7.36,18.4,1.03,0.0
20140513:0709,7391.14,138.57,19.46,19.13,0.69,0.0
20140513:0809,21199.63,376.09,31.83,23.34,0.83,0.0
20140513:0909,35096.16,609.75,44.24,26.08,1.17,0.0
20140513:1009,45778.33,808.31,56.36,28.34,1.79,0.0
20140513:1109,52468.15,945.01,67.31,30.04,2.14,0.0
20140513:1209,55435.84,1006.32,74.11,31.16,2.55,0.0
20140513:1309,56085.55,1017.67,71.35,31.74,2.83,0.0
20140513:1409,51662.09,926.16,61.72,31.74,2.9,0.0
20140513:1509,44613.26,787.34,49.97,31.53,2.9,0.0
20140513:1609,32382.74,567.77,37.64,30.86,2.28,0.0
20140513:1709,17576.16,320.19,25.22,30.0,1.93,0.0
20140513:1809,5153.61,123.79,12.97,28.26,2.0,0.0
20140513:1909,0.0,0.0,0.0,24.58,1.72,0.0
20140513:2009,0.0,0.0,0.0,22.77,1.17,0.0
20140513:2109,0.0,0.0,0.0,21.65,0.62,0.0
20140513:2209,0.0,0.0,0.0,20.61,1.72,0.0
20140513:2309,0.0,0.0,0.0,20.05,1.31,0.0
20140514:0009,0.0,0.0,0.0,20.0,0.76,0.0
20140514:0109,0.0,0.0,0.0,18.03,1.38,0.0
20140514:0209,0.0,0.0,0.0,19.28,0.48,0.0
20140514:0309,0.0,0.0,0.0,16.65,1.72,0.0
20140514:0409,0.0,0.0,0.0,16.5,1.93,0.0
20140514:0509,0.0,0.0,0.0,16.69,2.14,0.0
20140514:0609,1758.6,42.43,7.5,17.09,2.28,0.0
20140514:0709,7281.09,160.41,19.58,20.22,2.07,0.0
20140514:0809,21398.49,382.07,31.95,25.87,1.93,0.0
20140514:0909,34456.32,608.59,44.36,30.35,1.59,0.0
20140514:1009,43735.86,802.32,56.49,33.43,1.03,0.0
20140514:1109,50300.45,946.9,67.48,35.62,1.31,0.0
20140514:1209,53866.23,1018.19,74.35,36.94,2.0,0.0
20140514:1309,53098.88,997.08,71.56,37.68,2.48,0.0
20140514:1409,50463.63,933.37,61.87,37.85,2.97,0.0
20140514:1509,42917.66,780.18,50.1,37.55,2.97,0.0
20140514:1609,30678.02,553.09,37.76,36.51,2.34,0.0
20140514:1709,17935.93,334.86,25.34,34.88,2.14,0.0
20140514:1809,5080.75,120.91,13.09,33.35,1.66,0.0
20140514:1909,0.0,0.0,0.0,32.06,1.86,0.0
20140514:2009,0.0,0.0,0.0,29.63,1.03,0.0
20140514:2109,0.0,0.0,0.0,27.69,1.93,0.0
20140514:2209,0.0,0.0,0.0,25.33,2.55,0.0
20140514:2309,0.0,0.0,0.0,23.99,2.55,0.0
20140515:0009,0.0,0.0,0.0,23.05,2.34,0.0
20140515:0109,0.0,0.0,0.0,22.55,2.34,0.0
20140515:0209,0.0,0.0,0.0,22.18,2.34,0.0
20140515:0309,0.0,0.0,0.0,21.86,2.34,0.0
20140515:0409,0.0,0.0,0.0,21.44,2.14,0.0
20140515:0509,0.0,0.0,0.0,20.92,1.72,0.0
20140515:0609,1677.39,41.52,7.63,20.37,1.45,0.0
20140515:0709,7642.37,162.39,19.7,22.42,0.69,0.0
20140515:0809,20893.75,379.01,32.06,26.16,0.14,0.0
20140515:0909,34277.2,605.79,44.48,28.8,0.9,0.0
20140515:1009,43899.04,782.96,56.63,30.49,1.72,0.0
20140515:1109,51750.14,938.01,67.66,31.68,2.21,0.0
20140515:1209,55663.54,1014.99,74.58,32.56,2.76,0.0
20140515:1309,54993.34,999.05,71.76,33.13,3.1,0.0
20140515:1409,50912.96,919.92,62.01,32.5,2.55,0.0
20140515:1509,43015.57,763.84,50.22,32.44,2.62,0.0
20140515:1609,32208.92,560.43,37.87,31.1,3.38,0.0
20140515:1709,18777.66,338.53,25.45,28.64,3.17,0.0
20140515:1809,3625.74,78.17,13.22,26.42,2.21,0.0
20140515:1909,0.0,0.0,0.0,24.71,2.0,0.0
20140515:2009,0.0,0.0,0.0,23.3,1.52,0.0
20140515:2109,0.0,0.0,0.0,22.69,1.52,0.0
20140515:2209,0.0,0.0,0.0,22.11,1.72,0.0
20140515:2309,0.0,0.0,0.0,21.82,2.0,0.0
20140516:0009,0.0,0.0,0.0,21.25,2.0,0.0
20140516:0109,0.0,0.0,0.0,20.77,1.79,0.0
20140516:0209,0.0,0.0,0.0,19.77,2.14,0.0
20140516:0309,0.0,0.0,0.0,19.03,2.07,0.0
20140516:0409,0.0,0.0,0.0,18.55,1.72,0.0
20140516:0509,0.0,0.0,0.0,18.26,1.52,0.0
20140516:0609,1851.2,44.23,7.75,18.04,1.72,0.0
20140516:0709,7550.53,162.55,19.82,19.33,2.28,0.0
20140516:0809,21806.83,380.06,32.17,21.57,2.41,0.0
20140516:0909,35546.25,603.57,44.59,24.3,2.48,0.0
20140516:1009,46195.02,798.74,56.75,26.63,2.69,0.0
20140516:1109,53258.27,937.28,67.82,28.32,3.1,0.0
20140516:1209,57083.63,1008.12,74.81,28.9,3.72,0.0
20140516:1309,53636.25,936.56,71.96,28.18,4.0,0.0
20140516:1409,49878.44,860.93,62.16,27.43,4.0,0.0
20140516:1509,41517.3,706.0,50.34,26.72,4.0,0.0
20140516:1609,32696.96,552.0,37.99,25.66,3.93,0.0
20140516:1709,14536.37,256.0,25.57,24.41,3.66,0.0
20140516:1809,2242.85,51.95,13.34,22.83,3.38,0.0
20140516:1909,0.0,0.0,0.0,20.68,3.59,0.0
20140516:2009,0.0,0.0,0.0,19.6,3.45,0.0
20140516:2109,0.0,0.0,0.0,18.9,3.66,0.0
20140516:2209,0.0,0.0,0.0,18.41,3.72,0.0
20140516:2309,0.0,0.0,0.0,18.14,3.45,0.0
20140517:0009,0.0,0.0,0.0,17.95,3.31,0.0
20140517:0109,0.0,0.0,0.0,17.83,2.97,0.0
20140517:0209,0.0,0.0,0.0,17.81,3.1,0.0
20140517:0309,0.0,0.0,0.0,17.76,3.17,0.0
20140517:0409,0.0,0.0,0.0,17.69,3.24,0.0
20140517:0509,0.0,0.0,0.0,17.67,3.45,0.0
20140517:0609,1961.26,46.04,7.87,17.63,3.38,0.0
20140517:0709,8319.4,155.85,19.93,18.28,3.86,0.0
20140517:0809,7294.75,133.18,32.28,19.28,4.41,0.0
20140517:0909,7001.78,129.4,44.7,20.8,4.34,0.0
20140517:1009,39142.39,651.47,56.87,22.29,4.14,0.0
20140517:1109,48796.11,825.05,67.98,23.36,4.0,0.0
20140517:1209,48742.98,830.21,75.03,24.21,3.93,0.0
20140517:1309,55648.36,958.06,72.15,24.81,3.86,0.0
20140517:1409,44815.91,761.85,62.3,24.93,3.79,0.0
20140517:1509,43352.56,732.18,50.46,24.65,3.66,0.0
20140517:1609,31279.91,525.58,38.1,24.2,3.59,0.0
20140517:1709,15975.43,279.03,25.69,23.03,3.45,0.0
20140517:1809,5567.26,124.28,13.47,21.73,3.03,0.0
20140517:1909,0.0,4.51,1.67,20.42,2.41,0.0
20140517:2009,0.0,0.0,0.0,19.16,1.93,0.0
20140517:2109,0.0,0.0,0.0,18.36,1.45,0.0
20140517:2209,0.0,0.0,0.0,17.74,1.1,0.0
20140517:2309,0.0,0.0,0.0,16.97,1.38,0.0
20140518:0009,0.0,0.0,0.0,16.48,1.52,0.0
20140518:0109,0.0,0.0,0.0,16.09,1.52,0.0
20140518:0209,0.0,0.0,0.0,15.62,1.45,0.0
20140518:0309,0.0,0.0,0.0,15.15,1.45,0.0
20140518:0409,0.0,0.0,0.0,14.78,1.38,0.0
20140518:0509,0.0,0.0,0.0,14.6,1.38,0.0
20140518:0609,1883.08,44.23,7.99,14.72,1.31,0.0
20140518:0709,7452.62,162.33,20.03,17.11,1.03,0.0
20140518:0809,21628.46,377.89,32.38,19.65,0.62,0.0
20140518:0909,35082.5,605.85,44.8,22.01,0.21,0.0
20140518:1009,45438.29,802.3,56.99,24.14,0.55,0.0
20140518:1109,52579.73,936.41,68.13,25.66,1.45,0.0
20140518:1209,56849.86,1013.09,75.25,26.59,2.28,0.0
20140518:1309,57046.44,1008.33,72.34,26.99,2.9,0.0
20140518:1409,53249.92,923.31,62.44,26.84,3.59,0.0
20140518:1509,45941.51,780.71,50.58,25.96,3.86,0.0
20140518:1609,34590.67,580.92,38.21,24.7,4.0,0.0
20140518:1709,19942.73,350.9,25.8,23.67,3.45,0.0
20140518:1809,5549.05,128.16,13.59,22.7,2.9,0.0
20140518:1909,14.42,6.32,1.8,21.23,2.21,0.0
20140518:2009,0.0,0.0,0.0,19.84,1.86,0.0
20140518:2109,0.0,0.0,0.0,19.0,1.31,0.0
20140518:2209,0.0,0.0,0.0,18.35,1.45,0.0
20140518:2309,0.0,0.0,0.0,17.62,1.79,0.0
20140519:0009,0.0,0.0,0.0,17.12,2.0,0.0
20140519:0109,0.0,0.0,0.0,16.78,2.0,0.0
20140519:0209,0.0,0.0,0.0,16.4,2.07,0.0
20140519:0309,0.0,0.0,0.0,16.18,2.14,0.0
20140519:0409,0.0,0.0,0.0,16.12,2.28,0.0
20140519:0509,0.0,0.0,0.0,16.22,2.34,0.0
20140519:0609,2077.38,47.84,8.1,16.35,2.28,0.0
20140519:0709,7435.92,162.46,20.13,17.89,3.17,0.0
20140519:0809,20147.66,343.34,32.47,19.7,3.31,0.0
20140519:0909,28740.29,479.51,44.9,21.44,3.1,0.0
20140519:1009,35641.88,599.32,57.1,23.39,3.38,0.0
20140519:1109,48934.25,834.39,68.28,24.61,3.79,0.0
20140519:1209,48308.07,823.53,75.46,25.07,4.28,0.0
20140519:1309,54692.78,934.69,72.53,25.22,4.69,0.0
20140519:1409,48819.64,822.47,62.58,24.89,5.24,0.0
20140519:1509,34264.3,568.45,50.7,23.26,5.17,0.0
20140519:1609,30756.96,510.04,38.32,22.47,4.55,0.0
20140519:1709,17529.86,303.3,25.92,21.65,4.07,0.0
20140519:1809,5280.36,108.17,13.71,20.61,3.72,0.0
20140519:1909,0.0,5.42,1.94,19.02,3.38,0.0
20140519:2009,0.0,0.0,0.0,18.03,2.76,0.0
20140519:2109,0.0,0.0,0.0,17.47,2.34,0.0
20140519:2209,0.0,0.0,0.0,17.18,2.14,0.0
20140519:2309,0.0,0.0,0.0,16.88,2.07,0.0
20140520:0009,0.0,0.0,0.0,16.67,2.14,0.0
20140520:0109,0.0,0.0,0.0,16.44,2.14,0.0
20140520:0209,0.0,0.0,0.0,16.34,2.07,0.0
20140520:0309,0.0,0.0,0.0,16.09,2.07,0.0
20140520:0409,0.0,0.0,0.0,16.03,2.14,0.0
20140520:0509,0.0,0.0,0.0,15.82,2.14,0.0
20140520:0609,2083.46,47.84,8.21,15.75,2.14,0.0
20140520:0709,6276.17,116.89,20.23,16.83,2.76,0.0
20140520:0809,12472.65,214.22,32.56,18.06,2.9,0.0
20140520:0909,33033.2,544.58,44.99,19.46,3.31,0.0
20140520:1009,28117.91,467.1,57.2,20.86,3.59,0.0
20140520:1109,37112.82,621.99,68.42,22.38,3.59,0.0
20140520:1209,50214.68,855.56,75.67,23.57,3.72,0.0
20140520:1309,56562.2,970.38,72.71,24.38,4.07,0.0
20140520:1409,54744.39,929.77,62.71,24.53,4.55,0.0
20140520:1509,45215.91,752.18,50.81,23.44,4.97,0.0
20140520:1609,30267.4,499.85,38.43,21.9,4.97,0.0
20140520:1709,19465.31,334.97,26.03,20.62,4.83,0.0
20140520:1809,5773.71,121.65,13.83,19.29,4.28,0.0
20140520:1909,0.0,4.51,2.07,18.31,3.93,0.0
20140520:2009,0.0,0.0,0.0,17.53,3.38,0.0
20140520:2109,0.0,0.0,0.0,17.06,3.1,0.0
20140520:2209,0.0,0.0,0.0,16.72,3.1,0.0
20140520:2309,0.0,0.0,0.0,16.64,3.31,0.0
20140521:0009,0.0,0.0,0.0,16.52,3.45,0.0
20140521:0109,0.0,0.0,0.0,16.35,3.72,0.0
20140521:0209,0.0,0.0,0.0,16.17,4.0,0.0
20140521:0309,0.0,0.0,0.0,16.13,4.14,0.0
20140521:0409,0.0,0.0,0.0,15.85,4.21,0.0
20140521:0509,0.0,0.0,0.0,15.7,4.14,0.0
20140521:0609,2190.47,49.65,8.31,15.88,4.28,0.0
20140521:0709,7699.3,140.67,20.32,16.39,4.21,0.0
20140521:0809,18598.54,311.15,32.64,17.07,4.34,0.0
20140521:0909,6216.97,115.23,45.07,17.42,4.55,0.0
20140521:1009,0.0,0.0,0.0,18.04,4.41,0.0
20140521:1109,41883.14,687.59,68.55,18.72,4.21,0.0
20140521:1209,5890.6,110.51,75.86,18.16,3.79,0.0
20140521:1309,13194.46,225.74,72.89,19.44,4.34,0.0
20140521:1409,5110.35,98.23,62.85,18.59,4.28,0.0
20140521:1509,25694.43,423.38,50.93,19.85,4.41,0.0
20140521:1609,30803.26,504.93,38.54,19.7,4.21,0.0
20140521:1709,20048.23,344.12,26.14,19.22,4.0,0.0
20140521:1809,5733.49,132.24,13.95,18.67,3.59,0.0
20140521:1909,15.94,6.32,2.2,18.01,2.9,0.0
20140521:2009,0.0,0.0,0.0,17.33,2.28,0.0
20140521:2109,0.0,0.0,0.0,16.68,2.0,0.0
20140521:2209,0.0,0.0,0.0,15.96,1.93,0.0
20140521:2309,0.0,0.0,0.0,15.53,1.79,0.0
20140522:0009,0.0,0.0,0.0,15.18,1.79,0.0
20140522:0109,0.0,0.0,0.0,14.89,1.79,0.0
20140522:0209,0.0,0.0,0.0,14.8,1.72,0.0
20140522:0309,0.0,0.0,0.0,14.61,1.72,0.0
20140522:0409,0.0,0.0,0.0,13.95,1.93,0.0
20140522:0509,0.0,0.0,0.0,13.56,1.86,0.0
20140522:0609,1898.26,44.23,8.4,13.32,1.79,0.0
20140522:0709,7420.74,163.06,20.4,15.65,1.31,0.0
20140522:0809,22560.52,388.02,32.72,17.67,1.86,0.0
20140522:0909,36531.43,607.51,45.15,18.54,1.79,0.0
20140522:1009,41185.62,692.38,57.39,19.83,1.86,0.0
20140522:1109,52517.49,902.57,68.68,21.13,2.07,0.0
20140522:1209,58186.46,1007.14,76.06,21.72,2.55,0.0
20140522:1309,59093.46,1014.07,73.07,21.32,3.03,0.0
20140522:1409,54993.34,934.35,62.98,21.41,3.1,0.0
20140522:1509,47105.82,783.04,51.04,21.13,3.72,0.0
20140522:1609,35435.43,583.74,38.65,20.49,3.86,0.0
20140522:1709,19522.24,335.25,26.25,19.6,3.72,0.0
20140522:1809,5890.6,131.68,14.07,18.65,3.45,0.0
20140522:1909,42.5,7.22,2.33,17.31,2.97,0.0
20140522:2009,0.0,0.0,0.0,16.33,2.21,0.0
20140522:2109,0.0,0.0,0.0,15.7,1.79,0.0
20140522:2209,0.0,0.0,0.0,15.14,1.45,0.0
20140522:2309,0.0,0.0,0.0,14.43,1.1,0.0
20140523:0009,0.0,0.0,0.0,13.92,1.03,0.0
20140523:0109,0.0,0.0,0.0,13.37,1.1,0.0
20140523:0209,0.0,0.0,0.0,12.92,1.1,0.0
20140523:0309,0.0,0.0,0.0,12.37,1.24,0.0
20140523:0409,0.0,0.0,0.0,12.28,1.17,0.0
20140523:0509,0.0,0.0,0.0,12.32,1.03,0.0
20140523:0609,1904.33,44.23,8.5,12.52,0.9,0.0
20140523:0709,7323.59,164.44,20.48,14.7,0.83,0.0
20140523:0809,22855.01,391.81,32.8,16.87,1.86,0.0
20140523:0909,32057.12,531.02,45.23,18.18,1.93,0.0
20140523:1009,45780.6,767.67,57.47,19.56,2.28,0.0
20140523:1109,54779.31,932.62,68.8,20.72,2.76,0.0
20140523:1209,59935.19,1029.64,76.24,21.55,3.17,0.0
20140523:1309,59994.4,1025.31,73.23,21.85,3.66,0.0
20140523:1409,56018.0,945.72,63.1,21.93,4.0,0.0
20140523:1509,47985.5,797.28,51.15,21.69,4.21,0.0
20140523:1609,36485.89,601.12,38.76,21.03,4.34,0.0
20140523:1709,21277.05,366.58,26.36,20.06,4.34,0.0
20140523:1809,5924.0,136.65,14.19,18.86,4.21,0.0
20140523:1909,134.34,9.93,2.46,17.37,3.59,0.0
20140523:2009,0.0,0.0,0.0,16.31,2.83,0.0
20140523:2109,0.0,0.0,0.0,15.65,2.28,0.0
20140523:2209,0.0,0.0,0.0,15.22,1.93,0.0
20140523:2309,0.0,0.0,0.0,14.48,1.45,0.0
20140524:0009,0.0,0.0,0.0,14.03,1.24,0.0
20140524:0109,0.0,0.0,0.0,13.89,1.17,0.0
20140524:0209,0.0,0.0,0.0,13.89,1.03,0.0
20140524:0309,0.0,0.0,0.0,14.3,0.76,0.0
20140524:0409,0.0,0.0,0.0,14.6,0.34,0.0
20140524:0509,0.0,0.0,0.0,14.62,0.34,0.0
20140524:0609,1376.83,35.2,8.58,14.01,0.69,0.0
20140524:0709,5048.87,96.68,20.56,15.65,0.55,0.0
20140524:0809,19592.83,332.35,32.87,16.7,1.03,0.0
20140524:0909,5939.18,111.45,45.3,17.81,1.52,0.0
20140524:1009,19069.12,320.2,57.56,19.13,2.21,0.0
20140524:1109,12280.62,212.52,68.91,19.85,2.83,0.0
20140524:1209,23592.76,394.17,76.42,20.6,3.31,0.0
20140524:1309,43228.09,719.13,73.4,20.54,3.93,0.0
20140524:1409,0.0,0.0,0.0,20.18,4.21,0.0
20140524:1509,47439.78,779.94,51.25,19.87,4.28,0.0
20140524:1609,35426.33,579.3,38.86,19.3,4.14,0.0
20140524:1709,19646.72,335.37,26.46,18.48,3.86,0.0
20140524:1809,6049.99,124.77,14.3,17.73,3.59,0.0
20140524:1909,135.1,9.93,2.58,16.54,3.17,0.0
20140524:2009,0.0,0.0,0.0,15.65,2.48,0.0
20140524:2109,0.0,0.0,0.0,15.11,1.93,0.0
20140524:2209,0.0,0.0,0.0,14.65,1.52,0.0
20140524:2309,0.0,0.0,0.0,14.32,1.38,0.0
20140525:0009,0.0,0.0,0.0,14.04,1.31,0.0
20140525:0109,0.0,0.0,0.0,13.5,1.03,0.0
20140525:0209,0.0,0.0,0.0,13.63,0.76,0.0
20140525:0309,0.0,0.0,0.0,13.44,0.83,0.0
20140525:0409,0.0,0.0,0.0,12.68,1.03,0.0
20140525:0509,0.0,0.0,0.0,11.98,1.45,0.0
20140525:0609,1391.25,35.2,8.66,12.18,1.66,0.0
20140525:0709,8441.6,153.61,20.63,14.86,0.97,0.0
20140525:0809,20752.58,355.08,32.94,16.47,0.34,0.0
20140525:0909,17542.77,295.99,45.36,18.1,1.03,0.0
20140525:1009,10012.73,176.63,57.63,19.09,1.72,0.0
20140525:1109,31117.48,520.03,69.02,20.21,2.34,0.0
20140525:1209,58518.14,1004.18,76.59,21.07,2.9,0.0
20140525:1309,58816.43,1006.15,73.56,21.74,3.38,0.0
20140525:1409,54794.49,927.52,63.35,21.9,3.59,0.0
20140525:1509,45271.31,753.09,51.36,21.67,3.86,0.0
20140525:1609,34511.73,569.04,38.96,20.89,4.07,0.0
20140525:1709,14684.37,251.76,26.57,19.47,4.28,0.0
20140525:1809,5403.32,106.96,14.41,17.97,4.07,0.0
20140525:1909,43.26,7.22,2.7,16.42,3.45,0.0
20140525:2009,0.0,0.0,0.0,15.52,2.83,0.0
20140525:2109,0.0,0.0,0.0,15.03,2.14,0.0
20140525:2209,0.0,0.0,0.0,14.7,1.52,0.0
20140525:2309,0.0,0.0,0.0,13.98,1.03,0.0
20140526:0009,0.0,0.0,0.0,14.38,0.55,0.0
20140526:0109,0.0,0.0,0.0,14.54,0.28,0.0
20140526:0209,0.0,0.0,0.0,14.3,0.48,0.0
20140526:0309,0.0,0.0,0.0,13.51,0.83,0.0
20140526:0409,0.0,0.0,0.0,12.59,1.17,0.0
20140526:0509,0.0,0.0,0.0,12.38,1.45,0.0
20140526:0609,2280.04,50.55,8.74,12.36,1.52,0.0
20140526:0709,7583.93,164.88,20.7,15.5,0.76,0.0
20140526:0809,19088.09,325.7,33.0,17.24,0.48,0.0
20140526:0909,31018.05,515.68,45.43,19.18,2.07,0.0
20140526:1009,38822.09,648.96,57.7,20.36,2.48,0.0
20140526:1109,50754.33,860.67,69.12,21.55,3.03,0.0
20140526:1209,55734.89,950.66,76.76,22.45,3.66,0.0
20140526:1309,59208.07,1006.59,73.72,22.54,4.28,0.0
20140526:1409,55025.98,923.12,63.47,22.18,4.62,0.0
20140526:1509,47210.56,779.21,51.47,21.36,4.76,0.0
20140526:1609,35536.38,582.55,39.06,20.35,4.62,0.0
20140526:1709,20726.77,355.47,26.68,19.32,4.28,0.0
20140526:1809,6092.49,136.31,14.52,18.15,3.79,0.0
20140526:1909,204.17,11.73,2.83,16.62,2.97,0.0
20140526:2009,0.0,0.0,0.0,15.61,2.34,0.0
20140526:2109,0.0,0.0,0.0,14.95,1.93,0.0
20140526:2209,0.0,0.0,0.0,14.36,1.45,0.0
20140526:2309,0.0,0.0,0.0,14.16,0.69,0.0
20140527:0009,0.0,0.0,0.0,14.31,0.41,0.0
20140527:0109,0.0,0.0,0.0,13.48,0.76,0.0
20140527:0209,0.0,0.0,0.0,12.16,1.1,0.0
20140527:0309,0.0,0.0,0.0,11.32,1.38,0.0
20140527:0409,0.0,0.0,0.0,10.75,1.72,0.0
20140527:0509,0.0,0.0,0.0,10.84,1.79,0.0
20140527:0609,2021.22,46.04,8.81,11.61,1.72,0.0
20140527:0709,7318.28,163.01,20.76,14.73,1.52,0.0
20140527:0809,22139.27,379.95,33.05,17.28,1.66,0.0
20140527:0909,29761.15,494.32,45.48,18.85,2.0,0.0
20140527:1009,41576.5,699.34,57.76,20.2,2.0,0.0
20140527:1109,46573.76,791.87,69.21,21.3,2.34,0.0
20140527:1209,51917.88,893.23,76.92,22.29,2.55,0.0
20140527:1309,50055.29,852.75,73.87,22.91,3.38,0.0
20140527:1409,50004.44,839.58,63.59,22.46,4.28,0.0
20140527:1509,46206.4,765.27,51.57,21.51,4.34,0.0
20140527:1609,35902.22,591.34,39.16,20.67,4.07,0.0
20140527:1709,20368.52,350.38,26.78,19.73,3.72,0.0
20140527:1809,6049.23,141.26,14.63,18.61,3.1,0.0
20140527:1909,0.0,5.42,2.94,17.06,2.83,0.0
20140527:2009,0.0,0.0,0.0,16.03,2.07,0.0
20140527:2109,0.0,0.0,0.0,15.5,1.52,0.0
20140527:2209,0.0,0.0,0.0,15.05,0.97,0.0
20140527:2309,0.0,0.0,0.0,15.33,0.28,0.0
20140528:0009,0.0,0.0,0.0,14.27,0.69,0.0
20140528:0109,0.0,0.0,0.0,14.23,0.69,0.0
20140528:0209,0.0,0.0,0.0,13.64,0.9,0.0
20140528:0309,0.0,0.0,0.0,13.5,0.9,0.0
20140528:0409,0.0,0.0,0.0,13.82,0.76,0.0
20140528:0509,0.0,0.0,0.0,14.01,0.9,0.0
20140528:0609,2415.14,53.26,8.88,14.39,0.9,0.0
20140528:0709,8486.38,156.56,20.82,16.12,0.41,0.0
20140528:0809,14972.79,256.26,33.1,17.49,0.48,0.0
20140528:0909,27018.88,454.84,45.53,18.7,0.48,0.0
20140528:1009,44881.19,770.09,57.82,20.43,0.9,0.0
20140528:1109,52696.61,917.49,69.3,22.68,1.72,0.0
20140528:1209,56320.84,987.65,77.07,23.83,2.21,0.0
20140528:1309,56446.07,983.61,74.02,24.36,2.76,0.0
20140528:1409,52694.33,907.07,63.7,24.64,3.1,0.0
20140528:1509,45638.67,769.35,51.67,24.26,3.72,0.0
20140528:1609,34580.8,575.18,39.26,23.05,4.28,0.0
20140528:1709,13836.57,240.43,26.88,21.68,4.21,0.0
20140528:1809,5872.38,119.48,14.74,20.38,3.52,0.0
20140528:1909,273.24,13.54,3.06,18.87,2.83,0.0
20140528:2009,0.0,0.0,0.0,17.85,2.0,0.0
20140528:2109,0.0,0.0,0.0,17.24,1.72,0.0
20140528:2209,0.0,0.0,0.0,16.76,1.66,0.0
20140528:2309,0.0,0.0,0.0,16.39,1.52,0.0
20140529:0009,0.0,0.0,0.0,16.21,1.45,0.0
20140529:0109,0.0,0.0,0.0,16.09,1.31,0.0
20140529:0209,0.0,0.0,0.0,15.81,1.17,0.0
20140529:0309,0.0,0.0,0.0,15.38,1.17,0.0
20140529:0409,0.0,0.0,0.0,15.18,1.1,0.0
20140529:0509,0.0,0.0,0.0,15.05,1.17,0.0
20140529:0609,2088.77,47.84,8.94,15.08,1.17,0.0
20140529:0709,7217.33,161.31,20.87,16.51,1.17,0.0
20140529:0809,20618.99,353.46,33.15,18.06,1.38,0.0
20140529:0909,30749.37,514.11,45.58,19.91,1.79,0.0
20140529:1009,40249.77,678.56,57.88,21.73,2.34,0.0
20140529:1109,50242.0,862.29,69.38,23.33,2.69,0.0
20140529:1209,56926.52,989.2,77.22,24.59,3.1,0.0
20140529:1309,56906.78,986.26,74.16,25.34,3.59,0.0
20140529:1409,53237.78,909.78,63.81,25.35,4.14,0.0
20140529:1509,45731.27,767.24,51.77,24.75,4.62,0.0
20140529:1609,34679.47,576.95,39.36,23.63,4.76,0.0
20140529:1709,20678.2,359.54,26.98,22.18,4.62,0.0
20140529:1809,6014.32,138.63,14.85,20.61,4.14,0.0
20140529:1909,311.95,14.44,3.18,18.82,3.31,0.0
20140529:2009,0.0,0.0,0.0,17.64,2.41,0.0
20140529:2109,0.0,0.0,0.0,16.93,1.79,0.0
20140529:2209,0.0,0.0,0.0,16.32,1.38,0.0
20140529:2309,0.0,0.0,0.0,15.54,0.97,0.0
20140530:0009,0.0,0.0,0.0,15.49,0.76,0.0
20140530:0109,0.0,0.0,0.0,15.31,0.69,0.0
20140530:0209,0.0,0.0,0.0,14.51,0.97,0.0
20140530:0309,0.0,0.0,0.0,13.39,1.31,0.0
20140530:0409,0.0,0.0,0.0,12.98,1.24,0.0
20140530:0509,0.0,0.0,0.0,13.21,1.03,0.0
20140530:0609,2476.62,54.16,9.0,13.78,0.83,0.0
20140530:0709,8027.18,147.31,20.92,16.66,0.28,0.0
20140530:0809,16927.22,289.89,33.19,19.97,1.93,0.0
20140530:0909,32898.1,551.56,45.62,21.71,2.55,0.0
20140530:1009,43496.01,739.58,57.93,23.42,2.55,0.0
20140530:1109,52383.9,906.83,69.46,24.81,2.83,0.0
20140530:1209,56518.18,985.47,77.36,25.77,3.31,0.0
20140530:1309,56946.25,988.11,74.3,26.11,3.86,0.0
20140530:1409,53064.73,906.79,63.92,25.68,4.34,0.0
20140530:1509,46077.37,773.96,51.87,24.77,4.55,0.0
20140530:1609,34969.41,582.51,39.46,23.62,4.55,0.0
20140530:1709,20574.21,358.34,27.08,22.36,4.21,0.0
20140530:1809,6096.29,141.04,14.95,20.96,3.59,0.0
20140530:1909,311.19,14.44,3.29,19.12,2.9,0.0
20140530:2009,0.0,0.0,0.0,17.77,2.07,0.0
20140530:2109,0.0,0.0,0.0,16.94,1.45,0.0
20140530:2209,0.0,0.0,0.0,16.22,0.9,0.0
20140530:2309,0.0,0.0,0.0,16.13,0.34,0.0
20140531:0009,0.0,0.0,0.0,15.84,0.34,0.0
20140531:0109,0.0,0.0,0.0,15.44,0.48,0.0
20140531:0209,0.0,0.0,0.0,15.18,0.41,0.0
20140531:0309,0.0,0.0,0.0,13.5,1.24,0.0
20140531:0409,0.0,0.0,0.0,12.16,1.59,0.0
20140531:0509,0.0,0.0,0.0,12.02,1.59,0.0
20140531:0609,2117.61,47.84,9.05,12.49,1.38,0.0
20140531:0709,7349.4,162.87,20.96,15.43,0.97,0.0
20140531:0809,21984.44,383.92,33.23,18.12,0.48,0.0
20140531:0909,35487.05,604.13,45.66,20.68,0.76,0.0
20140531:1009,45806.41,790.59,57.97,23.0,1.45,0.0
20140531:1109,53120.89,928.2,69.53,24.79,2.28,0.0
20140531:1209,56913.62,998.63,77.49,25.85,2.97,0.0
20140531:1309,56995.59,995.82,74.44,26.33,3.45,0.0
20140531:1409,53038.16,914.6,64.03,26.24,3.79,0.0
20140531:1509,45911.15,776.92,51.96,25.63,4.21,0.0
20140531:1609,34626.34,580.29,39.55,24.46,4.28,0.0
20140531:1709,20745.75,362.68,27.17,23.1,4.07,0.0
20140531:1809,6219.25,141.3,15.05,21.59,3.52,0.0
20140531:1909,349.14,15.35,3.4,19.47,2.69,0.0
20140531:2009,0.0,0.0,0.0,18.15,1.86,0.0
20140531:2109,0.0,0.0,0.0,17.35,1.38,0.0
20140531:2209,0.0,0.0,0.0,16.5,1.24,0.0
20140531:2309,0.0,0.0,0.0,15.58,1.45,0.0
20140601:0009,0.0,0.0,0.0,15.03,1.72,0.0
20140601:0109,0.0,0.0,0.0,14.7,1.79,0.0
20140601:0209,0.0,0.0,0.0,14.5,2.0,0.0
20140601:0309,0.0,0.0,0.0,14.4,2.14,0.0
20140601:0409,0.0,0.0,0.0,14.2,2.14,0.0
20140601:0509,0.0,0.0,0.0,14.07,2.21,0.0
20140601:0609,2366.56,52.35,9.1,14.17,1.93,0.0
20140601:0709,7236.31,162.2,21.0,16.13,2.0,0.0
20140601:0809,22259.95,386.41,33.27,18.89,1.93,0.0
20140601:0909,34859.35,584.57,45.69,21.07,2.21,0.0
20140601:1009,42780.28,723.29,58.01,22.46,2.62,0.0
20140601:1109,45808.69,781.93,69.59,23.8,3.03,0.0
20140601:1209,58476.4,1016.0,77.61,24.9,3.45,0.0
20140601:1309,59055.51,1024.34,74.57,25.27,3.79,0.0
20140601:1409,54958.43,941.45,64.13,25.3,4.14,0.0
20140601:1509,47558.94,803.36,52.06,25.15,4.28,0.0
20140601:1609,35381.54,593.53,39.64,24.58,4.21,0.0
20140601:1709,21085.02,370.36,27.27,24.03,4.14,0.0
20140601:1809,6147.14,144.0,15.16,22.82,3.93,0.0
20140601:1909,384.05,16.25,3.51,21.43,3.38,0.0
20140601:2009,0.0,0.0,0.0,19.87,2.9,0.0
20140601:2109,0.0,0.0,0.0,19.03,2.48,0.0
20140601:2209,0.0,0.0,0.0,18.43,2.34,0.0
20140601:2309,0.0,0.0,0.0,17.99,2.07,0.0
20140602:0009,0.0,0.0,0.0,17.25,1.66,0.0
20140602:0109,0.0,0.0,0.0,16.53,1.17,0.0
20140602:0209,0.0,0.0,0.0,15.74,1.1,0.0
20140602:0309,0.0,0.0,0.0,14.86,1.17,0.0
20140602:0409,0.0,0.0,0.0,14.18,1.24,0.0
20140602:0509,0.0,0.0,0.0,13.39,1.45,0.0
20140602:0609,2110.78,47.84,9.14,13.13,1.66,0.0
20140602:0709,7072.36,161.7,21.04,16.94,1.38,0.0
20140602:0809,22149.14,387.75,33.29,20.67,2.07,0.0
20140602:0909,36403.92,612.6,45.72,23.24,3.1,0.0
20140602:1009,47576.4,807.01,58.04,24.82,3.72,0.0
20140602:1109,54950.08,947.92,69.65,26.12,3.93,0.0
20140602:1209,58159.13,1015.75,77.73,27.25,4.0,0.0
20140602:1309,58207.71,1019.32,74.7,28.04,4.14,0.0
20140602:1409,54328.46,941.25,64.23,28.25,4.48,0.0
20140602:1509,46826.5,799.46,52.15,28.0,4.69,0.0
20140602:1609,35087.05,594.55,39.73,27.26,4.76,0.0
20140602:1709,20974.21,371.37,27.36,26.09,4.69,0.0
20140602:1809,6165.36,144.51,15.25,24.45,4.07,0.0
20140602:1909,420.49,17.15,3.61,22.68,3.66,0.0
20140602:2009,0.0,0.0,0.0,20.84,3.38,0.0
20140602:2109,0.0,0.0,0.0,19.73,2.9,0.0
20140602:2209,0.0,0.0,0.0,18.86,2.28,0.0
20140602:2309,0.0,0.0,0.0,18.19,1.72,0.0
20140603:0009,0.0,0.0,0.0,17.34,1.45,0.0
20140603:0109,0.0,0.0,0.0,16.52,1.38,0.0
20140603:0209,0.0,0.0,0.0,16.22,1.24,0.0
20140603:0309,0.0,0.0,0.0,16.92,0.97,0.0
20140603:0409,0.0,0.0,0.0,17.45,0.48,0.0
20140603:0509,0.0,0.0,0.0,17.14,0.28,0.0
20140603:0609,2068.28,47.84,9.18,16.89,0.62,0.0
20140603:0709,7093.61,161.28,21.07,17.01,0.41,0.0
20140603:0809,21485.01,378.51,33.32,20.56,0.69,0.0
20140603:0909,35798.24,613.08,45.74,23.03,1.24,0.0
20140603:1009,46474.33,807.61,58.07,25.14,1.79,0.0
20140603:1109,53540.62,949.62,69.7,26.95,2.14,0.0
20140603:1209,56304.9,1007.23,77.84,28.35,2.55,0.0
20140603:1309,56934.87,1015.32,74.82,29.0,3.03,0.0
20140603:1409,53235.5,933.48,64.33,28.9,3.59,0.0
20140603:1509,46007.54,790.06,52.24,28.11,4.0,0.0
20140603:1609,34942.84,592.85,39.82,26.79,4.14,0.0
20140603:1709,20902.1,369.41,27.45,25.2,3.86,0.0
20140603:1809,6229.11,144.73,15.35,23.38,3.38,0.0
20140603:1909,425.04,17.15,3.71,20.96,2.76,0.0
20140603:2009,0.0,0.0,0.0,19.3,2.07,0.0
20140603:2109,0.0,0.0,0.0,18.36,1.31,0.0
20140603:2209,0.0,0.0,0.0,17.43,0.69,0.0
20140603:2309,0.0,0.0,0.0,16.61,0.9,0.0
20140604:0009,0.0,0.0,0.0,15.82,1.1,0.0
20140604:0109,0.0,0.0,0.0,15.39,1.1,0.0
20140604:0209,0.0,0.0,0.0,14.91,1.24,0.0
20140604:0309,0.0,0.0,0.0,15.02,1.31,0.0
20140604:0409,0.0,0.0,0.0,15.83,1.03,0.0
20140604:0509,0.0,0.0,0.0,15.94,0.83,0.0
20140604:0609,2556.31,55.97,9.21,15.9,0.76,0.0
20140604:0709,7120.18,160.9,21.09,16.46,0.9,0.0
20140604:0809,21768.12,377.34,33.34,17.85,1.03,0.0
20140604:0909,36252.12,611.98,45.76,19.94,1.17,0.0
20140604:1009,47193.1,807.42,58.1,22.02,1.79,0.0
20140604:1109,54278.37,944.04,69.74,23.61,2.28,0.0
20140604:1209,57706.77,1012.73,77.95,24.66,2.62,0.0
20140604:1309,58045.28,1020.96,74.94,25.38,2.76,0.0
20140604:1409,53873.06,939.24,64.43,25.8,2.83,0.0
20140604:1509,46345.3,794.82,52.33,25.78,2.97,0.0
20140604:1609,34885.16,591.31,39.91,25.05,3.03,0.0
20140604:1709,20809.5,366.29,27.54,23.78,2.97,0.0
20140604:1809,6342.2,144.44,15.44,22.11,2.76,0.0
20140604:1909,510.05,18.96,3.81,20.0,2.28,0.0
20140604:2009,0.0,0.0,0.0,18.43,1.66,0.0
20140604:2109,0.0,0.0,0.0,17.47,1.31,0.0
20140604:2209,0.0,0.0,0.0,16.53,1.03,0.0
20140604:2309,0.0,0.0,0.0,15.64,0.76,0.0
20140605:0009,0.0,0.0,0.0,15.85,0.55,0.0
20140605:0109,0.0,0.0,0.0,15.4,0.55,0.0
20140605:0209,0.0,0.0,0.0,14.26,0.97,0.0
20140605:0309,0.0,0.0,0.0,13.6,1.24,0.0
20140605:0409,0.0,0.0,0.0,13.65,1.17,0.0
20140605:0509,0.0,0.0,0.0,13.87,1.24,0.0
20140605:0609,2575.29,55.97,9.24,14.67,1.59,0.0
20140605:0709,6796.09,125.42,21.11,17.03,2.0,0.0
20140605:0809,15655.89,268.51,33.36,19.67,1.79,0.0
20140605:0909,25405.25,429.92,45.78,22.22,1.86,0.0
20140605:1009,23076.64,395.09,58.12,24.58,2.14,0.0
20140605:1109,18013.35,312.7,69.79,25.94,2.55,0.0
20140605:1209,14320.05,252.19,78.05,26.7,3.31,0.0
20140605:1309,26136.17,448.07,75.05,26.42,3.24,0.0
20140605:1409,14645.66,256.91,64.52,26.05,3.1,0.0
20140605:1509,7452.62,139.79,52.41,25.68,2.69,0.0
20140605:1609,22315.36,382.42,39.99,26.06,3.03,0.0
20140605:1709,3892.15,81.23,27.63,26.26,2.41,0.0
20140605:1809,1127.12,32.11,15.53,26.73,2.9,0.0
20140605:1909,94.12,9.03,3.91,25.69,0.69,0.0
20140605:2009,0.0,0.0,0.0,23.85,1.52,0.0
20140605:2109,0.0,0.0,0.0,22.34,1.66,0.0
20140605:2209,0.0,0.0,0.0,20.63,2.0,0.0
20140605:2309,0.0,0.0,0.0,19.47,2.28,0.0
20140606:0009,0.0,0.0,0.0,18.69,2.69,0.0
20140606:0109,0.0,0.0,0.0,17.82,2.62,0.0
20140606:0209,0.0,0.0,0.0,17.36,2.07,0.0
20140606:0309,0.0,0.0,0.0,17.12,1.66,0.0
20140606:0409,0.0,0.0,0.0,17.11,1.59,0.0
20140606:0509,0.0,0.0,0.0,17.16,1.66,0.0
20140606:0609,2223.11,50.55,9.27,17.27,1.66,0.0
20140606:0709,6079.59,114.21,21.13,18.36,2.62,0.0
20140606:0809,12266.96,212.08,33.37,19.1,2.69,0.0
20140606:0909,14613.03,249.69,45.79,19.98,2.62,0.0
20140606:1009,8213.14,149.24,58.13,21.12,2.48,0.0
20140606:1109,15833.5,272.02,69.82,22.26,2.62,0.0
20140606:1209,43765.46,748.06,78.14,23.8,2.83,0.0
20140606:1309,31251.07,530.31,75.16,24.7,3.31,0.0
20140606:1409,39845.98,675.46,64.61,24.93,3.72,0.0
20140606:1509,39017.15,655.91,52.5,24.4,3.86,0.0
20140606:1609,31125.83,520.79,40.07,23.5,3.79,0.0
20140606:1709,20332.85,354.29,27.71,22.43,3.72,0.0
20140606:1809,6352.07,141.78,15.62,21.22,3.31,0.0
20140606:1909,511.57,18.96,4.01,19.46,2.69,0.0
20140606:2009,0.0,0.0,0.0,18.36,1.93,0.0
20140606:2109,0.0,0.0,0.0,17.8,1.03,0.0
20140606:2209,0.0,0.0,0.0,17.49,0.21,0.0
20140606:2309,0.0,0.0,0.0,16.08,0.83,0.0
20140607:0009,0.0,0.0,0.0,14.98,1.24,0.0
20140607:0109,0.0,0.0,0.0,14.33,1.45,0.0
20140607:0209,0.0,0.0,0.0,13.81,1.31,0.0
20140607:0309,0.0,0.0,0.0,13.6,1.17,0.0
20140607:0409,0.0,0.0,0.0,13.79,0.97,0.0
20140607:0509,0.0,0.0,0.0,14.24,0.83,0.0
20140607:0609,2252.71,50.55,9.29,14.53,0.76,0.0
20140607:0709,7038.97,158.8,21.14,16.54,0.21,0.0
20140607:0809,21374.2,375.72,33.38,18.72,0.34,0.0
20140607:0909,34564.86,589.72,45.79,20.48,0.48,0.0
20140607:1009,45261.45,784.94,58.15,22.33,0.9,0.0
20140607:1109,53027.54,932.38,69.85,24.1,1.66,0.0
20140607:1209,56839.99,999.83,78.22,25.3,2.55,0.0
20140607:1309,57233.15,998.53,75.26,25.63,3.24,0.0
20140607:1409,53947.44,928.44,64.7,25.35,3.59,0.0
20140607:1509,46179.08,782.62,52.58,24.75,3.52,0.0
20140607:1609,34853.28,585.42,40.16,24.01,3.52,0.0
20140607:1709,20942.33,366.95,27.8,23.06,3.17,0.0
20140607:1809,6458.33,147.07,15.71,21.86,3.1,0.0
20140607:1909,594.3,20.76,4.1,20.23,2.9,0.0
20140607:2009,0.0,0.0,0.0,19.02,1.93,0.0
20140607:2109,0.0,0.0,0.0,18.33,1.17,0.0
20140607:2209,0.0,0.0,0.0,17.43,0.69,0.0
20140607:2309,0.0,0.0,0.0,16.54,0.83,0.0
20140608:0009,0.0,0.0,0.0,15.96,0.97,0.0
20140608:0109,0.0,0.0,0.0,15.77,0.97,0.0
20140608:0209,0.0,0.0,0.0,15.5,0.9,0.0
20140608:0309,0.0,0.0,0.0,15.62,0.83,0.0
20140608:0409,0.0,0.0,0.0,15.44,0.83,0.0
20140608:0509,0.0,0.0,0.0,15.03,0.97,0.0
20140608:0609,2626.9,56.87,9.3,14.69,1.03,0.0
20140608:0709,8338.37,167.43,21.15,17.47,1.03,0.0
20140608:0809,18391.33,315.01,33.38,19.73,1.93,0.0
20140608:0909,30832.86,519.57,45.8,21.38,1.79,0.0
20140608:1009,45521.78,783.49,58.15,23.69,1.79,0.0
20140608:1109,52843.1,922.03,69.87,24.75,2.28,0.0
20140608:1209,57125.38,999.18,78.3,25.53,3.03,0.0
20140608:1309,57747.76,1003.59,75.36,25.75,3.66,0.0
20140608:1409,53907.22,922.98,64.78,25.39,4.07,0.0
20140608:1509,46402.22,782.01,52.66,24.71,4.14,0.0
20140608:1609,35011.15,585.93,40.23,23.89,4.0,0.0
20140608:1709,19927.55,346.69,27.88,22.85,3.79,0.0
20140608:1809,6245.81,123.73,15.79,21.57,3.52,0.0
20140608:1909,595.82,20.76,4.19,19.72,2.97,0.0
20140608:2009,0.0,0.0,0.0,18.48,2.21,0.0
20140608:2109,0.0,0.0,0.0,17.66,1.72,0.0
20140608:2209,0.0,0.0,0.0,17.04,1.31,0.0
20140608:2309,0.0,0.0,0.0,16.19,0.9,0.0
20140609:0009,0.0,0.0,0.0,16.09,0.69,0.0
20140609:0109,0.0,0.0,0.0,15.45,0.83,0.0
20140609:0209,0.0,0.0,0.0,15.03,0.9,0.0
20140609:0309,0.0,0.0,0.0,15.1,0.83,0.0
20140609:0409,0.0,0.0,0.0,15.44,0.62,0.0
20140609:0509,0.0,0.0,0.0,15.46,0.41,0.0
20140609:0609,2402.24,53.26,9.31,15.36,0.55,0.0
20140609:0709,8720.91,169.08,21.16,16.63,0.9,0.0
20140609:0809,20999.25,363.09,33.38,18.67,1.59,0.0
20140609:0909,35722.34,599.53,45.79,20.16,1.72,0.0
20140609:1009,46802.98,794.86,58.15,21.95,2.21,0.0
20140609:1109,53989.95,926.53,69.89,23.07,2.9,0.0
20140609:1209,57617.21,993.74,78.37,23.89,3.45,0.0
20140609:1309,58657.04,1008.48,75.46,24.16,3.93,0.0
20140609:1409,54352.75,923.23,64.87,24.05,4.21,0.0
20140609:1509,47186.27,790.79,52.73,23.59,4.21,0.0
20140609:1609,35254.79,587.26,40.31,23.02,4.07,0.0
20140609:1709,20432.28,354.36,27.96,22.13,3.86,0.0
20140609:1809,6719.43,145.52,15.87,20.93,3.59,0.0
20140609:1909,640.6,21.66,4.27,19.3,3.1,0.0
20140609:2009,0.0,0.0,0.0,18.18,2.34,0.0
20140609:2109,0.0,0.0,0.0,17.58,1.93,0.0
20140609:2209,0.0,0.0,0.0,16.97,1.72,0.0
20140609:2309,0.0,0.0,0.0,16.55,1.45,0.0
20140610:0009,0.0,0.0,0.0,16.35,0.69,0.0
20140610:0109,0.0,0.0,0.0,16.39,0.48,0.0
20140610:0209,0.0,0.0,0.0,15.85,0.62,0.0
20140610:0309,0.0,0.0,0.0,14.84,0.97,0.0
20140610:0409,0.0,0.0,0.0,14.22,1.03,0.0
20140610:0509,0.0,0.0,0.0,13.89,1.1,0.0
20140610:0609,2252.71,50.55,9.32,14.55,0.83,0.0
20140610:0709,8106.88,164.46,21.16,17.12,0.34,0.0
20140610:0809,17444.86,298.84,33.38,19.05,1.31,0.0
20140610:0909,31681.42,531.55,45.79,21.03,2.07,0.0
20140610:1009,45532.41,771.47,58.15,22.73,2.55,0.0
20140610:1109,52188.08,893.62,69.91,24.03,3.24,0.0
20140610:1209,46886.47,799.77,78.43,24.81,3.86,0.0
20140610:1309,34054.05,575.79,75.55,25.11,4.28,0.0
20140610:1409,29755.84,501.72,64.95,24.92,4.48,0.0
20140610:1509,11762.98,207.8,52.81,24.4,4.48,0.0
20140610:1609,9732.66,174.74,40.39,23.55,4.07,0.0
20140610:1709,14911.31,259.28,28.03,22.58,3.52,0.0
20140610:1809,5016.23,99.51,15.95,21.4,3.17,0.0
20140610:1909,681.58,22.57,4.35,19.97,2.9,0.0
20140610:2009,0.0,0.0,0.0,19.02,2.14,0.0
20140610:2109,0.0,0.0,0.0,18.36,1.52,0.0
20140610:2209,0.0,0.0,0.0,17.92,1.31,0.0
20140610:2309,0.0,0.0,0.0,17.27,0.97,0.0
20140611:0009,0.0,0.0,0.0,17.52,0.41,0.0
20140611:0109,0.0,0.0,0.0,17.29,0.34,0.0
20140611:0209,0.0,0.0,0.0,17.06,0.41,0.0
20140611:0309,0.0,0.0,0.0,16.22,0.83,0.0
20140611:0409,0.0,0.0,0.0,15.25,1.03,0.0
20140611:0509,0.0,0.0,0.0,15.11,0.97,0.0
20140611:0609,2560.87,55.97,9.32,15.59,0.83,0.0
20140611:0709,7234.03,157.77,21.15,18.06,0.28,0.0
20140611:0809,20560.55,361.48,33.37,20.43,1.17,0.0
20140611:0909,31860.54,543.06,45.78,22.63,1.24,0.0
20140611:1009,43146.11,745.26,58.15,24.83,1.72,0.0
20140611:1109,33503.78,579.52,69.91,27.07,2.34,0.0
20140611:1209,45216.67,797.51,78.49,28.91,2.55,0.0
20140611:1309,52666.25,942.89,75.63,30.48,2.76,0.0
20140611:1409,49879.2,882.32,65.02,31.11,3.38,0.0
20140611:1509,42236.83,735.85,52.88,31.13,3.72,0.0
20140611:1609,31733.03,549.2,40.46,30.15,3.52,0.0
20140611:1709,18926.42,339.48,28.11,28.73,3.31,0.0
20140611:1809,6546.38,141.37,16.03,27.08,2.55,0.0
20140611:1909,495.63,18.96,4.43,24.49,1.59,0.0
20140611:2009,0.0,0.0,0.0,22.95,1.66,0.0
20140611:2109,0.0,0.0,0.0,21.78,2.0,0.0
20140611:2209,0.0,0.0,0.0,20.92,2.14,0.0
20140611:2309,0.0,0.0,0.0,20.36,2.0,0.0
20140612:0009,0.0,0.0,0.0,19.87,1.79,0.0
20140612:0109,0.0,0.0,0.0,19.42,1.52,0.0
20140612:0209,0.0,0.0,0.0,18.8,1.38,0.0
20140612:0309,0.0,0.0,0.0,18.1,1.52,0.0
20140612:0409,0.0,0.0,0.0,17.48,1.72,0.0
20140612:0509,0.0,0.0,0.0,16.9,1.45,0.0
20140612:0609,2544.93,55.97,9.32,16.86,1.1,0.0
20140612:0709,8209.34,165.47,21.14,20.28,0.55,0.0
20140612:0809,19980.68,359.33,33.36,23.89,0.21,0.0
20140612:0909,28466.3,496.1,45.77,26.3,0.83,0.0
20140612:1009,42648.97,754.67,58.14,28.67,1.45,0.0
20140612:1109,50221.51,905.11,69.92,30.74,2.0,0.0
20140612:1209,53676.48,971.73,78.53,31.97,2.69,0.0
20140612:1309,53695.46,976.63,75.71,33.2,2.83,0.0
20140612:1409,49430.63,894.42,65.1,34.38,2.97,0.0
20140612:1509,41742.72,742.23,52.95,34.58,3.45,0.0
20140612:1609,30928.49,544.06,40.53,33.05,3.31,0.0
20140612:1709,18098.36,331.59,28.18,32.34,2.14,0.0
20140612:1809,6369.53,138.21,16.1,32.27,1.31,0.0
20140612:1909,563.94,20.76,4.51,28.76,1.59,0.0
20140612:2009,0.0,0.0,0.0,26.94,1.38,0.0
20140612:2109,0.0,0.0,0.0,25.33,1.24,0.0
20140612:2209,0.0,0.0,0.0,23.85,1.72,0.0
20140612:2309,0.0,0.0,0.0,22.31,1.93,0.0
20140613:0009,0.0,0.0,0.0,21.35,1.79,0.0
20140613:0109,0.0,0.0,0.0,20.62,1.72,0.0
20140613:0209,0.0,0.0,0.0,19.89,1.72,0.0
20140613:0309,0.0,0.0,0.0,19.25,1.72,0.0
20140613:0409,0.0,0.0,0.0,18.74,1.72,0.0
20140613:0509,0.0,0.0,0.0,18.26,1.72,0.0
20140613:0609,2475.1,55.06,9.31,18.25,1.52,0.0
20140613:0709,7428.33,160.9,21.13,21.66,1.03,0.0
20140613:0809,19994.34,363.96,33.34,26.31,0.41,0.0
20140613:0909,32482.92,580.78,45.75,29.89,0.48,0.0
20140613:1009,42220.89,769.92,58.12,32.53,0.9,0.0
20140613:1109,49001.04,911.01,69.92,34.5,1.38,0.0
20140613:1209,52262.46,973.43,78.58,35.7,2.14,0.0
20140613:1309,52929.62,978.26,75.79,36.22,2.83,0.0
20140613:1409,49568.77,901.81,65.17,36.09,3.31,0.0
20140613:1509,42363.58,757.07,53.02,35.4,3.45,0.0
20140613:1609,31692.8,560.77,40.6,34.48,3.52,0.0
20140613:1709,19093.4,349.67,28.24,32.93,3.17,0.0
20140613:1809,6557.76,145.7,16.17,31.34,2.41,0.0
20140613:1909,688.41,23.47,4.58,29.1,1.86,0.0
20140613:2009,0.0,0.0,0.0,26.97,1.72,0.0
20140613:2109,0.0,0.0,0.0,25.44,1.79,0.0
20140613:2209,0.0,0.0,0.0,24.23,2.0,0.0
20140613:2309,0.0,0.0,0.0,23.16,2.07,0.0
20140614:0009,0.0,0.0,0.0,22.23,2.07,0.0
20140614:0109,0.0,0.0,0.0,21.44,2.0,0.0
20140614:0209,0.0,0.0,0.0,20.81,2.0,0.0
20140614:0309,0.0,0.0,0.0,20.42,2.14,0.0
20140614:0409,0.0,0.0,0.0,20.09,2.07,0.0
20140614:0509,0.0,0.0,0.0,19.69,1.93,0.0
20140614:0609,2354.42,53.26,9.3,19.45,1.52,0.0
20140614:0709,7015.44,158.02,21.12,22.86,1.17,0.0
20140614:0809,20228.11,368.53,33.33,26.83,0.97,0.0
20140614:0909,32954.26,587.59,45.73,29.84,0.69,0.0
20140614:1009,42975.34,779.9,58.11,32.11,1.1,0.0
20140614:1109,50064.4,918.51,69.91,33.67,1.93,0.0
20140614:1209,53205.14,976.75,78.61,34.5,2.69,0.0
20140614:1309,53986.15,987.33,75.86,34.75,3.1,0.0
20140614:1409,50579.0,915.7,65.23,34.6,3.17,0.0
20140614:1509,43320.68,773.53,53.08,34.41,3.1,0.0
20140614:1609,32439.66,575.35,40.66,33.82,2.76,0.0
20140614:1709,19472.9,358.15,28.31,32.92,2.41,0.0
20140614:1809,6595.71,148.24,16.24,31.38,2.14,0.0
20140614:1909,691.45,23.47,4.65,28.29,2.0,0.0
20140614:2009,0.0,0.0,0.0,25.55,1.93,0.0
20140614:2109,0.0,0.0,0.0,23.67,1.79,0.0
20140614:2209,0.0,0.0,0.0,22.4,2.21,0.0
20140614:2309,0.0,0.0,0.0,21.47,2.41,0.0
20140615:0009,0.0,0.0,0.0,20.79,2.55,0.0
20140615:0109,0.0,0.0,0.0,20.2,2.69,0.0
20140615:0209,0.0,0.0,0.0,19.81,2.76,0.0
20140615:0309,0.0,0.0,0.0,19.55,2.62,0.0
20140615:0409,0.0,0.0,0.0,19.26,2.55,0.0
20140615:0509,0.0,0.0,0.0,19.06,2.41,0.0
20140615:0609,2519.12,55.97,9.29,19.07,2.34,0.0
20140615:0709,8539.51,164.18,21.1,20.45,2.9,0.0
20140615:0809,20729.05,365.23,33.3,22.3,3.03,0.0
20140615:0909,34246.84,579.9,45.71,24.36,2.97,0.0
20140615:1009,44808.32,769.21,58.09,26.46,3.03,0.0
20140615:1109,51549.0,901.95,69.9,28.12,3.17,0.0
20140615:1209,55134.52,974.04,78.64,29.26,3.52,0.0
20140615:1309,53384.27,939.59,75.92,29.66,3.86,0.0
20140615:1409,50821.88,884.89,65.3,29.48,4.21,0.0
20140615:1509,41446.71,710.99,53.15,28.74,4.21,0.0
20140615:1609,31606.28,539.25,40.72,27.75,4.0,0.0
20140615:1709,12074.17,216.24,28.37,26.65,3.66,0.0
20140615:1809,4184.37,86.06,16.3,25.19,3.52,0.0
20140615:1909,500.18,18.96,4.71,23.05,2.55,0.0
20140615:2009,0.0,0.0,0.0,21.89,2.28,0.0
20140615:2109,0.0,0.0,0.0,21.13,2.41,0.0
20140615:2209,0.0,0.0,0.0,20.5,2.48,0.0
20140615:2309,0.0,0.0,0.0,19.97,2.41,0.0
20140616:0009,0.0,0.0,0.0,19.59,2.34,0.0
20140616:0109,0.0,0.0,0.0,19.22,2.41,0.0
20140616:0209,0.0,0.0,0.0,19.06,2.48,0.0
20140616:0309,0.0,0.0,0.0,18.69,2.55,0.0
20140616:0409,0.0,0.0,0.0,18.46,2.62,0.0
20140616:0509,0.0,0.0,0.0,18.42,2.62,0.0
20140616:0609,2314.95,52.35,9.27,18.58,2.55,0.0
20140616:0709,7970.26,148.01,21.08,19.98,2.83,0.0
20140616:0809,19423.57,336.19,33.28,21.44,3.1,0.0
20140616:0909,33770.95,568.28,45.68,23.11,2.97,0.0
20140616:1009,44639.83,763.55,58.06,25.1,2.69,0.0
20140616:1109,51228.71,895.98,69.88,26.61,2.55,0.0
20140616:1209,54411.95,962.43,78.66,27.78,2.76,0.0
20140616:1309,55036.61,968.18,75.98,28.24,3.38,0.0
20140616:1409,51320.54,888.14,65.36,27.79,3.93,0.0
20140616:1509,44301.31,754.03,53.21,26.9,4.07,0.0
20140616:1609,29870.45,505.48,40.78,25.88,3.93,0.0
20140616:1709,18113.54,316.92,28.43,24.81,3.66,0.0
20140616:1809,6931.95,144.1,16.36,23.6,3.31,0.0
20140616:1909,718.01,23.47,4.77,21.83,2.9,0.0
20140616:2009,0.0,0.0,0.0,20.7,2.14,0.0
20140616:2109,0.0,0.0,0.0,20.02,1.72,0.0
20140616:2209,0.0,0.0,0.0,19.64,1.79,0.0
20140616:2309,0.0,0.0,0.0,19.24,1.79,0.0
20140617:0009,0.0,0.0,0.0,18.77,1.72,0.0
20140617:0109,0.0,0.0,0.0,18.47,1.79,0.0
20140617:0209,0.0,0.0,0.0,18.16,1.86,0.0
20140617:0309,0.0,0.0,0.0,17.83,1.86,0.0
20140617:0409,0.0,0.0,0.0,17.69,1.72,0.0
20140617:0509,0.0,0.0,0.0,17.58,1.59,0.0
20140617:0609,1905.85,45.13,9.25,17.72,1.38,0.0
20140617:0709,6100.84,115.33,21.05,19.3,1.59,0.0
20140617:0809,12015.73,209.98,33.25,20.53,1.86,0.0
20140617:0909,19248.24,327.95,45.65,21.88,1.72,0.0
20140617:1009,29201.77,497.86,58.03,23.44,1.59,0.0
20140617:1109,38879.02,675.43,69.86,25.08,1.45,0.0
20140617:1209,51723.57,919.77,78.67,26.33,1.72,0.0
20140617:1309,53715.95,950.02,76.04,27.18,2.48,0.0
20140617:1409,51221.87,890.64,65.42,27.27,3.24,0.0
20140617:1509,44367.34,756.57,53.27,26.58,3.66,0.0
20140617:1609,33807.38,570.07,40.84,25.37,3.86,0.0
20140617:1709,19785.61,345.69,28.49,23.98,3.59,0.0
20140617:1809,6975.97,144.85,16.42,22.72,3.17,0.0
20140617:1909,766.59,24.37,4.83,20.96,2.55,0.0
20140617:2009,0.0,0.0,0.0,19.81,2.14,0.0
20140617:2109,0.0,0.0,0.0,19.18,1.72,0.0
20140617:2209,0.0,0.0,0.0,18.73,1.31,0.0
20140617:2309,0.0,0.0,0.0,18.19,0.97,0.0
20140618:0009,0.0,0.0,0.0,17.89,0.55,0.0
20140618:0109,0.0,0.0,0.0,17.99,0.28,0.0
20140618:0209,0.0,0.0,0.0,17.78,0.21,0.0
20140618:0309,0.0,0.0,0.0,17.55,0.28,0.0
20140618:0409,0.0,0.0,0.0,17.31,0.41,0.0
20140618:0509,0.0,0.0,0.0,17.34,0.28,0.0
20140618:0609,1853.48,44.23,9.22,17.55,0.14,0.0
20140618:0709,5613.56,107.26,21.02,18.82,0.41,0.0
20140618:0809,7280.33,134.12,33.22,19.98,0.97,0.0
20140618:0909,8717.12,157.74,45.62,21.38,1.66,0.0
20140618:1009,8219.21,150.18,58.0,22.3,2.21,0.0
20140618:1109,14819.48,255.97,69.84,22.61,2.76,0.0
20140618:1209,18149.21,309.86,78.68,22.9,3.1,0.0
20140618:1309,16708.63,286.19,76.09,22.75,3.24,0.0
20140618:1409,18921.11,321.53,65.47,22.57,3.31,0.0
20140618:1509,19671.76,333.57,53.32,22.64,3.24,0.0
20140618:1609,19642.92,333.27,40.89,22.86,3.1,0.0
20140618:1709,11973.22,210.89,28.55,22.45,2.83,0.0
20140618:1809,6928.15,140.29,16.48,21.79,2.48,0.0
20140618:1909,813.65,25.27,4.89,20.49,2.9,0.0
20140618:2009,0.0,0.0,0.0,19.45,2.21,0.0
20140618:2109,0.0,0.0,0.0,18.99,1.79,0.0
20140618:2209,0.0,0.0,0.0,18.83,1.45,0.0
20140618:2309,0.0,0.0,0.0,18.71,1.1,0.0
20140619:0009,0.0,0.0,0.0,18.64,0.9,0.0
20140619:0109,0.0,0.0,0.0,18.45,0.69,0.0
20140619:0209,0.0,0.0,0.0,18.54,0.69,0.0
20140619:0309,0.0,0.0,0.0,18.54,0.83,0.0
20140619:0409,0.0,0.0,0.0,18.46,0.9,0.0
20140619:0509,0.0,0.0,0.0,18.29,0.97,0.0
20140619:0609,1847.41,44.23,9.19,18.37,1.03,0.0
20140619:0709,4554.76,89.73,20.99,19.06,1.59,0.0
20140619:0809,4774.87,93.51,33.18,19.63,1.72,0.0
20140619:0909,6163.84,116.18,45.59,20.24,1.72,0.0
20140619:1009,6494.76,121.84,57.97,20.99,1.86,0.0
20140619:1109,11515.55,202.13,69.81,21.18,1.93,0.0
20140619:1209,16204.65,277.69,78.68,21.72,2.28,0.0
20140619:1309,22184.81,374.9,76.13,21.99,2.62,0.0
20140619:1409,21056.94,356.12,65.52,22.11,2.83,0.0
20140619:1509,17557.95,298.96,53.37,21.97,2.9,0.0
20140619:1609,15447.17,264.64,40.95,21.8,2.97,0.0
20140619:1709,14116.64,244.85,28.6,21.29,2.83,0.0
20140619:1809,5507.3,107.73,16.53,20.79,2.83,0.0
20140619:1909,468.3,18.05,4.94,20.08,2.69,0.0
20140619:2009,0.0,0.0,0.0,19.34,2.07,0.0
20140619:2109,0.0,0.0,0.0,18.82,1.38,0.0
20140619:2209,0.0,0.0,0.0,18.43,1.1,0.0
20140619:2309,0.0,0.0,0.0,18.14,0.9,0.0
20140620:0009,0.0,0.0,0.0,17.93,0.83,0.0
20140620:0109,0.0,0.0,0.0,17.77,0.62,0.0
20140620:0209,0.0,0.0,0.0,17.74,0.48,0.0
20140620:0309,0.0,0.0,0.0,17.63,0.48,0.0
20140620:0409,0.0,0.0,0.0,17.5,0.41,0.0
20140620:0509,0.0,0.0,0.0,17.22,0.48,0.0
20140620:0609,2434.87,54.16,9.16,16.99,0.48,0.0
20140620:0709,8244.26,161.74,20.95,18.45,0.34,0.0
20140620:0809,19368.16,339.19,33.14,19.69,0.28,0.0
20140620:0909,29050.72,494.42,45.55,20.98,0.62,0.0
20140620:1009,42601.15,731.22,57.93,22.27,1.24,0.0
20140620:1109,49237.09,855.57,69.78,23.4,1.72,0.0
20140620:1209,50300.45,876.58,78.68,24.27,2.14,0.0
20140620:1309,30248.43,515.24,76.17,24.49,2.62,0.0
20140620:1409,50906.89,876.23,65.57,24.52,2.9,0.0
20140620:1509,45107.37,762.13,53.42,23.98,3.31,0.0
20140620:1609,34511.73,580.54,41.0,23.83,3.1,0.0
20140620:1709,20917.28,365.65,28.65,23.4,3.1,0.0
20140620:1809,7012.4,153.81,16.58,22.43,3.03,0.0
20140620:1909,901.69,27.08,4.98,21.13,2.69,0.0
20140620:2009,0.0,0.0,0.0,19.84,2.07,0.0
20140620:2109,0.0,0.0,0.0,18.98,1.52,0.0
20140620:2209,0.0,0.0,0.0,18.31,1.17,0.0
20140620:2309,0.0,0.0,0.0,17.38,0.9,0.0
20140621:0009,0.0,0.0,0.0,16.94,0.9,0.0
20140621:0109,0.0,0.0,0.0,15.59,1.45,0.0
20140621:0209,0.0,0.0,0.0,15.0,1.52,0.0
20140621:0309,0.0,0.0,0.0,14.85,1.45,0.0
20140621:0409,0.0,0.0,0.0,14.43,1.59,0.0
20140621:0509,0.0,0.0,0.0,14.32,1.59,0.0
20140621:0609,2149.49,48.74,9.12,14.41,1.38,0.0
20140621:0709,6566.11,150.57,20.91,17.67,1.17,0.0
20140621:0809,20538.54,362.49,33.1,20.17,1.38,0.0
20140621:0909,34044.95,579.31,45.51,21.96,1.24,0.0
20140621:1009,44435.66,767.22,57.89,23.66,1.45,0.0
20140621:1109,51886.0,910.68,69.74,25.19,1.93,0.0
20140621:1209,55183.85,975.41,78.66,26.15,2.34,0.0
20140621:1309,55763.73,982.69,76.21,26.84,2.83,0.0
20140621:1409,53405.52,917.09,65.62,25.83,3.93,0.0
20140621:1509,46017.41,776.19,53.47,24.97,4.14,0.0
20140621:1609,35166.75,588.67,41.04,24.21,4.14,0.0
20140621:1709,21409.11,373.55,28.69,23.61,3.72,0.0
20140621:1809,7194.56,146.05,16.62,22.64,3.24,0.0
20140621:1909,900.93,27.08,5.03,21.28,2.76,0.0
20140621:2009,0.0,0.0,0.0,20.17,2.0,0.0
20140621:2109,0.0,0.0,0.0,19.58,1.45,0.0
20140621:2209,0.0,0.0,0.0,19.01,1.17,0.0
20140621:2309,0.0,0.0,0.0,18.35,1.03,0.0
20140622:0009,0.0,0.0,0.0,17.89,0.97,0.0
20140622:0109,0.0,0.0,0.0,17.49,1.17,0.0
20140622:0209,0.0,0.0,0.0,17.31,1.17,0.0
20140622:0309,0.0,0.0,0.0,17.28,1.17,0.0
20140622:0409,0.0,0.0,0.0,17.08,1.17,0.0
20140622:0509,0.0,0.0,0.0,16.69,1.31,0.0
20140622:0609,2176.05,49.65,9.08,16.71,1.1,0.0
20140622:0709,8292.83,156.05,20.87,18.66,1.38,0.0
20140622:0809,19837.22,347.05,33.06,20.04,1.38,0.0
20140622:0909,29698.91,502.0,45.46,21.36,1.45,0.0
20140622:1009,36199.75,616.25,57.84,22.88,1.72,0.0
20140622:1109,47565.77,820.72,69.7,23.69,2.14,0.0
20140622:1209,54362.62,950.38,78.65,24.86,2.48,0.0
20140622:1309,55630.15,972.92,76.24,25.58,2.83,0.0
20140622:1409,52382.38,903.56,65.66,25.49,3.24,0.0
20140622:1509,45593.13,769.53,53.51,24.75,3.86,0.0
20140622:1609,34816.85,583.3,41.08,24.09,3.86,0.0
20140622:1709,21157.88,368.34,28.73,23.27,3.79,0.0
20140622:1809,7065.53,155.22,16.66,22.18,3.38,0.0
20140622:1909,902.45,27.08,5.06,20.9,2.83,0.0
20140622:2009,0.0,0.0,0.0,19.88,1.79,0.0
20140622:2109,0.0,0.0,0.0,19.27,1.45,0.0
20140622:2209,0.0,0.0,0.0,18.87,1.52,0.0
20140622:2309,0.0,0.0,0.0,18.31,1.52,0.0
20140623:0009,0.0,0.0,0.0,17.94,1.52,0.0
20140623:0109,0.0,0.0,0.0,17.73,1.52,0.0
20140623:0209,0.0,0.0,0.0,17.45,1.66,0.0
20140623:0309,0.0,0.0,0.0,17.24,1.72,0.0
20140623:0409,0.0,0.0,0.0,17.01,1.72,0.0
20140623:0509,0.0,0.0,0.0,16.67,1.79,0.0
20140623:0609,2443.98,54.16,9.03,16.55,1.72,0.0
20140623:0709,8287.52,160.07,20.82,18.8,2.0,0.0
20140623:0809,19642.16,342.82,33.01,20.85,2.28,0.0
20140623:0909,33785.37,570.38,45.41,22.6,2.28,0.0
20140623:1009,43414.04,739.16,57.8,24.22,2.62,0.0
20140623:1109,51307.64,885.68,69.66,25.4,3.03,0.0
20140623:1209,57948.13,1011.37,78.62,26.49,3.59,0.0
20140623:1309,54221.44,935.32,76.26,26.23,4.07,0.0
20140623:1409,35750.42,603.32,65.69,25.22,4.41,0.0
20140623:1509,46010.58,771.43,53.55,24.32,4.41,0.0
20140623:1609,36519.29,607.78,41.12,23.46,4.48,0.0
20140623:1709,18413.34,316.98,28.77,22.39,4.48,0.0
20140623:1809,3671.28,76.11,16.7,21.56,3.52,0.0
20140623:1909,858.43,26.18,5.1,20.64,3.03,0.0
20140623:2009,0.0,0.0,0.0,19.93,2.48,0.0
20140623:2109,0.0,0.0,0.0,19.44,2.41,0.0
20140623:2209,0.0,0.0,0.0,19.04,2.41,0.0
20140623:2309,0.0,0.0,0.0,18.48,2.41,0.0
20140624:0009,0.0,0.0,0.0,18.02,2.34,0.0
20140624:0109,0.0,0.0,0.0,17.83,2.41,0.0
20140624:0209,0.0,0.0,0.0,17.29,2.48,0.0
20140624:0309,0.0,0.0,0.0,16.93,2.69,0.0
20140624:0409,0.0,0.0,0.0,16.82,2.83,0.0
20140624:0509,0.0,0.0,0.0,16.52,3.1,0.0
20140624:0609,2180.61,49.65,8.98,16.56,2.9,0.0
20140624:0709,7777.47,157.62,20.77,17.33,3.31,0.0
20140624:0809,21163.96,367.83,32.96,18.58,3.79,0.0
20140624:0909,26457.22,437.29,45.36,19.7,3.79,0.0
20140624:1009,9960.36,176.63,57.75,21.36,4.21,0.0
20140624:1109,47823.07,798.1,69.61,22.21,4.62,0.0
20140624:1209,40597.39,679.16,78.59,23.05,4.69,0.0
20140624:1309,56157.65,949.8,76.28,23.51,4.83,0.0
20140624:1409,53006.28,891.66,65.73,23.64,4.83,0.0
20140624:1509,45832.97,763.49,53.59,23.61,4.83,0.0
20140624:1609,34469.98,572.06,41.16,23.01,4.62,0.0
20140624:1709,20902.86,360.87,28.81,22.12,4.0,0.0
20140624:1809,7114.87,141.55,16.73,21.51,3.66,0.0
20140624:1909,724.85,23.47,5.13,20.32,3.38,0.0
20140624:2009,0.0,0.0,0.0,19.26,2.62,0.0
20140624:2109,0.0,0.0,0.0,18.55,1.79,0.0
20140624:2209,0.0,0.0,0.0,18.22,1.31,0.0
20140624:2309,0.0,0.0,0.0,17.69,1.1,0.0
20140625:0009,0.0,0.0,0.0,17.16,1.17,0.0
20140625:0109,0.0,0.0,0.0,16.84,1.24,0.0
20140625:0209,0.0,0.0,0.0,16.28,1.31,0.0
20140625:0309,0.0,0.0,0.0,15.87,1.38,0.0
20140625:0409,0.0,0.0,0.0,16.1,1.45,0.0
20140625:0509,0.0,0.0,0.0,16.39,1.45,0.0
20140625:0609,2333.93,52.35,8.93,16.8,1.52,0.0
20140625:0709,6358.9,147.13,20.72,18.31,1.31,0.0
20140625:0809,20305.53,358.33,32.91,20.01,1.52,0.0
20140625:0909,28763.06,485.41,45.31,21.15,1.52,0.0
20140625:1009,40324.15,687.52,57.7,22.46,1.66,0.0
20140625:1109,50483.37,874.43,69.56,23.55,2.07,0.0
20140625:1209,55435.08,966.24,78.55,24.38,2.62,0.0
20140625:1309,56140.19,980.09,76.29,25.04,2.83,0.0
20140625:1409,52777.06,910.87,65.76,25.43,3.24,0.0
20140625:1509,46183.63,780.56,53.62,24.87,3.86,0.0
20140625:1609,35041.51,586.95,41.2,24.03,3.86,0.0
20140625:1709,19466.83,337.51,28.84,23.44,3.72,0.0
20140625:1809,7082.99,141.04,16.76,22.41,3.38,0.0
20140625:1909,270.2,13.54,5.16,20.65,3.03,0.0
20140625:2009,0.0,0.0,0.0,19.55,2.28,0.0
20140625:2109,0.0,0.0,0.0,18.9,1.86,0.0
20140625:2209,0.0,0.0,0.0,18.54,1.24,0.0
20140625:2309,0.0,0.0,0.0,18.21,0.55,0.0
20140626:0009,0.0,0.0,0.0,18.01,0.55,0.0
20140626:0109,0.0,0.0,0.0,17.57,0.69,0.0
20140626:0209,0.0,0.0,0.0,17.77,0.48,0.0
20140626:0309,0.0,0.0,0.0,17.49,0.55,0.0
20140626:0409,0.0,0.0,0.0,17.11,0.69,0.0
20140626:0509,0.0,0.0,0.0,16.5,0.9,0.0
20140626:0609,2387.81,53.26,8.87,16.64,0.97,0.0
20140626:0709,7942.94,158.91,20.66,18.82,1.17,0.0
20140626:0809,19755.25,346.65,32.85,20.1,1.17,0.0
20140626:0909,30262.09,514.15,45.25,21.76,1.17,0.0
20140626:1009,39664.58,681.16,57.64,23.41,1.45,0.0
20140626:1109,50366.48,880.68,69.5,24.91,1.93,0.0
20140626:1209,54968.3,968.38,78.51,26.24,2.55,0.0
20140626:1309,56253.28,986.95,76.29,26.82,3.17,0.0
20140626:1409,53067.76,917.84,65.78,26.82,3.72,0.0
20140626:1509,46078.89,782.79,53.65,26.34,4.14,0.0
20140626:1609,34824.44,585.68,41.23,25.45,4.34,0.0
20140626:1709,21511.58,375.11,28.87,24.28,4.28,0.0
20140626:1809,7302.34,159.02,16.79,22.86,3.93,0.0
20140626:1909,948.75,27.98,5.18,20.91,3.38,0.0
20140626:2009,0.0,0.0,0.0,19.53,2.76,0.0
20140626:2109,0.0,0.0,0.0,18.76,2.14,0.0
20140626:2209,0.0,0.0,0.0,18.25,1.66,0.0
20140626:2309,0.0,0.0,0.0,17.75,1.31,0.0
20140627:0009,0.0,0.0,0.0,17.1,1.1,0.0
20140627:0109,0.0,0.0,0.0,17.07,0.83,0.0
20140627:0209,0.0,0.0,0.0,16.78,0.83,0.0
20140627:0309,0.0,0.0,0.0,16.04,1.1,0.0
20140627:0409,0.0,0.0,0.0,15.31,1.31,0.0
20140627:0509,0.0,0.0,0.0,14.85,1.38,0.0
20140627:0609,2194.27,49.65,8.82,15.13,1.17,0.0
20140627:0709,6488.69,147.73,20.6,17.88,0.69,0.0
20140627:0809,20023.94,355.36,32.79,20.13,0.55,0.0
20140627:0909,33711.74,575.48,45.2,22.42,1.17,0.0
20140627:1009,44211.75,761.47,57.58,24.42,1.86,0.0
20140627:1109,51717.5,904.67,69.44,26.09,2.41,0.0
20140627:1209,55074.56,970.54,78.45,27.21,2.9,0.0
20140627:1309,56007.37,984.49,76.29,27.74,3.38,0.0
20140627:1409,52405.91,910.67,65.8,27.83,3.72,0.0
20140627:1509,45332.79,776.7,53.67,27.5,3.79,0.0
20140627:1609,34437.35,585.41,41.25,26.82,3.72,0.0
20140627:1709,21215.57,373.67,28.9,25.89,3.52,0.0
20140627:1809,7327.39,159.82,16.81,24.59,3.1,0.0
20140627:1909,939.64,27.98,5.2,22.56,2.55,0.0
20140627:2009,0.0,0.0,0.0,21.01,2.0,0.0
20140627:2109,0.0,0.0,0.0,20.05,1.52,0.0
20140627:2209,0.0,0.0,0.0,19.24,0.9,0.0
20140627:2309,0.0,0.0,0.0,18.8,0.62,0.0
20140628:0009,0.0,0.0,0.0,18.61,0.48,0.0
20140628:0109,0.0,0.0,0.0,18.43,0.48,0.0
20140628:0209,0.0,0.0,0.0,17.38,0.97,0.0
20140628:0309,0.0,0.0,0.0,16.18,1.17,0.0
20140628:0409,0.0,0.0,0.0,15.88,1.31,0.0
20140628:0509,0.0,0.0,0.0,16.05,1.38,0.0
20140628:0609,2126.72,48.74,8.75,16.44,1.38,0.0
20140628:0709,6336.89,145.8,20.54,18.13,1.24,0.0
20140628:0809,20241.01,359.6,32.73,20.28,1.03,0.0
20140628:0909,33615.35,577.38,45.14,22.94,0.9,0.0
20140628:1009,44426.55,771.7,57.52,25.41,1.66,0.0
20140628:1109,51356.22,899.68,69.38,27.03,2.62,0.0
20140628:1209,55165.64,970.8,78.4,27.83,3.24,0.0
20140628:1309,56430.89,989.55,76.29,28.0,3.72,0.0
20140628:1409,52949.36,921.49,65.82,27.83,3.66,0.0
20140628:1509,45421.6,781.75,53.7,27.59,3.38,0.0
20140628:1609,34948.91,597.83,41.28,27.18,3.1,0.0
20140628:1709,21400.76,378.98,28.92,26.43,2.97,0.0
20140628:1809,7285.64,162.21,16.83,25.19,2.83,0.0
20140628:1909,891.07,27.08,5.21,23.18,2.41,0.0
20140628:2009,0.0,0.0,0.0,21.66,1.79,0.0
20140628:2109,0.0,0.0,0.0,20.58,1.52,0.0
20140628:2209,0.0,0.0,0.0,19.73,1.38,0.0
20140628:2309,0.0,0.0,0.0,18.78,1.1,0.0
20140629:0009,0.0,0.0,0.0,18.3,0.83,0.0
20140629:0109,0.0,0.0,0.0,18.64,0.48,0.0
20140629:0209,0.0,0.0,0.0,18.69,0.34,0.0
20140629:0309,0.0,0.0,0.0,18.59,0.28,0.0
20140629:0409,0.0,0.0,0.0,18.16,0.28,0.0
20140629:0509,0.0,0.0,0.0,17.5,0.41,0.0
20140629:0609,1957.46,46.04,8.69,17.53,0.69,0.0
20140629:0709,6288.32,145.91,20.48,18.64,0.28,0.0
20140629:0809,19589.79,345.24,32.67,20.52,0.83,0.0
20140629:0909,30894.34,526.49,45.07,22.58,1.31,0.0
20140629:1009,40498.72,696.44,57.46,24.39,1.79,0.0
20140629:1109,52210.09,913.26,69.31,25.9,2.41,0.0
20140629:1209,55684.79,980.42,78.33,26.85,2.9,0.0
20140629:1309,56625.95,1000.51,76.27,27.55,3.03,0.0
20140629:1409,52818.05,926.85,65.83,28.07,3.1,0.0
20140629:1509,46304.31,799.17,53.72,28.04,3.45,0.0
20140629:1609,35563.7,605.56,41.3,27.21,3.79,0.0
20140629:1709,21944.21,385.62,28.94,25.77,3.93,0.0
20140629:1809,7404.8,165.17,16.84,23.98,3.72,0.0
20140629:1909,942.68,27.98,5.22,21.99,3.03,0.0
20140629:2009,0.0,0.0,0.0,20.39,2.28,0.0
20140629:2109,0.0,0.0,0.0,19.38,1.79,0.0
20140629:2209,0.0,0.0,0.0,18.58,1.45,0.0
20140629:2309,0.0,0.0,0.0,17.57,1.17,0.0
20140630:0009,0.0,0.0,0.0,16.7,1.03,0.0
20140630:0109,0.0,0.0,0.0,16.25,1.03,0.0
20140630:0209,0.0,0.0,0.0,15.46,1.17,0.0
20140630:0309,0.0,0.0,0.0,14.5,1.38,0.0
20140630:0409,0.0,0.0,0.0,13.75,1.52,0.0
20140630:0509,0.0,0.0,0.0,13.29,1.52,0.0
20140630:0609,1896.74,44.23,8.62,13.35,1.38,0.0
20140630:0709,5970.29,144.36,20.41,16.95,0.76,0.0
20140630:0809,20466.44,366.49,32.61,20.87,0.48,0.0
20140630:0909,34354.62,593.38,45.01,23.56,0.83,0.0
20140630:1009,44467.53,779.4,57.39,25.85,1.31,0.0
20140630:1109,51743.31,922.62,69.24,27.67,1.86,0.0
20140630:1209,55249.13,990.22,78.27,28.79,2.48,0.0
20140630:1309,56749.67,1015.83,76.25,29.3,2.9,0.0
20140630:1409,53198.31,941.2,65.84,29.32,3.1,0.0
20140630:1509,46220.06,804.0,53.73,29.0,3.24,0.0
20140630:1609,35348.91,606.88,41.31,28.18,3.38,0.0
20140630:1709,21784.06,385.17,28.95,26.86,3.38,0.0
20140630:1809,7572.54,165.02,16.85,25.09,3.17,0.0
20140630:1909,985.94,28.89,5.22,22.59,2.76,0.0
20140630:2009,0.0,0.0,0.0,20.84,1.93,0.0
20140630:2109,0.0,0.0,0.0,19.82,1.45,0.0
20140630:2209,0.0,0.0,0.0,18.85,0.97,0.0
20140630:2309,0.0,0.0,0.0,18.43,0.55,0.0
20140701:0009,0.0,0.0,0.0,18.09,0.14,0.0
20140701:0109,0.0,0.0,0.0,17.58,0.28,0.0
20140701:0209,0.0,0.0,0.0,17.34,0.55,0.0
20140701:0309,0.0,0.0,0.0,16.97,0.83,0.0
20140701:0409,0.0,0.0,0.0,15.67,1.17,0.0
20140701:0509,0.0,0.0,0.0,15.39,1.17,0.0
20140701:0609,2237.53,50.55,8.55,15.85,0.9,0.0
20140701:0709,7089.06,151.91,20.34,17.89,0.14,0.0
20140701:0809,20039.12,356.05,32.54,19.51,0.14,0.0
20140701:0909,33685.94,574.16,44.94,21.84,1.1,0.0
20140701:1009,44304.35,763.57,57.32,23.81,1.66,0.0
20140701:1109,52126.6,918.27,69.17,25.64,1.93,0.0
20140701:1209,55706.81,986.5,78.19,26.99,2.62,0.0
20140701:1309,56704.89,996.31,76.23,27.47,3.45,0.0
20140701:1409,53628.66,927.32,65.84,27.04,4.0,0.0
20140701:1509,46660.28,792.29,53.74,26.11,4.21,0.0
20140701:1609,36013.79,606.25,41.32,25.03,3.93,0.0
20140701:1709,22084.62,385.14,28.96,24.03,3.38,0.0
20140701:1809,7572.54,166.18,16.86,22.83,2.9,0.0
20140701:1909,901.69,27.08,5.23,20.99,2.62,0.0
20140701:2009,0.0,0.0,0.0,19.68,2.21,0.0
20140701:2109,0.0,0.0,0.0,18.86,2.14,0.0
20140701:2209,0.0,0.0,0.0,18.52,1.45,0.0
20140701:2309,0.0,0.0,0.0,18.29,0.76,0.0
20140702:0009,0.0,0.0,0.0,17.84,0.97,0.0
20140702:0109,0.0,0.0,0.0,17.68,1.1,0.0
20140702:0209,0.0,0.0,0.0,17.61,1.03,0.0
20140702:0309,0.0,0.0,0.0,17.9,0.76,0.0
20140702:0409,0.0,0.0,0.0,18.23,0.76,0.0
20140702:0509,0.0,0.0,0.0,18.46,1.03,0.0
20140702:0609,1796.55,43.33,8.47,18.42,1.45,0.0
20140702:0709,4401.44,86.9,20.27,18.29,2.28,0.0
20140702:0809,9699.26,171.27,32.47,18.72,2.21,0.0
20140702:0909,9112.55,162.46,44.87,19.4,2.14,0.0
20140702:1009,14442.25,247.47,57.25,20.21,2.41,0.0
20140702:1109,8478.03,153.01,69.1,20.45,2.48,0.0
20140702:1209,40227.0,679.87,78.11,21.38,2.41,0.0
20140702:1309,48851.52,836.18,76.2,22.49,2.62,0.0
20140702:1409,53520.13,917.96,65.84,23.32,2.97,0.0
20140702:1509,46090.28,779.32,53.75,23.46,3.1,0.0
20140702:1609,36080.58,605.52,41.33,23.39,3.17,0.0
20140702:1709,22146.86,384.44,28.97,22.87,3.17,0.0
20140702:1809,7556.6,160.45,16.86,21.95,3.17,0.0
20140702:1909,950.27,27.98,5.22,20.62,3.03,0.0
20140702:2009,0.0,0.0,0.0,19.51,2.55,0.0
20140702:2109,0.0,0.0,0.0,18.78,2.14,0.0
20140702:2209,0.0,0.0,0.0,18.27,1.79,0.0
20140702:2309,0.0,0.0,0.0,17.86,1.59,0.0
20140703:0009,0.0,0.0,0.0,17.38,1.31,0.0
20140703:0109,0.0,0.0,0.0,16.84,0.9,0.0
20140703:0209,0.0,0.0,0.0,16.55,0.83,0.0
20140703:0309,0.0,0.0,0.0,15.87,1.03,0.0
20140703:0409,0.0,0.0,0.0,15.4,1.31,0.0
20140703:0509,0.0,0.0,0.0,15.44,1.45,0.0
20140703:0609,2185.16,49.65,8.4,15.96,1.31,0.0
20140703:0709,8116.75,153.52,20.19,18.23,1.17,0.0
20140703:0809,18476.34,320.54,32.39,19.67,1.1,0.0
20140703:0909,32561.1,551.88,44.8,21.18,1.24,0.0
20140703:1009,41056.59,702.45,57.18,22.37,1.45,0.0
20140703:1109,50833.27,886.13,69.02,23.89,1.86,0.0
20140703:1209,56408.88,991.92,78.02,24.92,2.41,0.0
20140703:1309,57712.08,1013.53,76.16,25.63,2.9,0.0
20140703:1409,54279.13,939.0,65.84,25.78,3.45,0.0
20140703:1509,47424.6,805.64,53.76,25.37,3.79,0.0
20140703:1609,36349.27,610.96,41.34,24.64,3.86,0.0
20140703:1709,22354.83,388.49,28.97,23.71,3.72,0.0
20140703:1809,7604.42,165.99,16.86,22.58,3.45,0.0
20140703:1909,947.99,27.98,5.21,20.99,3.17,0.0
20140703:2009,0.0,0.0,0.0,19.73,2.34,0.0
20140703:2109,0.0,0.0,0.0,18.91,1.79,0.0
20140703:2209,0.0,0.0,0.0,18.27,1.45,0.0
20140703:2309,0.0,0.0,0.0,17.32,1.1,0.0
20140704:0009,0.0,0.0,0.0,16.33,1.1,0.0
20140704:0109,0.0,0.0,0.0,15.56,1.31,0.0
20140704:0209,0.0,0.0,0.0,15.07,1.31,0.0
20140704:0309,0.0,0.0,0.0,14.44,1.38,0.0
20140704:0409,0.0,0.0,0.0,14.02,1.38,0.0
20140704:0509,0.0,0.0,0.0,13.76,1.38,0.0
20140704:0609,1943.8,45.13,8.31,13.87,1.24,0.0
20140704:0709,6106.91,142.95,20.12,16.81,0.62,0.0
20140704:0809,20375.36,362.07,32.32,20.03,1.1,0.0
20140704:0909,34480.61,585.58,44.73,22.25,1.66,0.0
20140704:1009,45122.55,774.76,57.1,24.23,2.14,0.0
20140704:1109,53079.91,928.56,68.93,25.92,2.55,0.0
20140704:1209,56539.43,998.38,77.93,27.18,2.97,0.0
20140704:1309,57192.93,1008.69,76.12,27.82,3.38,0.0
20140704:1409,53863.19,939.88,65.83,27.92,3.66,0.0
20140704:1509,47082.29,807.54,53.76,27.48,3.93,0.0
20140704:1609,36123.85,612.76,41.34,26.57,3.93,0.0
20140704:1709,22136.99,387.77,28.97,25.44,3.72,0.0
20140704:1809,7675.77,168.44,16.86,24.1,3.24,0.0
20140704:1909,895.62,27.08,5.2,22.19,2.55,0.0
20140704:2009,0.0,0.0,0.0,20.76,1.93,0.0
20140704:2109,0.0,0.0,0.0,19.88,1.52,0.0
20140704:2209,0.0,0.0,0.0,19.21,1.1,0.0
20140704:2309,0.0,0.0,0.0,18.72,0.55,0.0
20140705:0009,0.0,0.0,0.0,18.59,0.14,0.0
20140705:0109,0.0,0.0,0.0,18.19,0.34,0.0
20140705:0209,0.0,0.0,0.0,17.85,0.69,0.0
20140705:0309,0.0,0.0,0.0,17.49,0.76,0.0
20140705:0409,0.0,0.0,0.0,16.79,0.9,0.0
20140705:0509,0.0,0.0,0.0,16.69,1.03,0.0
20140705:0609,1964.29,46.04,8.23,16.96,1.1,0.0
20140705:0709,6021.91,141.53,20.04,18.17,0.69,0.0
20140705:0809,20198.51,360.11,32.24,19.62,0.48,0.0
20140705:0909,33928.82,580.56,44.65,21.67,0.76,0.0
20140705:1009,44410.61,768.25,57.03,23.96,1.45,0.0
20140705:1109,52670.81,925.23,68.85,25.86,2.21,0.0
20140705:1209,56463.53,995.97,77.83,26.88,2.9,0.0
20140705:1309,57241.5,1007.35,76.07,27.28,3.31,0.0
20140705:1409,53381.23,929.01,65.81,27.29,3.52,0.0
20140705:1509,46744.53,801.52,53.75,26.91,3.59,0.0
20140705:1609,36248.32,614.16,41.34,26.09,3.72,0.0
20140705:1709,21645.16,377.82,28.96,24.89,3.72,0.0
20140705:1809,7634.02,165.37,16.85,23.51,3.52,0.0
20140705:1909,944.96,27.98,5.18,21.58,2.9,0.0
20140705:2009,0.0,0.0,0.0,20.37,2.34,0.0
20140705:2109,0.0,0.0,0.0,19.52,2.14,0.0
20140705:2209,0.0,0.0,0.0,18.87,2.07,0.0
20140705:2309,0.0,0.0,0.0,18.54,2.0,0.0
20140706:0009,0.0,0.0,0.0,18.35,2.0,0.0
20140706:0109,0.0,0.0,0.0,18.4,2.0,0.0
20140706:0209,0.0,0.0,0.0,18.34,2.0,0.0
20140706:0309,0.0,0.0,0.0,18.23,1.86,0.0
20140706:0409,0.0,0.0,0.0,18.03,1.72,0.0
20140706:0509,0.0,0.0,0.0,17.85,1.66,0.0
20140706:0609,2112.3,48.74,8.15,17.81,1.59,0.0
20140706:0709,7756.22,146.31,19.96,19.06,1.31,0.0
20140706:0809,10861.29,191.7,32.17,20.28,1.1,0.0
20140706:0909,14542.44,251.37,44.57,21.54,1.52,0.0
20140706:1009,39897.59,683.51,56.95,22.87,1.45,0.0
20140706:1109,51744.82,905.54,68.76,23.74,1.66,0.0
20140706:1209,56248.73,989.22,77.73,25.23,2.48,0.0
20140706:1309,57161.81,1000.48,76.01,25.61,3.03,0.0
20140706:1409,53255.99,923.05,65.79,25.94,3.24,0.0
20140706:1509,43577.98,742.43,53.74,25.8,3.45,0.0
20140706:1609,31188.07,526.18,41.33,25.22,3.79,0.0
20140706:1709,21652.75,376.35,28.95,24.14,3.72,0.0
20140706:1809,7400.25,146.89,16.83,22.87,3.66,0.0
20140706:1909,901.69,27.08,5.16,21.11,3.38,0.0
20140706:2009,0.0,0.0,0.0,20.23,2.62,0.0
20140706:2109,0.0,0.0,0.0,19.78,1.59,0.0
20140706:2209,0.0,0.0,0.0,19.45,1.17,0.0
20140706:2309,0.0,0.0,0.0,18.94,0.83,0.0
20140707:0009,0.0,0.0,0.0,19.14,0.41,0.0
20140707:0109,0.0,0.0,0.0,19.08,0.21,0.0
20140707:0209,0.0,0.0,0.0,18.66,0.41,0.0
20140707:0309,0.0,0.0,0.0,18.02,1.03,0.0
20140707:0409,0.0,0.0,0.0,18.35,1.31,0.0
20140707:0509,0.0,0.0,0.0,18.53,1.59,0.0
20140707:0609,1896.74,45.13,8.06,18.71,1.86,0.0
20140707:0709,5876.94,138.92,19.87,19.59,1.52,0.0
20140707:0809,19619.39,350.05,32.08,20.9,1.1,0.0
20140707:0909,32742.5,563.45,44.49,22.53,0.55,0.0
20140707:1009,41479.35,715.75,56.86,23.98,1.38,0.0
20140707:1109,50846.93,882.77,68.67,24.96,2.41,0.0
20140707:1209,55567.15,964.36,77.62,25.22,3.24,0.0
20140707:1309,56651.76,979.84,75.95,25.42,3.72,0.0
20140707:1409,53291.67,912.93,65.77,25.38,3.93,0.0
20140707:1509,46516.07,788.69,53.73,25.52,3.93,0.0
20140707:1609,35758.01,601.09,41.32,25.09,4.07,0.0
20140707:1709,22004.17,382.18,28.94,24.04,4.0,0.0
20140707:1809,7636.3,165.7,16.81,22.66,3.86,0.0
20140707:1909,995.05,28.89,5.13,20.9,3.52,0.0
20140707:2009,0.0,0.0,0.0,19.72,2.55,0.0
20140707:2109,0.0,0.0,0.0,19.06,2.21,0.0
20140707:2209,0.0,0.0,0.0,18.6,1.66,0.0
20140707:2309,0.0,0.0,0.0,18.05,1.03,0.0
20140708:0009,0.0,0.0,0.0,17.85,0.62,0.0
20140708:0109,0.0,0.0,0.0,17.43,0.76,0.0
20140708:0209,0.0,0.0,0.0,16.35,1.1,0.0
20140708:0309,0.0,0.0,0.0,15.51,1.31,0.0
20140708:0409,0.0,0.0,0.0,14.97,1.38,0.0
20140708:0509,0.0,0.0,0.0,14.59,1.38,0.0
20140708:0609,1883.84,44.23,7.97,14.68,1.24,0.0
20140708:0709,5933.86,138.77,19.79,17.68,0.55,0.0
20140708:0809,19704.4,353.15,32.0,20.88,0.55,0.0
20140708:0909,33361.84,572.16,44.41,23.48,1.24,0.0
20140708:1009,44313.46,769.55,56.78,25.76,1.79,0.0
20140708:1109,52156.96,923.54,68.57,27.73,2.28,0.0
20140708:1209,55977.77,1000.05,77.5,29.16,2.83,0.0
20140708:1309,56184.98,1001.17,75.87,29.9,3.31,0.0
20140708:1409,53069.28,933.43,65.74,29.98,3.79,0.0
20140708:1509,45874.72,793.63,53.71,29.57,4.0,0.0
20140708:1609,35370.16,605.82,41.3,28.75,4.0,0.0
20140708:1709,21568.5,381.63,28.92,27.71,3.72,0.0
20140708:1809,7512.58,164.55,16.79,26.43,3.17,0.0
20140708:1909,929.78,27.98,5.1,24.45,2.48,0.0
20140708:2009,0.0,0.0,0.0,22.88,1.66,0.0
20140708:2109,0.0,0.0,0.0,22.0,1.1,0.0
20140708:2209,0.0,0.0,0.0,20.95,0.9,0.0
20140708:2309,0.0,0.0,0.0,20.08,1.03,0.0
20140709:0009,0.0,0.0,0.0,19.25,1.24,0.0
20140709:0109,0.0,0.0,0.0,18.55,1.38,0.0
20140709:0209,0.0,0.0,0.0,17.98,1.45,0.0
20140709:0309,0.0,0.0,0.0,17.46,1.72,0.0
20140709:0409,0.0,0.0,0.0,17.14,1.86,0.0
20140709:0509,0.0,0.0,0.0,16.89,1.93,0.0
20140709:0609,1965.81,46.04,7.87,16.95,1.79,0.0
20140709:0709,6431.77,142.83,19.7,19.49,1.31,0.0
20140709:0809,19226.23,346.63,31.92,23.82,1.31,0.0
20140709:0909,32312.91,562.94,44.33,26.39,1.1,0.0
20140709:1009,42602.67,755.85,56.69,28.79,1.31,0.0
20140709:1109,50104.63,906.74,68.47,30.81,1.79,0.0
20140709:1209,54223.72,986.04,77.38,32.1,2.55,0.0
20140709:1309,54657.87,987.79,75.8,32.54,3.17,0.0
20140709:1409,51593.78,920.9,65.71,32.3,3.45,0.0
20140709:1509,44598.08,783.2,53.69,31.64,3.45,0.0
20140709:1609,33648.75,585.28,41.29,30.6,3.1,0.0
20140709:1709,20343.48,364.09,28.9,29.36,2.55,0.0
20140709:1809,7468.56,159.89,16.76,27.96,2.0,0.0
20140709:1909,877.4,27.08,5.06,25.8,2.07,0.0
20140709:2009,0.0,0.0,0.0,23.54,2.0,0.0
20140709:2109,0.0,0.0,0.0,22.09,1.72,0.0
20140709:2209,0.0,0.0,0.0,21.14,1.52,0.0
20140709:2309,0.0,0.0,0.0,20.36,1.59,0.0
20140710:0009,0.0,0.0,0.0,19.69,1.66,0.0
20140710:0109,0.0,0.0,0.0,19.26,1.72,0.0
20140710:0209,0.0,0.0,0.0,19.0,1.72,0.0
20140710:0309,0.0,0.0,0.0,18.81,1.72,0.0
20140710:0409,0.0,0.0,0.0,18.75,1.72,0.0
20140710:0509,0.0,0.0,0.0,18.65,1.79,0.0
20140710:0609,1795.79,43.33,7.78,18.52,1.72,0.0
20140710:0709,7662.86,147.26,19.61,19.97,1.03,0.0
20140710:0809,19222.43,346.15,31.83,22.94,0.83,0.0
20140710:0909,32347.06,562.56,44.25,25.51,0.9,0.0
20140710:1009,42894.13,755.37,56.61,27.9,1.52,0.0
20140710:1109,50849.96,910.48,68.37,29.71,2.14,0.0
20140710:1209,54643.45,985.29,77.26,30.83,2.69,0.0
20140710:1309,54529.6,981.27,75.71,31.4,3.03,0.0
20140710:1409,51322.06,915.28,65.67,31.52,3.17,0.0
20140710:1509,44308.14,778.61,53.67,31.21,3.17,0.0
20140710:1609,33666.2,585.4,41.26,30.41,3.03,0.0
20140710:1709,20376.87,364.1,28.87,29.26,2.69,0.0
20140710:1809,7528.52,159.27,16.73,27.78,2.28,0.0
20140710:1909,879.68,27.08,5.02,25.33,1.79,0.0
20140710:2009,0.0,0.0,0.0,23.41,1.72,0.0
20140710:2109,0.0,0.0,0.0,22.04,1.72,0.0
20140710:2209,0.0,0.0,0.0,21.05,1.72,0.0
20140710:2309,0.0,0.0,0.0,20.25,1.59,0.0
20140711:0009,0.0,0.0,0.0,19.7,1.59,0.0
20140711:0109,0.0,0.0,0.0,19.41,1.79,0.0
20140711:0209,0.0,0.0,0.0,19.26,1.93,0.0
20140711:0309,0.0,0.0,0.0,19.22,1.86,0.0
20140711:0409,0.0,0.0,0.0,19.22,1.72,0.0
20140711:0509,0.0,0.0,0.0,19.18,1.59,0.0
20140711:0609,1788.96,43.33,7.68,19.23,1.45,0.0
20140711:0709,6166.88,139.59,19.52,20.54,0.62,0.0
20140711:0809,17009.19,299.88,31.74,21.95,0.34,0.0
20140711:0909,20713.87,357.82,44.16,24.04,0.83,0.0
20140711:1009,25396.14,434.96,56.52,24.51,1.72,0.0
20140711:1109,34541.33,593.62,68.27,25.33,2.14,0.0
20140711:1209,14304.11,252.19,77.13,26.61,2.83,0.0
20140711:1309,13894.25,245.58,75.62,26.84,3.03,0.0
20140711:1409,25735.41,441.89,65.62,26.42,2.83,0.0
20140711:1509,37644.88,645.73,53.63,25.82,2.34,0.0
20140711:1609,12257.09,218.29,41.23,25.67,1.93,0.0
20140711:1709,5472.39,107.68,28.84,25.98,1.45,0.0
20140711:1809,1083.09,31.17,16.69,25.81,0.97,0.0
20140711:1909,889.55,27.08,4.97,23.46,2.07,0.0
20140711:2009,0.0,0.0,0.0,22.37,0.97,0.0
20140711:2109,0.0,0.0,0.0,21.58,1.03,0.0
20140711:2209,0.0,0.0,0.0,20.84,1.24,0.0
20140711:2309,0.0,0.0,0.0,20.12,1.38,0.0
20140712:0009,0.0,0.0,0.0,19.62,1.72,0.0
20140712:0109,0.0,0.0,0.0,19.2,1.79,0.0
20140712:0209,0.0,0.0,0.0,18.69,1.66,0.0
20140712:0309,0.0,0.0,0.0,18.51,1.72,0.0
20140712:0409,0.0,0.0,0.0,18.41,1.86,0.0
20140712:0509,0.0,0.0,0.0,18.29,1.93,0.0
20140712:0609,1848.92,44.23,7.58,18.28,1.79,0.0
20140712:0709,6434.04,122.03,19.42,20.06,1.59,0.0
20140712:0809,18871.78,333.38,31.66,21.97,2.28,0.0
20140712:0909,32749.33,556.83,44.07,23.85,2.21,0.0
20140712:1009,43800.37,752.54,56.43,25.65,2.48,0.0
20140712:1109,51482.21,899.27,68.16,27.2,2.9,0.0
20140712:1209,55818.38,984.15,76.99,28.01,3.24,0.0
20140712:1309,55983.84,985.93,75.53,28.4,3.52,0.0
20140712:1409,52651.83,920.11,65.57,28.48,3.59,0.0
20140712:1509,45524.06,787.15,53.6,28.15,3.24,0.0
20140712:1609,34626.34,594.01,41.2,27.69,2.97,0.0
20140712:1709,21325.62,376.88,28.81,26.91,2.83,0.0
20140712:1809,7574.06,162.81,16.65,25.65,2.48,0.0
20140712:1909,888.79,27.08,4.92,23.49,2.14,0.0
20140712:2009,0.0,0.0,0.0,22.05,1.66,0.0
20140712:2109,0.0,0.0,0.0,20.99,1.59,0.0
20140712:2209,0.0,0.0,0.0,20.12,1.59,0.0
20140712:2309,0.0,0.0,0.0,19.33,1.59,0.0
20140713:0009,0.0,0.0,0.0,18.77,1.59,0.0
20140713:0109,0.0,0.0,0.0,18.44,1.52,0.0
20140713:0209,0.0,0.0,0.0,18.16,1.52,0.0
20140713:0309,0.0,0.0,0.0,17.97,1.59,0.0
20140713:0409,0.0,0.0,0.0,17.77,1.66,0.0
20140713:0509,0.0,0.0,0.0,17.79,1.66,0.0
20140713:0609,1855.0,44.23,7.48,17.71,1.66,0.0
20140713:0709,7329.66,147.38,19.33,19.06,2.0,0.0
20140713:0809,18988.66,334.04,31.57,20.59,1.59,0.0
20140713:0909,32752.37,558.16,43.98,22.78,1.45,0.0
20140713:1009,43638.71,754.79,56.33,24.79,1.66,0.0
20140713:1109,51610.48,911.44,68.05,26.58,2.0,0.0
20140713:1209,55651.4,996.83,76.85,28.07,2.28,0.0
20140713:1309,56107.56,1004.76,75.42,29.09,2.69,0.0
20140713:1409,52643.48,932.16,65.51,29.38,2.97,0.0
20140713:1509,45873.96,798.09,53.56,29.05,3.17,0.0
20140713:1609,35287.43,605.26,41.16,28.02,3.24,0.0
20140713:1709,21769.64,384.1,28.77,26.79,3.03,0.0
20140713:1809,7635.54,164.49,16.6,25.28,2.55,0.0
20140713:1909,847.04,26.18,4.87,22.94,2.07,0.0
20140713:2009,0.0,0.0,0.0,21.47,1.66,0.0
20140713:2109,0.0,0.0,0.0,20.46,1.31,0.0
20140713:2209,0.0,0.0,0.0,19.58,1.1,0.0
20140713:2309,0.0,0.0,0.0,18.38,0.97,0.0
20140714:0009,0.0,0.0,0.0,17.75,0.9,0.0
20140714:0109,0.0,0.0,0.0,17.05,1.1,0.0
20140714:0209,0.0,0.0,0.0,16.95,1.1,0.0
20140714:0309,0.0,0.0,0.0,16.46,1.24,0.0
20140714:0409,0.0,0.0,0.0,16.07,1.17,0.0
20140714:0509,0.0,0.0,0.0,16.16,1.03,0.0
20140714:0609,1761.64,42.43,7.37,16.53,0.83,0.0
20140714:0709,7595.31,147.31,19.23,18.35,0.41,0.0
20140714:0809,19151.09,342.21,31.47,20.78,0.14,0.0
20140714:0909,33043.06,571.22,43.89,23.27,0.55,0.0
20140714:1009,43780.64,766.79,56.24,25.57,1.17,0.0
20140714:1109,51783.53,921.99,67.94,27.46,1.86,0.0
20140714:1209,55648.36,998.4,76.7,28.93,2.48,0.0
20140714:1309,55904.9,1001.45,75.31,29.73,2.9,0.0
20140714:1409,52945.56,939.55,65.45,29.94,3.1,0.0
20140714:1509,45741.89,799.5,53.51,29.75,3.1,0.0
20140714:1609,35164.47,607.61,41.12,29.22,3.1,0.0
20140714:1709,21745.35,386.34,28.72,28.2,2.9,0.0
20140714:1809,7640.85,165.31,16.55,26.67,2.55,0.0
20140714:1909,839.45,26.18,4.81,24.43,2.21,0.0
20140714:2009,0.0,0.0,0.0,22.66,1.66,0.0
20140714:2109,0.0,0.0,0.0,21.65,1.1,0.0
20140714:2209,0.0,0.0,0.0,20.63,0.69,0.0
20140714:2309,0.0,0.0,0.0,19.93,0.62,0.0
20140715:0009,0.0,0.0,0.0,19.31,0.76,0.0
20140715:0109,0.0,0.0,0.0,18.73,0.83,0.0
20140715:0209,0.0,0.0,0.0,19.15,0.62,0.0
20140715:0309,0.0,0.0,0.0,19.06,0.48,0.0
20140715:0409,0.0,0.0,0.0,18.42,0.69,0.0
20140715:0509,0.0,0.0,0.0,17.44,1.17,0.0
20140715:0609,1700.92,41.52,7.27,17.7,1.1,0.0
20140715:0709,7051.87,144.04,19.13,19.76,0.55,0.0
20140715:0809,18935.53,341.92,31.38,22.52,0.62,0.0
20140715:0909,32219.55,559.47,43.8,25.31,0.9,0.0
20140715:1009,42774.2,754.22,56.14,27.91,1.38,0.0
20140715:1109,50090.21,898.89,67.83,30.04,2.0,0.0
20140715:1209,54120.5,979.19,76.55,31.49,2.62,0.0
20140715:1309,54361.1,981.84,75.19,32.21,3.03,0.0
20140715:1409,51238.57,915.93,65.38,32.4,3.31,0.0
20140715:1509,44459.18,782.93,53.46,32.13,3.38,0.0
20140715:1609,33879.48,590.74,41.08,31.53,3.31,0.0
20140715:1709,20567.38,369.17,28.67,30.5,3.03,0.0
20140715:1809,7423.02,159.81,16.49,29.04,2.62,0.0
20140715:1909,784.05,25.27,4.74,26.92,2.14,0.0
20140715:2009,0.0,0.0,0.0,25.05,1.52,0.0
20140715:2109,0.0,0.0,0.0,23.93,1.03,0.0
20140715:2209,0.0,0.0,0.0,23.01,0.55,0.0
20140715:2309,0.0,0.0,0.0,22.04,1.03,0.0
20140716:0009,0.0,0.0,0.0,21.41,1.38,0.0
20140716:0109,0.0,0.0,0.0,21.03,1.59,0.0
20140716:0209,0.0,0.0,0.0,20.67,1.72,0.0
20140716:0309,0.0,0.0,0.0,20.33,1.66,0.0
20140716:0409,0.0,0.0,0.0,20.04,1.66,0.0
20140716:0509,0.0,0.0,0.0,19.87,1.79,0.0
20140716:0609,1681.94,41.52,7.16,19.89,1.79,0.0
20140716:0709,6259.47,138.28,19.03,21.94,1.59,0.0
20140716:0809,18486.96,334.88,31.28,25.08,1.52,0.0
20140716:0909,31518.99,548.47,43.71,27.42,1.59,0.0
20140716:1009,42293.76,745.8,56.04,29.64,1.93,0.0
20140716:1109,49776.74,893.46,67.71,31.25,2.34,0.0
20140716:1209,53690.9,973.63,76.39,32.28,2.69,0.0
20140716:1309,53860.92,976.17,75.07,33.03,3.03,0.0
20140716:1409,50878.81,910.22,65.31,32.85,3.38,0.0
20140716:1509,43583.3,765.56,53.41,31.95,3.45,0.0
20140716:1609,32844.21,572.3,41.02,30.9,2.97,0.0
20140716:1709,19759.05,354.83,28.62,30.1,2.34,0.0
20140716:1809,7234.03,152.13,16.43,29.19,1.86,0.0
20140716:1909,736.23,24.37,4.67,27.83,1.79,0.0
20140716:2009,0.0,0.0,0.0,25.69,1.86,0.0
20140716:2109,0.0,0.0,0.0,24.17,1.93,0.0
20140716:2209,0.0,0.0,0.0,23.14,2.0,0.0
20140716:2309,0.0,0.0,0.0,22.39,2.14,0.0
20140717:0009,0.0,0.0,0.0,21.95,2.28,0.0
20140717:0109,0.0,0.0,0.0,21.76,2.28,0.0
20140717:0209,0.0,0.0,0.0,21.52,2.14,0.0
20140717:0309,0.0,0.0,0.0,21.36,1.86,0.0
20140717:0409,0.0,0.0,0.0,21.22,1.86,0.0
20140717:0509,0.0,0.0,0.0,21.15,2.0,0.0
20140717:0609,1570.37,39.72,7.05,21.25,1.93,0.0
20140717:0709,6903.1,141.96,18.93,22.6,1.93,0.0
20140717:0809,18038.39,322.26,31.19,24.37,2.0,0.0
20140717:0909,30788.08,529.98,43.61,26.35,2.14,0.0
20140717:1009,39681.28,689.91,55.94,28.22,2.34,0.0
20140717:1109,49939.16,881.95,67.59,29.53,2.83,0.0
20140717:1209,53565.67,950.14,76.23,30.12,3.38,0.0
20140717:1309,53199.07,942.02,74.94,30.12,3.52,0.0
20140717:1409,50129.67,883.69,65.23,30.1,3.31,0.0
20140717:1509,41212.18,717.55,53.35,29.86,3.1,0.0
20140717:1609,29578.99,512.25,40.97,29.42,2.83,0.0
20140717:1709,15242.24,272.35,28.56,28.76,2.69,0.0
20140717:1809,4081.14,85.31,16.37,27.73,2.34,0.0
20140717:1909,0.0,3.61,4.59,25.42,2.9,0.0
20140717:2009,0.0,0.0,0.0,23.82,2.76,0.0
20140717:2109,0.0,0.0,0.0,22.71,2.76,0.0
20140717:2209,0.0,0.0,0.0,22.07,2.62,0.0
20140717:2309,0.0,0.0,0.0,21.53,2.55,0.0
20140718:0009,0.0,0.0,0.0,21.1,2.55,0.0
20140718:0109,0.0,0.0,0.0,20.79,2.0,0.0
20140718:0209,0.0,0.0,0.0,20.57,1.93,0.0
20140718:0309,0.0,0.0,0.0,20.53,2.07,0.0
20140718:0409,0.0,0.0,0.0,20.35,1.86,0.0
20140718:0509,0.0,0.0,0.0,20.37,1.66,0.0
20140718:0609,1478.53,37.91,6.94,20.35,1.72,0.0
20140718:0709,7160.41,139.27,18.83,20.96,1.93,0.0
20140718:0809,12156.14,214.21,31.09,22.16,1.93,0.0
20140718:0909,24786.66,421.83,43.51,23.7,2.14,0.0
20140718:1009,26806.36,458.3,55.84,25.26,2.34,0.0
20140718:1109,44393.15,768.69,67.46,26.28,2.62,0.0
20140718:1209,54260.15,955.46,76.06,27.14,2.83,0.0
20140718:1309,55376.64,977.99,74.8,27.53,2.9,0.0
20140718:1409,51791.88,908.07,65.15,27.89,2.97,0.0
20140718:1509,44854.62,776.02,53.28,27.73,2.9,0.0
20140718:1609,34224.83,585.74,40.91,27.21,2.9,0.0
20140718:1709,20593.95,361.86,28.5,26.23,2.9,0.0
20140718:1809,7508.79,158.23,16.3,24.68,3.1,0.0
20140718:1909,716.5,23.47,4.51,22.28,3.03,0.0
20140718:2009,0.0,0.0,0.0,20.95,2.28,0.0
20140718:2109,0.0,0.0,0.0,20.24,1.59,0.0
20140718:2209,0.0,0.0,0.0,19.75,1.03,0.0
20140718:2309,0.0,0.0,0.0,18.97,0.83,0.0
20140719:0009,0.0,0.0,0.0,18.37,0.9,0.0
20140719:0109,0.0,0.0,0.0,18.14,0.9,0.0
20140719:0209,0.0,0.0,0.0,18.6,0.55,0.0
20140719:0309,0.0,0.0,0.0,18.62,0.48,0.0
20140719:0409,0.0,0.0,0.0,18.35,0.55,0.0
20140719:0509,0.0,0.0,0.0,18.29,0.48,0.0
20140719:0609,1494.47,37.91,6.82,18.17,0.48,0.0
20140719:0709,6583.57,140.06,18.72,19.3,1.17,0.0
20140719:0809,18589.43,327.45,30.99,20.4,1.03,0.0
20140719:0909,31833.22,543.01,43.42,21.96,0.97,0.0
20140719:1009,44362.03,766.01,55.73,23.67,1.45,0.0
20140719:1109,52166.07,913.63,67.34,25.48,2.21,0.0
20140719:1209,56411.92,995.58,75.89,26.58,2.76,0.0
20140719:1309,56611.53,998.57,74.65,27.14,3.03,0.0
20140719:1409,53476.86,936.69,65.05,27.44,3.1,0.0
20140719:1509,46316.46,797.4,53.21,27.23,3.31,0.0
20140719:1609,36043.39,612.7,40.84,26.51,3.45,0.0
20140719:1709,22395.05,391.56,28.43,25.39,3.24,0.0
20140719:1809,7804.8,170.16,16.22,24.15,2.76,0.0
20140719:1909,714.98,23.47,4.42,22.67,2.48,0.0
20140719:2009,0.0,0.0,0.0,21.4,2.07,0.0
20140719:2109,0.0,0.0,0.0,20.62,1.72,0.0
20140719:2209,0.0,0.0,0.0,20.03,1.17,0.0
20140719:2309,0.0,0.0,0.0,19.95,0.48,0.0
20140720:0009,0.0,0.0,0.0,19.92,0.28,0.0
20140720:0109,0.0,0.0,0.0,19.28,0.62,0.0
20140720:0209,0.0,0.0,0.0,18.98,0.69,0.0
20140720:0309,0.0,0.0,0.0,18.31,0.9,0.0
20140720:0409,0.0,0.0,0.0,17.61,1.1,0.0
20140720:0509,0.0,0.0,0.0,17.49,0.97,0.0
20140720:0609,1451.21,37.01,6.71,17.42,0.9,0.0
20140720:0709,7101.2,136.46,18.62,19.52,0.28,0.0
20140720:0809,16243.36,283.78,30.89,21.69,1.45,0.0
20140720:0909,27494.02,466.95,43.32,22.95,1.79,0.0
20140720:1009,29008.22,493.57,55.63,24.28,2.28,0.0
20140720:1109,50701.2,877.85,67.21,25.23,2.76,0.0
20140720:1209,56344.37,987.38,75.71,26.12,3.03,0.0
20140720:1309,56122.74,985.3,74.5,26.61,3.1,0.0
20140720:1409,53105.71,930.25,64.96,27.4,3.03,0.0
20140720:1509,46122.91,795.91,53.14,27.58,3.24,0.0
20140720:1609,35852.88,610.18,40.77,27.0,3.59,0.0
20140720:1709,22329.02,390.05,28.36,25.79,3.86,0.0
20140720:1809,7775.96,168.97,16.14,24.09,3.86,0.0
20140720:1909,718.01,23.47,4.33,22.0,3.38,0.0
20140720:2009,0.0,0.0,0.0,20.69,2.69,0.0
20140720:2109,0.0,0.0,0.0,19.92,2.0,0.0
20140720:2209,0.0,0.0,0.0,19.34,1.59,0.0
20140720:2309,0.0,0.0,0.0,18.59,1.17,0.0
20140721:0009,0.0,0.0,0.0,17.73,1.03,0.0
20140721:0109,0.0,0.0,0.0,16.96,1.17,0.0
20140721:0209,0.0,0.0,0.0,16.13,1.38,0.0
20140721:0309,0.0,0.0,0.0,15.65,1.45,0.0
20140721:0409,0.0,0.0,0.0,15.29,1.38,0.0
20140721:0509,0.0,0.0,0.0,15.01,1.38,0.0
20140721:0609,1422.37,36.11,6.59,14.71,1.38,0.0
20140721:0709,5473.15,131.4,18.51,17.56,0.69,0.0
20140721:0809,19477.46,350.02,30.79,20.89,0.48,0.0
20140721:0909,33090.88,570.68,43.22,23.41,0.76,0.0
20140721:1009,44109.28,771.28,55.52,25.63,1.31,0.0
20140721:1109,51677.27,920.4,67.07,27.55,1.86,0.0
20140721:1209,55301.5,993.13,75.53,28.97,2.41,0.0
20140721:1309,56150.06,1006.83,74.34,29.79,2.9,0.0
20140721:1409,53083.7,939.99,64.85,29.99,3.31,0.0
20140721:1509,46222.34,804.51,53.05,29.68,3.52,0.0
20140721:1609,35916.64,617.43,40.7,28.95,3.59,0.0
20140721:1709,22324.47,394.71,28.28,27.87,3.38,0.0
20140721:1809,7706.13,170.04,16.06,26.52,2.97,0.0
20140721:1909,664.12,22.57,4.24,24.5,2.34,0.0
20140721:2009,0.0,0.0,0.0,22.82,1.72,0.0
20140721:2109,0.0,0.0,0.0,21.74,1.38,0.0
20140721:2209,0.0,0.0,0.0,20.77,1.03,0.0
20140721:2309,0.0,0.0,0.0,20.35,0.55,0.0
20140722:0009,0.0,0.0,0.0,20.13,0.48,0.0
20140722:0109,0.0,0.0,0.0,19.29,0.76,0.0
20140722:0209,0.0,0.0,0.0,18.22,1.1,0.0
20140722:0309,0.0,0.0,0.0,17.37,1.31,0.0
20140722:0409,0.0,0.0,0.0,16.81,1.45,0.0
20140722:0509,0.0,0.0,0.0,16.38,1.52,0.0
20140722:0609,1411.74,36.11,6.47,16.15,1.45,0.0
20140722:0709,5448.86,130.21,18.4,18.92,0.9,0.0
20140722:0809,19334.77,349.1,30.69,22.46,0.83,0.0
20140722:0909,32932.25,570.59,43.12,24.91,0.97,0.0
20140722:1009,43575.71,765.84,55.41,27.17,1.45,0.0
20140722:1109,51588.47,922.71,66.94,29.02,2.07,0.0
20140722:1209,55694.66,1001.41,75.34,30.1,2.76,0.0
20140722:1309,56402.81,1009.45,74.18,30.5,3.31,0.0
20140722:1409,53567.18,947.63,64.74,30.34,3.59,0.0
20140722:1509,46380.97,807.08,52.97,29.75,3.59,0.0
20140722:1609,36189.12,622.69,40.62,28.91,3.45,0.0
20140722:1709,22007.2,389.97,28.2,27.91,2.9,0.0
20140722:1809,7557.36,165.01,15.97,26.68,2.41,0.0
20140722:1909,620.1,21.66,4.13,24.79,2.14,0.0
20140722:2009,0.0,0.0,0.0,23.13,1.93,0.0
20140722:2109,0.0,0.0,0.0,22.01,1.86,0.0
20140722:2209,0.0,0.0,0.0,21.18,1.93,0.0
20140722:2309,0.0,0.0,0.0,20.79,1.93,0.0
20140723:0009,0.0,0.0,0.0,20.29,1.66,0.0
20140723:0109,0.0,0.0,0.0,20.05,1.52,0.0
20140723:0209,0.0,0.0,0.0,19.85,1.52,0.0
20140723:0309,0.0,0.0,0.0,19.76,1.66,0.0
20140723:0409,0.0,0.0,0.0,19.64,1.66,0.0
20140723:0509,0.0,0.0,0.0,19.58,1.66,0.0
20140723:0609,1385.93,36.11,6.35,19.56,1.72,0.0
20140723:0709,5722.86,131.61,18.29,20.42,1.93,0.0
20140723:0809,18737.43,333.06,30.59,21.88,1.93,0.0
20140723:0909,31550.11,536.28,43.01,23.64,2.07,0.0
20140723:1009,41003.46,703.18,55.3,25.44,2.41,0.0
20140723:1109,51044.27,890.72,66.8,26.9,2.83,0.0
20140723:1209,55092.02,971.78,75.15,27.87,3.1,0.0
20140723:1309,54994.1,969.01,74.01,28.31,3.38,0.0
20140723:1409,51498.91,898.6,64.63,28.36,3.59,0.0
20140723:1509,43751.04,751.96,52.88,27.82,3.59,0.0
20140723:1609,27997.99,478.34,40.53,27.15,3.31,0.0
20140723:1709,12747.4,226.94,28.11,26.22,3.17,0.0
20140723:1809,5140.71,103.11,15.87,24.84,3.31,0.0
20140723:1909,381.02,16.25,4.03,22.61,2.76,0.0
20140723:2009,0.0,0.0,0.0,21.47,2.41,0.0
20140723:2109,0.0,0.0,0.0,20.73,2.14,0.0
20140723:2209,0.0,0.0,0.0,20.24,1.72,0.0
20140723:2309,0.0,0.0,0.0,19.79,1.66,0.0
20140724:0009,0.0,0.0,0.0,19.32,1.79,0.0
20140724:0109,0.0,0.0,0.0,19.19,1.86,0.0
20140724:0209,0.0,0.0,0.0,18.88,1.72,0.0
20140724:0309,0.0,0.0,0.0,18.96,1.72,0.0
20140724:0409,0.0,0.0,0.0,18.85,1.72,0.0
20140724:0509,0.0,0.0,0.0,18.74,1.72,0.0
20140724:0609,1343.43,35.2,6.23,18.74,1.66,0.0
20140724:0709,6442.39,135.98,18.18,19.53,2.07,0.0
20140724:0809,17266.49,300.39,30.48,20.45,2.07,0.0
20140724:0909,29163.06,490.48,42.91,21.64,2.14,0.0
20140724:1009,43965.08,746.43,55.19,22.73,2.21,0.0
20140724:1109,51498.91,892.08,66.66,24.36,2.41,0.0
20140724:1209,55402.45,972.29,74.96,25.79,2.69,0.0
20140724:1309,55760.69,980.67,73.83,26.78,2.97,0.0
20140724:1409,52129.64,909.47,64.51,27.16,3.1,0.0
20140724:1509,45563.53,782.13,52.78,27.05,3.38,0.0
20140724:1609,35201.66,595.61,40.44,26.26,3.79,0.0
20140724:1709,19095.68,331.91,28.02,24.94,3.66,0.0
20140724:1809,6465.16,128.42,15.77,23.51,3.24,0.0
20140724:1909,343.83,15.35,3.92,21.88,3.1,0.0
20140724:2009,0.0,0.0,0.0,20.9,2.55,0.0
20140724:2109,0.0,0.0,0.0,20.48,2.0,0.0
20140724:2209,0.0,0.0,0.0,20.22,1.59,0.0
20140724:2309,0.0,0.0,0.0,19.93,1.52,0.0
20140725:0009,0.0,0.0,0.0,19.64,1.59,0.0
20140725:0109,0.0,0.0,0.0,19.51,1.79,0.0
20140725:0209,0.0,0.0,0.0,19.25,1.66,0.0
20140725:0309,0.0,0.0,0.0,19.11,1.45,0.0
20140725:0409,0.0,0.0,0.0,18.86,1.24,0.0
20140725:0509,0.0,0.0,0.0,18.72,1.24,0.0
20140725:0609,1344.19,35.2,6.11,18.57,1.31,0.0
20140725:0709,6917.53,135.88,18.07,19.58,1.17,0.0
20140725:0809,15310.55,266.46,30.38,20.79,1.45,0.0
20140725:0909,30988.45,524.7,42.81,22.1,1.66,0.0
20140725:1009,43891.45,751.95,55.07,23.69,1.93,0.0
20140725:1109,52220.72,911.64,66.52,25.11,2.28,0.0
20140725:1209,55911.74,984.04,74.76,26.25,2.76,0.0
20140725:1309,56177.38,986.61,73.64,26.84,3.17,0.0
20140725:1409,51926.98,900.86,64.38,26.95,3.52,0.0
20140725:1509,45871.68,783.87,52.67,26.52,3.66,0.0
20140725:1609,35151.57,594.38,40.34,25.75,3.59,0.0
20140725:1709,21165.47,367.87,27.92,24.7,3.38,0.0
20140725:1809,7491.33,156.48,15.67,23.36,3.1,0.0
20140725:1909,547.24,19.86,3.8,21.34,2.55,0.0
20140725:2009,0.0,0.0,0.0,20.31,2.07,0.0
20140725:2109,0.0,0.0,0.0,19.82,1.79,0.0
20140725:2209,0.0,0.0,0.0,19.32,1.24,0.0
20140725:2309,0.0,0.0,0.0,18.76,1.03,0.0
20140726:0009,0.0,0.0,0.0,17.97,1.03,0.0
20140726:0109,0.0,0.0,0.0,17.51,0.97,0.0
20140726:0209,0.0,0.0,0.0,17.41,0.76,0.0
20140726:0309,0.0,0.0,0.0,17.33,0.69,0.0
20140726:0409,0.0,0.0,0.0,17.11,0.76,0.0
20140726:0509,0.0,0.0,0.0,17.4,0.62,0.0
20140726:0609,1206.81,32.5,5.99,17.18,0.76,0.0
20140726:0709,6660.22,127.9,17.96,18.73,0.41,0.0
20140726:0809,17316.59,304.37,30.27,20.7,0.62,0.0
20140726:0909,28116.4,479.68,42.7,22.38,0.97,0.0
20140726:1009,41211.42,711.28,54.96,24.24,1.45,0.0
20140726:1109,49832.9,874.44,66.37,25.64,1.93,0.0
20140726:1209,54676.84,968.2,74.55,26.9,2.48,0.0
20140726:1309,55830.52,987.43,73.45,27.47,2.9,0.0
20140726:1409,53278.76,931.48,64.24,27.51,3.24,0.0
20140726:1509,45839.05,787.61,52.57,27.09,3.38,0.0
20140726:1609,35931.06,610.48,40.24,26.31,3.31,0.0
20140726:1709,21804.55,380.78,27.82,25.28,3.1,0.0
20140726:1809,7542.94,162.64,15.56,23.99,2.76,0.0
20140726:1909,503.22,18.96,3.68,22.04,2.34,0.0
20140726:2009,0.0,0.0,0.0,20.87,1.93,0.0
20140726:2109,0.0,0.0,0.0,20.12,1.45,0.0
20140726:2209,0.0,0.0,0.0,19.49,1.1,0.0
20140726:2309,0.0,0.0,0.0,18.65,0.83,0.0
20140727:0009,0.0,0.0,0.0,18.24,0.69,0.0
20140727:0109,0.0,0.0,0.0,17.75,0.76,0.0
20140727:0209,0.0,0.0,0.0,17.52,0.76,0.0
20140727:0309,0.0,0.0,0.0,17.34,0.83,0.0
20140727:0409,0.0,0.0,0.0,17.01,0.97,0.0
20140727:0509,0.0,0.0,0.0,16.93,0.97,0.0
20140727:0609,1016.3,28.89,5.86,16.91,1.03,0.0
20140727:0709,5391.18,104.33,17.85,18.9,0.83,0.0
20140727:0809,8578.98,155.3,30.16,20.43,0.9,0.0
20140727:0909,9089.03,164.35,42.59,21.86,0.97,0.0
20140727:1009,11124.66,198.35,54.84,23.58,1.38,0.0
20140727:1109,18537.82,321.41,66.22,25.28,1.86,0.0
20140727:1209,28920.18,498.04,74.34,26.43,2.41,0.0
20140727:1309,55238.5,976.03,73.25,27.27,2.83,0.0
20140727:1409,52676.88,921.04,64.1,27.5,3.17,0.0
20140727:1509,46081.17,792.46,52.45,27.08,3.31,0.0
20140727:1609,35672.24,606.22,40.14,26.29,3.24,0.0
20140727:1709,21776.47,380.22,27.71,25.26,3.1,0.0
20140727:1809,7485.26,160.9,15.44,23.97,2.76,0.0
20140727:1909,462.23,18.05,3.55,22.08,2.34,0.0
20140727:2009,0.0,0.0,0.0,20.9,2.07,0.0
20140727:2109,0.0,0.0,0.0,20.11,1.66,0.0
20140727:2209,0.0,0.0,0.0,19.54,1.24,0.0
20140727:2309,0.0,0.0,0.0,18.75,0.9,0.0
20140728:0009,0.0,0.0,0.0,18.89,0.48,0.0
20140728:0109,0.0,0.0,0.0,18.64,0.48,0.0
20140728:0209,0.0,0.0,0.0,17.47,0.83,0.0
20140728:0309,0.0,0.0,0.0,16.69,1.03,0.0
20140728:0409,0.0,0.0,0.0,16.28,1.1,0.0
20140728:0509,0.0,0.0,0.0,16.28,1.03,0.0
20140728:0609,924.46,27.08,5.74,16.46,0.97,0.0
20140728:0709,4794.6,93.99,17.73,18.71,0.55,0.0
20140728:0809,9274.98,167.03,30.06,20.79,0.48,0.0
20140728:0909,17109.38,295.48,42.48,22.69,0.9,0.0
20140728:1009,32582.35,559.62,54.72,24.41,1.38,0.0
20140728:1109,50305.76,885.44,66.07,25.8,1.86,0.0
20140728:1209,55829.0,991.66,74.12,27.07,2.48,0.0
20140728:1309,56471.88,1000.44,73.05,27.72,2.97,0.0
20140728:1409,53332.65,933.29,63.96,27.77,3.31,0.0
20140728:1509,46655.73,802.51,52.33,27.25,3.45,0.0
20140728:1609,36340.16,617.79,40.03,26.38,3.31,0.0
20140728:1709,20810.26,363.25,27.6,25.37,3.03,0.0
20140728:1809,7395.7,155.67,15.32,24.13,2.76,0.0
20140728:1909,382.54,16.25,3.42,22.05,2.62,0.0
20140728:2009,0.0,0.0,0.0,20.89,1.93,0.0
20140728:2109,0.0,0.0,0.0,20.12,1.45,0.0
20140728:2209,0.0,0.0,0.0,19.45,1.03,0.0
20140728:2309,0.0,0.0,0.0,18.99,0.55,0.0
20140729:0009,0.0,0.0,0.0,18.71,0.48,0.0
20140729:0109,0.0,0.0,0.0,17.87,0.76,0.0
20140729:0209,0.0,0.0,0.0,16.86,0.97,0.0
20140729:0309,0.0,0.0,0.0,16.54,1.03,0.0
20140729:0409,0.0,0.0,0.0,16.24,1.03,0.0
20140729:0509,0.0,0.0,0.0,16.2,1.03,0.0
20140729:0609,1119.53,30.69,5.61,15.73,1.17,0.0
20140729:0709,6816.58,135.33,17.62,17.99,0.55,0.0
20140729:0809,15912.44,278.01,29.95,20.51,0.55,0.0
20140729:0909,30587.7,523.09,42.37,22.64,0.97,0.0
20140729:1009,44041.73,763.47,54.6,24.38,1.45,0.0
20140729:1109,52566.06,930.72,65.91,26.11,1.86,0.0
20140729:1209,56048.36,998.84,73.91,27.25,2.41,0.0
20140729:1309,57258.2,1018.86,72.84,27.78,2.83,0.0
20140729:1409,53708.36,945.66,63.8,27.84,2.97,0.0
20140729:1509,46431.07,804.45,52.21,27.56,2.97,0.0
20140729:1609,36218.72,619.63,39.91,26.93,2.9,0.0
20140729:1709,22231.11,390.05,27.48,25.94,2.76,0.0
20140729:1809,7486.02,160.71,15.2,24.59,2.55,0.0
20140729:1909,381.78,16.25,3.28,22.32,2.48,0.0
20140729:2009,0.0,0.0,0.0,20.93,1.79,0.0
20140729:2109,0.0,0.0,0.0,20.07,1.17,0.0
20140729:2209,0.0,0.0,0.0,19.18,0.83,0.0
20140729:2309,0.0,0.0,0.0,18.23,0.76,0.0
20140730:0009,0.0,0.0,0.0,17.58,0.9,0.0
20140730:0109,0.0,0.0,0.0,17.08,0.97,0.0
20140730:0209,0.0,0.0,0.0,16.57,1.03,0.0
20140730:0309,0.0,0.0,0.0,16.19,1.1,0.0
20140730:0409,0.0,0.0,0.0,15.9,1.17,0.0
20140730:0509,0.0,0.0,0.0,15.77,1.17,0.0
20140730:0609,1023.89,28.89,5.48,15.57,1.17,0.0
20140730:0709,5388.9,127.49,17.5,17.78,0.34,0.0
20140730:0809,19295.3,344.98,29.84,20.59,0.69,0.0
20140730:0909,33402.83,572.87,42.26,22.72,0.9,0.0
20140730:1009,43888.42,762.44,54.47,24.63,1.38,0.0
20140730:1109,52176.7,924.05,65.75,26.32,1.86,0.0
20140730:1209,55535.27,991.87,73.68,27.6,2.34,0.0
20140730:1309,56984.96,1016.85,72.62,28.19,2.76,0.0
20140730:1409,53288.63,939.41,63.64,28.35,3.03,0.0
20140730:1509,46414.37,803.29,52.08,27.96,3.24,0.0
20140730:1609,36050.98,615.44,39.79,27.09,3.24,0.0
20140730:1709,22294.11,390.41,27.36,25.88,3.1,0.0
20140730:1809,7468.56,162.59,15.07,24.42,2.83,0.0
20140730:1909,342.31,15.35,3.14,22.37,2.41,0.0
20140730:2009,0.0,0.0,0.0,21.0,1.79,0.0
20140730:2109,0.0,0.0,0.0,20.16,1.31,0.0
20140730:2209,0.0,0.0,0.0,19.36,0.97,0.0
20140730:2309,0.0,0.0,0.0,18.61,0.69,0.0
20140731:0009,0.0,0.0,0.0,18.63,0.55,0.0
20140731:0109,0.0,0.0,0.0,18.32,0.55,0.0
20140731:0209,0.0,0.0,0.0,17.74,0.76,0.0
20140731:0309,0.0,0.0,0.0,16.57,1.03,0.0
20140731:0409,0.0,0.0,0.0,16.11,1.1,0.0
20140731:0509,0.0,0.0,0.0,15.84,1.17,0.0
20140731:0609,926.74,27.08,5.35,16.09,1.03,0.0
20140731:0709,5102.76,99.45,17.39,18.63,0.69,0.0
20140731:0809,8363.42,151.81,29.73,20.3,0.69,0.0
20140731:0909,17260.42,296.67,42.15,21.76,0.9,0.0
20140731:1009,30714.45,526.55,54.35,23.88,1.24,0.0
20140731:1109,52166.83,923.37,65.59,25.48,1.66,0.0
20140731:1209,55964.11,1000.93,73.45,27.02,2.14,0.0
20140731:1309,56551.57,1009.79,72.4,27.99,2.62,0.0
20140731:1409,53722.02,947.77,63.48,28.18,2.97,0.0
20140731:1509,46872.04,810.49,51.94,27.69,3.24,0.0
20140731:1609,36447.18,620.26,39.66,26.65,3.38,0.0
20140731:1709,22453.5,391.89,27.23,25.36,3.24,0.0
20140731:1809,7489.05,162.2,14.93,23.9,2.97,0.0
20140731:1909,343.07,15.35,2.99,22.12,2.41,0.0
20140731:2009,0.0,0.0,0.0,20.89,1.86,0.0
20140731:2109,0.0,0.0,0.0,20.06,1.45,0.0
20140731:2209,0.0,0.0,0.0,19.28,1.38,0.0
20140731:2309,0.0,0.0,0.0,18.57,1.38,0.0
20140801:0009,0.0,0.0,0.0,18.05,1.38,0.0
20140801:0109,0.0,0.0,0.0,17.79,1.38,0.0
20140801:0209,0.0,0.0,0.0,17.46,1.45,0.0
20140801:0309,0.0,0.0,0.0,17.38,1.52,0.0
20140801:0409,0.0,0.0,0.0,17.29,1.59,0.0
20140801:0509,0.0,0.0,0.0,17.4,1.59,0.0
20140801:0609,1013.27,28.89,5.23,17.54,1.59,0.0
20140801:0709,5589.28,107.68,17.27,18.98,2.28,0.0
20140801:0809,13173.2,228.81,29.62,20.02,2.14,0.0
20140801:0909,17649.03,300.39,42.04,21.17,2.0,0.0
20140801:1009,9267.39,167.18,54.22,22.51,2.07,0.0
20140801:1109,12131.86,214.41,65.43,24.06,2.41,0.0
20140801:1209,41399.66,712.38,73.22,25.83,2.97,0.0
20140801:1309,53519.37,934.38,72.17,26.6,3.31,0.0
20140801:1409,53286.35,925.74,63.31,26.99,3.59,0.0
20140801:1509,45539.24,778.78,51.8,26.63,3.66,0.0
20140801:1609,36685.51,621.05,39.53,26.08,3.66,0.0
20140801:1709,22418.58,390.38,27.1,25.08,3.52,0.0
20140801:1809,7154.33,149.73,14.79,23.84,3.24,0.0
20140801:1909,161.67,10.83,2.84,22.06,2.83,0.0
20140801:2009,0.0,0.0,0.0,20.95,2.28,0.0
20140801:2109,0.0,0.0,0.0,20.37,1.79,0.0
20140801:2209,0.0,0.0,0.0,19.84,1.45,0.0
20140801:2309,0.0,0.0,0.0,19.64,1.31,0.0
20140802:0009,0.0,0.0,0.0,19.4,1.31,0.0
20140802:0109,0.0,0.0,0.0,19.05,1.1,0.0
20140802:0209,0.0,0.0,0.0,18.78,0.9,0.0
20140802:0309,0.0,0.0,0.0,18.82,0.9,0.0
20140802:0409,0.0,0.0,0.0,18.53,0.97,0.0
20140802:0509,0.0,0.0,0.0,18.35,0.9,0.0
20140802:0609,822.76,25.27,5.1,18.31,0.76,0.0
20140802:0709,5923.24,114.7,17.15,19.69,0.83,0.0
20140802:0809,9540.63,170.63,29.5,20.42,1.24,0.0
20140802:0909,12125.03,212.37,41.93,21.54,1.66,0.0
20140802:1009,26938.43,455.38,54.09,22.4,1.93,0.0
20140802:1109,41706.29,716.79,65.26,23.91,2.0,0.0
20140802:1209,54474.95,955.18,72.98,24.75,2.34,0.0
20140802:1309,57307.54,1007.86,71.93,25.65,2.76,0.0
20140802:1409,54724.66,951.12,63.13,26.37,3.38,0.0
20140802:1509,47662.92,812.64,51.65,26.0,3.72,0.0
20140802:1609,37301.06,627.95,39.39,25.27,3.86,0.0
20140802:1709,22814.78,395.27,26.96,24.24,3.86,0.0
20140802:1809,7319.8,159.23,14.65,22.95,3.66,0.0
20140802:1909,196.58,11.73,2.69,21.45,3.1,0.0
20140802:2009,0.0,0.0,0.0,20.31,2.48,0.0
20140802:2109,0.0,0.0,0.0,19.73,2.07,0.0
20140802:2209,0.0,0.0,0.0,19.36,1.72,0.0
20140802:2309,0.0,0.0,0.0,19.0,1.38,0.0
20140803:0009,0.0,0.0,0.0,18.1,1.31,0.0
20140803:0109,0.0,0.0,0.0,17.2,1.38,0.0
20140803:0209,0.0,0.0,0.0,17.04,1.45,0.0
20140803:0309,0.0,0.0,0.0,16.78,1.52,0.0
20140803:0409,0.0,0.0,0.0,16.5,1.59,0.0
20140803:0509,0.0,0.0,0.0,16.24,1.59,0.0
20140803:0609,880.44,26.18,4.97,15.97,1.45,0.0
20140803:0709,4979.04,123.5,17.03,17.61,0.9,0.0
20140803:0809,19324.14,343.83,29.39,20.44,1.52,0.0
20140803:0909,33843.81,571.32,41.81,22.41,2.14,0.0
20140803:1009,45066.38,769.26,53.96,24.02,2.41,0.0
20140803:1109,53614.24,933.72,65.09,25.61,2.76,0.0
20140803:1209,57078.32,1003.1,72.74,26.76,3.17,0.0
20140803:1309,58193.29,1022.59,71.69,27.39,3.59,0.0
20140803:1409,53999.81,938.71,62.94,27.52,3.79,0.0
20140803:1509,47153.63,806.47,51.49,27.19,4.0,0.0
20140803:1609,36473.75,616.83,39.25,26.43,4.0,0.0
20140803:1709,21552.56,375.78,26.82,25.5,3.66,0.0
20140803:1809,7001.78,148.42,14.5,24.23,3.31,0.0
20140803:1909,97.15,9.03,2.52,22.43,2.9,0.0
20140803:2009,0.0,0.0,0.0,21.19,2.34,0.0
20140803:2109,0.0,0.0,0.0,20.51,1.59,0.0
20140803:2209,0.0,0.0,0.0,20.11,1.1,0.0
20140803:2309,0.0,0.0,0.0,19.49,0.76,0.0
20140804:0009,0.0,0.0,0.0,19.51,0.55,0.0
20140804:0109,0.0,0.0,0.0,19.42,0.55,0.0
20140804:0209,0.0,0.0,0.0,19.52,0.41,0.0
20140804:0309,0.0,0.0,0.0,19.54,0.28,0.0
20140804:0409,0.0,0.0,0.0,19.48,0.34,0.0
20140804:0509,0.0,0.0,0.0,18.61,0.83,0.0
20140804:0609,869.06,26.18,4.84,18.19,1.1,0.0
20140804:0709,5209.02,123.95,16.91,19.68,1.1,0.0
20140804:0809,18270.65,325.0,29.28,21.2,0.76,0.0
20140804:0909,29943.31,516.15,41.7,23.11,0.41,0.0
20140804:1009,43653.13,768.3,53.83,25.28,0.76,0.0
20140804:1109,51391.13,918.43,64.92,27.22,1.52,0.0
20140804:1209,55781.95,1002.28,72.5,28.58,2.28,0.0
20140804:1309,56600.91,1010.4,71.45,29.16,2.97,0.0
20140804:1409,53307.61,937.87,62.75,29.05,3.38,0.0
20140804:1509,46351.37,801.32,51.33,28.55,3.52,0.0
20140804:1609,35627.46,608.59,39.1,27.76,3.45,0.0
20140804:1709,21604.94,379.85,26.67,26.71,3.24,0.0
20140804:1809,6879.58,147.72,14.35,25.33,2.97,0.0
20140804:1909,96.39,9.03,2.36,23.15,2.41,0.0
20140804:2009,0.0,0.0,0.0,21.76,1.86,0.0
20140804:2109,0.0,0.0,0.0,20.89,1.45,0.0
20140804:2209,0.0,0.0,0.0,20.15,0.97,0.0
20140804:2309,0.0,0.0,0.0,19.8,0.48,0.0
20140805:0009,0.0,0.0,0.0,19.61,0.21,0.0
20140805:0109,0.0,0.0,0.0,19.15,0.34,0.0
20140805:0209,0.0,0.0,0.0,18.59,0.76,0.0
20140805:0309,0.0,0.0,0.0,17.45,1.1,0.0
20140805:0409,0.0,0.0,0.0,16.74,1.31,0.0
20140805:0509,0.0,0.0,0.0,16.47,1.31,0.0
20140805:0609,831.86,25.27,4.7,16.49,1.31,0.0
20140805:0709,5464.8,126.3,16.8,18.42,0.97,0.0
20140805:0809,19104.79,342.01,29.17,21.55,1.03,0.0
20140805:0909,33446.09,574.27,41.58,24.27,1.38,0.0
20140805:1009,44619.33,777.16,53.7,26.67,1.93,0.0
20140805:1109,52461.32,933.63,64.74,28.67,2.34,0.0
20140805:1209,56633.54,1019.02,72.25,30.09,2.83,0.0
20140805:1309,57252.89,1027.45,71.19,30.87,3.38,0.0
20140805:1409,53928.47,953.95,62.56,30.84,3.86,0.0
20140805:1509,47068.63,819.38,51.17,30.26,3.86,0.0
20140805:1609,35792.92,615.76,38.95,29.38,3.66,0.0
20140805:1709,21625.43,382.52,26.52,28.21,3.45,0.0
20140805:1809,6863.64,148.38,14.19,26.59,2.97,0.0
20140805:1909,95.63,9.03,2.19,24.51,2.41,0.0
20140805:2009,0.0,0.0,0.0,22.69,2.0,0.0
20140805:2109,0.0,0.0,0.0,21.61,1.45,0.0
20140805:2209,0.0,0.0,0.0,20.64,0.97,0.0
20140805:2309,0.0,0.0,0.0,20.54,0.28,0.0
20140806:0009,0.0,0.0,0.0,19.64,0.62,0.0
20140806:0109,0.0,0.0,0.0,17.84,1.24,0.0
20140806:0209,0.0,0.0,0.0,17.04,1.45,0.0
20140806:0309,0.0,0.0,0.0,16.61,1.45,0.0
20140806:0409,0.0,0.0,0.0,16.34,1.59,0.0
20140806:0509,0.0,0.0,0.0,16.2,1.59,0.0
20140806:0609,696.76,22.57,4.57,16.12,1.59,0.0
20140806:0709,5736.52,127.59,16.68,18.78,0.83,0.0
20140806:0809,18705.56,334.55,29.05,22.0,0.9,0.0
20140806:0909,32637.0,565.55,41.46,24.49,0.69,0.0
20140806:1009,43863.37,775.54,53.56,26.71,0.97,0.0
20140806:1109,51458.68,927.13,64.56,29.02,1.66,0.0
20140806:1209,55655.95,1011.24,71.99,30.48,2.28,0.0
20140806:1309,56565.23,1019.45,70.93,30.96,3.03,0.0
20140806:1409,53694.7,951.09,62.35,30.56,3.59,0.0
20140806:1509,47111.89,817.51,51.0,29.66,3.86,0.0
20140806:1609,36482.85,624.08,38.79,28.41,3.79,0.0
20140806:1709,22400.37,394.4,26.36,27.08,3.38,0.0
20140806:1809,6972.17,155.32,14.02,25.59,2.83,0.0
20140806:1909,66.79,8.12,2.01,23.51,2.21,0.0
20140806:2009,0.0,0.0,0.0,22.11,1.52,0.0
20140806:2109,0.0,0.0,0.0,21.22,1.1,0.0
20140806:2209,0.0,0.0,0.0,20.15,0.69,0.0
20140806:2309,0.0,0.0,0.0,19.8,0.55,0.0
20140807:0009,0.0,0.0,0.0,18.61,0.9,0.0
20140807:0109,0.0,0.0,0.0,17.7,1.24,0.0
20140807:0209,0.0,0.0,0.0,17.27,1.31,0.0
20140807:0309,0.0,0.0,0.0,17.3,1.17,0.0
20140807:0409,0.0,0.0,0.0,17.47,1.17,0.0
20140807:0509,0.0,0.0,0.0,17.51,1.24,0.0
20140807:0609,735.47,23.47,4.44,17.61,1.31,0.0
20140807:0709,4935.02,123.51,16.56,18.37,1.17,0.0
20140807:0809,19601.18,349.77,28.94,20.1,0.69,0.0
20140807:0909,33729.96,582.09,41.34,22.65,0.41,0.0
20140807:1009,44680.05,784.37,53.43,25.31,1.03,0.0
20140807:1109,52461.32,937.53,64.38,27.6,1.79,0.0
20140807:1209,56402.81,1016.87,71.74,29.2,2.41,0.0
20140807:1309,57419.11,1031.43,70.67,30.0,3.03,0.0
20140807:1409,54290.51,962.06,62.15,30.06,3.45,0.0
20140807:1509,47464.06,826.25,50.82,29.6,3.59,0.0
20140807:1609,36554.96,627.29,38.62,28.69,3.59,0.0
20140807:1709,22519.53,397.22,26.2,27.43,3.31,0.0
20140807:1809,6865.16,150.17,13.86,25.85,2.83,0.0
20140807:1909,13.66,6.32,1.83,23.48,2.21,0.0
20140807:2009,0.0,0.0,0.0,22.16,1.45,0.0
20140807:2109,0.0,0.0,0.0,21.36,1.03,0.0
20140807:2209,0.0,0.0,0.0,20.46,1.03,0.0
20140807:2309,0.0,0.0,0.0,19.66,1.31,0.0
20140808:0009,0.0,0.0,0.0,19.49,1.45,0.0
20140808:0109,0.0,0.0,0.0,19.51,1.31,0.0
20140808:0209,0.0,0.0,0.0,19.39,1.38,0.0
20140808:0309,0.0,0.0,0.0,19.33,1.31,0.0
20140808:0409,0.0,0.0,0.0,19.1,1.45,0.0
20140808:0509,0.0,0.0,0.0,19.05,1.59,0.0
20140808:0609,730.16,23.47,4.31,18.87,1.66,0.0
20140808:0709,5117.94,122.66,16.44,20.05,2.0,0.0
20140808:0809,16947.71,297.66,28.82,21.82,1.72,0.0
20140808:0909,32010.07,545.55,41.23,23.32,1.52,0.0
20140808:1009,44207.96,765.94,53.29,25.48,1.79,0.0
20140808:1109,52348.23,925.84,64.2,27.03,2.14,0.0
20140808:1209,56664.66,1015.14,71.47,28.55,2.55,0.0
20140808:1309,56931.83,1017.13,70.4,29.53,3.1,0.0
20140808:1409,53162.64,937.86,61.93,29.86,3.52,0.0
20140808:1509,46176.8,799.83,50.64,29.32,3.72,0.0
20140808:1609,34985.35,598.98,38.46,28.44,3.59,0.0
20140808:1709,19688.46,347.05,26.03,27.3,3.17,0.0
20140808:1809,6116.78,128.28,13.68,25.98,2.76,0.0
20140808:1909,0.0,3.61,1.65,23.72,2.9,0.0
20140808:2009,0.0,0.0,0.0,22.27,2.41,0.0
20140808:2109,0.0,0.0,0.0,21.53,1.86,0.0
20140808:2209,0.0,0.0,0.0,21.1,1.24,0.0
20140808:2309,0.0,0.0,0.0,20.96,1.03,0.0
20140809:0009,0.0,0.0,0.0,20.88,1.1,0.0
20140809:0109,0.0,0.0,0.0,20.71,0.97,0.0
20140809:0209,0.0,0.0,0.0,20.17,1.24,0.0
20140809:0309,0.0,0.0,0.0,19.86,1.38,0.0
20140809:0409,0.0,0.0,0.0,19.52,1.45,0.0
20140809:0509,0.0,0.0,0.0,19.44,1.38,0.0
20140809:0609,683.1,22.57,4.17,19.48,1.24,0.0
20140809:0709,5993.06,124.3,16.31,20.74,1.24,0.0
20140809:0809,17308.24,307.27,28.71,22.31,0.97,0.0
20140809:0909,30425.27,523.26,41.1,24.14,0.97,0.0
20140809:1009,42926.76,751.17,53.15,26.36,1.31,0.0
20140809:1109,50968.37,908.23,64.01,28.08,1.86,0.0
20140809:1209,55515.54,995.92,71.21,29.3,2.55,0.0
20140809:1309,55945.13,998.48,70.13,29.94,3.17,0.0
20140809:1409,52027.17,914.29,61.71,29.81,3.66,0.0
20140809:1509,44880.43,773.84,50.45,29.1,3.93,0.0
20140809:1609,33931.1,578.51,38.28,28.06,3.86,0.0
20140809:1709,19664.93,345.5,25.86,26.82,3.59,0.0
20140809:1809,6229.11,133.49,13.5,25.54,3.17,0.0
20140809:1909,0.0,4.51,1.46,23.82,2.69,0.0
20140809:2009,0.0,0.0,0.0,22.67,1.93,0.0
20140809:2109,0.0,0.0,0.0,22.06,1.24,0.0
20140809:2209,0.0,0.0,0.0,21.5,1.17,0.0
20140809:2309,0.0,0.0,0.0,20.99,1.17,0.0
20140810:0009,0.0,0.0,0.0,20.49,1.03,0.0
20140810:0109,0.0,0.0,0.0,20.1,0.97,0.0
20140810:0209,0.0,0.0,0.0,19.93,0.69,0.0
20140810:0309,0.0,0.0,0.0,20.38,0.34,0.0
20140810:0409,0.0,0.0,0.0,20.28,0.28,0.0
20140810:0509,0.0,0.0,0.0,19.93,0.41,0.0
20140810:0609,595.06,20.76,4.04,19.69,0.41,0.0
20140810:0709,5246.97,122.79,16.19,20.27,0.07,0.0
20140810:0809,16733.67,295.53,28.59,22.16,1.1,0.0
20140810:0909,27138.8,462.3,40.98,24.21,2.0,0.0
20140810:1009,37520.41,642.02,53.01,25.8,2.55,0.0
20140810:1109,49901.21,870.35,63.82,27.02,2.83,0.0
20140810:1209,56606.98,1003.71,70.94,28.18,3.03,0.0
20140810:1309,56959.16,1011.73,69.85,29.06,3.31,0.0
20140810:1409,53277.25,936.58,61.48,29.4,3.59,0.0
20140810:1509,46394.63,802.67,50.26,29.11,3.72,0.0
20140810:1609,35301.85,603.51,38.1,28.3,3.66,0.0
20140810:1709,21019.75,370.16,25.68,27.03,3.38,0.0
20140810:1809,6070.48,128.97,13.32,25.31,3.17,0.0
20140810:1909,0.0,0.0,0.0,22.99,2.76,0.0
20140810:2009,0.0,0.0,0.0,21.64,2.34,0.0
20140810:2109,0.0,0.0,0.0,20.91,1.86,0.0
20140810:2209,0.0,0.0,0.0,20.57,1.24,0.0
20140810:2309,0.0,0.0,0.0,20.15,0.55,0.0
20140811:0009,0.0,0.0,0.0,19.91,0.48,0.0
20140811:0109,0.0,0.0,0.0,20.0,0.41,0.0
20140811:0209,0.0,0.0,0.0,19.66,0.55,0.0
20140811:0309,0.0,0.0,0.0,19.26,0.69,0.0
20140811:0409,0.0,0.0,0.0,19.42,0.48,0.0
20140811:0509,0.0,0.0,0.0,19.27,0.41,0.0
20140811:0609,554.83,19.86,3.91,18.95,0.28,0.0
20140811:0709,4849.25,121.69,16.07,19.41,0.41,0.0
20140811:0809,19529.07,349.73,28.47,21.66,1.1,0.0
20140811:0909,33707.95,576.62,40.86,23.61,1.38,0.0
20140811:1009,45234.12,788.7,52.86,25.5,1.52,0.0
20140811:1109,52843.1,942.44,63.62,27.38,1.86,0.0
20140811:1209,56918.93,1028.29,70.66,28.96,2.28,0.0
20140811:1309,57315.88,1030.39,69.56,29.63,2.83,0.0
20140811:1409,54796.76,970.58,61.25,29.71,3.38,0.0
20140811:1509,47433.71,822.5,50.06,29.08,3.66,0.0
20140811:1609,36384.94,621.77,37.92,28.06,3.66,0.0
20140811:1709,21301.34,373.91,25.5,26.64,3.59,0.0
20140811:1809,6025.7,127.29,13.13,24.87,3.24,0.0
20140811:1909,0.0,0.0,0.0,22.8,2.55,0.0
20140811:2009,0.0,0.0,0.0,21.58,2.07,0.0
20140811:2109,0.0,0.0,0.0,20.89,1.59,0.0
20140811:2209,0.0,0.0,0.0,20.53,1.24,0.0
20140811:2309,0.0,0.0,0.0,20.15,0.9,0.0
20140812:0009,0.0,0.0,0.0,19.96,0.62,0.0
20140812:0109,0.0,0.0,0.0,19.44,0.83,0.0
20140812:0209,0.0,0.0,0.0,19.37,0.9,0.0
20140812:0309,0.0,0.0,0.0,19.43,0.76,0.0
20140812:0409,0.0,0.0,0.0,19.52,0.55,0.0
20140812:0509,0.0,0.0,0.0,19.54,0.28,0.0
20140812:0609,471.34,18.05,3.77,18.84,0.83,0.0
20140812:0709,6085.66,122.31,15.95,19.54,1.03,0.0
20140812:0809,16779.21,294.4,28.35,20.95,0.83,0.0
20140812:0909,33678.35,582.08,40.74,22.85,0.34,0.0
20140812:1009,44475.88,783.7,52.71,25.1,0.76,0.0
20140812:1109,52602.5,942.13,63.42,27.22,1.59,0.0
20140812:1209,56411.92,1016.37,70.38,28.64,2.28,0.0
20140812:1309,57183.06,1028.84,69.27,29.39,2.69,0.0
20140812:1409,54233.59,963.53,61.01,29.55,3.03,0.0
20140812:1509,46906.96,816.34,49.86,29.18,3.31,0.0
20140812:1609,36268.06,620.91,37.73,28.21,3.52,0.0
20140812:1709,21882.73,384.82,25.31,26.79,3.45,0.0
20140812:1809,6539.54,147.18,12.94,25.29,2.9,0.0
20140812:1909,0.0,0.0,0.0,23.01,2.21,0.0
20140812:2009,0.0,0.0,0.0,21.84,1.52,0.0
20140812:2109,0.0,0.0,0.0,21.14,0.9,0.0
20140812:2209,0.0,0.0,0.0,20.31,0.62,0.0
20140812:2309,0.0,0.0,0.0,19.34,0.9,0.0
20140813:0009,0.0,0.0,0.0,18.1,1.38,0.0
20140813:0109,0.0,0.0,0.0,17.46,1.52,0.0
20140813:0209,0.0,0.0,0.0,16.97,1.52,0.0
20140813:0309,0.0,0.0,0.0,16.59,1.52,0.0
20140813:0409,0.0,0.0,0.0,16.35,1.52,0.0
20140813:0509,0.0,0.0,0.0,16.19,1.38,0.0
20140813:0609,478.93,18.05,3.64,16.18,1.38,0.0
20140813:0709,5996.86,120.46,15.83,18.74,0.69,0.0
20140813:0809,12271.51,217.22,28.24,22.16,1.03,0.0
20140813:0909,15590.62,271.68,40.61,24.55,1.72,0.0
20140813:1009,19428.88,337.59,52.57,26.51,2.0,0.0
20140813:1109,52468.15,929.63,63.22,28.23,2.48,0.0
20140813:1209,56994.83,1018.07,70.1,29.43,3.1,0.0
20140813:1309,57634.67,1026.26,68.98,30.02,3.66,0.0
20140813:1409,54370.21,955.37,60.77,29.93,4.07,0.0
20140813:1509,47437.5,817.95,49.65,29.25,4.34,0.0
20140813:1609,36453.25,620.18,37.53,28.11,4.34,0.0
20140813:1709,22199.23,389.82,25.12,26.79,3.86,0.0
20140813:1809,6106.16,132.23,12.75,25.32,3.31,0.0
20140813:1909,0.0,0.0,0.0,23.35,2.69,0.0
20140813:2009,0.0,0.0,0.0,22.15,2.0,0.0
20140813:2109,0.0,0.0,0.0,21.5,1.45,0.0
20140813:2209,0.0,0.0,0.0,20.93,1.17,0.0
20140813:2309,0.0,0.0,0.0,20.23,0.76,0.0
20140814:0009,0.0,0.0,0.0,20.48,0.21,0.0
20140814:0109,0.0,0.0,0.0,19.91,0.48,0.0
20140814:0209,0.0,0.0,0.0,18.56,1.17,0.0
20140814:0309,0.0,0.0,0.0,18.22,1.17,0.0
20140814:0409,0.0,0.0,0.0,18.19,1.17,0.0
20140814:0509,0.0,0.0,0.0,17.95,1.17,0.0
20140814:0609,432.63,17.15,3.5,17.85,1.03,0.0
20140814:0709,4842.42,122.25,15.71,18.55,0.83,0.0
20140814:0809,19757.53,352.5,28.12,20.22,0.41,0.0
20140814:0909,34205.09,590.69,40.49,22.99,0.48,0.0
20140814:1009,45421.6,801.16,52.42,25.88,1.03,0.0
20140814:1109,52498.51,946.59,63.02,28.38,1.59,0.0
20140814:1209,57130.69,1043.06,69.82,30.13,2.14,0.0
20140814:1309,57598.99,1045.3,68.68,31.08,2.83,0.0
20140814:1409,54917.44,977.91,60.52,31.05,3.59,0.0
20140814:1509,47913.39,832.72,49.43,30.11,4.07,0.0
20140814:1609,37402.76,638.92,37.33,28.7,4.28,0.0
20140814:1709,22350.27,392.89,24.93,27.18,4.07,0.0
20140814:1809,6476.55,147.18,12.55,25.52,3.45,0.0
20140814:1909,0.0,0.0,0.0,23.5,2.48,0.0
20140814:2009,0.0,0.0,0.0,22.02,1.93,0.0
20140814:2109,0.0,0.0,0.0,21.09,1.66,0.0
20140814:2209,0.0,0.0,0.0,20.17,1.03,0.0
20140814:2309,0.0,0.0,0.0,20.36,0.34,0.0
20140815:0009,0.0,0.0,0.0,19.87,0.48,0.0
20140815:0109,0.0,0.0,0.0,18.37,1.1,0.0
20140815:0209,0.0,0.0,0.0,16.94,1.52,0.0
20140815:0309,0.0,0.0,0.0,16.25,1.52,0.0
20140815:0409,0.0,0.0,0.0,15.86,1.45,0.0
20140815:0509,0.0,0.0,0.0,15.54,1.45,0.0
20140815:0609,398.48,16.25,3.37,15.37,1.45,0.0
20140815:0709,4856.84,122.95,15.58,18.07,0.69,0.0
20140815:0809,19826.6,357.1,28.0,21.66,0.21,0.0
20140815:0909,34240.01,594.77,40.36,24.72,0.69,0.0
20140815:1009,45376.06,801.94,52.26,27.18,1.31,0.0
20140815:1109,52255.63,942.28,62.81,29.14,1.79,0.0
20140815:1209,56881.74,1038.56,69.53,30.67,2.28,0.0
20140815:1309,56813.43,1033.88,68.37,31.57,2.76,0.0
20140815:1409,54147.06,973.03,60.26,31.88,3.17,0.0
20140815:1509,47262.17,833.24,49.21,31.57,3.38,0.0
20140815:1609,36410.75,631.67,37.13,30.65,3.45,0.0
20140815:1709,22011.76,391.93,24.73,29.13,3.38,0.0
20140815:1809,6326.26,145.66,12.34,27.23,2.83,0.0
20140815:1909,0.0,0.0,0.0,24.74,2.34,0.0
20140815:2009,0.0,0.0,0.0,23.15,1.72,0.0
20140815:2109,0.0,0.0,0.0,22.27,1.24,0.0
20140815:2209,0.0,0.0,0.0,21.28,0.97,0.0
20140815:2309,0.0,0.0,0.0,20.37,0.9,0.0
20140816:0009,0.0,0.0,0.0,20.16,0.9,0.0
20140816:0109,0.0,0.0,0.0,19.79,0.97,0.0
20140816:0209,0.0,0.0,0.0,19.24,1.1,0.0
20140816:0309,0.0,0.0,0.0,18.22,1.52,0.0
20140816:0409,0.0,0.0,0.0,17.85,1.38,0.0
20140816:0509,0.0,0.0,0.0,17.55,1.45,0.0
20140816:0609,352.94,15.35,3.24,17.82,1.45,0.0
20140816:0709,4909.21,122.47,15.46,18.61,0.83,0.0
20140816:0809,19693.77,354.66,27.88,22.4,0.55,0.0
20140816:0909,33673.04,587.47,40.23,25.14,0.48,0.0
20140816:1009,45050.44,796.8,52.11,27.69,1.38,0.0
20140816:1109,52355.06,940.89,62.6,29.71,2.14,0.0
20140816:1209,56790.66,1030.87,69.23,31.06,2.69,0.0
20140816:1309,56698.06,1025.92,68.06,31.84,3.17,0.0
20140816:1409,53945.17,965.0,60.0,32.03,3.52,0.0
20140816:1509,47258.38,829.59,48.99,31.65,3.79,0.0
20140816:1609,36076.03,624.51,36.92,30.72,3.72,0.0
20140816:1709,21580.65,384.72,24.52,29.39,3.45,0.0
20140816:1809,6100.84,139.57,12.13,27.59,2.97,0.0
20140816:1909,0.0,0.0,0.0,25.51,2.14,0.0
20140816:2009,0.0,0.0,0.0,23.92,1.38,0.0
20140816:2109,0.0,0.0,0.0,22.97,0.76,0.0
20140816:2209,0.0,0.0,0.0,21.85,1.31,0.0
20140816:2309,0.0,0.0,0.0,20.92,1.52,0.0
20140817:0009,0.0,0.0,0.0,20.36,1.66,0.0
20140817:0109,0.0,0.0,0.0,20.07,1.72,0.0
20140817:0209,0.0,0.0,0.0,19.77,1.59,0.0
20140817:0309,0.0,0.0,0.0,19.44,1.24,0.0
20140817:0409,0.0,0.0,0.0,19.32,1.03,0.0
20140817:0509,0.0,0.0,0.0,19.76,0.83,0.0
20140817:0609,235.29,12.64,3.1,19.47,0.9,0.0
20140817:0709,5314.52,106.73,15.34,21.21,0.41,0.0
20140817:0809,14310.95,255.0,27.76,23.63,0.28,0.0
20140817:0909,32575.52,572.83,40.1,26.61,0.34,0.0
20140817:1009,42980.65,776.84,51.95,29.24,0.48,0.0
20140817:1109,50999.49,938.45,62.39,31.34,1.24,0.0
20140817:1209,55322.75,1023.21,68.94,32.72,2.0,0.0
20140817:1309,55955.76,1029.32,67.75,33.34,2.55,0.0
20140817:1409,52396.81,951.52,59.74,33.41,2.76,0.0
20140817:1509,45020.84,802.39,48.76,33.14,2.83,0.0
20140817:1609,34128.44,599.38,36.71,32.32,2.76,0.0
20140817:1709,19977.64,360.28,24.31,30.97,2.76,0.0
20140817:1809,5621.91,127.49,11.92,29.06,2.69,0.0
20140817:1909,0.0,0.0,0.0,26.93,2.41,0.0
20140817:2009,0.0,0.0,0.0,25.3,2.48,0.0
20140817:2109,0.0,0.0,0.0,24.27,2.62,0.0
20140817:2209,0.0,0.0,0.0,23.55,2.69,0.0
20140817:2309,0.0,0.0,0.0,23.07,2.76,0.0
20140818:0009,0.0,0.0,0.0,22.65,2.55,0.0
20140818:0109,0.0,0.0,0.0,22.24,2.48,0.0
20140818:0209,0.0,0.0,0.0,21.97,2.48,0.0
20140818:0309,0.0,0.0,0.0,21.71,2.21,0.0
20140818:0409,0.0,0.0,0.0,21.7,2.0,0.0
20140818:0509,0.0,0.0,0.0,21.49,1.93,0.0
20140818:0609,306.64,14.44,2.97,21.26,1.93,0.0
20140818:0709,4973.73,120.53,15.21,21.76,1.93,0.0
20140818:0809,19048.62,339.59,27.64,23.48,2.62,0.0
20140818:0909,33692.77,572.41,39.97,25.22,2.83,0.0
20140818:1009,45592.37,785.29,51.79,26.75,2.9,0.0
20140818:1109,52853.72,927.82,62.17,27.98,3.03,0.0
20140818:1209,56795.97,1011.08,68.64,29.12,3.17,0.0
20140818:1309,56432.41,1004.43,67.43,29.69,3.38,0.0
20140818:1409,53539.86,944.38,59.47,29.58,3.45,0.0
20140818:1509,45921.78,796.09,48.52,29.06,3.45,0.0
20140818:1609,33970.56,582.23,36.49,28.28,3.24,0.0
20140818:1709,19369.68,342.3,24.1,27.06,2.97,0.0
20140818:1809,5302.37,115.74,11.7,25.52,2.69,0.0
20140818:1909,0.0,0.0,0.0,23.74,2.55,0.0
20140818:2009,0.0,0.0,0.0,22.31,2.55,0.0
20140818:2109,0.0,0.0,0.0,21.54,2.28,0.0
20140818:2209,0.0,0.0,0.0,21.28,2.14,0.0
20140818:2309,0.0,0.0,0.0,21.28,2.07,0.0
20140819:0009,0.0,0.0,0.0,21.3,2.07,0.0
20140819:0109,0.0,0.0,0.0,21.24,2.0,0.0
20140819:0209,0.0,0.0,0.0,21.21,1.72,0.0
20140819:0309,0.0,0.0,0.0,21.1,1.45,0.0
20140819:0409,0.0,0.0,0.0,20.87,1.03,0.0
20140819:0509,0.0,0.0,0.0,20.79,0.83,0.0
20140819:0609,270.2,13.54,2.83,20.74,0.69,0.0
20140819:0709,4953.99,120.19,15.09,21.0,0.28,0.0
20140819:0809,18180.33,324.07,27.51,21.93,0.28,0.0
20140819:0909,33440.02,576.57,39.84,23.27,0.55,0.0
20140819:1009,44747.6,782.18,51.63,25.06,1.17,0.0
20140819:1109,52131.16,923.31,61.95,26.83,2.0,0.0
20140819:1209,56667.7,1011.79,68.33,27.87,2.55,0.0
20140819:1309,56692.75,1010.65,67.11,28.16,2.76,0.0
20140819:1409,54121.25,955.26,59.19,28.29,2.97,0.0
20140819:1509,47028.4,814.97,48.28,27.98,3.1,0.0
20140819:1609,35962.18,613.87,36.27,27.1,3.1,0.0
20140819:1709,21250.48,373.32,23.88,25.77,3.03,0.0
20140819:1809,5772.95,131.9,11.48,24.08,2.97,0.0
20140819:1909,0.0,0.0,0.0,21.68,2.62,0.0
20140819:2009,0.0,0.0,0.0,20.4,2.0,0.0
20140819:2109,0.0,0.0,0.0,19.8,1.31,0.0
20140819:2209,0.0,0.0,0.0,19.18,0.76,0.0
20140819:2309,0.0,0.0,0.0,18.41,0.76,0.0
20140820:0009,0.0,0.0,0.0,17.65,0.97,0.0
20140820:0109,0.0,0.0,0.0,17.12,1.1,0.0
20140820:0209,0.0,0.0,0.0,16.6,1.24,0.0
20140820:0309,0.0,0.0,0.0,16.05,1.38,0.0
20140820:0409,0.0,0.0,0.0,15.64,1.52,0.0
20140820:0509,0.0,0.0,0.0,15.39,1.52,0.0
20140820:0609,242.88,12.64,2.7,15.29,1.52,0.0
20140820:0709,4963.1,121.21,14.96,17.01,1.24,0.0
20140820:0809,20089.21,355.39,27.39,20.49,1.45,0.0
20140820:0909,34634.69,589.75,39.7,23.04,1.52,0.0
20140820:1009,45812.48,799.79,51.47,25.53,1.52,0.0
20140820:1109,52937.97,945.16,61.73,27.69,1.93,0.0
20140820:1209,56993.31,1028.97,68.02,29.2,2.41,0.0
20140820:1309,57067.69,1028.23,66.78,30.05,2.83,0.0
20140820:1409,54229.79,966.08,58.91,30.2,3.1,0.0
20140820:1509,47127.07,823.55,48.03,29.77,3.24,0.0
20140820:1609,35981.91,619.93,36.04,28.88,3.1,0.0
20140820:1709,21232.27,376.66,23.66,27.57,2.9,0.0
20140820:1809,5666.69,130.38,11.25,25.79,2.62,0.0
20140820:1909,0.0,0.0,0.0,23.05,2.14,0.0
20140820:2009,0.0,0.0,0.0,21.6,1.52,0.0
20140820:2109,0.0,0.0,0.0,20.72,0.83,0.0
20140820:2209,0.0,0.0,0.0,20.25,0.34,0.0
20140820:2309,0.0,0.0,0.0,19.64,0.34,0.0
20140821:0009,0.0,0.0,0.0,19.1,0.48,0.0
20140821:0109,0.0,0.0,0.0,18.72,0.62,0.0
20140821:0209,0.0,0.0,0.0,18.47,0.62,0.0
20140821:0309,0.0,0.0,0.0,18.24,0.55,0.0
20140821:0409,0.0,0.0,0.0,18.11,0.48,0.0
20140821:0509,0.0,0.0,0.0,18.16,0.21,0.0
20140821:0609,201.89,11.73,2.56,18.05,0.62,0.0
20140821:0709,5183.21,120.92,14.84,18.74,0.48,0.0
20140821:0809,19254.31,343.09,27.27,20.89,0.34,0.0
20140821:0909,0.0,0.0,0.0,23.64,0.9,0.0
20140821:1009,45127.86,791.66,51.31,26.02,1.31,0.0
20140821:1109,52694.33,946.07,61.5,28.09,1.72,0.0
20140821:1209,56154.62,1017.85,67.71,29.56,2.21,0.0
20140821:1309,56931.07,1028.22,66.45,30.37,2.76,0.0
20140821:1409,53640.05,954.52,58.62,30.41,3.17,0.0
20140821:1509,46682.3,812.95,47.78,29.7,3.45,0.0
20140821:1609,35254.03,604.48,35.81,28.48,3.38,0.0
20140821:1709,20304.77,358.93,23.43,27.05,3.17,0.0
20140821:1809,5432.92,123.49,11.02,25.36,2.69,0.0
20140821:1909,0.0,0.0,0.0,23.47,2.41,0.0
20140821:2009,0.0,0.0,0.0,22.07,1.86,0.0
20140821:2109,0.0,0.0,0.0,21.25,1.45,0.0
20140821:2209,0.0,0.0,0.0,20.59,1.17,0.0
20140821:2309,0.0,0.0,0.0,19.77,0.83,0.0
20140822:0009,0.0,0.0,0.0,19.5,0.69,0.0
20140822:0109,0.0,0.0,0.0,19.07,0.83,0.0
20140822:0209,0.0,0.0,0.0,18.63,0.9,0.0
20140822:0309,0.0,0.0,0.0,18.34,1.03,0.0
20140822:0409,0.0,0.0,0.0,19.23,0.48,0.0
20140822:0509,0.0,0.0,0.0,19.12,0.55,0.0
20140822:0609,132.07,9.93,2.43,19.38,0.28,0.0
20140822:0709,5516.41,114.78,14.72,19.77,1.1,0.0
20140822:0809,18413.34,325.61,27.15,21.34,1.17,0.0
20140822:0909,31729.24,539.75,39.43,23.03,1.38,0.0
20140822:1009,43645.54,754.15,51.14,24.77,1.66,0.0
20140822:1109,52196.43,920.5,61.27,26.39,2.07,0.0
20140822:1209,56112.11,996.91,67.4,27.5,2.62,0.0
20140822:1309,58047.56,1029.62,66.12,28.08,3.17,0.0
20140822:1409,53812.34,938.66,58.33,28.0,3.66,0.0
20140822:1509,45801.86,783.8,47.53,27.35,3.79,0.0
20140822:1609,24051.95,409.65,35.57,26.47,3.59,0.0
20140822:1709,19500.23,342.07,23.2,25.33,3.24,0.0
20140822:1809,4979.04,111.58,10.79,23.95,2.9,0.0
20140822:1909,0.0,0.0,0.0,22.14,2.41,0.0
20140822:2009,0.0,0.0,0.0,21.05,2.21,0.0
20140822:2109,0.0,0.0,0.0,20.4,1.66,0.0
20140822:2209,0.0,0.0,0.0,19.89,1.24,0.0
20140822:2309,0.0,0.0,0.0,19.26,0.76,0.0
20140823:0009,0.0,0.0,0.0,19.42,0.41,0.0
20140823:0109,0.0,0.0,0.0,19.33,0.14,0.0
20140823:0209,0.0,0.0,0.0,19.0,0.41,0.0
20140823:0309,0.0,0.0,0.0,17.59,1.03,0.0
20140823:0409,0.0,0.0,0.0,16.62,1.38,0.0
20140823:0509,0.0,0.0,0.0,16.19,1.31,0.0
20140823:0609,135.86,9.93,2.29,15.95,1.24,0.0
20140823:0709,4935.78,120.36,14.59,18.07,0.62,0.0
20140823:0809,19541.97,348.72,27.02,20.93,0.28,0.0
20140823:0909,34073.03,584.34,39.3,23.32,0.97,0.0
20140823:1009,45468.65,793.31,50.97,25.38,1.45,0.0
20140823:1109,52752.02,936.25,61.04,27.22,2.07,0.0
20140823:1209,56931.07,1018.75,67.08,28.59,2.69,0.0
20140823:1309,56985.72,1017.6,65.78,29.34,3.1,0.0
20140823:1409,54365.65,958.89,58.04,29.62,3.59,0.0
20140823:1509,47233.33,815.93,47.27,29.25,4.07,0.0
20140823:1609,35758.77,608.16,35.33,27.98,4.21,0.0
20140823:1709,21002.29,369.6,22.97,26.56,3.93,0.0
20140823:1809,5425.33,127.07,10.55,25.01,3.31,0.0
20140823:1909,0.0,0.0,0.0,23.12,2.62,0.0
20140823:2009,0.0,0.0,0.0,21.79,2.07,0.0
20140823:2109,0.0,0.0,0.0,20.96,1.72,0.0
20140823:2209,0.0,0.0,0.0,20.39,1.31,0.0
20140823:2309,0.0,0.0,0.0,19.49,1.1,0.0
20140824:0009,0.0,0.0,0.0,19.46,0.83,0.0
20140824:0109,0.0,0.0,0.0,19.24,0.76,0.0
20140824:0209,0.0,0.0,0.0,19.37,0.62,0.0
20140824:0309,0.0,0.0,0.0,19.32,0.28,0.0
20140824:0409,0.0,0.0,0.0,19.11,0.21,0.0
20140824:0509,0.0,0.0,0.0,18.87,0.41,0.0
20140824:0609,100.95,9.03,2.16,18.32,0.62,0.0
20140824:0709,5536.91,118.7,14.47,18.62,0.55,0.0
20140824:0809,19257.35,343.21,26.9,21.25,0.34,0.0
20140824:0909,34107.18,585.22,39.16,23.76,1.1,0.0
20140824:1009,45305.47,793.22,50.8,26.05,1.45,0.0
20140824:1109,52586.56,941.45,60.8,28.11,1.86,0.0
20140824:1209,56571.31,1024.12,66.76,29.64,2.34,0.0
20140824:1309,56629.75,1021.89,65.44,30.51,2.83,0.0
20140824:1409,53683.31,957.4,57.74,30.81,3.17,0.0
20140824:1509,46383.25,809.56,47.01,30.34,3.52,0.0
20140824:1609,35205.46,606.29,35.08,29.45,3.45,0.0
20140824:1709,20387.5,362.93,22.73,28.16,3.17,0.0
20140824:1809,5104.28,120.71,10.31,26.57,2.62,0.0
20140824:1909,0.0,0.0,0.0,24.47,2.0,0.0
20140824:2009,0.0,0.0,0.0,23.1,1.52,0.0
20140824:2109,0.0,0.0,0.0,22.32,1.17,0.0
20140824:2209,0.0,0.0,0.0,21.53,1.31,0.0
20140824:2309,0.0,0.0,0.0,20.81,1.45,0.0
20140825:0009,0.0,0.0,0.0,20.3,1.45,0.0
20140825:0109,0.0,0.0,0.0,19.95,1.45,0.0
20140825:0209,0.0,0.0,0.0,19.76,1.38,0.0
20140825:0309,0.0,0.0,0.0,19.51,1.31,0.0
20140825:0409,0.0,0.0,0.0,19.31,1.31,0.0
20140825:0509,0.0,0.0,0.0,19.27,1.31,0.0
20140825:0609,41.74,7.22,2.02,19.26,1.24,0.0
20140825:0709,5427.61,114.81,14.34,20.51,1.03,0.0
20140825:0809,19134.39,342.29,26.77,22.88,0.9,0.0
20140825:0909,33087.85,574.59,39.02,25.48,0.76,0.0
20140825:1009,44006.06,779.77,50.62,27.86,1.17,0.0
20140825:1109,51543.69,930.63,60.56,29.84,1.79,0.0
20140825:1209,55359.94,1006.21,66.43,31.09,2.41,0.0
20140825:1309,55287.84,1003.41,65.09,31.66,2.69,0.0
20140825:1409,51989.22,933.97,57.43,31.85,2.83,0.0
20140825:1509,44657.28,788.11,46.74,31.62,2.9,0.0
20140825:1609,32995.25,574.26,34.84,30.69,2.76,0.0
20140825:1709,18724.53,337.07,22.49,29.47,2.34,0.0
20140825:1809,4475.06,104.37,10.07,27.92,1.86,0.0
20140825:1909,0.0,0.0,0.0,25.88,1.59,0.0
20140825:2009,0.0,0.0,0.0,24.2,1.66,0.0
20140825:2109,0.0,0.0,0.0,23.03,1.52,0.0
20140825:2209,0.0,0.0,0.0,22.13,1.45,0.0
20140825:2309,0.0,0.0,0.0,21.41,1.1,0.0
20140826:0009,0.0,0.0,0.0,20.7,0.76,0.0
20140826:0109,0.0,0.0,0.0,20.13,1.1,0.0
20140826:0209,0.0,0.0,0.0,19.79,1.17,0.0
20140826:0309,0.0,0.0,0.0,19.43,1.17,0.0
20140826:0409,0.0,0.0,0.0,19.08,1.31,0.0
20140826:0509,0.0,0.0,0.0,18.85,1.38,0.0
20140826:0609,41.74,7.22,1.89,18.57,1.45,0.0
20140826:0709,5191.56,118.98,14.22,19.81,1.03,0.0
20140826:0809,18751.1,335.2,26.64,23.25,0.9,0.0
20140826:0909,32929.22,573.47,38.88,25.88,0.69,0.0
20140826:1009,43670.58,776.48,50.45,28.36,1.1,0.0
20140826:1109,51361.53,931.61,60.32,30.48,1.72,0.0
20140826:1209,55227.12,1007.21,66.11,31.73,2.41,0.0
20140826:1309,55415.35,1004.32,64.75,32.15,2.97,0.0
20140826:1409,52254.11,934.86,57.12,32.06,3.24,0.0
20140826:1509,43968.87,772.56,46.46,31.5,3.17,0.0
20140826:1609,32114.05,558.12,34.58,30.67,2.9,0.0
20140826:1709,13044.93,237.12,22.24,29.54,2.62,0.0
20140826:1809,4078.11,94.21,9.82,27.82,2.14,0.0
20140826:1909,0.0,0.0,0.0,25.53,2.0,0.0
20140826:2009,0.0,0.0,0.0,23.92,1.59,0.0
20140826:2109,0.0,0.0,0.0,23.01,1.1,0.0
20140826:2209,0.0,0.0,0.0,22.11,0.76,0.0
20140826:2309,0.0,0.0,0.0,21.58,0.62,0.0
20140827:0009,0.0,0.0,0.0,21.62,0.55,0.0
20140827:0109,0.0,0.0,0.0,21.11,0.62,0.0
20140827:0209,0.0,0.0,0.0,20.84,0.69,0.0
20140827:0309,0.0,0.0,0.0,20.47,0.76,0.0
20140827:0409,0.0,0.0,0.0,19.61,1.03,0.0
20140827:0509,0.0,0.0,0.0,19.08,1.24,0.0
20140827:0609,15.18,6.32,1.75,18.98,1.24,0.0
20140827:0709,5184.73,117.44,14.09,20.98,0.69,0.0
20140827:0809,18244.84,329.02,26.51,24.18,0.14,0.0
20140827:0909,32010.07,563.87,38.73,27.69,0.48,0.0
20140827:1009,42669.46,767.88,50.27,30.62,1.03,0.0
20140827:1109,48757.4,893.06,60.07,32.85,1.66,0.0
20140827:1209,54763.37,1012.87,65.78,34.12,2.34,0.0
20140827:1309,54688.23,1003.05,64.39,34.51,2.97,0.0
20140827:1409,50185.84,904.53,56.81,34.26,3.38,0.0
20140827:1509,43929.4,775.99,46.19,33.46,3.66,0.0
20140827:1609,32696.96,570.41,34.33,32.22,3.45,0.0
20140827:1709,18035.36,325.89,21.99,30.68,3.1,0.0
20140827:1809,4092.53,95.97,9.57,28.77,2.48,0.0
20140827:1909,0.0,0.0,0.0,26.23,1.72,0.0
20140827:2009,0.0,0.0,0.0,24.85,1.24,0.0
20140827:2109,0.0,0.0,0.0,24.01,0.9,0.0
20140827:2209,0.0,0.0,0.0,22.92,0.76,0.0
20140827:2309,0.0,0.0,0.0,22.79,0.34,0.0
20140828:0009,0.0,0.0,0.0,22.47,0.34,0.0
20140828:0109,0.0,0.0,0.0,22.1,0.48,0.0
20140828:0209,0.0,0.0,0.0,21.49,0.76,0.0
20140828:0309,0.0,0.0,0.0,21.68,0.55,0.0
20140828:0409,0.0,0.0,0.0,21.61,0.34,0.0
20140828:0509,0.0,0.0,0.0,21.48,0.41,0.0
20140828:0609,0.0,4.51,1.62,21.18,0.55,0.0
20140828:0709,5290.23,114.28,13.96,20.7,1.1,0.0
20140828:0809,18166.66,326.14,26.39,24.58,0.83,0.0
20140828:0909,27849.23,483.56,38.59,27.41,1.38,0.0
20140828:1009,43340.42,760.19,50.09,29.45,2.34,0.0
20140828:1109,50307.28,900.9,59.83,31.05,2.55,0.0
20140828:1209,53817.65,977.56,65.44,32.33,2.69,0.0
20140828:1309,47287.98,851.86,64.04,33.13,2.83,0.0
20140828:1409,42006.86,754.36,56.49,33.79,2.55,0.0
20140828:1509,38907.86,695.0,45.91,34.02,2.41,0.0
20140828:1609,10430.18,194.69,34.06,33.18,2.41,0.0
20140828:1709,14206.2,260.01,21.74,31.37,2.28,0.0
20140828:1809,3196.15,75.11,9.31,29.2,2.14,0.0
20140828:1909,0.0,0.0,0.0,25.52,2.14,0.0
20140828:2009,0.0,0.0,0.0,24.62,1.45,0.0
20140828:2109,0.0,0.0,0.0,24.37,1.79,0.0
20140828:2209,0.0,0.0,0.0,23.98,1.59,0.0
20140828:2309,0.0,0.0,0.0,23.41,1.03,0.0
20140829:0009,0.0,0.0,0.0,22.73,1.31,0.0
20140829:0109,0.0,0.0,0.0,22.19,1.59,0.0
20140829:0209,0.0,0.0,0.0,21.83,1.52,0.0
20140829:0309,0.0,0.0,0.0,21.31,0.97,0.0
20140829:0409,0.0,0.0,0.0,22.07,0.34,0.0
20140829:0509,0.0,0.0,0.0,21.76,0.34,0.0
20140829:0609,0.0,4.51,1.48,20.2,1.03,0.0
20140829:0709,4951.72,117.77,13.84,21.88,0.14,0.0
20140829:0809,18552.24,332.54,26.26,24.38,1.1,0.0
20140829:0909,32315.18,558.2,38.44,26.76,1.66,0.0
20140829:1009,43740.41,768.49,49.9,29.02,2.07,0.0
20140829:1109,51778.98,927.0,59.57,30.81,2.62,0.0
20140829:1209,55841.15,1007.16,65.11,32.15,3.31,0.0
20140829:1309,55533.75,995.87,63.68,32.37,3.79,0.0
20140829:1409,52383.9,926.12,56.17,32.02,4.21,0.0
20140829:1509,44289.17,768.03,45.62,31.21,4.41,0.0
20140829:1609,32718.97,561.86,33.8,29.92,4.07,0.0
20140829:1709,11725.03,213.36,21.48,28.52,3.45,0.0
20140829:1809,3971.09,94.87,9.05,26.94,2.62,0.0
20140829:1909,0.0,0.0,0.0,25.14,1.38,0.0
20140829:2009,0.0,0.0,0.0,24.24,1.03,0.0
20140829:2109,0.0,0.0,0.0,23.55,1.17,0.0
20140829:2209,0.0,0.0,0.0,22.57,1.38,0.0
20140829:2309,0.0,0.0,0.0,21.57,0.9,0.0
20140830:0009,0.0,0.0,0.0,20.97,0.76,0.0
20140830:0109,0.0,0.0,0.0,19.97,1.1,0.0
20140830:0209,0.0,0.0,0.0,19.51,1.1,0.0
20140830:0309,0.0,0.0,0.0,20.16,0.76,0.0
20140830:0409,0.0,0.0,0.0,19.04,1.1,0.0
20140830:0509,0.0,0.0,0.0,18.31,1.45,0.0
20140830:0609,0.0,0.0,0.0,18.02,1.38,0.0
20140830:0709,5005.61,118.88,13.71,19.0,0.83,0.0
20140830:0809,19180.69,341.02,26.13,22.33,0.97,0.0
20140830:0909,33430.16,574.25,38.3,24.63,1.24,0.0
20140830:1009,44261.84,773.57,49.72,26.73,1.66,0.0
20140830:1109,51813.14,922.12,59.32,28.47,2.21,0.0
20140830:1209,55867.71,1000.89,64.77,29.39,2.76,0.0
20140830:1309,56311.73,1007.66,63.32,30.01,3.1,0.0
20140830:1409,53441.19,941.74,55.85,29.49,3.45,0.0
20140830:1509,45353.29,785.6,45.33,29.28,3.52,0.0
20140830:1609,33652.54,575.51,33.53,28.35,3.52,0.0
20140830:1709,18683.54,331.85,21.22,26.88,3.17,0.0
20140830:1809,3980.2,94.82,8.79,25.26,2.69,0.0
20140830:1909,0.0,0.0,0.0,23.42,2.14,0.0
20140830:2009,0.0,0.0,0.0,22.27,2.14,0.0
20140830:2109,0.0,0.0,0.0,21.69,1.24,0.0
20140830:2209,0.0,0.0,0.0,21.1,0.62,0.0
20140830:2309,0.0,0.0,0.0,20.36,0.69,0.0
20140831:0009,0.0,0.0,0.0,19.68,1.24,0.0
20140831:0109,0.0,0.0,0.0,19.19,1.24,0.0
20140831:0209,0.0,0.0,0.0,18.91,1.03,0.0
20140831:0309,0.0,0.0,0.0,19.71,0.69,0.0
20140831:0409,0.0,0.0,0.0,19.22,0.69,0.0
20140831:0509,0.0,0.0,0.0,18.55,0.9,0.0
20140831:0609,0.0,0.0,0.0,18.12,0.97,0.0
20140831:0709,5045.07,117.93,13.58,19.89,0.41,0.0
20140831:0809,19044.83,338.27,26.0,21.91,0.69,0.0
20140831:0909,33512.89,574.91,38.15,24.24,1.17,0.0
20140831:1009,44215.54,770.2,49.53,26.36,1.72,0.0
20140831:1109,51640.08,917.63,59.06,28.09,2.14,0.0
20140831:1209,55160.32,990.18,64.42,29.4,2.55,0.0
20140831:1309,55628.63,996.73,62.95,30.11,2.97,0.0
20140831:1409,52215.41,924.64,55.52,30.29,3.24,0.0
20140831:1509,44837.92,780.51,45.04,29.95,3.31,0.0
20140831:1609,33166.78,570.12,33.26,29.03,3.24,0.0
20140831:1709,18007.28,321.84,20.96,27.75,2.97,0.0
20140831:1809,3747.18,90.51,8.53,26.11,2.34,0.0
20140831:1909,0.0,0.0,0.0,23.88,2.34,0.0
20140831:2009,0.0,0.0,0.0,22.62,2.14,0.0
20140831:2109,0.0,0.0,0.0,21.98,1.52,0.0
20140831:2209,0.0,0.0,0.0,21.58,1.1,0.0
20140831:2309,0.0,0.0,0.0,21.16,1.24,0.0
20140901:0009,0.0,0.0,0.0,20.76,1.38,0.0
20140901:0109,0.0,0.0,0.0,20.44,1.45,0.0
20140901:0209,0.0,0.0,0.0,20.42,1.38,0.0
20140901:0309,0.0,0.0,0.0,20.32,1.38,0.0
20140901:0409,0.0,0.0,0.0,20.43,1.38,0.0
20140901:0509,0.0,0.0,0.0,20.39,1.17,0.0
20140901:0609,0.0,0.0,0.0,20.35,1.17,0.0
20140901:0709,5113.38,108.89,13.45,20.83,1.59,0.0
20140901:0809,18788.29,332.38,25.86,22.47,1.45,0.0
20140901:0909,33224.47,569.71,38.0,24.56,1.31,0.0
20140901:1009,44848.55,788.53,49.34,26.68,1.31,0.0
20140901:1109,52594.15,945.08,58.8,28.41,1.72,0.0
20140901:1209,56121.98,1019.1,64.08,29.81,2.14,0.0
20140901:1309,56109.08,1014.24,62.59,30.36,2.55,0.0
20140901:1409,51837.42,923.71,55.19,30.56,2.83,0.0
20140901:1509,43538.52,759.63,44.74,30.12,3.03,0.0
20140901:1609,29963.8,515.96,32.99,29.11,3.03,0.0
20140901:1709,13626.33,245.77,20.69,27.77,2.76,0.0
20140901:1809,3138.46,75.7,8.26,26.15,2.69,0.0
20140901:1909,0.0,0.0,0.0,23.98,2.41,0.0
20140901:2009,0.0,0.0,0.0,23.07,2.21,0.0
20140901:2109,0.0,0.0,0.0,22.47,2.21,0.0
20140901:2209,0.0,0.0,0.0,22.1,1.93,0.0
20140901:2309,0.0,0.0,0.0,21.75,1.86,0.0
20140902:0009,0.0,0.0,0.0,21.6,1.72,0.0
20140902:0109,0.0,0.0,0.0,21.45,1.59,0.0
20140902:0209,0.0,0.0,0.0,21.23,1.38,0.0
20140902:0309,0.0,0.0,0.0,21.18,1.38,0.0
20140902:0409,0.0,0.0,0.0,21.02,1.38,0.0
20140902:0509,0.0,0.0,0.0,20.98,1.38,0.0
20140902:0609,0.0,0.0,0.0,20.92,1.38,0.0
20140902:0709,5068.6,115.26,13.33,21.49,1.45,0.0
20140902:0809,17584.51,309.09,25.73,22.11,1.66,0.0
20140902:0909,20151.45,343.56,37.84,23.09,1.86,0.0
20140902:1009,32124.68,546.55,49.14,24.36,2.0,0.0
20140902:1109,44585.94,777.1,58.54,26.19,2.0,0.0
20140902:1209,51579.36,916.16,63.73,27.49,2.14,0.0
20140902:1309,46785.52,822.94,62.21,28.5,2.62,0.0
20140902:1409,33303.4,575.13,54.85,28.67,3.03,0.0
20140902:1509,23263.35,401.15,44.44,28.27,3.24,0.0
20140902:1609,11737.18,210.63,32.71,27.35,2.9,0.0
20140902:1709,11288.61,204.84,20.42,26.42,2.55,0.0
20140902:1809,2591.23,63.12,7.99,24.94,2.62,0.0
20140902:1909,0.0,0.0,0.0,22.86,2.21,0.0
20140902:2009,0.0,0.0,0.0,21.85,1.93,0.0
20140902:2109,0.0,0.0,0.0,21.26,1.45,0.0
20140902:2209,0.0,0.0,0.0,20.9,1.17,0.0
20140902:2309,0.0,0.0,0.0,20.47,1.03,0.0
20140903:0009,0.0,0.0,0.0,20.5,1.24,0.0
20140903:0109,0.0,0.0,0.0,20.54,1.38,0.0
20140903:0209,0.0,0.0,0.0,20.58,1.45,0.0
20140903:0309,0.0,0.0,0.0,20.5,1.45,0.0
20140903:0409,0.0,0.0,0.0,20.38,1.52,0.0
20140903:0509,0.0,0.0,0.0,20.37,1.52,0.0
20140903:0609,0.0,0.0,0.0,20.32,1.45,0.0
20140903:0709,4591.95,95.38,13.2,20.67,1.59,0.0
20140903:0809,6409.76,120.86,25.6,21.48,1.45,0.0
20140903:0909,14275.27,247.91,37.69,22.41,1.45,0.0
20140903:1009,19792.44,340.96,48.95,24.54,1.59,0.0
20140903:1109,38854.73,675.0,58.27,26.59,1.86,0.0
20140903:1209,56994.83,1020.46,63.38,27.92,2.41,0.0
20140903:1309,56250.25,1002.1,61.84,28.76,2.9,0.0
20140903:1409,52005.92,911.65,54.51,28.84,3.38,0.0
20140903:1509,43468.69,746.81,44.14,28.24,3.59,0.0
20140903:1609,31408.18,534.48,32.43,27.15,3.31,0.0
20140903:1709,16270.68,289.17,20.15,25.91,3.03,0.0
20140903:1809,3565.02,89.32,7.72,24.41,2.69,0.0
20140903:1909,0.0,0.0,0.0,22.44,2.83,0.0
20140903:2009,0.0,0.0,0.0,21.45,2.41,0.0
20140903:2109,0.0,0.0,0.0,20.93,1.72,0.0
20140903:2209,0.0,0.0,0.0,20.6,1.24,0.0
20140903:2309,0.0,0.0,0.0,20.28,0.97,0.0
20140904:0009,0.0,0.0,0.0,19.73,0.76,0.0
20140904:0109,0.0,0.0,0.0,20.02,0.55,0.0
20140904:0209,0.0,0.0,0.0,20.18,0.41,0.0
20140904:0309,0.0,0.0,0.0,19.29,0.76,0.0
20140904:0409,0.0,0.0,0.0,19.24,0.76,0.0
20140904:0509,0.0,0.0,0.0,19.54,0.55,0.0
20140904:0609,0.0,0.0,0.0,19.46,0.55,0.0
20140904:0709,5054.94,115.53,13.07,19.28,0.76,0.0
20140904:0809,19149.57,338.11,25.46,21.81,1.1,0.0
20140904:0909,34035.84,581.05,37.53,23.78,1.38,0.0
20140904:1009,45432.98,790.61,48.75,25.64,1.66,0.0
20140904:1109,53723.54,956.77,58.0,27.3,2.0,0.0
20140904:1209,57173.19,1025.22,63.03,28.31,2.48,0.0
20140904:1309,57413.04,1024.12,61.47,28.94,3.03,0.0
20140904:1409,53042.72,932.22,54.17,28.87,3.31,0.0
20140904:1509,44527.49,769.43,43.84,28.38,3.17,0.0
20140904:1609,32301.52,554.75,32.14,27.83,2.55,0.0
20140904:1709,17291.54,309.6,19.88,27.01,2.48,0.0
20140904:1809,3292.54,83.49,7.45,25.51,2.69,0.0
20140904:1909,0.0,0.0,0.0,23.27,2.62,0.0
20140904:2009,0.0,0.0,0.0,22.05,2.0,0.0
20140904:2109,0.0,0.0,0.0,21.4,1.52,0.0
20140904:2209,0.0,0.0,0.0,20.94,1.17,0.0
20140904:2309,0.0,0.0,0.0,20.32,0.83,0.0
20140905:0009,0.0,0.0,0.0,20.25,0.48,0.0
20140905:0109,0.0,0.0,0.0,20.15,0.48,0.0
20140905:0209,0.0,0.0,0.0,20.02,0.34,0.0
20140905:0309,0.0,0.0,0.0,19.89,0.41,0.0
20140905:0409,0.0,0.0,0.0,19.73,0.41,0.0
20140905:0509,0.0,0.0,0.0,19.65,0.34,0.0
20140905:0609,0.0,0.0,0.0,19.27,0.76,0.0
20140905:0709,5160.44,111.66,12.94,18.72,0.97,0.0
20140905:0809,19216.36,338.14,25.32,21.39,1.03,0.0
20140905:0909,34538.3,592.15,37.37,23.62,1.03,0.0
20140905:1009,46286.1,812.52,48.55,25.79,1.31,0.0
20140905:1109,53576.29,961.22,57.72,27.62,1.72,0.0
20140905:1209,57205.07,1029.6,62.68,28.85,2.48,0.0
20140905:1309,57558.77,1028.41,61.09,29.27,3.1,0.0
20140905:1409,53809.31,946.65,53.83,29.06,3.45,0.0
20140905:1509,45773.01,791.02,43.53,28.34,3.31,0.0
20140905:1609,33596.38,574.49,31.85,27.49,2.97,0.0
20140905:1709,18381.46,328.3,19.6,26.48,2.48,0.0
20140905:1809,3595.38,93.3,7.17,25.06,2.28,0.0
20140905:1909,0.0,0.0,0.0,22.98,2.34,0.0
20140905:2009,0.0,0.0,0.0,21.79,2.0,0.0
20140905:2109,0.0,0.0,0.0,21.07,1.45,0.0
20140905:2209,0.0,0.0,0.0,20.41,0.83,0.0
20140905:2309,0.0,0.0,0.0,19.66,0.76,0.0
20140906:0009,0.0,0.0,0.0,18.96,0.97,0.0
20140906:0109,0.0,0.0,0.0,18.93,0.83,0.0
20140906:0209,0.0,0.0,0.0,18.81,0.83,0.0
20140906:0309,0.0,0.0,0.0,18.91,0.76,0.0
20140906:0409,0.0,0.0,0.0,18.94,0.62,0.0
20140906:0509,0.0,0.0,0.0,18.53,0.69,0.0
20140906:0609,0.0,0.0,0.0,18.76,0.83,0.0
20140906:0709,5033.69,119.63,12.81,19.25,0.76,0.0
20140906:0809,20096.8,353.68,25.19,20.73,0.83,0.0
20140906:0909,34655.94,594.12,37.21,22.84,0.76,0.0
20140906:1009,45397.31,801.53,48.34,24.91,0.69,0.0
20140906:1109,51952.79,942.44,57.45,26.92,0.9,0.0
20140906:1209,56490.85,1032.1,62.32,28.53,1.59,0.0
20140906:1309,56843.79,1030.94,60.71,29.4,2.21,0.0
20140906:1409,53203.62,947.94,53.48,29.6,2.69,0.0
20140906:1509,45188.58,786.81,43.21,29.16,2.97,0.0
20140906:1609,33487.08,574.06,31.56,28.19,3.1,0.0
20140906:1709,18281.27,326.21,19.32,26.72,3.17,0.0
20140906:1809,3341.12,87.8,6.89,24.83,2.9,0.0
20140906:1909,0.0,0.0,0.0,22.95,2.28,0.0
20140906:2009,0.0,0.0,0.0,21.91,1.72,0.0
20140906:2109,0.0,0.0,0.0,21.24,1.45,0.0
20140906:2209,0.0,0.0,0.0,20.51,0.83,0.0
20140906:2309,0.0,0.0,0.0,19.72,0.76,0.0
20140907:0009,0.0,0.0,0.0,19.33,0.83,0.0
20140907:0109,0.0,0.0,0.0,18.74,0.97,0.0
20140907:0209,0.0,0.0,0.0,18.39,1.03,0.0
20140907:0309,0.0,0.0,0.0,18.36,0.97,0.0
20140907:0409,0.0,0.0,0.0,18.09,1.31,0.0
20140907:0509,0.0,0.0,0.0,18.16,1.24,0.0
20140907:0609,0.0,0.0,0.0,18.46,1.59,0.0
20140907:0709,5071.64,115.66,12.68,19.06,1.38,0.0
20140907:0809,13551.95,236.33,25.05,20.26,1.66,0.0
20140907:0909,22518.77,383.29,37.05,22.51,1.1,0.0
20140907:1009,42909.31,750.64,48.14,24.36,0.76,0.0
20140907:1109,42061.5,740.93,57.17,26.45,1.17,0.0
20140907:1209,56440.0,1014.49,61.96,28.07,2.21,0.0
20140907:1309,57232.4,1018.14,60.33,28.68,3.1,0.0
20140907:1409,53070.04,929.45,53.13,28.52,3.45,0.0
20140907:1509,45119.51,775.68,42.9,27.69,3.38,0.0
20140907:1609,33060.52,563.64,31.27,26.96,2.97,0.0
20140907:1709,17538.21,313.03,19.04,26.04,2.69,0.0
20140907:1809,2695.21,70.01,6.61,24.71,2.34,0.0
20140907:1909,0.0,0.0,0.0,22.99,2.41,0.0
20140907:2009,0.0,0.0,0.0,22.02,1.86,0.0
20140907:2109,0.0,0.0,0.0,21.43,1.24,0.0
20140907:2209,0.0,0.0,0.0,20.77,0.83,0.0
20140907:2309,0.0,0.0,0.0,20.07,1.1,0.0
20140908:0009,0.0,0.0,0.0,19.8,1.31,0.0
20140908:0109,0.0,0.0,0.0,19.57,1.38,0.0
20140908:0209,0.0,0.0,0.0,19.5,1.31,0.0
20140908:0309,0.0,0.0,0.0,19.46,1.31,0.0
20140908:0409,0.0,0.0,0.0,19.38,1.38,0.0
20140908:0509,0.0,0.0,0.0,19.2,1.38,0.0
20140908:0609,0.0,0.0,0.0,18.74,1.38,0.0
20140908:0709,5015.47,119.28,12.54,19.3,1.1,0.0
20140908:0809,20105.15,354.77,24.91,21.76,1.03,0.0
20140908:0909,34469.98,597.14,36.89,23.93,0.41,0.0
20140908:1009,44825.02,801.8,47.93,26.06,0.34,0.0
20140908:1109,53136.07,958.51,56.89,27.74,1.45,0.0
20140908:1209,57274.9,1030.49,61.6,28.79,2.48,0.0
20140908:1309,55989.15,995.75,59.94,28.98,3.1,0.0
20140908:1409,53309.88,933.12,52.78,28.63,3.59,0.0
20140908:1509,45127.86,776.88,42.58,27.94,3.38,0.0
20140908:1609,33109.1,563.32,30.98,27.14,3.38,0.0
20140908:1709,17774.26,316.62,18.75,25.96,3.24,0.0
20140908:1809,2614.76,69.5,6.33,24.7,2.83,0.0
20140908:1909,0.0,0.0,0.0,23.15,2.48,0.0
20140908:2009,0.0,0.0,0.0,22.24,1.52,0.0
20140908:2109,0.0,0.0,0.0,21.69,0.83,0.0
20140908:2209,0.0,0.0,0.0,20.93,0.62,0.0
20140908:2309,0.0,0.0,0.0,20.83,0.55,0.0
20140909:0009,0.0,0.0,0.0,20.21,0.69,0.0
20140909:0109,0.0,0.0,0.0,19.41,0.9,0.0
20140909:0209,0.0,0.0,0.0,18.77,1.1,0.0
20140909:0309,0.0,0.0,0.0,18.57,1.03,0.0
20140909:0409,0.0,0.0,0.0,18.83,0.9,0.0
20140909:0509,0.0,0.0,0.0,19.07,0.76,0.0
20140909:0609,0.0,0.0,0.0,18.55,0.76,0.0
20140909:0709,5004.09,117.67,12.41,19.81,0.41,0.0
20140909:0809,19951.07,352.63,24.77,21.58,0.62,0.0
20140909:0909,34515.52,592.88,36.72,23.55,0.83,0.0
20140909:1009,45429.94,796.27,47.72,25.63,1.24,0.0
20140909:1109,53018.43,946.89,56.6,27.31,1.79,0.0
20140909:1209,56977.37,1023.45,61.23,28.41,2.41,0.0
20140909:1309,56789.14,1014.41,59.56,28.96,2.9,0.0
20140909:1409,53123.17,936.22,52.42,28.99,3.17,0.0
20140909:1509,44836.41,774.3,42.26,28.48,3.31,0.0
20140909:1609,32910.24,560.5,30.68,27.54,3.52,0.0
20140909:1709,17707.47,316.0,18.47,26.29,3.45,0.0
20140909:1809,2810.58,76.39,6.05,24.61,2.97,0.0
20140909:1909,0.0,0.0,0.0,22.82,2.41,0.0
20140909:2009,0.0,0.0,0.0,21.86,1.59,0.0
20140909:2109,0.0,0.0,0.0,21.27,0.97,0.0
20140909:2209,0.0,0.0,0.0,20.87,0.34,0.0
20140909:2309,0.0,0.0,0.0,20.53,0.28,0.0
20140910:0009,0.0,0.0,0.0,20.13,0.48,0.0
20140910:0109,0.0,0.0,0.0,19.09,0.83,0.0
20140910:0209,0.0,0.0,0.0,18.09,1.1,0.0
20140910:0309,0.0,0.0,0.0,17.65,1.17,0.0
20140910:0409,0.0,0.0,0.0,17.57,1.03,0.0
20140910:0509,0.0,0.0,0.0,17.66,0.97,0.0
20140910:0609,0.0,0.0,0.0,17.28,1.03,0.0
20140910:0709,5013.2,118.62,12.28,18.84,0.55,0.0
20140910:0809,20108.19,356.02,24.62,21.52,0.34,0.0
20140910:0909,34223.31,592.75,36.56,24.21,0.48,0.0
20140910:1009,45552.9,808.84,47.5,26.41,0.83,0.0
20140910:1109,52947.84,955.35,56.31,28.11,1.52,0.0
20140910:1209,57055.55,1032.19,60.87,29.14,2.28,0.0
20140910:1309,57659.71,1034.98,59.17,29.49,2.9,0.0
20140910:1409,53265.86,937.65,52.07,29.23,3.38,0.0
20140910:1509,45311.54,779.75,41.94,28.36,3.66,0.0
20140910:1609,32983.86,560.08,30.38,27.1,3.66,0.0
20140910:1709,17442.58,310.97,18.18,25.74,3.31,0.0
20140910:1809,2644.36,73.07,5.76,24.24,2.62,0.0
20140910:1909,0.0,0.0,0.0,22.62,1.93,0.0
20140910:2009,0.0,0.0,0.0,21.92,1.03,0.0
20140910:2109,0.0,0.0,0.0,21.34,1.03,0.0
20140910:2209,0.0,0.0,0.0,20.84,1.38,0.0
20140910:2309,0.0,0.0,0.0,20.41,1.59,0.0
20140911:0009,0.0,0.0,0.0,20.15,1.72,0.0
20140911:0109,0.0,0.0,0.0,20.15,1.72,0.0
20140911:0209,0.0,0.0,0.0,19.77,1.79,0.0
20140911:0309,0.0,0.0,0.0,19.51,1.72,0.0
20140911:0409,0.0,0.0,0.0,19.29,1.66,0.0
20140911:0509,0.0,0.0,0.0,19.21,1.59,0.0
20140911:0609,0.0,0.0,0.0,18.98,1.59,0.0
20140911:0709,5025.34,118.7,12.14,19.54,1.24,0.0
20140911:0809,19970.81,352.87,24.48,22.47,1.1,0.0
20140911:0909,34404.71,590.53,36.39,24.37,1.17,0.0
20140911:1009,35710.19,622.1,47.29,26.2,0.97,0.0
20140911:1109,52301.17,947.26,56.02,27.72,1.17,0.0
20140911:1209,56027.1,1022.74,60.5,29.18,1.72,0.0
20140911:1309,56018.75,1012.42,58.78,29.87,2.41,0.0
20140911:1409,52582.0,927.44,51.71,29.49,3.24,0.0
20140911:1509,44947.22,774.84,41.62,28.68,3.59,0.0
20140911:1609,32378.18,551.44,30.08,27.54,3.52,0.0
20140911:1709,17112.41,306.09,17.89,26.18,3.38,0.0
20140911:1809,2113.82,62.32,5.47,24.62,2.97,0.0
20140911:1909,0.0,0.0,0.0,22.99,2.34,0.0
20140911:2009,0.0,0.0,0.0,22.12,1.52,0.0
20140911:2109,0.0,0.0,0.0,21.56,1.03,0.0
20140911:2209,0.0,0.0,0.0,20.79,0.9,0.0
20140911:2309,0.0,0.0,0.0,19.91,0.97,0.0
20140912:0009,0.0,0.0,0.0,19.55,0.97,0.0
20140912:0109,0.0,0.0,0.0,19.04,1.1,0.0
20140912:0209,0.0,0.0,0.0,18.72,1.1,0.0
20140912:0309,0.0,0.0,0.0,18.95,0.9,0.0
20140912:0409,0.0,0.0,0.0,19.24,0.69,0.0
20140912:0509,0.0,0.0,0.0,18.22,0.97,0.0
20140912:0609,0.0,0.0,0.0,16.98,1.38,0.0
20140912:0709,5042.8,119.12,12.01,18.98,0.48,0.0
20140912:0809,20046.71,354.47,24.34,21.27,0.21,0.0
20140912:0909,34826.72,599.09,36.22,23.58,0.76,0.0
20140912:1009,45630.32,803.26,47.07,25.59,1.03,0.0
20140912:1109,52728.49,947.18,55.73,27.16,1.45,0.0
20140912:1209,55929.95,1010.6,60.13,28.39,2.0,0.0
20140912:1309,56424.06,1011.96,58.39,28.96,2.62,0.0
20140912:1409,52554.68,926.75,51.35,28.89,3.03,0.0
20140912:1509,44892.57,773.07,41.29,28.2,3.45,0.0
20140912:1609,32487.48,552.63,29.78,27.09,3.38,0.0
20140912:1709,16861.94,301.72,17.6,25.82,3.03,0.0
20140912:1809,1960.5,59.02,5.18,24.3,2.48,0.0
20140912:1909,0.0,0.0,0.0,22.76,2.14,0.0
20140912:2009,0.0,0.0,0.0,21.85,1.66,0.0
20140912:2109,0.0,0.0,0.0,21.24,1.31,0.0
20140912:2209,0.0,0.0,0.0,20.69,1.24,0.0
20140912:2309,0.0,0.0,0.0,20.14,1.38,0.0
20140913:0009,0.0,0.0,0.0,19.62,1.45,0.0
20140913:0109,0.0,0.0,0.0,19.37,1.45,0.0
20140913:0209,0.0,0.0,0.0,19.11,1.59,0.0
20140913:0309,0.0,0.0,0.0,18.91,1.59,0.0
20140913:0409,0.0,0.0,0.0,18.76,1.59,0.0
20140913:0509,0.0,0.0,0.0,18.74,1.66,0.0
20140913:0609,0.0,0.0,0.0,18.79,1.66,0.0
20140913:0709,4962.34,113.32,11.87,19.28,1.52,0.0
20140913:0809,19842.54,346.34,24.19,21.11,1.72,0.0
20140913:0909,35137.15,595.87,36.04,23.35,1.79,0.0
20140913:1009,46279.27,803.71,46.84,25.59,1.86,0.0
20140913:1109,53317.47,954.06,55.43,27.55,1.79,0.0
20140913:1209,56145.51,1018.49,59.76,29.09,2.0,0.0
20140913:1309,56175.11,1013.31,58.0,29.94,2.55,0.0
20140913:1409,52619.19,932.37,50.99,30.01,3.1,0.0
20140913:1509,44577.59,772.65,40.96,29.43,3.38,0.0
20140913:1609,31944.79,546.19,29.47,28.36,3.52,0.0
20140913:1709,16420.21,295.55,17.31,26.79,3.24,0.0
20140913:1809,1748.74,54.14,4.89,25.05,2.48,0.0
20140913:1909,0.0,0.0,0.0,23.09,1.93,0.0
20140913:2009,0.0,0.0,0.0,22.04,1.59,0.0
20140913:2109,0.0,0.0,0.0,21.24,1.17,0.0
20140913:2209,0.0,0.0,0.0,20.36,0.9,0.0
20140913:2309,0.0,0.0,0.0,20.25,0.55,0.0
20140914:0009,0.0,0.0,0.0,20.07,0.21,0.0
20140914:0109,0.0,0.0,0.0,19.71,0.07,0.0
20140914:0209,0.0,0.0,0.0,19.55,0.34,0.0
20140914:0309,0.0,0.0,0.0,19.49,0.41,0.0
20140914:0409,0.0,0.0,0.0,19.46,0.41,0.0
20140914:0509,0.0,0.0,0.0,18.07,1.1,0.0
20140914:0609,0.0,0.0,0.0,17.71,1.17,0.0
20140914:0709,5014.71,117.64,11.74,18.84,1.24,0.0
20140914:0809,19269.49,334.9,24.04,20.45,1.59,0.0
20140914:0909,30361.52,512.89,35.87,22.42,1.52,0.0
20140914:1009,44677.02,774.22,46.62,24.38,1.45,0.0
20140914:1109,52531.15,935.32,55.14,25.72,1.45,0.0
20140914:1209,56359.54,1015.84,59.39,27.12,1.79,0.0
20140914:1309,56354.23,1016.16,57.61,28.23,2.07,0.0
20140914:1409,52059.05,922.94,50.62,28.64,2.48,0.0
20140914:1509,44195.05,764.1,40.63,28.2,2.97,0.0
20140914:1609,32334.16,550.47,29.17,27.08,3.24,0.0
20140914:1709,16157.59,289.79,17.01,25.55,2.9,0.0
20140914:1809,1643.24,52.02,4.6,23.92,2.28,0.0
20140914:1909,0.0,0.0,0.0,22.3,1.79,0.0
20140914:2009,0.0,0.0,0.0,21.52,1.03,0.0
20140914:2109,0.0,0.0,0.0,20.84,0.34,0.0
20140914:2209,0.0,0.0,0.0,20.6,0.28,0.0
20140914:2309,0.0,0.0,0.0,20.13,0.48,0.0
20140915:0009,0.0,0.0,0.0,19.47,0.69,0.0
20140915:0109,0.0,0.0,0.0,18.69,0.9,0.0
20140915:0209,0.0,0.0,0.0,17.73,1.17,0.0
20140915:0309,0.0,0.0,0.0,17.35,1.38,0.0
20140915:0409,0.0,0.0,0.0,17.24,1.52,0.0
20140915:0509,0.0,0.0,0.0,17.24,1.52,0.0
20140915:0609,0.0,0.0,0.0,16.79,1.52,0.0
20140915:0709,5023.82,117.4,11.6,17.88,1.03,0.0
20140915:0809,20094.53,352.32,23.89,21.25,1.03,0.0
20140915:0909,34433.55,588.85,35.69,23.71,1.17,0.0
20140915:1009,44412.13,783.06,46.39,25.85,0.9,0.0
20140915:1109,50900.06,934.26,54.84,27.9,0.55,0.0
20140915:1209,53625.63,1021.41,59.01,29.83,0.14,0.0
20140915:1309,51042.75,941.72,57.21,31.27,1.24,0.0
20140915:1409,51972.52,938.27,50.26,31.7,2.41,0.0
20140915:1509,39292.67,685.82,40.3,31.05,3.03,0.0
20140915:1609,25923.65,447.9,28.86,29.61,3.1,0.0
20140915:1709,15213.4,277.1,16.72,28.16,2.76,0.0
20140915:1809,1121.04,36.89,4.31,26.36,2.28,0.0
20140915:1909,0.0,0.0,0.0,24.67,1.52,0.0
20140915:2009,0.0,0.0,0.0,23.74,0.76,0.0
20140915:2109,0.0,0.0,0.0,22.8,0.55,0.0
20140915:2209,0.0,0.0,0.0,22.18,1.52,0.0
20140915:2309,0.0,0.0,0.0,21.53,1.79,0.0
20140916:0009,0.0,0.0,0.0,20.99,1.52,0.0
20140916:0109,0.0,0.0,0.0,20.36,1.38,0.0
20140916:0209,0.0,0.0,0.0,19.95,1.59,0.0
20140916:0309,0.0,0.0,0.0,19.84,1.93,0.0
20140916:0409,0.0,0.0,0.0,19.7,1.86,0.0
20140916:0509,0.0,0.0,0.0,19.5,2.07,0.0
20140916:0609,0.0,0.0,0.0,19.6,2.34,0.0
20140916:0709,5045.83,120.96,11.46,20.92,2.07,0.0
20140916:0809,20807.23,365.0,23.74,23.29,2.69,0.0
20140916:0909,35137.15,590.03,35.51,25.11,4.0,0.0
20140916:1009,46616.26,791.05,46.16,26.41,4.28,0.0
20140916:1109,53612.72,926.09,54.53,27.39,4.21,0.0
20140916:1209,55635.46,972.48,58.64,28.56,4.21,0.0
20140916:1309,55208.14,964.87,56.82,29.52,4.62,0.0
20140916:1409,52722.42,916.25,49.89,30.05,4.83,0.0
20140916:1509,44840.96,765.58,39.97,28.86,4.76,0.0
20140916:1609,33453.68,567.74,28.55,27.7,4.28,0.0
20140916:1709,16909.0,304.37,16.42,26.66,3.86,0.0
20140916:1809,809.85,28.64,4.02,25.18,3.1,0.0
20140916:1909,0.0,0.0,0.0,23.75,2.69,0.0
20140916:2009,0.0,0.0,0.0,22.88,2.14,0.0
20140916:2109,0.0,0.0,0.0,22.27,2.0,0.0
20140916:2209,0.0,0.0,0.0,21.69,1.86,0.0
20140916:2309,0.0,0.0,0.0,21.18,1.86,0.0
20140917:0009,0.0,0.0,0.0,20.79,1.93,0.0
20140917:0109,0.0,0.0,0.0,20.42,2.07,0.0
20140917:0209,0.0,0.0,0.0,20.24,2.21,0.0
20140917:0309,0.0,0.0,0.0,19.99,2.41,0.0
20140917:0409,0.0,0.0,0.0,19.86,2.55,0.0
20140917:0509,0.0,0.0,0.0,19.75,2.69,0.0
20140917:0609,0.0,0.0,0.0,19.77,2.76,0.0
20140917:0709,5082.26,122.1,11.32,20.45,2.55,0.0
20140917:0809,20152.97,350.39,23.59,22.28,3.31,0.0
20140917:0909,35531.83,593.19,35.33,23.99,4.07,0.0
20140917:1009,45670.55,773.88,45.93,25.48,3.86,0.0
20140917:1109,46645.86,798.82,54.23,26.69,4.0,0.0
20140917:1209,46415.13,796.0,58.26,27.64,4.62,0.0
20140917:1309,57922.33,1006.57,56.42,28.17,4.83,0.0
20140917:1409,53369.84,918.36,49.52,27.74,4.69,0.0
20140917:1509,44695.99,756.55,39.63,26.56,4.34,0.0
20140917:1609,31021.85,522.0,28.24,25.65,4.0,0.0
20140917:1709,8165.32,152.09,16.13,24.39,3.52,0.0
20140917:1809,834.14,29.98,3.73,23.1,2.83,0.0
20140917:1909,0.0,0.0,0.0,22.03,2.07,0.0
20140917:2009,0.0,0.0,0.0,21.32,1.45,0.0
20140917:2109,0.0,0.0,0.0,20.96,1.24,0.0
20140917:2209,0.0,0.0,0.0,20.57,1.24,0.0
20140917:2309,0.0,0.0,0.0,20.37,1.24,0.0
20140918:0009,0.0,0.0,0.0,20.3,1.31,0.0
20140918:0109,0.0,0.0,0.0,20.15,1.31,0.0
20140918:0209,0.0,0.0,0.0,20.22,1.38,0.0
20140918:0309,0.0,0.0,0.0,20.12,1.52,0.0
20140918:0409,0.0,0.0,0.0,20.13,1.59,0.0
20140918:0509,0.0,0.0,0.0,19.9,1.66,0.0
20140918:0609,0.0,0.0,0.0,19.95,1.66,0.0
20140918:0709,4431.8,96.24,11.18,20.53,1.72,0.0
20140918:0809,19726.41,343.5,23.43,21.57,2.07,0.0
20140918:0909,28828.34,484.16,35.14,22.74,2.34,0.0
20140918:1009,42510.83,721.97,45.7,23.9,2.55,0.0
20140918:1109,44211.75,757.92,53.92,25.3,2.9,0.0
20140918:1209,56679.08,992.56,57.88,26.35,3.24,0.0
20140918:1309,55696.94,969.9,56.03,26.84,3.72,0.0
20140918:1409,52090.93,895.53,49.15,26.58,4.0,0.0
20140918:1509,43851.23,741.65,39.3,25.88,3.93,0.0
20140918:1609,31345.18,525.79,27.93,25.02,4.0,0.0
20140918:1709,15249.83,272.21,15.83,23.94,3.86,0.0
20140918:1809,292.22,14.17,3.43,22.66,3.03,0.0
20140918:1909,0.0,0.0,0.0,21.69,2.21,0.0
20140918:2009,0.0,0.0,0.0,21.06,1.66,0.0
20140918:2109,0.0,0.0,0.0,20.61,1.38,0.0
20140918:2209,0.0,0.0,0.0,20.16,1.45,0.0
20140918:2309,0.0,0.0,0.0,20.12,1.59,0.0
20140919:0009,0.0,0.0,0.0,19.78,1.79,0.0
20140919:0109,0.0,0.0,0.0,20.0,1.79,0.0
20140919:0209,0.0,0.0,0.0,19.91,1.93,0.0
20140919:0309,0.0,0.0,0.0,19.85,2.0,0.0
20140919:0409,0.0,0.0,0.0,19.78,1.93,0.0
20140919:0509,0.0,0.0,0.0,19.59,1.93,0.0
20140919:0609,0.0,0.0,0.0,19.49,1.93,0.0
20140919:0709,3165.79,68.84,11.04,20.06,1.72,0.0
20140919:0809,20009.52,348.28,23.28,21.34,1.93,0.0
20140919:0909,33916.67,570.83,34.96,22.75,2.14,0.0
20140919:1009,44154.07,759.04,45.46,24.4,1.93,0.0
20140919:1109,27713.37,475.76,53.61,25.57,1.79,0.0
20140919:1209,34956.5,603.56,57.5,26.77,2.21,0.0
20140919:1309,41847.47,726.85,55.63,27.38,2.55,0.0
20140919:1409,34426.72,588.34,48.78,27.03,3.17,0.0
20140919:1509,17220.19,297.2,38.96,25.79,3.59,0.0
20140919:1609,18352.62,312.98,27.62,24.53,3.66,0.0
20140919:1709,13575.47,243.78,15.53,23.59,2.97,0.0
20140919:1809,787.84,30.7,3.14,22.69,2.14,0.0
20140919:1909,0.0,0.0,0.0,21.99,1.31,0.0
20140919:2009,0.0,0.0,0.0,21.52,0.69,0.0
20140919:2109,0.0,0.0,0.0,21.26,0.0,0.0
20140919:2209,0.0,0.0,0.0,20.85,0.41,0.0
20140919:2309,0.0,0.0,0.0,20.41,0.55,0.0
20140920:0009,0.0,0.0,0.0,19.78,0.69,0.0
20140920:0109,0.0,0.0,0.0,19.04,0.97,0.0
20140920:0209,0.0,0.0,0.0,19.99,0.28,0.0
20140920:0309,0.0,0.0,0.0,19.62,0.62,0.0
20140920:0409,0.0,0.0,0.0,19.56,0.34,0.0
20140920:0509,0.0,0.0,0.0,18.62,0.9,0.0
20140920:0609,0.0,0.0,0.0,17.98,1.1,0.0
20140920:0709,3870.14,83.28,10.9,18.59,0.83,0.0
20140920:0809,19921.47,348.97,23.12,20.8,0.62,0.0
20140920:0909,32515.56,556.37,34.77,22.48,0.48,0.0
20140920:1009,9716.72,176.63,45.22,24.24,0.48,0.0
20140920:1109,6951.68,132.23,53.3,25.87,0.83,0.0
20140920:1209,4424.97,90.67,57.12,27.01,0.97,0.0
20140920:1309,15230.09,270.88,55.23,27.95,1.17,0.0
20140920:1409,33185.76,576.84,48.41,28.02,1.72,0.0
20140920:1509,11303.03,204.89,38.62,28.06,1.93,0.0
20140920:1609,14216.83,251.02,27.3,26.71,1.59,0.0
20140920:1709,4019.66,83.39,15.23,25.38,0.9,0.0
20140920:1809,143.45,10.39,2.85,23.89,0.55,0.0
20140920:1909,0.0,0.0,0.0,22.56,1.45,0.0
20140920:2009,0.0,0.0,0.0,21.8,2.0,0.0
20140920:2109,0.0,0.0,0.0,21.04,1.86,0.0
20140920:2209,0.0,0.0,0.0,20.96,1.45,0.0
20140920:2309,0.0,0.0,0.0,20.84,1.24,0.0
20140921:0009,0.0,0.0,0.0,20.09,0.9,0.0
20140921:0109,0.0,0.0,0.0,19.79,0.69,0.0
20140921:0209,0.0,0.0,0.0,19.47,0.9,0.0
20140921:0309,0.0,0.0,0.0,19.0,2.0,0.0
20140921:0409,0.0,0.0,0.0,18.79,1.17,0.0
20140921:0509,0.0,0.0,0.0,18.48,1.59,0.0
20140921:0609,0.0,0.0,0.0,18.33,1.03,0.0
20140921:0709,2875.85,63.55,10.76,19.19,0.76,0.0
20140921:0809,7775.96,142.58,22.96,20.98,1.86,0.0
20140921:0909,2569.97,57.62,34.58,22.43,1.79,0.0
20140921:1009,31906.84,547.41,44.98,24.15,0.97,0.0
20140921:1109,3121.01,68.01,52.98,25.44,0.21,0.0
20140921:1209,37802.75,668.67,56.74,26.07,0.41,0.0
20140921:1309,29267.8,508.23,54.83,26.02,0.9,0.0
20140921:1409,3998.41,83.12,48.04,26.29,1.52,0.0
20140921:1509,2362.77,54.78,38.28,26.08,2.48,0.0
20140921:1609,11317.45,201.15,26.99,24.66,2.83,0.0
20140921:1709,7354.71,138.66,14.93,23.54,2.55,0.0
20140921:1809,22.01,6.61,2.55,22.49,2.0,0.0
20140921:1909,0.0,0.0,0.0,20.96,2.21,0.0
20140921:2009,0.0,0.0,0.0,19.83,2.21,0.0
20140921:2109,0.0,0.0,0.0,19.68,2.34,0.0
20140921:2209,0.0,0.0,0.0,19.4,2.07,0.0
20140921:2309,0.0,0.0,0.0,19.19,2.21,0.0
20140922:0009,0.0,0.0,0.0,18.79,2.34,0.0
20140922:0109,0.0,0.0,0.0,18.56,2.21,0.0
20140922:0209,0.0,0.0,0.0,18.43,2.28,0.0
20140922:0309,0.0,0.0,0.0,18.32,2.28,0.0
20140922:0409,0.0,0.0,0.0,18.22,2.28,0.0
20140922:0509,0.0,0.0,0.0,18.14,2.21,0.0
20140922:0609,0.0,0.0,0.0,18.09,2.07,0.0
20140922:0709,4846.97,111.96,10.61,18.69,1.59,0.0
20140922:0809,21275.53,367.69,22.8,19.64,1.66,0.0
20140922:0909,36479.06,613.26,34.39,20.74,1.45,0.0
20140922:1009,36961.78,628.92,44.73,22.12,1.17,0.0
20140922:1109,27392.31,466.08,52.67,23.43,1.59,0.0
20140922:1209,57644.53,1016.28,56.36,24.7,2.34,0.0
20140922:1309,58937.87,1036.34,54.44,25.07,2.76,0.0
20140922:1409,54296.58,942.25,47.67,25.03,2.83,0.0
20140922:1509,45231.09,767.68,37.95,24.66,3.03,0.0
20140922:1609,32187.67,541.78,26.68,24.09,2.83,0.0
20140922:1709,15430.47,277.24,14.63,23.32,2.48,0.0
20140922:1809,217.07,12.28,2.26,22.23,2.0,0.0
20140922:1909,0.0,0.0,0.0,21.11,1.59,0.0
20140922:2009,0.0,0.0,0.0,20.38,1.1,0.0
20140922:2109,0.0,0.0,0.0,20.24,0.48,0.0
20140922:2209,0.0,0.0,0.0,19.2,0.76,0.0
20140922:2309,0.0,0.0,0.0,17.74,1.24,0.0
20140923:0009,0.0,0.0,0.0,17.11,1.31,0.0
20140923:0109,0.0,0.0,0.0,16.79,1.24,0.0
20140923:0209,0.0,0.0,0.0,16.66,1.17,0.0
20140923:0309,0.0,0.0,0.0,16.31,1.24,0.0
20140923:0409,0.0,0.0,0.0,16.0,1.24,0.0
20140923:0509,0.0,0.0,0.0,15.85,1.31,0.0
20140923:0609,0.0,0.0,0.0,15.86,1.45,0.0
20140923:0709,4579.81,100.41,10.47,16.75,1.66,0.0
20140923:0809,19943.48,343.28,22.64,18.87,1.45,0.0
20140923:0909,37006.56,624.06,34.19,21.55,1.59,0.0
20140923:1009,47443.57,821.55,44.48,23.6,1.52,0.0
20140923:1109,45754.04,795.98,52.35,25.19,1.86,0.0
20140923:1209,51573.29,903.91,55.98,26.07,2.48,0.0
20140923:1309,56707.93,995.98,54.04,26.42,3.03,0.0
20140923:1409,32849.52,557.19,47.29,26.15,3.52,0.0
20140923:1509,31331.52,526.25,37.61,25.26,3.79,0.0
20140923:1609,20345.0,344.41,26.36,24.14,3.59,0.0
20140923:1709,11419.91,207.29,14.33,23.14,3.24,0.0
20140923:1809,112.33,9.45,1.96,22.04,2.48,0.0
20140923:1909,0.0,0.0,0.0,21.04,1.45,0.0
20140923:2009,0.0,0.0,0.0,20.31,0.97,0.0
20140923:2109,0.0,0.0,0.0,19.42,1.38,0.0
20140923:2209,0.0,0.0,0.0,18.59,1.66,0.0
20140923:2309,0.0,0.0,0.0,18.3,1.72,0.0
20140924:0009,0.0,0.0,0.0,18.32,1.86,0.0
20140924:0109,0.0,0.0,0.0,18.11,1.93,0.0
20140924:0209,0.0,0.0,0.0,17.99,1.86,0.0
20140924:0309,0.0,0.0,0.0,17.84,1.79,0.0
20140924:0409,0.0,0.0,0.0,17.87,1.72,0.0
20140924:0509,0.0,0.0,0.0,17.89,1.66,0.0
20140924:0609,0.0,0.0,0.0,17.81,1.72,0.0
20140924:0709,4891.76,112.78,10.32,17.81,1.66,0.0
20140924:0809,20530.19,354.41,22.47,19.85,1.79,0.0
20140924:0909,34514.77,577.89,33.99,21.74,2.14,0.0
20140924:1009,42412.16,719.67,44.23,23.03,2.21,0.0
20140924:1109,52282.96,906.65,52.03,24.2,2.41,0.0
20140924:1209,57458.58,1007.65,55.59,24.91,2.69,0.0
20140924:1309,58849.07,1033.61,53.64,25.32,2.9,0.0
20140924:1409,53158.08,915.16,46.92,24.69,3.1,0.0
20140924:1509,45679.66,771.98,37.27,24.03,3.17,0.0
20140924:1609,31746.69,532.68,26.05,23.65,2.97,0.0
20140924:1709,13191.42,238.42,14.04,23.01,2.48,0.0
20140924:1809,50.09,7.56,1.67,22.16,1.86,0.0
20140924:1909,0.0,0.0,0.0,21.13,1.79,0.0
20140924:2009,0.0,0.0,0.0,20.34,1.45,0.0
20140924:2109,0.0,0.0,0.0,19.49,1.1,0.0
20140924:2209,0.0,0.0,0.0,19.87,0.34,0.0
20140924:2309,0.0,0.0,0.0,19.11,0.76,0.0
20140925:0009,0.0,0.0,0.0,17.51,1.38,0.0
20140925:0109,0.0,0.0,0.0,17.3,1.31,0.0
20140925:0209,0.0,0.0,0.0,17.15,1.31,0.0
20140925:0309,0.0,0.0,0.0,16.9,1.31,0.0
20140925:0409,0.0,0.0,0.0,16.6,1.31,0.0
20140925:0509,0.0,0.0,0.0,16.33,1.31,0.0
20140925:0609,0.0,0.0,0.0,16.17,1.31,0.0
20140925:0709,5056.46,117.5,10.17,16.29,1.38,0.0
20140925:0809,21425.81,369.94,22.31,18.88,1.03,0.0
20140925:0909,34423.69,584.84,33.79,21.25,0.69,0.0
20140925:1009,46707.34,821.87,43.98,22.91,0.48,0.0
20140925:1109,48441.66,859.33,51.71,24.24,0.83,0.0
20140925:1209,57129.17,1031.73,55.21,25.46,1.38,0.0
20140925:1309,58572.79,1050.12,53.24,26.05,2.0,0.0
20140925:1409,53755.42,942.01,46.55,26.18,2.55,0.0
20140925:1509,45413.25,774.71,36.93,25.69,3.1,0.0
20140925:1609,32226.38,540.76,25.73,24.43,3.59,0.0
20140925:1709,14822.51,266.45,13.74,23.05,3.38,0.0
20140925:1809,0.0,5.42,1.38,21.73,2.62,0.0
20140925:1909,0.0,0.0,0.0,20.55,2.0,0.0
20140925:2009,0.0,0.0,0.0,19.85,1.38,0.0
20140925:2109,0.0,0.0,0.0,18.96,0.83,0.0
20140925:2209,0.0,0.0,0.0,18.99,0.69,0.0
20140925:2309,0.0,0.0,0.0,18.51,0.76,0.0
20140926:0009,0.0,0.0,0.0,18.18,0.83,0.0
20140926:0109,0.0,0.0,0.0,17.57,0.97,0.0
20140926:0209,0.0,0.0,0.0,17.15,1.03,0.0
20140926:0309,0.0,0.0,0.0,17.41,0.83,0.0
20140926:0409,0.0,0.0,0.0,17.52,0.76,0.0
20140926:0509,0.0,0.0,0.0,17.47,0.76,0.0
20140926:0609,0.0,0.0,0.0,17.3,0.83,0.0
20140926:0709,2897.86,64.1,10.02,18.25,0.69,0.0
20140926:0809,6184.33,116.58,22.14,19.64,0.48,0.0
20140926:0909,8747.48,158.68,33.59,21.36,0.62,0.0
20140926:1009,16427.04,284.63,43.73,22.92,0.69,0.0
20140926:1109,26657.6,457.14,51.38,24.03,1.03,0.0
20140926:1209,40302.14,702.27,54.82,25.11,1.24,0.0
20140926:1309,23696.74,407.63,52.84,25.5,1.72,0.0
20140926:1409,21170.03,364.03,46.18,25.61,2.14,0.0
20140926:1509,13952.7,244.61,36.59,25.27,2.55,0.0
20140926:1609,9940.62,178.81,25.42,24.37,2.97,0.0
20140926:1709,11352.36,207.32,13.44,23.4,2.97,0.0
20140926:1809,0.0,0.0,0.0,22.16,2.62,0.0
20140926:1909,0.0,0.0,0.0,21.09,1.72,0.0
20140926:2009,0.0,0.0,0.0,20.3,1.31,0.0
20140926:2109,0.0,0.0,0.0,19.49,0.97,0.0
20140926:2209,0.0,0.0,0.0,19.79,0.48,0.0
20140926:2309,0.0,0.0,0.0,18.87,0.76,0.0
20140927:0009,0.0,0.0,0.0,17.97,1.17,0.0
20140927:0109,0.0,0.0,0.0,17.66,1.24,0.0
20140927:0209,0.0,0.0,0.0,17.46,1.24,0.0
20140927:0309,0.0,0.0,0.0,17.45,1.1,0.0
20140927:0409,0.0,0.0,0.0,17.22,1.17,0.0
20140927:0509,0.0,0.0,0.0,17.17,1.17,0.0
20140927:0609,0.0,0.0,0.0,17.21,1.17,0.0
20140927:0709,4702.01,107.75,9.87,17.81,1.31,0.0
20140927:0809,19921.47,344.46,21.97,20.0,1.52,0.0
20140927:0909,25390.07,427.0,33.39,21.42,1.38,0.0
20140927:1009,14124.99,246.32,43.47,22.98,1.31,0.0
20140927:1109,27843.92,475.96,51.06,24.27,1.45,0.0
20140927:1209,13350.05,235.19,54.44,24.69,1.93,0.0
20140927:1309,49957.38,866.19,52.44,25.02,2.55,0.0
20140927:1409,40605.74,688.35,45.8,24.91,3.17,0.0
20140927:1509,43811.76,736.49,36.25,24.29,3.59,0.0
20140927:1609,25347.56,424.21,25.11,23.3,3.45,0.0
20140927:1709,14398.23,259.66,13.14,22.53,2.97,0.0
20140927:1809,0.0,0.0,0.0,21.76,2.28,0.0
20140927:1909,0.0,0.0,0.0,20.91,1.59,0.0
20140927:2009,0.0,0.0,0.0,20.55,1.03,0.0
20140927:2109,0.0,0.0,0.0,19.97,1.03,0.0
20140927:2209,0.0,0.0,0.0,19.54,1.24,0.0
20140927:2309,0.0,0.0,0.0,18.72,1.31,0.0
20140928:0009,0.0,0.0,0.0,18.25,1.38,0.0
20140928:0109,0.0,0.0,0.0,17.88,1.31,0.0
20140928:0209,0.0,0.0,0.0,17.71,1.31,0.0
20140928:0309,0.0,0.0,0.0,17.51,1.45,0.0
20140928:0409,0.0,0.0,0.0,17.42,1.59,0.0
20140928:0509,0.0,0.0,0.0,17.48,1.59,0.0
20140928:0609,0.0,0.0,0.0,17.37,1.59,0.0
20140928:0709,3815.49,83.77,9.72,17.5,1.31,0.0
20140928:0809,19908.57,344.43,21.8,19.9,1.24,0.0
20140928:0909,28380.53,477.42,33.18,21.89,1.52,0.0
20140928:1009,35720.06,608.05,43.21,23.05,1.38,0.0
20140928:1109,32643.83,558.21,50.73,24.17,1.52,0.0
20140928:1209,39096.85,672.99,54.05,24.83,1.86,0.0
20140928:1309,53933.02,948.72,52.05,25.33,2.21,0.0
20140928:1409,50273.12,870.24,45.43,25.37,2.62,0.0
20140928:1509,39873.31,673.31,35.91,24.91,3.1,0.0
20140928:1609,14159.15,245.1,24.79,23.69,3.31,0.0
20140928:1709,5946.76,115.25,12.85,22.65,2.97,0.0
20140928:1809,0.0,0.0,0.0,21.72,2.21,0.0
20140928:1909,0.0,0.0,0.0,20.86,1.79,0.0
20140928:2009,0.0,0.0,0.0,20.3,1.38,0.0
20140928:2109,0.0,0.0,0.0,19.54,1.1,0.0
20140928:2209,0.0,0.0,0.0,18.97,0.97,0.0
20140928:2309,0.0,0.0,0.0,19.0,0.76,0.0
20140929:0009,0.0,0.0,0.0,19.44,0.48,0.0
20140929:0109,0.0,0.0,0.0,18.81,0.76,0.0
20140929:0209,0.0,0.0,0.0,18.02,0.97,0.0
20140929:0309,0.0,0.0,0.0,17.98,0.9,0.0
20140929:0409,0.0,0.0,0.0,18.53,0.55,0.0
20140929:0509,0.0,0.0,0.0,18.6,0.14,0.0
20140929:0609,0.0,0.0,0.0,18.61,0.07,0.0
20140929:0709,4604.09,105.5,9.56,18.73,0.62,0.0
20140929:0809,17449.41,301.28,21.63,19.92,1.59,0.0
20140929:0909,14972.79,257.37,32.98,21.7,2.0,0.0
20140929:1009,42980.65,729.8,42.95,22.73,2.07,0.0
20140929:1109,53838.15,936.57,50.4,23.92,2.28,0.0
20140929:1209,56812.67,997.94,53.67,25.02,2.55,0.0
20140929:1309,58646.41,1028.73,51.65,25.58,3.03,0.0
20140929:1409,53861.68,930.02,45.06,25.69,3.38,0.0
20140929:1509,40158.69,677.0,35.57,25.37,3.59,0.0
20140929:1609,19341.6,328.08,24.48,24.21,3.79,0.0
20140929:1709,11683.29,213.39,12.55,23.14,3.59,0.0
20140929:1809,0.0,0.0,0.0,22.1,2.97,0.0
20140929:1909,0.0,0.0,0.0,20.98,2.34,0.0
20140929:2009,0.0,0.0,0.0,20.24,2.0,0.0
20140929:2109,0.0,0.0,0.0,19.83,1.66,0.0
20140929:2209,0.0,0.0,0.0,19.22,1.45,0.0
20140929:2309,0.0,0.0,0.0,18.68,1.38,0.0
20140930:0009,0.0,0.0,0.0,18.33,1.31,0.0
20140930:0109,0.0,0.0,0.0,18.22,1.24,0.0
20140930:0209,0.0,0.0,0.0,18.15,1.17,0.0
20140930:0309,0.0,0.0,0.0,18.43,0.83,0.0
20140930:0409,0.0,0.0,0.0,18.76,0.55,0.0
20140930:0509,0.0,0.0,0.0,18.9,0.28,0.0
20140930:0609,0.0,0.0,0.0,18.85,0.34,0.0
20140930:0709,4293.66,97.53,9.41,18.99,0.62,0.0
20140930:0809,18286.59,316.47,21.45,20.38,1.52,0.0
20140930:0909,26530.84,447.77,32.77,22.31,1.38,0.0
20140930:1009,42039.49,720.41,42.69,24.62,2.0,0.0
20140930:1109,52770.99,926.49,50.07,26.42,2.41,0.0
20140930:1209,56437.72,1005.58,53.28,27.76,2.55,0.0
20140930:1309,56625.2,1003.17,51.25,28.33,3.1,0.0
20140930:1409,50193.43,869.97,44.69,27.97,3.59,0.0
20140930:1509,35953.07,611.45,35.23,27.72,3.66,0.0
20140930:1609,28040.5,475.7,24.17,26.75,3.72,0.0
20140930:1709,11909.47,220.33,12.25,25.36,3.24,0.0
20140930:1809,0.0,0.0,0.0,23.81,2.34,0.0
20140930:1909,0.0,0.0,0.0,22.62,1.66,0.0
20140930:2009,0.0,0.0,0.0,21.89,1.31,0.0
20140930:2109,0.0,0.0,0.0,21.25,1.1,0.0
20140930:2209,0.0,0.0,0.0,20.43,1.31,0.0
20140930:2309,0.0,0.0,0.0,19.99,1.59,0.0
20141001:0009,0.0,0.0,0.0,19.91,1.79,0.0
20141001:0109,0.0,0.0,0.0,19.81,1.86,0.0
20141001:0209,0.0,0.0,0.0,19.66,1.72,0.0
20141001:0309,0.0,0.0,0.0,19.45,1.66,0.0
20141001:0409,0.0,0.0,0.0,19.21,1.72,0.0
20141001:0509,0.0,0.0,0.0,19.08,1.72,0.0
20141001:0609,0.0,0.0,0.0,19.0,1.79,0.0
20141001:0709,4774.11,112.83,9.25,19.47,1.38,0.0
20141001:0809,13057.84,229.97,21.28,21.34,1.03,0.0
20141001:0909,19268.73,331.34,32.56,23.56,0.76,0.0
20141001:1009,36985.31,644.48,42.43,25.05,0.55,0.0
20141001:1109,46987.41,836.76,49.74,26.57,1.03,0.0
20141001:1209,30734.19,533.65,52.9,27.73,1.72,0.0
20141001:1309,32891.27,569.95,50.86,28.18,2.21,0.0
20141001:1409,36409.23,629.42,44.32,28.14,2.41,0.0
20141001:1509,20521.84,354.69,34.9,27.75,2.55,0.0
20141001:1609,12111.36,216.54,23.86,27.1,2.07,0.0
20141001:1709,5412.43,108.47,11.96,26.15,1.38,0.0
20141001:1809,0.0,0.0,0.0,25.0,1.45,0.0
20141001:1909,0.0,0.0,0.0,23.69,1.66,0.0
20141001:2009,0.0,0.0,0.0,22.77,0.9,0.0
20141001:2109,0.0,0.0,0.0,22.06,0.48,0.0
20141001:2209,0.0,0.0,0.0,22.03,0.28,0.0
20141001:2309,0.0,0.0,0.0,20.71,0.9,0.0
20141002:0009,0.0,0.0,0.0,20.28,1.03,0.0
20141002:0109,0.0,0.0,0.0,19.44,1.31,0.0
20141002:0209,0.0,0.0,0.0,19.26,1.72,0.0
20141002:0309,0.0,0.0,0.0,19.28,2.07,0.0
20141002:0409,0.0,0.0,0.0,19.36,1.93,0.0
20141002:0509,0.0,0.0,0.0,19.28,1.72,0.0
20141002:0609,0.0,0.0,0.0,19.09,1.86,0.0
20141002:0709,3393.49,77.16,9.1,20.39,0.62,0.0
20141002:0809,10837.0,194.1,21.1,21.56,0.21,0.0
20141002:0909,24249.29,417.19,32.34,23.76,0.21,0.0
20141002:1009,44579.87,797.74,42.16,26.12,0.28,0.0
20141002:1109,52950.88,969.85,49.41,28.27,0.9,0.0
20141002:1209,56245.7,1033.17,52.51,29.77,1.59,0.0
20141002:1309,55368.29,1005.55,50.46,30.55,2.21,0.0
20141002:1409,49986.98,889.28,43.95,30.66,2.62,0.0
20141002:1509,41040.65,714.56,34.56,30.0,2.69,0.0
20141002:1609,27547.15,475.64,23.55,29.03,2.69,0.0
20141002:1709,11142.88,210.27,11.67,27.51,2.21,0.0
20141002:1809,0.0,0.0,0.0,25.65,1.66,0.0
20141002:1909,0.0,0.0,0.0,23.97,1.31,0.0
20141002:2009,0.0,0.0,0.0,22.96,0.97,0.0
20141002:2109,0.0,0.0,0.0,21.8,0.83,0.0
20141002:2209,0.0,0.0,0.0,21.28,0.76,0.0
20141002:2309,0.0,0.0,0.0,21.51,0.41,0.0
20141003:0009,0.0,0.0,0.0,20.6,0.97,0.0
20141003:0109,0.0,0.0,0.0,19.02,1.52,0.0
20141003:0209,0.0,0.0,0.0,18.59,1.38,0.0
20141003:0309,0.0,0.0,0.0,18.55,1.17,0.0
20141003:0409,0.0,0.0,0.0,18.29,1.24,0.0
20141003:0509,0.0,0.0,0.0,18.33,1.31,0.0
20141003:0609,0.0,0.0,0.0,17.95,1.38,0.0
20141003:0709,3920.24,88.87,8.94,18.91,1.1,0.0
20141003:0809,19890.35,348.21,20.92,21.82,0.76,0.0
20141003:0909,35038.48,605.78,32.13,23.98,0.48,0.0
20141003:1009,45555.18,822.48,41.89,26.77,0.21,0.0
20141003:1109,53013.87,986.81,49.08,29.14,0.55,0.0
20141003:1209,55584.61,1037.64,52.13,30.91,1.17,0.0
20141003:1309,55402.45,1015.77,50.07,31.58,2.07,0.0
20141003:1409,50923.59,910.52,43.59,31.3,2.69,0.0
20141003:1509,42647.45,742.57,34.23,30.22,3.03,0.0
20141003:1609,29761.15,512.2,23.24,28.65,2.97,0.0
20141003:1709,12340.58,230.99,11.38,26.74,2.41,0.0
20141003:1809,0.0,0.0,0.0,24.72,1.66,0.0
20141003:1909,0.0,0.0,0.0,23.15,1.38,0.0
20141003:2009,0.0,0.0,0.0,21.97,1.03,0.0
20141003:2109,0.0,0.0,0.0,20.71,1.31,0.0
20141003:2209,0.0,0.0,0.0,19.94,1.66,0.0
20141003:2309,0.0,0.0,0.0,19.57,1.66,0.0
20141004:0009,0.0,0.0,0.0,19.35,1.72,0.0
20141004:0109,0.0,0.0,0.0,19.26,1.79,0.0
20141004:0209,0.0,0.0,0.0,19.26,1.79,0.0
20141004:0309,0.0,0.0,0.0,19.36,1.66,0.0
20141004:0409,0.0,0.0,0.0,19.39,1.79,0.0
20141004:0509,0.0,0.0,0.0,19.24,1.79,0.0
20141004:0609,0.0,0.0,0.0,19.08,1.93,0.0
20141004:0709,3662.18,82.89,8.78,19.79,2.21,0.0
20141004:0809,16565.18,285.8,20.73,20.73,2.83,0.0
20141004:0909,29180.51,488.36,31.91,22.41,2.41,0.0
20141004:1009,41996.99,717.23,41.62,24.08,2.07,0.0
20141004:1109,49259.1,864.24,48.74,25.92,1.93,0.0
20141004:1209,54657.87,974.3,51.75,27.32,2.21,0.0
20141004:1309,55832.8,993.59,49.68,28.0,2.62,0.0
20141004:1409,51621.11,901.76,43.22,27.92,3.1,0.0
20141004:1509,40453.18,689.57,33.89,27.21,3.38,0.0
20141004:1609,25203.35,428.23,22.94,26.1,3.24,0.0
20141004:1709,6846.94,132.73,11.09,24.67,2.9,0.0
20141004:1809,0.0,0.0,0.0,23.01,2.14,0.0
20141004:1909,0.0,0.0,0.0,21.54,1.86,0.0
20141004:2009,0.0,0.0,0.0,20.77,1.38,0.0
20141004:2109,0.0,0.0,0.0,20.27,1.03,0.0
20141004:2209,0.0,0.0,0.0,19.41,0.97,0.0
20141004:2309,0.0,0.0,0.0,19.32,0.83,0.0
20141005:0009,0.0,0.0,0.0,19.55,0.69,0.0
20141005:0109,0.0,0.0,0.0,19.2,0.83,0.0
20141005:0209,0.0,0.0,0.0,18.58,1.24,0.0
20141005:0309,0.0,0.0,0.0,18.39,1.52,0.0
20141005:0409,0.0,0.0,0.0,18.49,1.66,0.0
20141005:0509,0.0,0.0,0.0,18.53,1.72,0.0
20141005:0609,0.0,0.0,0.0,18.41,1.72,0.0
20141005:0709,4183.61,96.36,8.61,18.24,1.72,0.0
20141005:0809,20384.46,351.35,20.55,19.72,1.52,0.0
20141005:0909,32175.53,543.12,31.69,21.9,1.24,0.0
20141005:1009,41921.85,722.51,41.35,23.86,1.31,0.0
20141005:1109,51053.38,897.21,48.41,25.45,1.86,0.0
20141005:1209,54332.26,959.88,51.36,26.54,2.41,0.0
20141005:1309,48341.47,841.58,49.29,27.16,2.9,0.0
20141005:1409,48352.1,834.47,42.85,27.04,3.31,0.0
20141005:1509,42459.22,720.96,33.56,26.53,3.59,0.0
20141005:1609,29280.7,493.57,22.63,25.37,3.72,0.0
20141005:1709,10224.49,190.83,10.8,23.82,3.45,0.0
20141005:1809,0.0,0.0,0.0,22.08,2.76,0.0
20141005:1909,0.0,0.0,0.0,20.72,2.55,0.0
20141005:2009,0.0,0.0,0.0,20.1,2.0,0.0
20141005:2109,0.0,0.0,0.0,19.65,1.52,0.0
20141005:2209,0.0,0.0,0.0,19.56,1.31,0.0
20141005:2309,0.0,0.0,0.0,19.09,1.17,0.0
20141006:0009,0.0,0.0,0.0,18.72,0.9,0.0
20141006:0109,0.0,0.0,0.0,18.52,0.62,0.0
20141006:0209,0.0,0.0,0.0,18.14,0.76,0.0
20141006:0309,0.0,0.0,0.0,17.84,1.03,0.0
20141006:0409,0.0,0.0,0.0,18.02,1.1,0.0
20141006:0509,0.0,0.0,0.0,18.23,1.03,0.0
20141006:0609,0.0,0.0,0.0,17.83,1.03,0.0
20141006:0709,2274.72,52.98,8.45,17.78,0.97,0.0
20141006:0809,10330.75,183.25,20.37,19.39,1.1,0.0
20141006:0909,6851.49,127.51,31.47,20.62,1.31,0.0
20141006:1009,15894.22,273.32,41.08,21.81,1.38,0.0
20141006:1109,40951.09,701.67,48.08,23.15,1.59,0.0
20141006:1209,51864.75,901.98,50.98,23.94,2.21,0.0
20141006:1309,57258.96,992.8,48.9,24.26,3.1,0.0
20141006:1409,51036.68,866.66,42.49,24.06,3.66,0.0
20141006:1509,43757.87,730.36,33.23,23.3,3.79,0.0
20141006:1609,30013.9,499.21,22.33,22.35,3.52,0.0
20141006:1709,12024.84,220.23,10.52,21.22,3.1,0.0
20141006:1809,0.0,0.0,0.0,19.92,2.41,0.0
20141006:1909,0.0,0.0,0.0,18.92,2.07,0.0
20141006:2009,0.0,0.0,0.0,18.17,1.72,0.0
20141006:2109,0.0,0.0,0.0,17.46,1.45,0.0
20141006:2209,0.0,0.0,0.0,16.69,1.03,0.0
20141006:2309,0.0,0.0,0.0,16.43,0.97,0.0
20141007:0009,0.0,0.0,0.0,15.24,1.38,0.0
20141007:0109,0.0,0.0,0.0,14.46,1.52,0.0
20141007:0209,0.0,0.0,0.0,14.26,1.52,0.0
20141007:0309,0.0,0.0,0.0,13.86,1.72,0.0
20141007:0409,0.0,0.0,0.0,13.66,1.79,0.0
20141007:0509,0.0,0.0,0.0,13.55,1.86,0.0
20141007:0609,0.0,0.0,0.0,13.4,1.86,0.0
20141007:0709,4677.72,107.91,8.29,13.74,1.72,0.0
20141007:0809,21116.14,359.79,20.18,17.2,1.38,0.0
20141007:0909,36426.69,608.22,31.24,20.35,1.79,0.0
20141007:1009,47815.48,815.27,40.8,22.31,2.07,0.0
20141007:1109,54767.92,958.49,47.74,24.03,2.07,0.0
20141007:1209,57447.19,1018.7,50.6,25.41,2.21,0.0
20141007:1309,57109.44,1007.23,48.51,26.2,2.69,0.0
20141007:1409,52188.84,901.07,42.13,26.12,3.31,0.0
20141007:1509,43571.15,735.71,32.9,25.33,3.66,0.0
20141007:1609,29305.75,491.63,22.03,24.15,3.59,0.0
20141007:1709,11951.21,220.78,10.23,22.71,3.31,0.0
20141007:1809,0.0,0.0,0.0,21.16,2.55,0.0
20141007:1909,0.0,0.0,0.0,20.12,2.07,0.0
20141007:2009,0.0,0.0,0.0,19.36,1.52,0.0
20141007:2109,0.0,0.0,0.0,18.56,0.97,0.0
20141007:2209,0.0,0.0,0.0,18.47,0.48,0.0
20141007:2309,0.0,0.0,0.0,18.22,0.48,0.0
20141008:0009,0.0,0.0,0.0,17.84,0.55,0.0
20141008:0109,0.0,0.0,0.0,17.43,0.83,0.0
20141008:0209,0.0,0.0,0.0,16.58,1.03,0.0
20141008:0309,0.0,0.0,0.0,16.14,1.03,0.0
20141008:0409,0.0,0.0,0.0,15.77,0.97,0.0
20141008:0509,0.0,0.0,0.0,15.65,1.03,0.0
20141008:0609,0.0,0.0,0.0,16.0,1.03,0.0
20141008:0709,3414.74,77.28,8.12,16.12,1.24,0.0
20141008:0809,21368.13,365.06,19.99,17.45,1.17,0.0
20141008:0909,36627.82,617.17,31.02,19.88,0.9,0.0
20141008:1009,46154.03,807.77,40.53,22.33,0.48,0.0
20141008:1109,52922.03,950.83,47.4,24.37,0.76,0.0
20141008:1209,56291.24,1011.08,50.22,25.92,1.59,0.0
20141008:1309,56377.76,998.12,48.13,26.58,2.48,0.0
20141008:1409,51581.64,891.5,41.77,26.23,3.17,0.0
20141008:1509,42746.88,722.03,32.58,25.25,3.45,0.0
20141008:1609,28751.68,483.38,21.73,24.08,3.17,0.0
20141008:1709,11104.17,206.73,9.95,22.78,2.62,0.0
20141008:1809,0.0,0.0,0.0,21.33,1.79,0.0
20141008:1909,0.0,0.0,0.0,20.22,1.45,0.0
20141008:2009,0.0,0.0,0.0,19.32,0.83,0.0
20141008:2109,0.0,0.0,0.0,18.53,0.69,0.0
20141008:2209,0.0,0.0,0.0,17.25,1.17,0.0
20141008:2309,0.0,0.0,0.0,16.61,1.45,0.0
20141009:0009,0.0,0.0,0.0,16.19,1.52,0.0
20141009:0109,0.0,0.0,0.0,15.76,1.52,0.0
20141009:0209,0.0,0.0,0.0,15.39,1.59,0.0
20141009:0309,0.0,0.0,0.0,15.23,1.66,0.0
20141009:0409,0.0,0.0,0.0,15.21,1.79,0.0
20141009:0509,0.0,0.0,0.0,15.27,1.79,0.0
20141009:0609,0.0,0.0,0.0,15.27,1.72,0.0
20141009:0709,4412.07,102.76,7.95,15.4,1.52,0.0
20141009:0809,20468.71,351.47,19.8,18.34,1.03,0.0
20141009:0909,35335.25,598.52,30.79,21.24,0.9,0.0
20141009:1009,46158.58,803.42,40.25,23.23,0.97,0.0
20141009:1109,51802.51,918.89,47.07,24.95,1.31,0.0
20141009:1209,53602.1,954.53,49.84,26.26,1.79,0.0
20141009:1309,55465.44,984.57,47.74,26.97,2.34,0.0
20141009:1409,50184.32,871.15,41.41,26.94,2.97,0.0
20141009:1509,42091.1,714.11,32.25,26.13,3.38,0.0
20141009:1609,28953.57,487.95,21.43,24.79,3.38,0.0
20141009:1709,11414.6,212.69,9.67,23.15,3.1,0.0
20141009:1809,0.0,0.0,0.0,21.52,2.21,0.0
20141009:1909,0.0,0.0,0.0,20.38,1.66,0.0
20141009:2009,0.0,0.0,0.0,19.61,1.17,0.0
20141009:2109,0.0,0.0,0.0,18.6,1.03,0.0
20141009:2209,0.0,0.0,0.0,17.76,1.52,0.0
20141009:2309,0.0,0.0,0.0,17.25,1.52,0.0
20141010:0009,0.0,0.0,0.0,16.92,1.59,0.0
20141010:0109,0.0,0.0,0.0,16.84,1.59,0.0
20141010:0209,0.0,0.0,0.0,16.91,1.66,0.0
20141010:0309,0.0,0.0,0.0,16.83,1.72,0.0
20141010:0409,0.0,0.0,0.0,16.89,1.79,0.0
20141010:0509,0.0,0.0,0.0,16.87,1.93,0.0
20141010:0609,0.0,0.0,0.0,16.86,1.93,0.0
20141010:0709,3171.1,73.13,7.78,17.6,2.0,0.0
20141010:0809,14070.34,244.07,19.61,19.36,1.59,0.0
20141010:0909,23313.44,392.71,30.56,22.04,1.66,0.0
20141010:1009,46965.4,808.56,39.97,24.07,1.93,0.0
20141010:1109,53281.04,934.07,46.73,25.81,2.34,0.0
20141010:1209,55949.69,990.71,49.46,27.09,2.62,0.0
20141010:1309,55747.03,985.71,47.36,27.82,2.9,0.0
20141010:1409,50805.18,883.7,41.06,27.68,3.17,0.0
20141010:1509,41439.88,708.1,31.93,27.03,3.03,0.0
20141010:1609,28249.98,480.81,21.13,25.98,2.76,0.0
20141010:1709,6916.77,135.2,9.4,24.42,2.62,0.0
20141010:1809,0.0,0.0,0.0,22.51,2.0,0.0
20141010:1909,0.0,0.0,0.0,21.52,1.45,0.0
20141010:2009,0.0,0.0,0.0,20.59,0.69,0.0
20141010:2109,0.0,0.0,0.0,19.96,0.55,0.0
20141010:2209,0.0,0.0,0.0,18.41,1.38,0.0
20141010:2309,0.0,0.0,0.0,17.79,1.45,0.0
20141011:0009,0.0,0.0,0.0,17.38,1.45,0.0
20141011:0109,0.0,0.0,0.0,17.27,1.45,0.0
20141011:0209,0.0,0.0,0.0,17.33,1.45,0.0
20141011:0309,0.0,0.0,0.0,17.29,1.52,0.0
20141011:0409,0.0,0.0,0.0,17.22,1.59,0.0
20141011:0509,0.0,0.0,0.0,17.11,1.45,0.0
20141011:0609,0.0,0.0,0.0,16.81,1.52,0.0
20141011:0709,4291.39,101.79,7.61,17.13,0.97,0.0
20141011:0809,18124.92,313.89,19.41,19.09,0.41,0.0
20141011:0909,27326.28,463.5,30.33,21.52,0.41,0.0
20141011:1009,42206.47,731.4,39.69,23.89,0.97,0.0
20141011:1109,46262.57,807.4,46.39,25.56,1.72,0.0
20141011:1209,48097.07,839.96,49.08,27.05,2.55,0.0
20141011:1309,49872.37,864.02,46.98,27.43,3.52,0.0
20141011:1409,44557.1,757.63,40.7,27.21,4.41,0.0
20141011:1509,41411.8,694.33,31.61,26.23,4.83,0.0
20141011:1609,27946.38,468.35,20.84,24.91,4.69,0.0
20141011:1709,10863.57,204.03,9.12,23.83,4.0,0.0
20141011:1809,0.0,0.0,0.0,22.79,3.45,0.0
20141011:1909,0.0,0.0,0.0,22.16,4.14,0.0
20141011:2009,0.0,0.0,0.0,21.21,4.21,0.0
20141011:2109,0.0,0.0,0.0,20.6,4.34,0.0
20141011:2209,0.0,0.0,0.0,20.17,4.0,0.0
20141011:2309,0.0,0.0,0.0,19.74,3.66,0.0
20141012:0009,0.0,0.0,0.0,19.36,3.24,0.0
20141012:0109,0.0,0.0,0.0,19.26,3.17,0.0
20141012:0209,0.0,0.0,0.0,18.79,3.1,0.0
20141012:0309,0.0,0.0,0.0,18.34,3.24,0.0
20141012:0409,0.0,0.0,0.0,17.95,3.52,0.0
20141012:0509,0.0,0.0,0.0,17.53,3.52,0.0
20141012:0609,0.0,0.0,0.0,16.91,3.52,0.0
20141012:0709,793.16,24.56,7.44,17.17,3.59,0.0
20141012:0809,7599.11,137.71,19.22,17.91,3.45,0.0
20141012:0909,8287.52,148.72,30.1,19.0,3.72,0.0
20141012:1009,17436.51,293.01,39.41,20.15,3.72,0.0
20141012:1109,14719.29,251.73,46.06,21.15,3.86,0.0
20141012:1209,12675.3,220.07,48.71,21.78,3.93,0.0
20141012:1309,21600.38,360.39,46.6,21.3,4.28,0.0
20141012:1409,23814.38,394.98,40.35,21.52,4.34,0.0
20141012:1509,42025.83,690.9,31.29,21.53,4.34,0.0
20141012:1609,28040.5,462.87,20.55,21.14,4.07,0.0
20141012:1709,10156.94,189.18,8.85,20.39,3.59,0.0
20141012:1809,0.0,0.0,0.0,19.39,2.41,0.0
20141012:1909,0.0,0.0,0.0,18.94,1.86,0.0
20141012:2009,0.0,0.0,0.0,18.19,1.66,0.0
20141012:2109,0.0,0.0,0.0,17.53,1.66,0.0
20141012:2209,0.0,0.0,0.0,16.98,1.59,0.0
20141012:2309,0.0,0.0,0.0,16.24,1.66,0.0
20141013:0009,0.0,0.0,0.0,15.75,1.59,0.0
20141013:0109,0.0,0.0,0.0,15.08,1.66,0.0
20141013:0209,0.0,0.0,0.0,14.53,1.79,0.0
20141013:0309,0.0,0.0,0.0,14.24,1.79,0.0
20141013:0409,0.0,0.0,0.0,13.81,1.72,0.0
20141013:0509,0.0,0.0,0.0,13.55,1.72,0.0
20141013:0609,0.0,0.0,0.0,13.17,1.72,0.0
20141013:0709,4499.35,104.9,7.27,13.32,1.66,0.0
20141013:0809,20941.57,355.74,19.02,16.46,1.24,0.0
20141013:0909,36173.18,603.67,29.87,19.22,1.31,0.0
20141013:1009,46261.81,787.9,39.12,20.8,1.45,0.0
20141013:1109,37916.6,644.21,45.72,22.06,1.45,0.0
20141013:1209,53188.44,931.07,48.33,23.17,1.72,0.0
20141013:1309,54618.4,953.86,46.22,23.94,2.21,0.0
20141013:1409,50377.11,860.57,40.0,24.24,3.1,0.0
20141013:1509,31426.4,522.36,30.97,23.57,3.79,0.0
20141013:1609,10886.34,191.34,20.26,21.86,3.59,0.0
20141013:1709,2905.45,63.76,8.59,20.62,3.17,0.0
20141013:1809,0.0,0.0,0.0,19.42,2.21,0.0
20141013:1909,0.0,0.0,0.0,19.02,2.34,0.0
20141013:2009,0.0,0.0,0.0,18.29,2.41,0.0
20141013:2109,0.0,0.0,0.0,17.76,2.55,0.0
20141013:2209,0.0,0.0,0.0,17.46,2.83,0.0
20141013:2309,0.0,0.0,0.0,17.55,3.24,0.0
20141014:0009,0.0,0.0,0.0,17.54,3.72,0.0
20141014:0109,0.0,0.0,0.0,17.56,4.0,0.0
20141014:0209,0.0,0.0,0.0,17.71,4.28,0.0
20141014:0309,0.0,0.0,0.0,17.76,4.55,0.0
20141014:0409,0.0,0.0,0.0,17.99,4.83,0.0
20141014:0509,0.0,0.0,0.0,17.0,4.76,0.0
20141014:0609,0.0,0.0,0.0,14.74,4.34,0.0
20141014:0709,1698.64,42.28,7.09,15.18,4.76,0.0
20141014:0809,5153.61,97.74,18.82,15.52,4.0,0.0
20141014:0909,21856.16,355.97,29.63,16.6,3.66,0.0
20141014:1009,32079.14,520.28,38.84,18.05,3.86,0.0
20141014:1109,26088.35,429.25,45.39,19.64,3.79,0.0
20141014:1209,53999.81,902.91,47.96,21.0,4.21,0.0
20141014:1309,48494.03,810.88,45.85,22.02,4.0,0.0
20141014:1409,50515.24,845.53,39.65,22.65,4.14,0.0
20141014:1509,39969.7,661.06,30.66,22.58,4.0,0.0
20141014:1609,25972.98,431.9,19.98,22.07,3.72,0.0
20141014:1709,9249.17,174.88,8.32,21.16,3.17,0.0
20141014:1809,0.0,0.0,0.0,20.04,2.21,0.0
20141014:1909,0.0,0.0,0.0,19.23,1.45,0.0
20141014:2009,0.0,0.0,0.0,18.52,1.31,0.0
20141014:2109,0.0,0.0,0.0,17.72,1.38,0.0
20141014:2209,0.0,0.0,0.0,17.04,1.66,0.0
20141014:2309,0.0,0.0,0.0,16.67,1.72,0.0
20141015:0009,0.0,0.0,0.0,16.37,1.86,0.0
20141015:0109,0.0,0.0,0.0,16.31,1.79,0.0
20141015:0209,0.0,0.0,0.0,16.12,1.86,0.0
20141015:0309,0.0,0.0,0.0,15.97,1.79,0.0
20141015:0409,0.0,0.0,0.0,15.72,1.79,0.0
20141015:0509,0.0,0.0,0.0,15.5,1.79,0.0
20141015:0609,0.0,0.0,0.0,15.38,1.79,0.0
20141015:0709,3831.43,90.99,6.92,15.26,1.59,0.0
20141015:0809,20774.59,355.87,18.62,17.44,0.83,0.0
20141015:0909,34494.27,586.83,29.39,20.54,0.28,0.0
20141015:1009,45162.78,794.64,38.56,22.31,0.14,0.0
20141015:1109,51678.79,936.32,45.05,23.81,0.21,0.0
20141015:1209,53526.2,980.21,47.59,25.03,0.34,0.0
20141015:1309,53929.99,971.91,45.48,25.88,1.1,0.0
20141015:1409,49207.49,862.17,39.31,26.18,1.86,0.0
20141015:1509,40866.84,695.12,30.35,25.69,2.69,0.0
20141015:1609,26823.06,452.95,19.7,24.48,2.97,0.0
20141015:1709,9079.16,173.86,8.06,22.91,2.48,0.0
20141015:1809,0.0,0.0,0.0,21.14,1.93,0.0
20141015:1909,0.0,0.0,0.0,20.09,1.86,0.0
20141015:2009,0.0,0.0,0.0,19.23,1.72,0.0
20141015:2109,0.0,0.0,0.0,18.48,1.52,0.0
20141015:2209,0.0,0.0,0.0,17.74,1.45,0.0
20141015:2309,0.0,0.0,0.0,17.16,1.52,0.0
20141016:0009,0.0,0.0,0.0,16.73,1.59,0.0
20141016:0109,0.0,0.0,0.0,16.41,1.66,0.0
20141016:0209,0.0,0.0,0.0,16.1,1.66,0.0
20141016:0309,0.0,0.0,0.0,15.75,1.59,0.0
20141016:0409,0.0,0.0,0.0,15.44,1.59,0.0
20141016:0509,0.0,0.0,0.0,15.18,1.59,0.0
20141016:0609,0.0,0.0,0.0,14.9,1.52,0.0
20141016:0709,3927.82,93.78,6.74,15.06,1.24,0.0
20141016:0809,20190.92,346.72,18.42,17.63,0.62,0.0
20141016:0909,35097.68,596.98,29.16,20.96,0.48,0.0
20141016:1009,45395.03,793.63,38.27,23.37,0.69,0.0
20141016:1109,52189.6,938.95,44.71,25.36,0.83,0.0
20141016:1209,55002.45,995.48,47.22,26.82,1.31,0.0
20141016:1309,54484.82,967.99,45.11,27.41,2.28,0.0
20141016:1409,50496.27,876.77,38.97,27.04,2.97,0.0
20141016:1509,41632.67,707.06,30.04,26.1,3.17,0.0
20141016:1609,27628.36,467.44,19.42,24.84,2.97,0.0
20141016:1709,9063.98,174.2,7.8,23.37,2.34,0.0
20141016:1809,0.0,0.0,0.0,21.63,1.66,0.0
20141016:1909,0.0,0.0,0.0,20.53,1.45,0.0
20141016:2009,0.0,0.0,0.0,19.54,1.03,0.0
20141016:2109,0.0,0.0,0.0,18.4,1.03,0.0
20141016:2209,0.0,0.0,0.0,17.9,1.1,0.0
20141016:2309,0.0,0.0,0.0,17.36,1.24,0.0
20141017:0009,0.0,0.0,0.0,16.67,1.52,0.0
20141017:0109,0.0,0.0,0.0,16.27,1.59,0.0
20141017:0209,0.0,0.0,0.0,15.99,1.59,0.0
20141017:0309,0.0,0.0,0.0,15.81,1.66,0.0
20141017:0409,0.0,0.0,0.0,15.74,1.66,0.0
20141017:0509,0.0,0.0,0.0,15.66,1.72,0.0
20141017:0609,0.0,0.0,0.0,15.6,1.59,0.0
20141017:0709,3942.25,94.61,6.56,15.74,1.59,0.0
20141017:0809,20459.6,351.92,18.22,18.32,0.83,0.0
20141017:0909,33959.18,582.17,28.92,22.35,0.34,0.0
20141017:1009,44970.75,799.75,37.99,25.74,0.48,0.0
20141017:1109,50497.79,908.32,44.38,27.79,1.24,0.0
20141017:1209,54432.44,975.86,46.85,28.67,2.21,0.0
20141017:1309,54879.5,974.89,44.75,28.66,2.76,0.0
20141017:1409,49908.8,870.3,38.63,28.18,3.03,0.0
20141017:1509,40429.65,691.12,29.74,27.38,3.03,0.0
20141017:1609,26123.26,445.18,19.14,26.06,2.83,0.0
20141017:1709,8052.23,157.25,7.54,24.34,2.28,0.0
20141017:1809,0.0,0.0,0.0,22.42,1.66,0.0
20141017:1909,0.0,0.0,0.0,21.43,1.1,0.0
20141017:2009,0.0,0.0,0.0,20.79,0.34,0.0
20141017:2109,0.0,0.0,0.0,19.09,1.45,0.0
20141017:2209,0.0,0.0,0.0,18.4,1.59,0.0
20141017:2309,0.0,0.0,0.0,18.06,1.66,0.0
20141018:0009,0.0,0.0,0.0,17.68,1.59,0.0
20141018:0109,0.0,0.0,0.0,17.33,1.45,0.0
20141018:0209,0.0,0.0,0.0,17.17,1.17,0.0
20141018:0309,0.0,0.0,0.0,17.09,1.03,0.0
20141018:0409,0.0,0.0,0.0,16.83,1.38,0.0
20141018:0509,0.0,0.0,0.0,17.17,1.17,0.0
20141018:0609,0.0,0.0,0.0,18.53,0.14,0.0
20141018:0709,943.44,28.11,6.38,18.37,0.62,0.0
20141018:0809,13408.49,234.44,18.01,19.35,0.76,0.0
20141018:0909,20556.76,348.24,28.68,21.14,0.69,0.0
20141018:1009,37716.99,648.59,37.7,23.26,0.76,0.0
20141018:1109,44998.07,791.47,44.05,25.33,1.03,0.0
20141018:1209,45684.21,807.14,46.49,26.99,1.45,0.0
20141018:1309,47804.86,844.8,44.38,27.9,1.93,0.0
20141018:1409,49857.19,876.17,38.3,28.1,2.41,0.0
20141018:1509,22126.37,379.31,29.44,27.46,2.76,0.0
20141018:1609,10412.72,187.65,18.87,26.18,2.83,0.0
20141018:1709,5552.84,113.13,7.29,24.48,2.41,0.0
20141018:1809,0.0,0.0,0.0,22.79,1.93,0.0
20141018:1909,0.0,0.0,0.0,21.92,1.52,0.0
20141018:2009,0.0,0.0,0.0,21.32,1.38,0.0
20141018:2109,0.0,0.0,0.0,20.75,1.38,0.0
20141018:2209,0.0,0.0,0.0,20.17,1.45,0.0
20141018:2309,0.0,0.0,0.0,19.66,1.31,0.0
20141019:0009,0.0,0.0,0.0,19.21,1.31,0.0
20141019:0109,0.0,0.0,0.0,18.88,1.52,0.0
20141019:0209,0.0,0.0,0.0,18.67,1.59,0.0
20141019:0309,0.0,0.0,0.0,18.5,1.66,0.0
20141019:0409,0.0,0.0,0.0,18.33,1.66,0.0
20141019:0509,0.0,0.0,0.0,18.16,1.79,0.0
20141019:0609,0.0,0.0,0.0,18.13,1.86,0.0
20141019:0709,1943.8,49.24,6.2,18.22,1.86,0.0
20141019:0809,15877.52,275.98,17.81,20.36,1.38,0.0
20141019:0909,29077.29,494.56,28.44,24.31,1.45,0.0
20141019:1009,44343.82,778.37,37.42,27.78,1.66,0.0
20141019:1109,50957.74,922.92,43.71,30.82,1.79,0.0
20141019:1209,53016.15,984.11,46.12,33.12,1.59,0.0
20141019:1309,51814.65,961.66,44.02,34.26,1.72,0.0
20141019:1409,46998.04,850.59,37.96,34.53,2.48,0.0
20141019:1509,38386.43,678.72,29.14,34.13,2.97,0.0
20141019:1609,9819.94,183.4,18.6,32.93,3.24,0.0
20141019:1709,5319.83,112.14,7.04,30.51,3.17,0.0
20141019:1809,0.0,0.0,0.0,28.09,3.17,0.0
20141019:1909,0.0,0.0,0.0,27.56,3.1,0.0
20141019:2009,0.0,0.0,0.0,26.49,3.03,0.0
20141019:2109,0.0,0.0,0.0,25.25,2.9,0.0
20141019:2209,0.0,0.0,0.0,23.94,2.76,0.0
20141019:2309,0.0,0.0,0.0,23.79,3.1,0.0
20141020:0009,0.0,0.0,0.0,24.11,3.38,0.0
20141020:0109,0.0,0.0,0.0,24.25,3.45,0.0
20141020:0209,0.0,0.0,0.0,24.0,3.31,0.0
20141020:0309,0.0,0.0,0.0,23.57,3.17,0.0
20141020:0409,0.0,0.0,0.0,23.23,3.17,0.0
20141020:0509,0.0,0.0,0.0,22.97,3.17,0.0
20141020:0609,0.0,0.0,0.0,22.97,3.17,0.0
20141020:0709,3254.59,82.43,6.02,23.48,2.97,0.0
20141020:0809,7311.45,137.54,17.6,24.88,2.48,0.0
20141020:0909,28843.52,499.96,28.2,28.41,1.66,0.0
20141020:1009,44520.66,810.82,37.13,31.67,0.9,0.0
20141020:1109,50987.34,976.99,43.38,33.9,0.34,0.0
20141020:1209,54232.83,1021.67,45.76,35.14,1.66,0.0
20141020:1309,53265.1,987.0,43.67,35.52,2.41,0.0
20141020:1409,48468.98,879.77,37.64,35.31,2.83,0.0
20141020:1509,39357.94,698.84,28.84,34.6,2.97,0.0
20141020:1609,24634.1,435.77,18.33,33.21,2.69,0.0
20141020:1709,7586.21,154.16,6.8,30.66,2.07,0.0
20141020:1809,0.0,0.0,0.0,27.69,1.93,0.0
20141020:1909,0.0,0.0,0.0,26.05,1.31,0.0
20141020:2009,0.0,0.0,0.0,25.55,0.55,0.0
20141020:2109,0.0,0.0,0.0,23.44,1.17,0.0
20141020:2209,0.0,0.0,0.0,21.19,2.21,0.0
20141020:2309,0.0,0.0,0.0,19.91,2.14,0.0
20141021:0009,0.0,0.0,0.0,18.66,1.93,0.0
20141021:0109,0.0,0.0,0.0,17.74,1.79,0.0
20141021:0209,0.0,0.0,0.0,17.12,1.66,0.0
20141021:0309,0.0,0.0,0.0,16.61,1.66,0.0
20141021:0409,0.0,0.0,0.0,16.24,1.59,0.0
20141021:0509,0.0,0.0,0.0,15.95,1.59,0.0
20141021:0609,0.0,0.0,0.0,15.83,1.52,0.0
20141021:0709,2689.14,66.33,5.83,15.92,1.52,0.0
20141021:0809,17840.3,309.52,17.39,19.7,0.69,0.0
20141021:0909,32705.31,570.44,27.95,25.45,0.21,0.0
20141021:1009,42340.82,767.24,36.84,28.94,0.21,0.0
20141021:1109,49968.77,923.96,43.05,31.26,0.9,0.0
20141021:1209,54395.25,1006.16,45.41,32.55,1.79,0.0
20141021:1309,53463.96,975.95,43.31,32.88,2.41,0.0
20141021:1409,49470.1,887.71,37.31,32.58,2.69,0.0
20141021:1509,37429.33,654.49,28.55,31.7,2.76,0.0
20141021:1609,25753.63,447.94,18.07,29.94,2.76,0.0
20141021:1709,7259.84,146.17,6.56,27.34,2.62,0.0
20141021:1809,0.0,0.0,0.0,24.64,2.07,0.0
20141021:1909,0.0,0.0,0.0,23.24,1.72,0.0
20141021:2009,0.0,0.0,0.0,22.13,1.31,0.0
20141021:2109,0.0,0.0,0.0,21.09,1.17,0.0
20141021:2209,0.0,0.0,0.0,19.9,1.59,0.0
20141021:2309,0.0,0.0,0.0,18.98,1.72,0.0
20141022:0009,0.0,0.0,0.0,18.29,1.59,0.0
20141022:0109,0.0,0.0,0.0,17.76,1.45,0.0
20141022:0209,0.0,0.0,0.0,17.43,1.52,0.0
20141022:0309,0.0,0.0,0.0,17.44,1.79,0.0
20141022:0409,0.0,0.0,0.0,17.76,2.14,0.0
20141022:0509,0.0,0.0,0.0,18.2,2.41,0.0
20141022:0609,0.0,0.0,0.0,18.56,2.55,0.0
20141022:0709,2075.87,54.05,5.65,18.63,2.55,0.0
20141022:0809,15457.79,268.39,17.18,20.72,2.34,0.0
20141022:0909,32081.41,543.64,27.71,24.95,2.34,0.0
20141022:1009,45639.43,792.47,36.56,28.44,2.9,0.0
20141022:1109,52987.31,944.07,42.72,31.06,3.17,0.0
20141022:1209,55529.96,1000.61,45.05,32.93,3.59,0.0
20141022:1309,53166.43,955.42,42.96,33.95,3.86,0.0
20141022:1409,49287.94,876.39,36.99,34.08,4.07,0.0
20141022:1509,38437.28,671.74,28.26,33.52,4.0,0.0
20141022:1609,20974.21,368.82,17.81,32.14,3.59,0.0
20141022:1709,6290.59,130.24,6.32,29.91,3.1,0.0
20141022:1809,0.0,0.0,0.0,27.27,3.03,0.0
20141022:1909,0.0,0.0,0.0,25.96,3.03,0.0
20141022:2009,0.0,0.0,0.0,24.98,2.9,0.0
20141022:2109,0.0,0.0,0.0,24.13,2.62,0.0
20141022:2209,0.0,0.0,0.0,23.26,2.28,0.0
20141022:2309,0.0,0.0,0.0,22.24,2.0,0.0
20141023:0009,0.0,0.0,0.0,21.04,1.79,0.0
20141023:0109,0.0,0.0,0.0,20.19,1.59,0.0
20141023:0209,0.0,0.0,0.0,19.64,1.59,0.0
20141023:0309,0.0,0.0,0.0,18.94,1.79,0.0
20141023:0409,0.0,0.0,0.0,18.22,1.93,0.0
20141023:0509,0.0,0.0,0.0,17.24,1.79,0.0
20141023:0609,0.0,0.0,0.0,16.25,1.59,0.0
20141023:0709,2882.68,74.32,5.46,15.28,1.72,0.0
20141023:0809,19339.32,332.44,16.97,18.42,1.1,0.0
20141023:0909,34529.95,595.73,27.47,24.18,0.62,0.0
20141023:1009,44083.48,797.38,36.27,27.86,0.21,0.0
20141023:1109,50825.68,942.76,42.39,30.17,0.62,0.0
20141023:1209,54037.76,1004.58,44.7,31.71,1.31,0.0
20141023:1309,53287.87,975.8,42.62,32.43,2.07,0.0
20141023:1409,48464.43,867.95,36.67,32.26,2.55,0.0
20141023:1509,39231.95,685.96,27.98,31.38,2.76,0.0
20141023:1609,25496.33,443.74,17.56,29.81,2.62,0.0
20141023:1709,7208.22,146.13,6.09,27.63,2.14,0.0
20141023:1809,0.0,0.0,0.0,25.07,1.52,0.0
20141023:1909,0.0,0.0,0.0,23.64,0.97,0.0
20141023:2009,0.0,0.0,0.0,21.86,1.45,0.0
20141023:2109,0.0,0.0,0.0,20.46,1.86,0.0
20141023:2209,0.0,0.0,0.0,19.51,1.93,0.0
20141023:2309,0.0,0.0,0.0,18.89,2.07,0.0
20141024:0009,0.0,0.0,0.0,18.4,2.07,0.0
20141024:0109,0.0,0.0,0.0,17.9,2.07,0.0
20141024:0209,0.0,0.0,0.0,17.45,2.07,0.0
20141024:0309,0.0,0.0,0.0,17.02,2.07,0.0
20141024:0409,0.0,0.0,0.0,16.71,2.0,0.0
20141024:0509,0.0,0.0,0.0,16.37,2.0,0.0
20141024:0609,0.0,0.0,0.0,16.0,2.0,0.0
20141024:0709,2147.21,56.39,5.28,16.26,1.79,0.0
20141024:0809,15992.13,276.25,16.76,18.65,1.17,0.0
20141024:0909,34343.99,583.81,27.22,22.7,1.1,0.0
20141024:1009,44910.03,786.57,35.98,25.37,1.1,0.0
20141024:1109,48703.51,878.01,42.06,27.55,0.9,0.0
20141024:1209,44063.74,789.71,44.35,29.22,1.17,0.0
20141024:1309,37221.36,655.16,42.27,30.0,1.79,0.0
20141024:1409,46673.19,822.54,36.36,29.74,2.48,0.0
20141024:1509,40918.45,704.75,27.7,28.39,2.9,0.0
20141024:1609,19500.23,335.77,17.31,26.38,2.76,0.0
20141024:1709,7833.64,155.18,5.86,24.13,2.21,0.0
20141024:1809,0.0,0.0,0.0,22.18,1.72,0.0
20141024:1909,0.0,0.0,0.0,21.06,1.03,0.0
20141024:2009,0.0,0.0,0.0,20.1,0.76,0.0
20141024:2109,0.0,0.0,0.0,18.98,1.17,0.0
20141024:2209,0.0,0.0,0.0,18.28,1.45,0.0
20141024:2309,0.0,0.0,0.0,17.77,1.59,0.0
20141025:0009,0.0,0.0,0.0,17.39,1.66,0.0
20141025:0109,0.0,0.0,0.0,17.07,1.72,0.0
20141025:0209,0.0,0.0,0.0,16.66,1.66,0.0
20141025:0309,0.0,0.0,0.0,16.3,1.59,0.0
20141025:0409,0.0,0.0,0.0,15.9,1.52,0.0
20141025:0509,0.0,0.0,0.0,15.51,1.52,0.0
20141025:0609,0.0,0.0,0.0,15.06,1.52,0.0
20141025:0709,1851.2,49.6,5.09,15.15,1.52,0.0
20141025:0809,14710.18,254.09,16.55,17.44,0.83,0.0
20141025:0909,31689.01,534.38,26.98,20.79,0.76,0.0
20141025:1009,42612.54,735.46,35.7,23.05,0.97,0.0
20141025:1109,50128.16,892.21,41.74,25.07,0.97,0.0
20141025:1209,47077.73,831.39,44.0,26.63,1.52,0.0
20141025:1309,40129.85,695.95,41.94,27.34,2.14,0.0
20141025:1409,44100.94,762.74,36.05,27.23,2.55,0.0
20141025:1509,35717.78,606.99,27.42,26.43,2.69,0.0
20141025:1609,25266.35,430.46,17.06,25.33,2.55,0.0
20141025:1709,6412.79,130.51,5.64,23.66,2.14,0.0
20141025:1809,0.0,0.0,0.0,21.71,1.66,0.0
20141025:1909,0.0,0.0,0.0,20.39,1.31,0.0
20141025:2009,0.0,0.0,0.0,19.52,0.48,0.0
20141025:2109,0.0,0.0,0.0,18.11,1.03,0.0
20141025:2209,0.0,0.0,0.0,17.23,1.45,0.0
20141025:2309,0.0,0.0,0.0,16.81,1.45,0.0
20141026:0009,0.0,0.0,0.0,16.21,1.59,0.0
20141026:0109,0.0,0.0,0.0,15.8,1.59,0.0
20141026:0209,0.0,0.0,0.0,15.62,1.59,0.0
20141026:0309,0.0,0.0,0.0,15.26,1.66,0.0
20141026:0409,0.0,0.0,0.0,14.98,1.66,0.0
20141026:0509,0.0,0.0,0.0,14.82,1.45,0.0
20141026:0609,0.0,0.0,0.0,14.66,1.38,0.0
20141026:0709,2327.85,61.5,4.9,14.39,1.52,0.0
20141026:0809,15277.91,262.21,16.34,16.39,0.9,0.0
20141026:0909,33953.87,574.46,26.73,20.22,0.48,0.0
20141026:1009,44553.3,781.76,35.41,23.02,0.34,0.0
20141026:1109,51411.62,927.6,41.42,25.33,0.62,0.0
20141026:1209,54542.5,988.19,43.66,26.98,1.24,0.0
20141026:1309,53356.94,951.92,41.6,27.78,2.0,0.0
20141026:1409,51038.96,895.28,35.74,27.7,2.55,0.0
20141026:1509,39438.4,672.66,27.15,26.79,2.83,0.0
20141026:1609,25213.22,428.36,16.82,25.14,2.9,0.0
20141026:1709,6488.69,131.78,5.42,23.09,2.55,0.0
20141026:1809,0.0,0.0,0.0,21.0,2.14,0.0
20141026:1909,0.0,0.0,0.0,20.03,1.52,0.0
20141026:2009,0.0,0.0,0.0,19.16,1.31,0.0
20141026:2109,0.0,0.0,0.0,18.12,1.38,0.0
20141026:2209,0.0,0.0,0.0,17.36,1.45,0.0
20141026:2309,0.0,0.0,0.0,16.72,1.31,0.0
20141027:0009,0.0,0.0,0.0,16.43,1.24,0.0
20141027:0109,0.0,0.0,0.0,15.83,1.38,0.0
20141027:0209,0.0,0.0,0.0,15.3,1.52,0.0
20141027:0309,0.0,0.0,0.0,14.99,1.72,0.0
20141027:0409,0.0,0.0,0.0,15.01,1.79,0.0
20141027:0509,0.0,0.0,0.0,15.04,1.93,0.0
20141027:0609,0.0,0.0,0.0,15.08,1.93,0.0
20141027:0709,1584.79,44.14,4.71,15.29,1.93,0.0
20141027:0809,13929.17,240.24,16.12,16.96,1.38,0.0
20141027:0909,28960.4,488.11,26.48,21.85,1.1,0.0
20141027:1009,40693.79,706.73,35.13,25.76,1.24,0.0
20141027:1109,48522.87,866.63,41.09,28.45,1.52,0.0
20141027:1209,53507.22,973.93,43.31,30.15,1.72,0.0
20141027:1309,52116.74,942.95,41.27,31.01,2.07,0.0
20141027:1409,47187.79,837.45,35.44,31.2,2.55,0.0
20141027:1509,24831.44,430.06,26.88,30.66,2.9,0.0
20141027:1609,22706.24,394.08,16.58,29.28,3.03,0.0
20141027:1709,5546.01,116.94,5.2,26.86,2.55,0.0
20141027:1809,0.0,0.0,0.0,24.15,2.41,0.0
20141027:1909,0.0,0.0,0.0,23.29,2.28,0.0
20141027:2009,0.0,0.0,0.0,22.27,2.21,0.0
20141027:2109,0.0,0.0,0.0,21.39,2.28,0.0
20141027:2209,0.0,0.0,0.0,20.75,2.34,0.0
20141027:2309,0.0,0.0,0.0,20.34,2.34,0.0
20141028:0009,0.0,0.0,0.0,19.83,2.21,0.0
20141028:0109,0.0,0.0,0.0,19.29,2.21,0.0
20141028:0209,0.0,0.0,0.0,18.73,2.41,0.0
20141028:0309,0.0,0.0,0.0,18.41,2.55,0.0
20141028:0409,0.0,0.0,0.0,18.41,2.69,0.0
20141028:0509,0.0,0.0,0.0,18.79,2.9,0.0
20141028:0609,0.0,0.0,0.0,19.22,2.97,0.0
20141028:0709,2364.28,65.91,4.52,19.4,3.03,0.0
20141028:0809,18110.5,314.36,15.91,21.62,2.76,0.0
20141028:0909,33244.96,565.5,26.24,25.77,2.41,0.0
20141028:1009,44175.32,776.28,34.85,30.07,2.41,0.0
20141028:1109,51096.64,926.38,40.78,32.7,2.34,0.0
20141028:1209,52408.95,974.88,42.98,33.79,1.59,0.0
20141028:1309,37703.33,689.94,40.94,34.27,0.76,0.0
20141028:1409,4746.03,99.18,35.14,34.3,0.76,0.0
20141028:1509,20727.53,368.25,26.62,33.69,2.0,0.0
20141028:1609,10004.38,185.33,16.34,31.4,2.9,0.0
20141028:1709,2755.17,65.54,4.99,28.69,2.55,0.0
20141028:1809,0.0,0.0,0.0,26.31,1.45,0.0
20141028:1909,0.0,0.0,0.0,25.87,1.17,0.0
20141028:2009,0.0,0.0,0.0,25.05,1.38,0.0
20141028:2109,0.0,0.0,0.0,24.49,2.28,0.0
20141028:2209,0.0,0.0,0.0,23.74,2.62,0.0
20141028:2309,0.0,0.0,0.0,23.31,2.55,0.0
20141029:0009,0.0,0.0,0.0,22.75,2.48,0.0
20141029:0109,0.0,0.0,0.0,22.06,2.41,0.0
20141029:0209,0.0,0.0,0.0,21.27,2.34,0.0
20141029:0309,0.0,0.0,0.0,21.07,2.34,0.0
20141029:0409,0.0,0.0,0.0,20.75,2.14,0.0
20141029:0509,0.0,0.0,0.0,20.28,2.0,0.0
20141029:0609,0.0,0.0,0.0,20.09,1.93,0.0
20141029:0709,1497.51,43.69,4.33,19.88,1.93,0.0
20141029:0809,8332.3,152.39,15.69,20.79,1.38,0.0
20141029:0909,10781.6,193.09,25.99,24.24,1.17,0.0
20141029:1009,38326.46,662.53,34.56,27.32,1.93,0.0
20141029:1109,40044.84,697.84,40.46,28.74,2.28,0.0
20141029:1209,55602.06,1011.4,42.64,29.59,1.86,0.0
20141029:1309,46673.19,840.01,40.62,29.94,1.38,0.0
20141029:1409,45651.57,816.36,34.85,30.16,1.52,0.0
20141029:1509,37356.46,654.2,26.36,29.82,1.66,0.0
20141029:1609,24170.36,424.45,16.11,29.1,1.1,0.0
20141029:1709,5810.14,123.21,4.78,27.97,1.52,0.0
20141029:1809,0.0,0.0,0.0,26.07,1.45,0.0
20141029:1909,0.0,0.0,0.0,24.13,1.72,0.0
20141029:2009,0.0,0.0,0.0,22.96,1.59,0.0
20141029:2109,0.0,0.0,0.0,21.79,1.93,0.0
20141029:2209,0.0,0.0,0.0,20.67,2.14,0.0
20141029:2309,0.0,0.0,0.0,20.22,2.34,0.0
20141030:0009,0.0,0.0,0.0,19.86,2.34,0.0
20141030:0109,0.0,0.0,0.0,19.46,2.34,0.0
20141030:0209,0.0,0.0,0.0,19.05,2.41,0.0
20141030:0309,0.0,0.0,0.0,18.66,2.34,0.0
20141030:0409,0.0,0.0,0.0,18.34,2.41,0.0
20141030:0509,0.0,0.0,0.0,18.01,2.34,0.0
20141030:0609,0.0,0.0,0.0,17.59,2.21,0.0
20141030:0709,1908.13,54.45,4.14,17.26,2.28,0.0
20141030:0809,18127.2,312.56,15.48,18.93,1.66,0.0
20141030:0909,32948.95,562.21,25.75,23.76,1.1,0.0
20141030:1009,43237.19,768.27,34.28,28.01,0.9,0.0
20141030:1109,50027.97,911.97,40.14,30.16,1.17,0.0
20141030:1209,53077.63,977.8,42.31,31.36,1.45,0.0
20141030:1309,51523.2,941.01,40.3,31.97,1.79,0.0
20141030:1409,46807.53,833.69,34.56,31.99,2.55,0.0
20141030:1509,38092.69,662.22,26.1,31.36,3.17,0.0
20141030:1609,23588.96,409.54,15.89,29.78,3.38,0.0
20141030:1709,4843.18,105.09,4.58,27.49,2.97,0.0
20141030:1809,0.0,0.0,0.0,25.03,2.34,0.0
20141030:1909,0.0,0.0,0.0,24.13,2.14,0.0
20141030:2009,0.0,0.0,0.0,23.14,1.93,0.0
20141030:2109,0.0,0.0,0.0,22.26,1.66,0.0
20141030:2209,0.0,0.0,0.0,21.52,1.24,0.0
20141030:2309,0.0,0.0,0.0,20.51,1.52,0.0
20141031:0009,0.0,0.0,0.0,19.03,1.66,0.0
20141031:0109,0.0,0.0,0.0,17.93,1.66,0.0
20141031:0209,0.0,0.0,0.0,17.21,1.79,0.0
20141031:0309,0.0,0.0,0.0,16.79,1.93,0.0
20141031:0409,0.0,0.0,0.0,16.63,2.07,0.0
20141031:0509,0.0,0.0,0.0,16.64,2.21,0.0
20141031:0609,0.0,0.0,0.0,16.56,2.28,0.0
20141031:0709,1813.25,52.45,3.95,16.96,2.41,0.0
20141031:0809,17925.3,308.94,15.26,18.92,1.86,0.0
20141031:0909,32844.21,557.24,25.5,23.87,1.66,0.0
20141031:1009,43583.3,762.53,34.0,27.29,1.59,0.0
20141031:1109,50508.41,911.92,39.83,29.33,1.45,0.0
20141031:1209,53075.35,965.55,41.98,30.51,1.79,0.0
20141031:1309,52219.96,935.02,39.98,30.78,2.62,0.0
20141031:1409,47562.74,834.85,34.27,30.06,2.97,0.0
20141031:1509,36639.97,629.24,25.85,29.02,3.03,0.0
20141031:1609,22973.41,396.16,15.67,27.52,2.69,0.0
20141031:1709,4525.16,98.6,4.38,25.46,2.14,0.0
20141031:1809,0.0,0.0,0.0,23.15,1.66,0.0
20141031:1909,0.0,0.0,0.0,21.98,1.59,0.0
20141031:2009,0.0,0.0,0.0,20.59,0.97,0.0
20141031:2109,0.0,0.0,0.0,19.73,0.83,0.0
20141031:2209,0.0,0.0,0.0,18.32,1.59,0.0
20141031:2309,0.0,0.0,0.0,17.61,1.66,0.0
20141101:0009,0.0,0.0,0.0,17.12,1.66,0.0
20141101:0109,0.0,0.0,0.0,16.63,1.52,0.0
20141101:0209,0.0,0.0,0.0,16.11,1.45,0.0
20141101:0309,0.0,0.0,0.0,15.63,1.38,0.0
20141101:0409,0.0,0.0,0.0,15.18,1.38,0.0
20141101:0509,0.0,0.0,0.0,14.82,1.52,0.0
20141101:0609,0.0,0.0,0.0,14.71,1.66,0.0
20141101:0709,2285.35,65.54,3.76,15.22,1.79,0.0
20141101:0809,16772.38,288.52,15.05,17.27,1.17,0.0
20141101:0909,24634.86,416.26,25.26,21.68,0.76,0.0
20141101:1009,15235.41,267.55,33.72,25.14,0.48,0.0
20141101:1109,25929.72,450.72,39.52,27.46,0.97,0.0
20141101:1209,47445.85,842.31,41.66,28.69,1.86,0.0
20141101:1309,38893.44,675.55,39.67,29.0,2.55,0.0
20141101:1409,18984.87,329.22,33.99,28.24,3.1,0.0
20141101:1509,29723.96,504.38,25.61,27.3,3.1,0.0
20141101:1609,24026.9,411.06,15.45,26.27,2.9,0.0
20141101:1709,4821.93,103.98,4.19,24.64,2.34,0.0
20141101:1809,0.0,0.0,0.0,22.78,1.86,0.0
20141101:1909,0.0,0.0,0.0,21.44,1.45,0.0
20141101:2009,0.0,0.0,0.0,20.18,0.76,0.0
20141101:2109,0.0,0.0,0.0,19.53,0.76,0.0
20141101:2209,0.0,0.0,0.0,17.75,1.72,0.0
20141101:2309,0.0,0.0,0.0,16.83,1.59,0.0
20141102:0009,0.0,0.0,0.0,16.29,1.45,0.0
20141102:0109,0.0,0.0,0.0,15.88,1.38,0.0
20141102:0209,0.0,0.0,0.0,15.66,1.45,0.0
20141102:0309,0.0,0.0,0.0,15.42,1.66,0.0
20141102:0409,0.0,0.0,0.0,14.96,1.72,0.0
20141102:0509,0.0,0.0,0.0,14.73,1.79,0.0
20141102:0609,0.0,0.0,0.0,14.74,1.86,0.0
20141102:0709,1096.0,35.25,3.56,15.42,1.79,0.0
20141102:0809,9615.01,170.85,14.83,17.11,1.45,0.0
20141102:0909,9871.55,174.74,25.01,20.22,2.28,0.0
20141102:1009,19732.48,332.72,33.44,21.53,2.0,0.0
20141102:1109,22250.84,377.22,39.21,23.43,2.07,0.0
20141102:1209,43297.91,743.96,41.34,25.14,2.28,0.0
20141102:1309,37241.09,634.0,39.36,26.23,2.97,0.0
20141102:1409,47391.2,811.93,33.71,26.18,3.17,0.0
20141102:1509,37897.63,640.54,25.36,25.68,2.97,0.0
20141102:1609,22804.16,388.04,15.24,24.61,2.62,0.0
20141102:1709,1503.58,40.55,4.0,22.91,2.41,0.0
20141102:1809,0.0,0.0,0.0,20.86,2.34,0.0
20141102:1909,0.0,0.0,0.0,19.88,1.93,0.0
20141102:2009,0.0,0.0,0.0,19.0,1.45,0.0
20141102:2109,0.0,0.0,0.0,18.14,1.31,0.0
20141102:2209,0.0,0.0,0.0,17.99,0.9,0.0
20141102:2309,0.0,0.0,0.0,17.81,1.03,0.0
20141103:0009,0.0,0.0,0.0,17.88,1.31,0.0
20141103:0109,0.0,0.0,0.0,17.96,1.24,0.0
20141103:0209,0.0,0.0,0.0,17.92,0.97,0.0
20141103:0309,0.0,0.0,0.0,17.7,1.1,0.0
20141103:0409,0.0,0.0,0.0,17.51,1.24,0.0
20141103:0509,0.0,0.0,0.0,17.47,1.31,0.0
20141103:0609,0.0,0.0,0.0,17.47,1.38,0.0
20141103:0709,1275.88,40.91,3.37,17.39,1.52,0.0
20141103:0809,12974.35,226.2,14.62,18.03,1.72,0.0
20141103:0909,19623.95,327.46,24.77,19.2,1.72,0.0
20141103:1009,33755.01,562.93,33.17,20.53,1.59,0.0
20141103:1109,31680.66,532.4,38.91,22.24,1.79,0.0
20141103:1209,43881.58,745.87,41.03,23.29,2.41,0.0
20141103:1309,49403.31,837.04,39.06,23.19,3.24,0.0
20141103:1409,44516.11,745.21,33.44,22.74,3.31,0.0
20141103:1509,36885.12,611.28,25.13,22.41,3.24,0.0
20141103:1609,20947.64,351.34,15.03,21.64,3.24,0.0
20141103:1709,1758.6,45.32,3.82,20.25,3.1,0.0
20141103:1809,0.0,0.0,0.0,18.98,2.28,0.0
20141103:1909,0.0,0.0,0.0,18.44,1.45,0.0
20141103:2009,0.0,0.0,0.0,17.7,1.31,0.0
20141103:2109,0.0,0.0,0.0,17.1,1.72,0.0
20141103:2209,0.0,0.0,0.0,16.68,2.07,0.0
20141103:2309,0.0,0.0,0.0,16.68,2.34,0.0
20141104:0009,0.0,0.0,0.0,16.28,2.76,0.0
20141104:0109,0.0,0.0,0.0,16.09,2.97,0.0
20141104:0209,0.0,0.0,0.0,15.96,3.31,0.0
20141104:0309,0.0,0.0,0.0,16.03,3.52,0.0
20141104:0409,0.0,0.0,0.0,16.18,4.14,0.0
20141104:0509,0.0,0.0,0.0,16.4,4.48,0.0
20141104:0609,0.0,0.0,0.0,16.64,4.76,0.0
20141104:0709,0.0,2.83,3.18,17.07,5.38,0.0
20141104:0809,470.58,17.95,14.4,17.68,5.31,0.0
20141104:0909,6859.84,125.37,24.52,17.88,5.86,0.0
20141104:1009,2534.3,55.73,32.89,17.33,6.48,0.0
20141104:1109,3988.54,79.34,38.61,16.4,6.69,0.0
20141104:1209,6382.43,117.12,40.71,16.44,7.03,0.0
20141104:1309,6486.41,119.01,38.76,16.86,6.28,0.0
20141104:1409,4573.73,88.79,33.18,16.45,5.24,0.0
20141104:1509,6939.54,125.63,24.9,15.8,4.69,0.0
20141104:1609,21880.45,355.41,14.83,15.64,3.93,0.0
20141104:1709,1806.42,45.45,3.64,15.29,3.79,0.0
20141104:1809,0.0,0.0,0.0,15.17,3.45,0.0
20141104:1909,0.0,0.0,0.0,15.54,3.17,0.0
20141104:2009,0.0,0.0,0.0,15.45,2.83,0.0
20141104:2109,0.0,0.0,0.0,15.4,2.69,0.0
20141104:2209,0.0,0.0,0.0,15.13,2.62,0.0
20141104:2309,0.0,0.0,0.0,14.84,2.62,0.0
20141105:0009,0.0,0.0,0.0,14.56,2.55,0.0
20141105:0109,0.0,0.0,0.0,14.21,2.55,0.0
20141105:0209,0.0,0.0,0.0,13.99,2.48,0.0
20141105:0309,0.0,0.0,0.0,13.41,2.48,0.0
20141105:0409,0.0,0.0,0.0,13.16,2.28,0.0
20141105:0509,0.0,0.0,0.0,13.18,2.41,0.0
20141105:0609,0.0,0.0,0.0,12.86,2.21,0.0
20141105:0709,826.55,28.9,2.98,13.2,1.52,0.0
20141105:0809,16534.06,280.38,14.19,13.94,1.38,0.0
20141105:0909,27243.55,443.27,24.28,15.39,1.52,0.0
20141105:1009,36648.32,594.01,32.62,16.5,2.69,0.0
20141105:1109,40096.45,652.29,38.31,17.29,3.24,0.0
20141105:1209,47849.64,786.72,40.41,17.62,3.24,0.0
20141105:1309,38192.12,620.95,38.47,17.92,3.59,0.0
20141105:1409,48763.47,796.89,32.92,17.72,3.66,0.0
20141105:1509,34629.38,558.25,24.67,17.57,3.72,0.0
20141105:1609,20996.98,344.68,14.63,17.2,3.52,0.0
20141105:1709,3518.72,77.76,3.47,16.44,2.83,0.0
20141105:1809,0.0,0.0,0.0,15.34,2.07,0.0
20141105:1909,0.0,0.0,0.0,14.99,1.72,0.0
20141105:2009,0.0,0.0,0.0,14.08,1.45,0.0
20141105:2109,0.0,0.0,0.0,13.32,1.24,0.0
20141105:2209,0.0,0.0,0.0,12.95,1.17,0.0
20141105:2309,0.0,0.0,0.0,12.79,1.31,0.0
20141106:0009,0.0,0.0,0.0,12.92,1.66,0.0
20141106:0109,0.0,0.0,0.0,12.75,1.79,0.0
20141106:0209,0.0,0.0,0.0,12.48,2.0,0.0
20141106:0309,0.0,0.0,0.0,12.34,2.21,0.0
20141106:0409,0.0,0.0,0.0,12.51,2.34,0.0
20141106:0509,0.0,0.0,0.0,12.66,2.48,0.0
20141106:0609,0.0,0.0,0.0,12.71,2.48,0.0
20141106:0709,1253.11,41.43,2.79,12.96,2.41,0.0
20141106:0809,13765.22,234.6,13.97,13.85,2.28,0.0
20141106:0909,20289.59,331.42,24.04,15.73,2.48,0.0
20141106:1009,45466.38,748.67,32.35,17.56,2.41,0.0
20141106:1109,47392.72,792.54,38.01,18.59,2.07,0.0
20141106:1209,53036.64,898.06,40.1,19.21,2.21,0.0
20141106:1309,46867.49,784.07,38.18,19.76,2.48,0.0
20141106:1409,30194.54,495.78,32.66,19.58,2.69,0.0
20141106:1509,38682.44,634.59,24.45,19.16,2.69,0.0
20141106:1609,19743.11,328.76,14.44,18.82,2.48,0.0
20141106:1709,2964.65,68.33,3.3,18.14,1.72,0.0
20141106:1809,0.0,0.0,0.0,17.0,1.45,0.0
20141106:1909,0.0,0.0,0.0,15.83,1.24,0.0
20141106:2009,0.0,0.0,0.0,16.27,0.62,0.0
20141106:2109,0.0,0.0,0.0,16.03,0.48,0.0
20141106:2209,0.0,0.0,0.0,12.91,1.59,0.0
20141106:2309,0.0,0.0,0.0,12.13,1.52,0.0
20141107:0009,0.0,0.0,0.0,11.72,1.72,0.0
20141107:0109,0.0,0.0,0.0,11.63,1.79,0.0
20141107:0209,0.0,0.0,0.0,11.31,1.72,0.0
20141107:0309,0.0,0.0,0.0,11.05,1.66,0.0
20141107:0409,0.0,0.0,0.0,10.89,1.72,0.0
20141107:0509,0.0,0.0,0.0,10.81,1.79,0.0
20141107:0609,0.0,0.0,0.0,10.76,1.86,0.0
20141107:0709,1007.19,35.06,2.59,11.24,2.0,0.0
20141107:0809,17086.61,287.95,13.76,12.68,1.66,0.0
20141107:0909,29190.38,477.36,23.8,16.39,1.45,0.0
20141107:1009,34340.2,570.5,32.08,18.8,1.17,0.0
20141107:1109,50623.78,884.22,37.72,20.1,0.55,0.0
20141107:1209,53233.98,937.12,39.81,20.87,0.76,0.0
20141107:1309,25188.93,424.01,37.9,21.56,1.24,0.0
20141107:1409,33682.9,564.24,32.41,21.71,1.66,0.0
20141107:1509,37761.01,628.98,24.23,21.17,2.07,0.0
20141107:1609,23758.22,397.1,14.26,20.51,2.28,0.0
20141107:1709,3261.42,74.44,3.14,19.28,1.86,0.0
20141107:1809,0.0,0.0,0.0,17.81,1.66,0.0
20141107:1909,0.0,0.0,0.0,17.1,1.45,0.0
20141107:2009,0.0,0.0,0.0,16.7,0.62,0.0
20141107:2109,0.0,0.0,0.0,16.09,0.9,0.0
20141107:2209,0.0,0.0,0.0,14.11,1.66,0.0
20141107:2309,0.0,0.0,0.0,13.71,1.66,0.0
20141108:0009,0.0,0.0,0.0,13.63,1.79,0.0
20141108:0109,0.0,0.0,0.0,13.59,1.79,0.0
20141108:0209,0.0,0.0,0.0,13.49,1.86,0.0
20141108:0309,0.0,0.0,0.0,13.57,1.93,0.0
20141108:0409,0.0,0.0,0.0,13.68,2.0,0.0
20141108:0509,0.0,0.0,0.0,13.6,2.07,0.0
20141108:0609,0.0,0.0,0.0,13.72,2.07,0.0
20141108:0709,543.44,23.03,2.4,14.11,2.0,0.0
20141108:0809,5538.42,104.49,13.54,15.24,1.72,0.0
20141108:0909,5940.69,111.45,23.56,17.88,1.86,0.0
20141108:1009,4736.16,92.56,31.81,19.0,2.34,0.0
20141108:1109,6254.92,117.12,37.43,19.64,2.97,0.0
20141108:1209,7618.84,138.85,39.51,19.69,2.76,0.0
20141108:1309,18087.73,303.63,37.62,20.19,3.03,0.0
20141108:1409,12258.61,211.07,32.16,19.6,3.72,0.0
20141108:1509,12597.12,214.95,24.02,18.72,3.24,0.0
20141108:1609,2572.25,56.67,14.08,18.36,3.1,0.0
20141108:1709,503.98,19.29,2.98,17.61,2.55,0.0
20141108:1809,0.0,0.0,0.0,16.8,2.28,0.0
20141108:1909,0.0,0.0,0.0,16.91,3.03,0.0
20141108:2009,0.0,0.0,0.0,16.39,2.69,0.0
20141108:2109,0.0,0.0,0.0,16.26,2.34,0.0
20141108:2209,0.0,0.0,0.0,16.11,2.48,0.0
20141108:2309,0.0,0.0,0.0,15.89,2.62,0.0
20141109:0009,0.0,0.0,0.0,15.55,2.9,0.0
20141109:0109,0.0,0.0,0.0,15.19,3.1,0.0
20141109:0209,0.0,0.0,0.0,15.02,3.17,0.0
20141109:0309,0.0,0.0,0.0,14.82,3.45,0.0
20141109:0409,0.0,0.0,0.0,14.38,3.45,0.0
20141109:0509,0.0,0.0,0.0,14.34,3.45,0.0
20141109:0609,0.0,0.0,0.0,14.08,3.79,0.0
20141109:0709,155.6,10.39,2.21,13.91,3.59,0.0
20141109:0809,1055.01,29.28,13.33,14.03,2.62,0.0
20141109:0909,12880.99,216.07,23.32,14.7,2.9,0.0
20141109:1009,4195.75,82.17,31.54,14.56,4.14,0.0
20141109:1109,52227.55,851.92,37.14,15.25,3.17,0.0
20141109:1209,57415.31,957.91,39.22,16.45,2.69,0.0
20141109:1309,45934.68,751.04,37.35,17.27,3.24,0.0
20141109:1409,44988.21,727.77,31.92,15.75,3.17,0.0
20141109:1509,23539.63,380.47,23.81,16.25,3.1,0.0
20141109:1609,6841.63,124.42,13.9,16.21,3.03,0.0
20141109:1709,3179.45,71.93,2.83,15.13,2.76,0.0
20141109:1809,0.0,0.0,0.0,14.43,1.86,0.0
20141109:1909,0.0,0.0,0.0,13.84,1.45,0.0
20141109:2009,0.0,0.0,0.0,13.25,1.45,0.0
20141109:2109,0.0,0.0,0.0,12.82,1.86,0.0
20141109:2209,0.0,0.0,0.0,12.35,2.14,0.0
20141109:2309,0.0,0.0,0.0,12.16,2.21,0.0
20141110:0009,0.0,0.0,0.0,11.92,2.21,0.0
20141110:0109,0.0,0.0,0.0,11.87,2.07,0.0
20141110:0209,0.0,0.0,0.0,11.78,2.07,0.0
20141110:0309,0.0,0.0,0.0,11.44,2.07,0.0
20141110:0409,0.0,0.0,0.0,11.17,2.21,0.0
20141110:0509,0.0,0.0,0.0,11.16,2.21,0.0
20141110:0609,0.0,0.0,0.0,11.22,2.21,0.0
20141110:0709,122.96,9.45,2.01,11.28,2.34,0.0
20141110:0809,17466.11,293.44,13.12,12.09,2.07,0.0
20141110:0909,11302.27,191.7,23.08,13.82,2.14,0.0
20141110:1009,11973.22,203.72,31.28,15.48,2.21,0.0
20141110:1109,50126.64,830.23,36.86,16.57,2.28,0.0
20141110:1209,46650.42,772.09,38.94,17.37,2.34,0.0
20141110:1309,55289.36,926.35,37.09,17.71,2.55,0.0
20141110:1409,47337.31,781.45,31.69,17.84,2.55,0.0
20141110:1509,33674.55,548.69,23.61,17.87,2.34,0.0
20141110:1609,16074.1,269.72,13.73,17.68,2.0,0.0
20141110:1709,2879.65,67.14,2.68,16.88,1.31,0.0
20141110:1809,0.0,0.0,0.0,15.87,1.1,0.0
20141110:1909,0.0,0.0,0.0,15.08,1.45,0.0
20141110:2009,0.0,0.0,0.0,14.58,1.52,0.0
20141110:2109,0.0,0.0,0.0,14.09,1.66,0.0
20141110:2209,0.0,0.0,0.0,13.87,1.86,0.0
20141110:2309,0.0,0.0,0.0,13.85,2.07,0.0
20141111:0009,0.0,0.0,0.0,13.35,2.34,0.0
20141111:0109,0.0,0.0,0.0,13.32,2.55,0.0
20141111:0209,0.0,0.0,0.0,13.98,2.76,0.0
20141111:0309,0.0,0.0,0.0,14.47,2.97,0.0
20141111:0409,0.0,0.0,0.0,14.76,3.1,0.0
20141111:0509,0.0,0.0,0.0,14.8,3.52,0.0
20141111:0609,0.0,0.0,0.0,14.81,4.0,0.0
20141111:0709,25.05,6.61,1.82,15.79,4.48,0.0
20141111:0809,4419.66,86.58,12.9,16.1,4.55,0.0
20141111:0909,16324.57,270.23,22.85,17.07,4.21,0.0
20141111:1009,8306.5,148.29,31.02,18.11,4.69,0.0
20141111:1109,41278.22,668.53,36.58,18.89,4.9,0.0
20141111:1209,17029.68,285.09,38.66,20.03,5.38,0.0
20141111:1309,13258.21,226.89,36.82,20.32,5.38,0.0
20141111:1409,3725.17,76.51,31.46,20.85,5.38,0.0
20141111:1509,1121.04,31.17,23.42,19.91,4.97,0.0
20141111:1609,1326.73,34.95,13.56,19.32,4.41,0.0
20141111:1709,410.62,17.42,2.54,18.44,4.41,0.0
20141111:1809,0.0,0.0,0.0,17.74,4.55,0.0
20141111:1909,0.0,0.0,0.0,17.17,4.07,0.0
20141111:2009,0.0,0.0,0.0,17.13,3.52,0.0
20141111:2109,0.0,0.0,0.0,17.1,2.97,0.0
20141111:2209,0.0,0.0,0.0,16.99,2.41,0.0
20141111:2309,0.0,0.0,0.0,16.92,2.28,0.0
20141112:0009,0.0,0.0,0.0,17.01,2.34,0.0
20141112:0109,0.0,0.0,0.0,16.75,2.28,0.0
20141112:0209,0.0,0.0,0.0,16.58,2.34,0.0
20141112:0309,0.0,0.0,0.0,16.4,2.28,0.0
20141112:0409,0.0,0.0,0.0,16.28,2.34,0.0
20141112:0509,0.0,0.0,0.0,16.08,2.34,0.0
20141112:0609,0.0,0.0,0.0,16.01,2.34,0.0
20141112:0709,25.05,6.61,1.63,16.12,2.83,0.0
20141112:0809,8403.65,151.4,12.69,16.64,2.83,0.0
20141112:0909,3439.79,70.84,22.61,17.26,3.31,0.0
20141112:1009,22372.28,366.85,30.77,18.33,3.17,0.0
20141112:1109,16672.95,279.89,36.31,18.96,2.9,0.0
20141112:1209,13615.7,233.28,38.38,19.97,3.1,0.0
20141112:1309,10951.61,191.57,36.57,20.16,3.24,0.0
20141112:1409,26821.54,440.93,31.23,19.99,2.9,0.0
20141112:1509,13284.78,227.14,23.23,20.09,2.62,0.0
20141112:1609,9246.9,164.28,13.4,19.6,2.21,0.0
20141112:1709,1134.7,33.7,2.4,19.06,1.38,0.0
20141112:1809,0.0,0.0,0.0,18.31,0.97,0.0
20141112:1909,0.0,0.0,0.0,17.72,0.76,0.0
20141112:2009,0.0,0.0,0.0,17.49,0.76,0.0
20141112:2109,0.0,0.0,0.0,16.48,0.97,0.0
20141112:2209,0.0,0.0,0.0,15.53,1.24,0.0
20141112:2309,0.0,0.0,0.0,14.87,1.45,0.0
20141113:0009,0.0,0.0,0.0,14.27,1.52,0.0
20141113:0109,0.0,0.0,0.0,14.21,1.45,0.0
20141113:0209,0.0,0.0,0.0,14.13,1.59,0.0
20141113:0309,0.0,0.0,0.0,14.18,1.72,0.0
20141113:0409,0.0,0.0,0.0,14.22,1.86,0.0
20141113:0509,0.0,0.0,0.0,14.25,1.93,0.0
20141113:0609,0.0,0.0,0.0,14.19,2.0,0.0
20141113:0709,0.0,5.67,1.44,14.78,2.07,0.0
20141113:0809,16376.18,281.21,12.48,15.56,1.79,0.0
20141113:0909,33751.21,556.08,22.38,18.07,1.79,0.0
20141113:1009,44535.08,744.05,30.51,20.05,2.14,0.0
20141113:1109,41466.45,691.47,36.04,21.48,2.83,0.0
20141113:1209,18011.83,305.42,38.11,22.21,2.97,0.0
20141113:1309,24422.34,408.36,36.32,22.64,3.03,0.0
20141113:1409,10658.64,188.76,31.01,22.51,3.1,0.0
20141113:1509,8266.27,150.14,23.04,21.9,3.03,0.0
20141113:1609,8602.51,154.94,13.25,20.99,2.62,0.0
20141113:1709,148.0,10.39,2.27,19.73,1.86,0.0
20141113:1809,0.0,0.0,0.0,18.46,1.45,0.0
20141113:1909,0.0,0.0,0.0,17.8,1.45,0.0
20141113:2009,0.0,0.0,0.0,16.74,1.72,0.0
20141113:2109,0.0,0.0,0.0,15.98,1.93,0.0
20141113:2209,0.0,0.0,0.0,15.62,2.0,0.0
20141113:2309,0.0,0.0,0.0,15.39,2.14,0.0
20141114:0009,0.0,0.0,0.0,15.32,2.34,0.0
20141114:0109,0.0,0.0,0.0,15.3,2.55,0.0
20141114:0209,0.0,0.0,0.0,15.2,2.76,0.0
20141114:0309,0.0,0.0,0.0,15.16,2.97,0.0
20141114:0409,0.0,0.0,0.0,15.12,3.17,0.0
20141114:0509,0.0,0.0,0.0,15.09,3.24,0.0
20141114:0609,0.0,0.0,0.0,15.09,3.38,0.0
20141114:0709,0.0,0.0,0.0,16.25,3.66,0.0
20141114:0809,7069.33,130.01,12.27,16.9,3.86,0.0
20141114:0909,17579.96,291.62,22.15,18.49,3.79,0.0
20141114:1009,23784.02,389.99,30.26,19.86,4.21,0.0
20141114:1109,27708.81,454.41,35.77,21.05,4.76,0.0
20141114:1209,31132.66,510.06,37.85,21.84,5.52,0.0
20141114:1309,25776.4,425.08,36.07,22.07,5.17,0.0
20141114:1409,8407.44,152.07,30.8,21.65,5.17,0.0
20141114:1509,7817.7,142.43,22.86,21.45,4.83,0.0
20141114:1609,1164.31,32.11,13.1,20.96,3.93,0.0
20141114:1709,51.61,7.56,2.14,20.04,3.93,0.0
20141114:1809,0.0,0.0,0.0,19.08,3.93,0.0
20141114:1909,0.0,0.0,0.0,18.11,4.34,0.0
20141114:2009,0.0,0.0,0.0,17.48,3.86,0.0
20141114:2109,0.0,0.0,0.0,17.3,3.66,0.0
20141114:2209,0.0,0.0,0.0,17.09,3.24,0.0
20141114:2309,0.0,0.0,0.0,16.89,2.9,0.0
20141115:0009,0.0,0.0,0.0,16.63,2.76,0.0
20141115:0109,0.0,0.0,0.0,16.22,2.07,0.0
20141115:0209,0.0,0.0,0.0,16.07,1.79,0.0
20141115:0309,0.0,0.0,0.0,15.9,1.66,0.0
20141115:0409,0.0,0.0,0.0,15.66,1.45,0.0
20141115:0509,0.0,0.0,0.0,15.31,1.24,0.0
20141115:0609,0.0,0.0,0.0,14.61,1.17,0.0
20141115:0709,0.0,0.0,0.0,14.03,1.24,0.0
20141115:0809,13447.2,233.72,12.06,15.0,0.69,0.0
20141115:0909,30252.22,500.8,21.92,16.91,0.62,0.0
20141115:1009,8613.89,153.76,30.01,17.77,1.24,0.0
20141115:1109,17053.97,286.61,35.51,18.49,1.66,0.0
20141115:1209,34078.34,563.23,37.59,19.02,1.93,0.0
20141115:1309,45631.08,762.44,35.83,19.23,2.14,0.0
20141115:1409,11910.99,205.91,30.59,19.16,2.28,0.0
20141115:1509,11344.01,196.03,22.69,18.8,2.41,0.0
20141115:1609,9453.35,166.59,12.96,18.35,2.28,0.0
20141115:1709,116.13,9.45,2.03,17.7,1.93,0.0
20141115:1809,0.0,0.0,0.0,16.65,1.86,0.0
20141115:1909,0.0,0.0,0.0,16.02,1.45,0.0
20141115:2009,0.0,0.0,0.0,15.41,1.31,0.0
20141115:2109,0.0,0.0,0.0,14.61,1.38,0.0
20141115:2209,0.0,0.0,0.0,13.98,1.45,0.0
20141115:2309,0.0,0.0,0.0,13.52,1.45,0.0
20141116:0009,0.0,0.0,0.0,13.08,1.59,0.0
20141116:0109,0.0,0.0,0.0,12.77,1.52,0.0
20141116:0209,0.0,0.0,0.0,12.51,1.59,0.0
20141116:0309,0.0,0.0,0.0,12.56,1.59,0.0
20141116:0409,0.0,0.0,0.0,12.43,1.66,0.0
20141116:0509,0.0,0.0,0.0,12.57,1.72,0.0
20141116:0609,0.0,0.0,0.0,12.7,1.79,0.0
20141116:0709,0.0,0.0,0.0,13.05,2.0,0.0
20141116:0809,6502.35,119.64,11.86,13.6,1.66,0.0
20141116:0909,11794.86,200.7,21.7,15.38,1.72,0.0
20141116:1009,33670.0,548.5,29.77,16.81,2.0,0.0
20141116:1109,38972.37,639.58,35.26,17.7,2.28,0.0
20141116:1209,43741.93,721.86,37.33,18.29,2.62,0.0
20141116:1309,40771.96,670.87,35.6,18.52,2.62,0.0
20141116:1409,33446.09,546.67,30.39,18.55,2.55,0.0
20141116:1509,29664.76,483.11,22.52,18.29,2.55,0.0
20141116:1609,19051.66,316.79,12.82,17.85,2.28,0.0
20141116:1709,84.25,8.5,1.91,16.99,2.0,0.0
20141116:1809,0.0,0.0,0.0,16.11,2.14,0.0
20141116:1909,0.0,0.0,0.0,15.52,1.79,0.0
20141116:2009,0.0,0.0,0.0,14.83,2.0,0.0
20141116:2109,0.0,0.0,0.0,14.44,1.86,0.0
20141116:2209,0.0,0.0,0.0,13.99,1.93,0.0
20141116:2309,0.0,0.0,0.0,13.72,1.86,0.0
20141117:0009,0.0,0.0,0.0,13.44,1.72,0.0
20141117:0109,0.0,0.0,0.0,13.1,1.72,0.0
20141117:0209,0.0,0.0,0.0,12.62,1.72,0.0
20141117:0309,0.0,0.0,0.0,12.26,1.72,0.0
20141117:0409,0.0,0.0,0.0,11.84,1.72,0.0
20141117:0509,0.0,0.0,0.0,11.45,1.66,0.0
20141117:0609,0.0,0.0,0.0,11.01,1.72,0.0
20141117:0709,0.0,0.0,0.0,10.59,1.72,0.0
20141117:0809,14356.49,244.67,11.65,11.53,1.17,0.0
20141117:0909,31446.13,512.03,21.47,14.6,1.17,0.0
20141117:1009,45272.83,742.77,29.53,16.14,2.07,0.0
20141117:1109,53680.28,893.69,35.0,17.24,2.55,0.0
20141117:1209,56630.51,950.42,37.08,17.86,2.69,0.0
20141117:1309,54408.16,909.69,35.37,18.23,2.76,0.0
20141117:1409,49908.8,828.14,30.2,18.43,2.69,0.0
20141117:1509,38836.51,634.83,22.36,18.31,2.62,0.0
20141117:1609,21683.11,358.45,12.69,17.82,2.48,0.0
20141117:1709,84.25,8.5,1.8,16.78,1.72,0.0
20141117:1809,0.0,0.0,0.0,15.66,1.79,0.0
20141117:1909,0.0,0.0,0.0,14.77,1.93,0.0
20141117:2009,0.0,0.0,0.0,13.92,2.07,0.0
20141117:2109,0.0,0.0,0.0,13.31,2.0,0.0
20141117:2209,0.0,0.0,0.0,12.74,1.93,0.0
20141117:2309,0.0,0.0,0.0,12.14,1.86,0.0
20141118:0009,0.0,0.0,0.0,11.63,1.86,0.0
20141118:0109,0.0,0.0,0.0,11.24,1.93,0.0
20141118:0209,0.0,0.0,0.0,10.96,2.0,0.0
20141118:0309,0.0,0.0,0.0,10.68,1.93,0.0
20141118:0409,0.0,0.0,0.0,10.27,1.72,0.0
20141118:0509,0.0,0.0,0.0,9.91,1.66,0.0
20141118:0609,0.0,0.0,0.0,9.68,1.72,0.0
20141118:0709,0.0,0.0,0.0,9.41,1.66,0.0
20141118:0809,15626.29,264.45,11.45,10.4,1.1,0.0
20141118:0909,31962.25,524.01,21.25,14.22,0.48,0.0
20141118:1009,42531.32,720.32,29.29,16.84,0.14,0.0
20141118:1109,50312.59,881.79,34.76,18.52,0.07,0.0
20141118:1209,54017.27,950.19,36.84,19.77,0.62,0.0
20141118:1309,52198.71,903.12,35.15,20.52,1.24,0.0
20141118:1409,48569.93,827.51,30.01,20.77,1.59,0.0
20141118:1509,38290.03,638.59,22.21,20.51,1.72,0.0
20141118:1609,22680.44,379.36,12.56,19.71,1.79,0.0
20141118:1709,24.29,6.61,1.7,18.26,1.59,0.0
20141118:1809,0.0,0.0,0.0,16.86,1.45,0.0
20141118:1909,0.0,0.0,0.0,15.61,1.24,0.0
20141118:2009,0.0,0.0,0.0,14.46,1.79,0.0
20141118:2109,0.0,0.0,0.0,13.76,1.93,0.0
20141118:2209,0.0,0.0,0.0,13.4,2.0,0.0
20141118:2309,0.0,0.0,0.0,13.1,2.0,0.0
20141119:0009,0.0,0.0,0.0,12.81,2.0,0.0
20141119:0109,0.0,0.0,0.0,12.61,2.07,0.0
20141119:0209,0.0,0.0,0.0,12.51,2.14,0.0
20141119:0309,0.0,0.0,0.0,12.53,2.14,0.0
20141119:0409,0.0,0.0,0.0,12.39,2.14,0.0
20141119:0509,0.0,0.0,0.0,12.23,2.14,0.0
20141119:0609,0.0,0.0,0.0,12.03,2.07,0.0
20141119:0709,0.0,0.0,0.0,12.25,2.21,0.0
20141119:0809,15188.35,259.79,11.25,12.98,1.86,0.0
20141119:0909,31270.8,512.28,21.03,16.42,1.45,0.0
20141119:1009,42040.25,712.07,29.05,20.13,0.97,0.0
20141119:1109,49240.88,866.67,34.51,22.5,0.62,0.0
20141119:1209,52144.82,934.78,36.6,23.66,0.55,0.0
20141119:1309,50183.56,879.48,34.94,24.2,1.38,0.0
20141119:1409,47707.7,819.99,29.83,24.15,2.07,0.0
20141119:1509,37559.12,631.41,22.06,23.58,2.34,0.0
20141119:1609,21665.66,366.82,12.44,22.56,2.21,0.0
20141119:1709,22.77,6.61,1.6,20.66,2.0,0.0
20141119:1809,0.0,0.0,0.0,18.92,2.07,0.0
20141119:1909,0.0,0.0,0.0,18.76,2.21,0.0
20141119:2009,0.0,0.0,0.0,17.96,2.07,0.0
20141119:2109,0.0,0.0,0.0,17.11,1.86,0.0
20141119:2209,0.0,0.0,0.0,16.57,1.93,0.0
20141119:2309,0.0,0.0,0.0,16.12,2.21,0.0
20141120:0009,0.0,0.0,0.0,16.04,2.48,0.0
20141120:0109,0.0,0.0,0.0,16.03,2.69,0.0
20141120:0209,0.0,0.0,0.0,15.99,2.69,0.0
20141120:0309,0.0,0.0,0.0,16.01,2.69,0.0
20141120:0409,0.0,0.0,0.0,15.86,2.69,0.0
20141120:0509,0.0,0.0,0.0,15.48,2.69,0.0
20141120:0609,0.0,0.0,0.0,15.13,2.69,0.0
20141120:0709,0.0,0.0,0.0,16.22,3.17,0.0
20141120:0809,4019.66,80.8,11.05,17.08,3.17,0.0
20141120:0909,12063.55,207.97,20.82,19.77,3.1,0.0
20141120:1009,31500.78,524.81,28.82,22.78,2.69,0.0
20141120:1109,44302.83,762.97,34.27,25.48,2.14,0.0
20141120:1209,51189.24,913.72,36.37,27.15,1.45,0.0
20141120:1309,49814.69,870.68,34.73,27.26,2.48,0.0
20141120:1409,47882.27,807.16,29.65,25.01,4.14,0.0
20141120:1509,34554.23,566.34,21.91,21.93,4.34,0.0
20141120:1609,15680.94,266.09,12.32,20.38,2.76,0.0
20141120:1709,0.0,5.42,1.51,19.54,1.72,0.0
20141120:1809,0.0,0.0,0.0,18.35,1.86,0.0
20141120:1909,0.0,0.0,0.0,17.79,1.24,0.0
20141120:2009,0.0,0.0,0.0,16.73,1.59,0.0
20141120:2109,0.0,0.0,0.0,16.0,1.79,0.0
20141120:2209,0.0,0.0,0.0,15.77,1.86,0.0
20141120:2309,0.0,0.0,0.0,15.55,1.72,0.0
20141121:0009,0.0,0.0,0.0,15.13,1.66,0.0
20141121:0109,0.0,0.0,0.0,14.78,1.38,0.0
20141121:0209,0.0,0.0,0.0,15.69,0.83,0.0
20141121:0309,0.0,0.0,0.0,15.39,0.97,0.0
20141121:0409,0.0,0.0,0.0,13.66,1.45,0.0
20141121:0509,0.0,0.0,0.0,13.72,2.0,0.0
20141121:0609,0.0,0.0,0.0,15.24,2.62,0.0
20141121:0709,0.0,0.0,0.0,15.2,2.55,0.0
20141121:0809,2666.37,58.0,10.85,16.73,2.76,0.0
20141121:0909,8888.65,158.02,20.6,18.85,2.62,0.0
20141121:1009,10096.98,179.02,28.6,21.21,2.55,0.0
20141121:1109,44508.52,754.34,34.04,22.8,2.28,0.0
20141121:1209,39397.41,674.64,36.14,23.89,1.45,0.0
20141121:1309,27182.07,463.56,34.52,24.6,1.17,0.0
20141121:1409,5112.62,101.06,29.48,24.47,1.38,0.0
20141121:1509,23957.08,404.7,21.77,23.84,1.45,0.0
20141121:1609,21012.16,357.69,12.21,22.95,1.72,0.0
20141121:1709,0.0,5.42,1.42,21.26,2.07,0.0
20141121:1809,0.0,0.0,0.0,19.75,2.28,0.0
20141121:1909,0.0,0.0,0.0,20.03,2.41,0.0
20141121:2009,0.0,0.0,0.0,19.91,2.9,0.0
20141121:2109,0.0,0.0,0.0,20.7,3.86,0.0
20141121:2209,0.0,0.0,0.0,21.24,4.28,0.0
20141121:2309,0.0,0.0,0.0,21.52,4.76,0.0
20141122:0009,0.0,0.0,0.0,21.76,5.17,0.0
20141122:0109,0.0,0.0,0.0,21.45,5.03,0.0
20141122:0209,0.0,0.0,0.0,21.28,4.76,0.0
20141122:0309,0.0,0.0,0.0,21.21,4.69,0.0
20141122:0409,0.0,0.0,0.0,21.25,4.62,0.0
20141122:0509,0.0,0.0,0.0,21.59,4.76,0.0
20141122:0609,0.0,0.0,0.0,21.8,4.62,0.0
20141122:0709,0.0,0.0,0.0,21.06,3.79,0.0
20141122:0809,1996.17,47.23,10.66,20.8,3.03,0.0
20141122:0909,4290.63,85.95,20.39,20.74,2.34,0.0
20141122:1009,33775.5,562.83,28.37,21.39,1.93,0.0
20141122:1109,48374.11,840.39,33.81,23.09,1.24,0.0
20141122:1209,41619.77,732.44,35.92,25.11,0.48,0.0
20141122:1309,10055.23,182.2,34.33,25.72,2.34,0.0
20141122:1409,34029.01,563.87,29.31,24.31,4.69,0.0
20141122:1509,15183.04,257.16,21.64,21.95,4.62,0.0
20141122:1609,13529.93,231.41,12.11,20.21,3.52,0.0
20141122:1709,0.0,0.0,0.0,19.2,2.48,0.0
20141122:1809,0.0,0.0,0.0,18.17,1.93,0.0
20141122:1909,0.0,0.0,0.0,17.91,1.79,0.0
20141122:2009,0.0,0.0,0.0,17.3,1.38,0.0
20141122:2109,0.0,0.0,0.0,16.37,1.1,0.0
20141122:2209,0.0,0.0,0.0,15.77,1.17,0.0
20141122:2309,0.0,0.0,0.0,15.15,1.31,0.0
20141123:0009,0.0,0.0,0.0,14.95,1.38,0.0
20141123:0109,0.0,0.0,0.0,14.93,1.17,0.0
20141123:0209,0.0,0.0,0.0,15.58,0.69,0.0
20141123:0309,0.0,0.0,0.0,14.86,1.17,0.0
20141123:0409,0.0,0.0,0.0,14.62,1.24,0.0
20141123:0509,0.0,0.0,0.0,14.23,1.59,0.0
20141123:0609,0.0,0.0,0.0,14.35,1.86,0.0
20141123:0709,0.0,0.0,0.0,14.34,1.86,0.0
20141123:0809,10924.29,193.34,10.46,15.06,1.45,0.0
20141123:0909,7556.6,136.23,20.19,16.75,1.66,0.0
20141123:1009,23215.53,383.58,28.15,17.69,0.97,0.0
20141123:1109,20179.53,337.48,33.59,18.67,0.9,0.0
20141123:1209,26756.27,448.28,35.71,19.57,0.55,0.0
20141123:1309,34748.54,586.29,34.14,20.61,0.76,0.0
20141123:1409,8555.45,154.93,29.15,20.77,1.03,0.0
20141123:1509,22408.72,375.43,21.52,20.85,0.83,0.0
20141123:1609,9000.98,161.84,12.01,20.66,0.62,0.0
20141123:1709,0.0,0.0,0.0,19.28,0.69,0.0
20141123:1809,0.0,0.0,0.0,18.06,1.79,0.0
20141123:1909,0.0,0.0,0.0,17.19,2.97,0.0
20141123:2009,0.0,0.0,0.0,16.72,3.52,0.0
20141123:2109,0.0,0.0,0.0,16.68,3.93,0.0
20141123:2209,0.0,0.0,0.0,16.76,4.34,0.0
20141123:2309,0.0,0.0,0.0,16.11,4.41,0.0
20141124:0009,0.0,0.0,0.0,15.72,3.93,0.0
20141124:0109,0.0,0.0,0.0,15.42,3.38,0.0
20141124:0209,0.0,0.0,0.0,15.18,2.83,0.0
20141124:0309,0.0,0.0,0.0,14.98,2.62,0.0
20141124:0409,0.0,0.0,0.0,14.53,3.79,0.0
20141124:0509,0.0,0.0,0.0,14.18,3.52,0.0
20141124:0609,0.0,0.0,0.0,13.95,2.34,0.0
20141124:0709,0.0,0.0,0.0,13.78,2.62,0.0
20141124:0809,15583.79,267.52,10.27,13.59,2.83,0.0
20141124:0909,31850.68,512.18,19.98,14.65,2.76,0.0
20141124:1009,43870.2,708.51,27.94,15.89,3.17,0.0
20141124:1109,54021.07,883.8,33.37,17.02,3.86,0.0
20141124:1209,19951.83,327.6,35.5,17.45,3.86,0.0
20141124:1309,54692.02,898.52,33.95,17.66,3.93,0.0
20141124:1409,44442.49,717.28,29.0,17.16,4.07,0.0
20141124:1509,39006.53,629.6,21.4,17.12,3.38,0.0
20141124:1609,23029.58,378.18,11.92,16.96,2.69,0.0
20141124:1709,0.0,0.0,0.0,16.45,1.52,0.0
20141124:1809,0.0,0.0,0.0,15.39,1.66,0.0
20141124:1909,0.0,0.0,0.0,14.2,1.52,0.0
20141124:2009,0.0,0.0,0.0,13.15,1.79,0.0
20141124:2109,0.0,0.0,0.0,12.67,2.0,0.0
20141124:2209,0.0,0.0,0.0,12.39,2.14,0.0
20141124:2309,0.0,0.0,0.0,12.22,2.21,0.0
20141125:0009,0.0,0.0,0.0,12.08,2.14,0.0
20141125:0109,0.0,0.0,0.0,11.84,2.07,0.0
20141125:0209,0.0,0.0,0.0,11.65,2.0,0.0
20141125:0309,0.0,0.0,0.0,11.64,1.86,0.0
20141125:0409,0.0,0.0,0.0,11.44,1.93,0.0
20141125:0509,0.0,0.0,0.0,11.29,1.86,0.0
20141125:0609,0.0,0.0,0.0,11.32,1.72,0.0
20141125:0709,0.0,0.0,0.0,10.9,1.79,0.0
20141125:0809,13890.46,238.63,10.08,11.35,1.52,0.0
20141125:0909,30967.96,504.16,19.78,14.57,1.24,0.0
20141125:1009,41981.81,690.47,27.73,16.52,1.66,0.0
20141125:1109,44886.5,744.1,33.16,17.77,2.0,0.0
20141125:1209,42998.11,714.93,35.3,18.32,1.86,0.0
20141125:1309,45624.25,764.97,33.77,18.87,1.72,0.0
20141125:1409,42591.28,708.39,28.86,19.03,1.86,0.0
20141125:1509,38029.7,626.49,21.28,18.95,2.07,0.0
20141125:1609,21557.88,357.26,11.84,18.17,2.34,0.0
20141125:1709,0.0,0.0,0.0,16.77,1.93,0.0
20141125:1809,0.0,0.0,0.0,15.27,1.72,0.0
20141125:1909,0.0,0.0,0.0,14.66,1.31,0.0
20141125:2009,0.0,0.0,0.0,13.91,1.17,0.0
20141125:2109,0.0,0.0,0.0,12.65,1.66,0.0
20141125:2209,0.0,0.0,0.0,11.93,1.79,0.0
20141125:2309,0.0,0.0,0.0,11.76,1.79,0.0
20141126:0009,0.0,0.0,0.0,11.66,2.07,0.0
20141126:0109,0.0,0.0,0.0,11.8,2.21,0.0
20141126:0209,0.0,0.0,0.0,11.87,2.21,0.0
20141126:0309,0.0,0.0,0.0,12.03,2.07,0.0
20141126:0409,0.0,0.0,0.0,12.24,2.0,0.0
20141126:0509,0.0,0.0,0.0,12.2,2.0,0.0
20141126:0609,0.0,0.0,0.0,12.43,1.93,0.0
20141126:0709,0.0,0.0,0.0,13.07,2.07,0.0
20141126:0809,4289.87,84.36,9.9,13.44,2.07,0.0
20141126:0909,30274.23,487.75,19.59,14.2,2.21,0.0
20141126:1009,43414.8,703.59,27.52,15.42,2.55,0.0
20141126:1109,32758.44,529.26,32.95,17.05,3.31,0.0
20141126:1209,42397.74,692.39,35.11,18.39,3.52,0.0
20141126:1309,48217.75,793.93,33.6,18.9,3.52,0.0
20141126:1409,35853.64,583.12,28.72,19.17,3.66,0.0
20141126:1509,36180.77,588.22,21.18,19.03,3.45,0.0
20141126:1609,17466.87,291.94,11.76,18.5,2.76,0.0
20141126:1709,0.0,0.0,0.0,17.48,2.28,0.0
20141126:1809,0.0,0.0,0.0,16.3,2.0,0.0
20141126:1909,0.0,0.0,0.0,16.18,2.62,0.0
20141126:2009,0.0,0.0,0.0,15.84,3.1,0.0
20141126:2109,0.0,0.0,0.0,15.65,3.45,0.0
20141126:2209,0.0,0.0,0.0,15.62,3.79,0.0
20141126:2309,0.0,0.0,0.0,14.87,4.0,0.0
20141127:0009,0.0,0.0,0.0,14.14,4.14,0.0
20141127:0109,0.0,0.0,0.0,13.58,4.34,0.0
20141127:0209,0.0,0.0,0.0,13.51,4.14,0.0
20141127:0309,0.0,0.0,0.0,13.39,4.28,0.0
20141127:0409,0.0,0.0,0.0,13.14,4.69,0.0
20141127:0509,0.0,0.0,0.0,12.83,4.9,0.0
20141127:0609,0.0,0.0,0.0,12.7,5.17,0.0
20141127:0709,0.0,0.0,0.0,12.77,5.03,0.0
20141127:0809,13547.39,233.25,9.71,13.11,5.31,0.0
20141127:0909,12225.97,204.35,19.39,14.03,5.52,0.0
20141127:1009,5631.02,104.84,27.32,15.11,6.55,0.0
20141127:1109,2666.37,57.62,32.75,15.92,7.17,0.0
20141127:1209,2944.92,62.34,34.92,16.39,7.59,0.0
20141127:1309,2043.23,47.23,33.44,16.72,7.59,0.0
20141127:1409,6192.68,114.29,28.59,16.65,6.83,0.0
20141127:1509,1000.36,28.34,21.08,14.99,6.07,0.0
20141127:1609,5454.93,101.96,11.68,14.98,5.31,0.0
20141127:1709,0.0,0.0,0.0,14.23,5.59,0.0
20141127:1809,0.0,0.0,0.0,13.84,5.1,0.0
20141127:1909,0.0,0.0,0.0,14.11,4.97,0.0
20141127:2009,0.0,0.0,0.0,13.95,4.97,0.0
20141127:2109,0.0,0.0,0.0,13.38,5.1,0.0
20141127:2209,0.0,0.0,0.0,12.89,5.52,0.0
20141127:2309,0.0,0.0,0.0,12.68,6.34,0.0
20141128:0009,0.0,0.0,0.0,12.91,6.97,0.0
20141128:0109,0.0,0.0,0.0,12.88,7.31,0.0
20141128:0209,0.0,0.0,0.0,12.65,7.66,0.0
20141128:0309,0.0,0.0,0.0,12.58,7.66,0.0
20141128:0409,0.0,0.0,0.0,12.6,6.21,0.0
20141128:0509,0.0,0.0,0.0,12.68,4.55,0.0
20141128:0609,0.0,0.0,0.0,12.76,4.07,0.0
20141128:0709,0.0,0.0,0.0,12.58,4.34,0.0
20141128:0809,2115.33,47.82,9.53,12.32,4.07,0.0
20141128:0909,16644.11,270.17,19.2,12.95,4.21,0.0
20141128:1009,6996.46,125.62,27.13,13.93,4.34,0.0
20141128:1109,4786.25,91.62,32.55,14.91,4.76,0.0
20141128:1209,7578.62,135.07,34.73,14.86,4.62,0.0
20141128:1309,23910.78,384.2,33.28,15.84,4.97,0.0
20141128:1409,46630.68,746.6,28.46,16.43,4.9,0.0
20141128:1509,25661.79,408.95,20.98,15.57,4.76,0.0
20141128:1609,5458.73,102.17,11.62,14.85,3.03,0.0
20141128:1709,0.0,0.0,0.0,14.26,3.72,0.0
20141128:1809,0.0,0.0,0.0,13.86,3.79,0.0
20141128:1909,0.0,0.0,0.0,13.13,2.76,0.0
20141128:2009,0.0,0.0,0.0,12.83,3.1,0.0
20141128:2109,0.0,0.0,0.0,12.85,3.31,0.0
20141128:2209,0.0,0.0,0.0,12.53,3.52,0.0
20141128:2309,0.0,0.0,0.0,12.09,3.24,0.0
20141129:0009,0.0,0.0,0.0,11.78,3.31,0.0
20141129:0109,0.0,0.0,0.0,11.65,3.38,0.0
20141129:0209,0.0,0.0,0.0,11.82,3.38,0.0
20141129:0309,0.0,0.0,0.0,11.67,3.45,0.0
20141129:0409,0.0,0.0,0.0,11.41,3.45,0.0
20141129:0509,0.0,0.0,0.0,11.14,3.66,0.0
20141129:0609,0.0,0.0,0.0,11.04,3.79,0.0
20141129:0709,0.0,0.0,0.0,11.33,4.07,0.0
20141129:0809,11568.68,200.92,9.36,11.56,3.79,0.0
20141129:0909,27166.13,431.52,19.02,12.74,3.66,0.0
20141129:1009,41919.57,664.05,26.94,13.93,4.21,0.0
20141129:1109,49861.75,799.26,32.36,15.14,4.48,0.0
20141129:1209,53170.99,861.63,34.56,15.96,4.28,0.0
20141129:1309,35906.77,576.91,33.13,16.62,3.93,0.0
20141129:1409,23397.69,378.98,28.34,16.78,3.52,0.0
20141129:1509,31128.11,501.5,20.89,16.57,2.83,0.0
20141129:1609,17365.16,287.81,11.55,16.14,2.21,0.0
20141129:1709,0.0,0.0,0.0,15.08,1.79,0.0
20141129:1809,0.0,0.0,0.0,14.04,1.72,0.0
20141129:1909,0.0,0.0,0.0,12.99,1.93,0.0
20141129:2009,0.0,0.0,0.0,12.6,2.0,0.0
20141129:2109,0.0,0.0,0.0,12.49,2.41,0.0
20141129:2209,0.0,0.0,0.0,12.35,2.76,0.0
20141129:2309,0.0,0.0,0.0,11.95,2.83,0.0
20141130:0009,0.0,0.0,0.0,11.61,2.9,0.0
20141130:0109,0.0,0.0,0.0,11.42,3.1,0.0
20141130:0209,0.0,0.0,0.0,11.25,3.24,0.0
20141130:0309,0.0,0.0,0.0,11.05,3.24,0.0
20141130:0409,0.0,0.0,0.0,11.06,3.24,0.0
20141130:0509,0.0,0.0,0.0,11.06,3.31,0.0
20141130:0609,0.0,0.0,0.0,11.13,3.66,0.0
20141130:0709,0.0,0.0,0.0,11.74,4.0,0.0
20141130:0809,1170.38,31.17,9.18,12.01,4.07,0.0
20141130:0909,1810.22,42.5,18.84,12.29,4.07,0.0
20141130:1009,7230.23,128.46,26.75,12.49,4.28,0.0
20141130:1109,12077.97,201.73,32.18,12.73,4.97,0.0
20141130:1209,6790.01,121.84,34.39,13.01,5.52,0.0
20141130:1309,18005.0,289.91,32.99,12.78,5.59,0.0
20141130:1409,5757.02,105.79,28.23,12.64,5.59,0.0
20141130:1509,1480.81,36.84,20.81,12.89,5.66,0.0
20141130:1609,2418.17,52.89,11.5,13.01,4.97,0.0
20141130:1709,0.0,0.0,0.0,12.96,4.21,0.0
20141130:1809,0.0,0.0,0.0,12.54,3.38,0.0
20141130:1909,0.0,0.0,0.0,12.83,2.97,0.0
20141130:2009,0.0,0.0,0.0,12.89,2.55,0.0
20141130:2109,0.0,0.0,0.0,12.95,2.69,0.0
20141130:2209,0.0,0.0,0.0,13.13,2.62,0.0
20141130:2309,0.0,0.0,0.0,13.09,2.28,0.0
20141201:0009,0.0,0.0,0.0,13.13,2.28,0.0
20141201:0109,0.0,0.0,0.0,13.06,2.34,0.0
20141201:0209,0.0,0.0,0.0,12.97,2.34,0.0
20141201:0309,0.0,0.0,0.0,12.88,2.28,0.0
20141201:0409,0.0,0.0,0.0,12.52,2.41,0.0
20141201:0509,0.0,0.0,0.0,12.46,2.48,0.0
20141201:0609,0.0,0.0,0.0,12.34,2.48,0.0
20141201:0709,0.0,0.0,0.0,12.65,2.55,0.0
20141201:0809,7895.88,143.49,9.01,12.9,2.41,0.0
20141201:0909,11474.56,194.02,18.66,14.09,2.9,0.0
20141201:1009,40525.29,654.88,26.57,15.22,2.41,0.0
20141201:1109,52698.13,870.56,32.0,16.19,2.48,0.0
20141201:1209,11466.21,197.25,34.23,17.04,2.48,0.0
20141201:1309,52963.78,885.03,32.85,17.55,2.28,0.0
20141201:1409,35880.97,586.77,28.13,17.63,2.0,0.0
20141201:1509,36462.36,596.88,20.74,17.69,1.86,0.0
20141201:1609,22440.59,370.54,11.45,17.31,2.0,0.0
20141201:1709,0.0,0.0,0.0,16.32,1.79,0.0
20141201:1809,0.0,0.0,0.0,15.25,1.86,0.0
20141201:1909,0.0,0.0,0.0,14.74,2.0,0.0
20141201:2009,0.0,0.0,0.0,14.26,2.07,0.0
20141201:2109,0.0,0.0,0.0,13.99,2.41,0.0
20141201:2209,0.0,0.0,0.0,13.77,2.69,0.0
20141201:2309,0.0,0.0,0.0,13.55,2.97,0.0
20141202:0009,0.0,0.0,0.0,13.46,3.24,0.0
20141202:0109,0.0,0.0,0.0,13.59,3.45,0.0
20141202:0209,0.0,0.0,0.0,13.82,3.66,0.0
20141202:0309,0.0,0.0,0.0,13.93,3.66,0.0
20141202:0409,0.0,0.0,0.0,14.19,3.38,0.0
20141202:0509,0.0,0.0,0.0,14.19,3.1,0.0
20141202:0609,0.0,0.0,0.0,14.07,2.9,0.0
20141202:0709,0.0,0.0,0.0,14.18,2.76,0.0
20141202:0809,8696.62,157.51,8.84,14.39,2.69,0.0
20141202:0909,0.0,0.0,0.0,15.07,3.03,0.0
20141202:1009,0.0,0.0,0.0,15.51,3.38,0.0
20141202:1109,0.0,0.0,0.0,16.44,4.21,0.0
20141202:1209,0.0,0.0,0.0,16.99,4.34,0.0
20141202:1309,0.0,0.0,0.0,17.3,3.93,0.0
20141202:1409,0.0,0.0,0.0,17.38,3.79,0.0
20141202:1509,0.0,0.0,0.0,17.24,3.45,0.0
20141202:1609,0.0,0.0,0.0,16.93,2.76,0.0
20141202:1709,0.0,0.0,0.0,16.18,2.07,0.0
20141202:1809,0.0,0.0,0.0,15.33,1.86,0.0
20141202:1909,0.0,0.0,0.0,15.21,2.07,0.0
20141202:2009,0.0,0.0,0.0,14.86,1.93,0.0
20141202:2109,0.0,0.0,0.0,14.73,2.07,0.0
20141202:2209,0.0,0.0,0.0,14.65,2.28,0.0
20141202:2309,0.0,0.0,0.0,14.33,2.55,0.0
20141203:0009,0.0,0.0,0.0,13.97,2.55,0.0
20141203:0109,0.0,0.0,0.0,13.63,2.55,0.0
20141203:0209,0.0,0.0,0.0,13.59,2.83,0.0
20141203:0309,0.0,0.0,0.0,13.33,3.03,0.0
20141203:0409,0.0,0.0,0.0,13.29,3.24,0.0
20141203:0509,0.0,0.0,0.0,13.33,3.66,0.0
20141203:0609,0.0,0.0,0.0,13.07,4.21,0.0
20141203:0709,0.0,0.0,0.0,12.81,3.31,0.0
20141203:0809,5420.02,103.31,8.68,13.14,3.52,0.0
20141203:0909,8387.71,146.58,18.31,13.6,3.79,0.0
20141203:1009,12203.96,205.2,26.22,14.39,3.59,0.0
20141203:1109,43124.1,683.85,31.67,14.51,4.76,0.0
20141203:1209,37933.3,603.69,33.92,15.49,4.76,0.0
20141203:1309,0.0,0.0,0.0,15.14,5.24,0.0
20141203:1409,0.0,0.0,0.0,15.55,4.76,0.0
20141203:1509,13520.83,223.85,20.61,14.08,3.72,0.0
20141203:1609,9462.45,163.36,11.37,14.55,4.28,0.0
20141203:1709,0.0,0.0,0.0,13.21,4.28,0.0
20141203:1809,0.0,0.0,0.0,12.7,4.34,0.0
20141203:1909,0.0,0.0,0.0,13.11,3.79,0.0
20141203:2009,0.0,0.0,0.0,12.54,4.07,0.0
20141203:2109,0.0,0.0,0.0,12.23,3.93,0.0
20141203:2209,0.0,0.0,0.0,12.24,3.72,0.0
20141203:2309,0.0,0.0,0.0,12.12,3.86,0.0
20141204:0009,0.0,0.0,0.0,12.11,3.52,0.0
20141204:0109,0.0,0.0,0.0,11.93,3.52,0.0
20141204:0209,0.0,0.0,0.0,12.15,3.79,0.0
20141204:0309,0.0,0.0,0.0,11.88,4.34,0.0
20141204:0409,0.0,0.0,0.0,11.7,4.14,0.0
20141204:0509,0.0,0.0,0.0,11.94,4.28,0.0
20141204:0609,0.0,0.0,0.0,12.14,3.93,0.0
20141204:0709,0.0,0.0,0.0,11.8,3.66,0.0
20141204:0809,1433.75,35.89,8.52,11.86,3.38,0.0
20141204:0909,2305.84,51.0,18.15,12.8,3.31,0.0
20141204:1009,27754.35,440.76,26.05,13.88,3.72,0.0
20141204:1109,49577.12,795.41,31.51,14.72,4.07,0.0
20141204:1209,22410.99,359.59,33.78,14.73,5.03,0.0
20141204:1309,11910.23,200.26,32.48,13.84,4.76,0.0
20141204:1409,22318.4,357.67,27.85,14.52,4.14,0.0
20141204:1509,37207.7,590.65,20.55,14.93,4.07,0.0
20141204:1609,15967.08,262.08,11.34,14.24,4.07,0.0
20141204:1709,0.0,0.0,0.0,13.88,3.17,0.0
20141204:1809,0.0,0.0,0.0,13.31,2.83,0.0
20141204:1909,0.0,0.0,0.0,13.41,2.69,0.0
20141204:2009,0.0,0.0,0.0,12.84,2.62,0.0
20141204:2109,0.0,0.0,0.0,12.39,2.55,0.0
20141204:2209,0.0,0.0,0.0,11.91,2.48,0.0
20141204:2309,0.0,0.0,0.0,11.65,2.41,0.0
20141205:0009,0.0,0.0,0.0,11.7,2.34,0.0
20141205:0109,0.0,0.0,0.0,11.44,2.34,0.0
20141205:0209,0.0,0.0,0.0,11.13,2.48,0.0
20141205:0309,0.0,0.0,0.0,11.04,2.55,0.0
20141205:0409,0.0,0.0,0.0,10.77,2.41,0.0
20141205:0509,0.0,0.0,0.0,10.66,2.28,0.0
20141205:0609,0.0,0.0,0.0,10.91,2.14,0.0
20141205:0709,0.0,0.0,0.0,10.82,2.0,0.0
20141205:0809,4645.84,90.16,8.36,11.2,2.0,0.0
20141205:0909,3584.76,71.78,17.99,12.13,2.07,0.0
20141205:1009,44523.7,718.93,25.89,13.66,2.21,0.0
20141205:1109,50721.69,834.76,31.35,14.78,2.0,0.0
20141205:1209,4820.41,92.56,33.64,15.25,1.66,0.0
20141205:1309,15615.67,260.61,32.38,15.7,1.52,0.0
20141205:1409,10482.55,181.12,27.77,15.81,1.66,0.0
20141205:1509,30375.18,490.76,20.5,15.57,1.79,0.0
20141205:1609,8733.05,153.32,11.31,15.04,1.45,0.0
20141205:1709,0.0,0.0,0.0,14.46,0.97,0.0
20141205:1809,0.0,0.0,0.0,13.38,1.1,0.0
20141205:1909,0.0,0.0,0.0,13.08,0.9,0.0
20141205:2009,0.0,0.0,0.0,11.93,1.17,0.0
20141205:2109,0.0,0.0,0.0,10.77,1.38,0.0
20141205:2209,0.0,0.0,0.0,10.09,1.45,0.0
20141205:2309,0.0,0.0,0.0,9.42,1.52,0.0
20141206:0009,0.0,0.0,0.0,8.76,1.59,0.0
20141206:0109,0.0,0.0,0.0,8.59,1.59,0.0
20141206:0209,0.0,0.0,0.0,8.22,1.72,0.0
20141206:0309,0.0,0.0,0.0,7.98,1.72,0.0
20141206:0409,0.0,0.0,0.0,7.71,1.79,0.0
20141206:0509,0.0,0.0,0.0,7.34,1.86,0.0
20141206:0609,0.0,0.0,0.0,7.04,1.79,0.0
20141206:0709,0.0,0.0,0.0,6.92,1.66,0.0
20141206:0809,13488.95,231.36,8.21,7.21,1.38,0.0
20141206:0909,30765.31,495.41,17.83,10.84,0.76,0.0
20141206:1009,43473.24,714.55,25.74,13.95,0.97,0.0
20141206:1109,51705.36,860.82,31.21,15.24,1.59,0.0
20141206:1209,55426.73,929.95,33.51,16.15,1.93,0.0
20141206:1309,55595.23,929.88,32.27,16.64,2.28,0.0
20141206:1409,50480.33,831.04,27.7,16.69,2.62,0.0
20141206:1509,40989.04,663.74,20.46,16.33,2.76,0.0
20141206:1609,25125.94,409.33,11.29,15.66,2.55,0.0
20141206:1709,0.0,0.0,0.0,14.26,2.21,0.0
20141206:1809,0.0,0.0,0.0,12.82,2.21,0.0
20141206:1909,0.0,0.0,0.0,12.25,2.21,0.0
20141206:2009,0.0,0.0,0.0,11.43,2.21,0.0
20141206:2109,0.0,0.0,0.0,10.79,2.21,0.0
20141206:2209,0.0,0.0,0.0,10.22,2.14,0.0
20141206:2309,0.0,0.0,0.0,9.73,2.14,0.0
20141207:0009,0.0,0.0,0.0,9.26,2.07,0.0
20141207:0109,0.0,0.0,0.0,8.81,2.0,0.0
20141207:0209,0.0,0.0,0.0,8.45,2.0,0.0
20141207:0309,0.0,0.0,0.0,8.06,1.93,0.0
20141207:0409,0.0,0.0,0.0,7.69,1.86,0.0
20141207:0509,0.0,0.0,0.0,7.45,1.86,0.0
20141207:0609,0.0,0.0,0.0,7.24,1.86,0.0
20141207:0709,0.0,0.0,0.0,7.25,1.66,0.0
20141207:0809,12527.3,216.17,8.06,7.52,1.45,0.0
20141207:0909,27364.23,438.59,17.68,10.43,0.9,0.0
20141207:1009,33317.82,537.42,25.59,13.29,1.17,0.0
20141207:1109,51326.62,845.99,31.07,14.37,1.86,0.0
20141207:1209,51241.61,848.0,33.39,15.06,1.93,0.0
20141207:1309,37565.19,609.59,32.18,15.45,2.07,0.0
20141207:1409,49246.2,807.66,27.64,15.63,2.34,0.0
20141207:1509,36474.5,587.2,20.42,15.42,2.48,0.0
20141207:1609,11191.46,190.59,11.28,14.84,2.34,0.0
20141207:1709,0.0,0.0,0.0,13.6,2.07,0.0
20141207:1809,0.0,0.0,0.0,12.21,2.21,0.0
20141207:1909,0.0,0.0,0.0,11.48,2.21,0.0
20141207:2009,0.0,0.0,0.0,10.64,2.21,0.0
20141207:2109,0.0,0.0,0.0,9.93,2.28,0.0
20141207:2209,0.0,0.0,0.0,9.3,2.21,0.0
20141207:2309,0.0,0.0,0.0,8.62,2.07,0.0
20141208:0009,0.0,0.0,0.0,7.97,2.0,0.0
20141208:0109,0.0,0.0,0.0,7.37,2.0,0.0
20141208:0209,0.0,0.0,0.0,6.87,2.0,0.0
20141208:0309,0.0,0.0,0.0,6.4,1.93,0.0
20141208:0409,0.0,0.0,0.0,5.96,1.79,0.0
20141208:0509,0.0,0.0,0.0,5.51,1.79,0.0
20141208:0609,0.0,0.0,0.0,5.2,1.72,0.0
20141208:0709,0.0,0.0,0.0,4.5,1.72,0.0
20141208:0809,0.0,0.0,0.0,4.96,1.52,0.0
20141208:0909,31326.97,498.57,17.53,8.67,0.97,0.0
20141208:1009,44285.37,724.2,25.45,12.14,0.83,0.0
20141208:1109,51918.64,866.98,30.93,13.64,1.03,0.0
20141208:1209,55437.36,938.71,33.28,14.64,1.1,0.0
20141208:1309,55362.22,939.12,32.09,15.33,1.17,0.0
20141208:1409,50253.39,835.56,27.58,15.62,1.59,0.0
20141208:1509,41212.94,670.63,20.39,15.41,1.93,0.0
20141208:1609,25017.4,407.47,11.27,14.75,1.86,0.0
20141208:1709,0.0,0.0,0.0,13.32,2.0,0.0
20141208:1809,0.0,0.0,0.0,11.78,2.07,0.0
20141208:1909,0.0,0.0,0.0,10.73,2.0,0.0
20141208:2009,0.0,0.0,0.0,9.52,2.0,0.0
20141208:2109,0.0,0.0,0.0,8.35,1.86,0.0
20141208:2209,0.0,0.0,0.0,7.67,2.0,0.0
20141208:2309,0.0,0.0,0.0,7.29,2.07,0.0
20141209:0009,0.0,0.0,0.0,6.86,2.14,0.0
20141209:0109,0.0,0.0,0.0,6.39,2.07,0.0
20141209:0209,0.0,0.0,0.0,5.85,2.0,0.0
20141209:0309,0.0,0.0,0.0,5.3,1.79,0.0
20141209:0409,0.0,0.0,0.0,4.98,1.79,0.0
20141209:0509,0.0,0.0,0.0,4.99,2.0,0.0
20141209:0609,0.0,0.0,0.0,5.24,2.21,0.0
20141209:0709,0.0,0.0,0.0,5.39,2.21,0.0
20141209:0809,13833.53,235.71,7.77,5.7,2.07,0.0
20141209:0909,30969.48,492.53,17.39,9.14,1.24,0.0
20141209:1009,43326.0,708.68,25.31,13.01,0.97,0.0
20141209:1109,51282.59,855.01,30.81,14.94,1.38,0.0
20141209:1209,54821.81,926.57,33.17,15.99,1.45,0.0
20141209:1309,54723.14,921.38,32.01,16.6,1.79,0.0
20141209:1409,49731.96,825.13,27.53,16.71,2.0,0.0
20141209:1509,40157.93,656.99,20.37,16.45,1.79,0.0
20141209:1609,23887.25,392.1,11.27,15.81,1.52,0.0
20141209:1709,0.0,0.0,0.0,14.66,1.52,0.0
20141209:1809,0.0,0.0,0.0,13.05,1.72,0.0
20141209:1909,0.0,0.0,0.0,11.88,1.38,0.0
20141209:2009,0.0,0.0,0.0,10.64,1.79,0.0
20141209:2109,0.0,0.0,0.0,10.51,1.52,0.0
20141209:2209,0.0,0.0,0.0,10.03,1.45,0.0
20141209:2309,0.0,0.0,0.0,9.03,1.66,0.0
20141210:0009,0.0,0.0,0.0,8.48,1.72,0.0
20141210:0109,0.0,0.0,0.0,7.88,1.79,0.0
20141210:0209,0.0,0.0,0.0,7.41,1.79,0.0
20141210:0309,0.0,0.0,0.0,7.03,1.86,0.0
20141210:0409,0.0,0.0,0.0,6.76,1.93,0.0
20141210:0509,0.0,0.0,0.0,6.57,1.93,0.0
20141210:0609,0.0,0.0,0.0,6.53,1.86,0.0
20141210:0709,0.0,0.0,0.0,6.24,1.79,0.0
20141210:0809,12816.47,221.15,7.63,6.64,1.45,0.0
20141210:0909,30125.47,483.21,17.26,10.1,0.83,0.0
20141210:1009,42450.11,696.96,25.18,13.42,0.76,0.0
20141210:1109,49841.25,825.3,30.69,14.96,1.59,0.0
20141210:1209,54674.56,914.89,33.07,15.99,1.93,0.0
20141210:1309,54321.63,904.65,31.94,16.74,2.41,0.0
20141210:1409,48969.92,803.7,27.49,17.08,2.83,0.0
20141210:1509,40028.9,647.65,20.35,17.0,3.1,0.0
20141210:1609,23815.14,389.17,11.27,16.49,2.76,0.0
20141210:1709,0.0,0.0,0.0,15.08,2.76,0.0
20141210:1809,0.0,0.0,0.0,13.55,2.83,0.0
20141210:1909,0.0,0.0,0.0,12.82,2.55,0.0
20141210:2009,0.0,0.0,0.0,12.04,2.48,0.0
20141210:2109,0.0,0.0,0.0,11.34,2.48,0.0
20141210:2209,0.0,0.0,0.0,10.82,2.41,0.0
20141210:2309,0.0,0.0,0.0,10.4,2.34,0.0
20141211:0009,0.0,0.0,0.0,9.99,2.34,0.0
20141211:0109,0.0,0.0,0.0,9.6,2.34,0.0
20141211:0209,0.0,0.0,0.0,9.24,2.34,0.0
20141211:0309,0.0,0.0,0.0,8.88,2.28,0.0
20141211:0409,0.0,0.0,0.0,8.49,2.21,0.0
20141211:0509,0.0,0.0,0.0,8.2,2.14,0.0
20141211:0609,0.0,0.0,0.0,7.9,1.93,0.0
20141211:0709,0.0,0.0,0.0,7.76,2.21,0.0
20141211:0809,5085.3,96.65,7.5,7.68,2.07,0.0
20141211:0909,14411.89,234.87,17.12,9.44,1.72,0.0
20141211:1009,26723.63,429.37,25.05,12.38,0.97,0.0
20141211:1109,29402.14,481.52,30.57,14.61,0.34,0.0
20141211:1209,25724.79,419.54,32.98,15.51,1.31,0.0
20141211:1309,27327.8,444.72,31.88,15.6,1.45,0.0
20141211:1409,33441.54,546.81,27.45,15.47,0.9,0.0
20141211:1509,29597.96,483.36,20.34,15.55,0.69,0.0
20141211:1609,12155.39,206.42,11.28,15.1,1.03,0.0
20141211:1709,0.0,0.0,0.0,14.34,1.45,0.0
20141211:1809,0.0,0.0,0.0,13.02,1.52,0.0
20141211:1909,0.0,0.0,0.0,12.54,0.97,0.0
20141211:2009,0.0,0.0,0.0,12.22,0.97,0.0
20141211:2109,0.0,0.0,0.0,10.1,1.45,0.0
20141211:2209,0.0,0.0,0.0,8.55,1.93,0.0
20141211:2309,0.0,0.0,0.0,8.13,1.93,0.0
20141212:0009,0.0,0.0,0.0,8.06,2.07,0.0
20141212:0109,0.0,0.0,0.0,8.3,2.14,0.0
20141212:0209,0.0,0.0,0.0,8.35,2.28,0.0
20141212:0309,0.0,0.0,0.0,8.33,2.41,0.0
20141212:0409,0.0,0.0,0.0,8.33,2.48,0.0
20141212:0509,0.0,0.0,0.0,8.35,2.55,0.0
20141212:0609,0.0,0.0,0.0,8.38,2.55,0.0
20141212:0709,0.0,0.0,0.0,8.46,2.48,0.0
20141212:0809,10896.96,191.78,7.37,8.67,2.34,0.0
20141212:0909,28473.88,454.45,17.0,11.04,1.86,0.0
20141212:1009,40831.92,662.81,24.93,14.45,1.72,0.0
20141212:1109,49180.92,812.39,30.47,16.54,2.21,0.0
20141212:1209,53976.28,897.6,32.9,17.49,2.76,0.0
20141212:1309,52916.72,879.4,31.82,17.94,2.83,0.0
20141212:1409,46737.7,767.29,27.42,18.03,2.97,0.0
20141212:1509,37195.55,603.28,20.34,17.72,2.97,0.0
20141212:1609,12326.16,209.71,11.3,16.87,2.41,0.0
20141212:1709,0.0,0.0,0.0,15.38,2.14,0.0
20141212:1809,0.0,0.0,0.0,14.14,2.14,0.0
20141212:1909,0.0,0.0,0.0,14.23,2.14,0.0
20141212:2009,0.0,0.0,0.0,13.83,2.34,0.0
20141212:2109,0.0,0.0,0.0,13.21,2.55,0.0
20141212:2209,0.0,0.0,0.0,13.1,2.83,0.0
20141212:2309,0.0,0.0,0.0,12.86,3.03,0.0
20141213:0009,0.0,0.0,0.0,12.6,3.17,0.0
20141213:0109,0.0,0.0,0.0,12.57,3.31,0.0
20141213:0209,0.0,0.0,0.0,12.57,3.31,0.0
20141213:0309,0.0,0.0,0.0,12.54,3.31,0.0
20141213:0409,0.0,0.0,0.0,12.56,3.31,0.0
20141213:0509,0.0,0.0,0.0,12.44,3.38,0.0
20141213:0609,0.0,0.0,0.0,12.3,3.45,0.0
20141213:0709,0.0,0.0,0.0,12.88,3.66,0.0
20141213:0809,5864.79,111.78,7.25,12.82,3.72,0.0
20141213:0909,21075.91,340.45,16.87,14.12,3.59,0.0
20141213:1009,40554.89,650.96,24.82,16.14,3.72,0.0
20141213:1109,48468.98,785.49,30.37,17.75,4.48,0.0
20141213:1209,54644.21,891.0,32.82,18.61,5.24,0.0
20141213:1309,50692.85,822.72,31.77,18.94,5.52,0.0
20141213:1409,9602.87,168.6,27.4,18.72,5.17,0.0
20141213:1509,7604.42,136.38,20.34,17.06,4.76,0.0
20141213:1609,2738.47,58.82,11.32,15.9,5.31,0.0
20141213:1709,0.0,0.0,0.0,13.71,5.86,0.0
20141213:1809,0.0,0.0,0.0,12.09,5.79,0.0
20141213:1909,0.0,0.0,0.0,11.55,5.17,0.0
20141213:2009,0.0,0.0,0.0,11.17,4.55,0.0
20141213:2109,0.0,0.0,0.0,11.0,4.48,0.0
20141213:2209,0.0,0.0,0.0,11.0,4.07,0.0
20141213:2309,0.0,0.0,0.0,10.84,4.34,0.0
20141214:0009,0.0,0.0,0.0,10.79,4.28,0.0
20141214:0109,0.0,0.0,0.0,10.29,4.34,0.0
20141214:0209,0.0,0.0,0.0,9.79,4.28,0.0
20141214:0309,0.0,0.0,0.0,9.49,4.48,0.0
20141214:0409,0.0,0.0,0.0,9.36,4.76,0.0
20141214:0509,0.0,0.0,0.0,9.14,4.9,0.0
20141214:0609,0.0,0.0,0.0,9.04,5.31,0.0
20141214:0709,0.0,0.0,0.0,9.17,5.31,0.0
20141214:0809,7890.56,143.08,7.12,9.29,5.31,0.0
20141214:0909,5501.99,100.63,16.76,9.72,5.17,0.0
20141214:1009,22017.83,345.06,24.71,10.27,5.45,0.0
20141214:1109,3262.18,66.12,30.28,10.79,5.45,0.0
20141214:1209,2095.6,47.23,32.75,11.64,5.17,0.0
20141214:1309,7234.79,128.46,31.73,12.61,5.38,0.0
20141214:1409,4061.41,79.34,27.39,12.64,5.59,0.0
20141214:1509,40990.55,635.47,20.35,11.53,5.59,0.0
20141214:1609,20266.82,322.21,11.35,11.37,5.45,0.0
20141214:1709,0.0,0.0,0.0,11.16,5.52,0.0
20141214:1809,0.0,0.0,0.0,11.03,5.93,0.0
20141214:1909,0.0,0.0,0.0,10.31,6.14,0.0
20141214:2009,0.0,0.0,0.0,9.97,5.79,0.0
20141214:2109,0.0,0.0,0.0,9.76,5.52,0.0
20141214:2209,0.0,0.0,0.0,9.72,5.31,0.0
20141214:2309,0.0,0.0,0.0,9.89,5.52,0.0
20141215:0009,0.0,0.0,0.0,10.02,5.1,0.0
20141215:0109,0.0,0.0,0.0,10.25,4.28,0.0
20141215:0209,0.0,0.0,0.0,10.31,3.31,0.0
20141215:0309,0.0,0.0,0.0,10.2,2.62,0.0
20141215:0409,0.0,0.0,0.0,10.62,2.62,0.0
20141215:0509,0.0,0.0,0.0,10.67,2.55,0.0
20141215:0609,0.0,0.0,0.0,11.0,2.14,0.0
20141215:0709,0.0,0.0,0.0,11.09,1.72,0.0
20141215:0809,1831.47,43.12,7.01,10.84,1.59,0.0
20141215:0909,15366.71,252.92,16.65,12.07,1.1,0.0
20141215:1009,22851.21,367.25,24.61,13.0,1.72,0.0
20141215:1109,35126.52,562.2,30.19,13.5,2.21,0.0
20141215:1209,14176.6,235.27,32.69,13.81,3.03,0.0
20141215:1309,30067.78,478.05,31.69,13.78,3.38,0.0
20141215:1409,29798.34,473.71,27.38,14.26,3.45,0.0
20141215:1509,19302.13,311.01,20.37,14.09,3.38,0.0
20141215:1609,22033.77,354.71,11.38,13.46,3.24,0.0
20141215:1709,0.0,0.0,0.0,12.94,2.55,0.0
20141215:1809,0.0,0.0,0.0,12.73,2.14,0.0
20141215:1909,0.0,0.0,0.0,12.49,1.66,0.0
20141215:2009,0.0,0.0,0.0,12.28,1.52,0.0
20141215:2109,0.0,0.0,0.0,11.85,1.52,0.0
20141215:2209,0.0,0.0,0.0,11.31,1.66,0.0
20141215:2309,0.0,0.0,0.0,11.09,2.0,0.0
20141216:0009,0.0,0.0,0.0,11.14,2.34,0.0
20141216:0109,0.0,0.0,0.0,10.7,2.48,0.0
20141216:0209,0.0,0.0,0.0,10.61,2.62,0.0
20141216:0309,0.0,0.0,0.0,10.71,2.62,0.0
20141216:0409,0.0,0.0,0.0,10.68,2.76,0.0
20141216:0509,0.0,0.0,0.0,10.86,2.83,0.0
20141216:0609,0.0,0.0,0.0,10.99,2.83,0.0
20141216:0709,0.0,0.0,0.0,11.01,2.69,0.0
20141216:0809,4579.05,90.2,6.9,10.99,2.83,0.0
20141216:0909,15591.38,254.63,16.54,11.98,2.76,0.0
20141216:1009,31952.38,506.25,24.51,13.36,3.24,0.0
20141216:1109,10677.61,182.24,30.11,14.32,3.79,0.0
20141216:1209,11681.01,198.3,32.63,15.16,3.79,0.0
20141216:1309,4470.51,86.9,31.67,15.48,3.52,0.0
20141216:1409,6273.89,115.23,27.38,15.13,2.9,0.0
20141216:1509,6529.68,118.92,20.39,14.95,3.45,0.0
20141216:1609,6532.71,118.44,11.42,14.34,3.45,0.0
20141216:1709,0.0,0.0,0.0,13.72,3.52,0.0
20141216:1809,0.0,0.0,0.0,13.21,3.79,0.0
20141216:1909,0.0,0.0,0.0,13.11,3.45,0.0
20141216:2009,0.0,0.0,0.0,13.04,3.1,0.0
20141216:2109,0.0,0.0,0.0,13.04,2.62,0.0
20141216:2209,0.0,0.0,0.0,12.95,2.14,0.0
20141216:2309,0.0,0.0,0.0,12.95,1.72,0.0
20141217:0009,0.0,0.0,0.0,12.95,1.59,0.0
20141217:0109,0.0,0.0,0.0,12.56,1.66,0.0
20141217:0209,0.0,0.0,0.0,12.44,1.86,0.0
20141217:0309,0.0,0.0,0.0,12.19,1.86,0.0
20141217:0409,0.0,0.0,0.0,12.12,1.79,0.0
20141217:0509,0.0,0.0,0.0,12.11,1.66,0.0
20141217:0609,0.0,0.0,0.0,11.99,1.66,0.0
20141217:0709,0.0,0.0,0.0,12.08,1.52,0.0
20141217:0809,11244.58,202.82,6.79,12.17,1.45,0.0
20141217:0909,28880.71,468.17,16.44,13.2,1.38,0.0
20141217:1009,41869.48,684.11,24.42,14.6,1.38,0.0
20141217:1109,49702.36,836.62,30.04,15.71,0.9,0.0
20141217:1209,53094.33,912.49,32.58,16.48,0.62,0.0
20141217:1309,44155.58,745.36,31.65,16.99,0.55,0.0
20141217:1409,37708.64,623.26,27.39,17.27,1.1,0.0
20141217:1509,37445.27,613.43,20.42,17.36,1.72,0.0
20141217:1609,23881.18,392.35,11.47,16.91,1.93,0.0
20141217:1709,0.0,0.0,0.0,15.65,2.0,0.0
20141217:1809,0.0,0.0,0.0,14.15,2.07,0.0
20141217:1909,0.0,0.0,0.0,13.25,2.07,0.0
20141217:2009,0.0,0.0,0.0,12.43,2.07,0.0
20141217:2109,0.0,0.0,0.0,11.84,2.0,0.0
20141217:2209,0.0,0.0,0.0,11.19,1.93,0.0
20141217:2309,0.0,0.0,0.0,10.53,1.79,0.0
20141218:0009,0.0,0.0,0.0,9.86,1.66,0.0
20141218:0109,0.0,0.0,0.0,9.29,1.52,0.0
20141218:0209,0.0,0.0,0.0,8.77,1.59,0.0
20141218:0309,0.0,0.0,0.0,8.56,1.66,0.0
20141218:0409,0.0,0.0,0.0,8.66,1.52,0.0
20141218:0509,0.0,0.0,0.0,8.29,1.52,0.0
20141218:0609,0.0,0.0,0.0,7.98,1.59,0.0
20141218:0709,0.0,0.0,0.0,7.77,1.52,0.0
20141218:0809,6983.56,129.14,6.69,8.16,1.31,0.0
20141218:0909,16451.32,269.09,16.35,11.05,0.69,0.0
20141218:1009,24138.48,392.87,24.34,14.27,0.62,0.0
20141218:1109,33862.03,553.28,29.98,15.57,1.1,0.0
20141218:1209,48900.09,815.72,32.54,16.5,1.59,0.0
20141218:1309,51787.33,868.16,31.63,17.1,1.79,0.0
20141218:1409,30798.7,501.9,27.4,17.32,1.93,0.0
20141218:1509,33159.95,538.94,20.45,17.15,2.07,0.0
20141218:1609,17656.62,292.56,11.52,16.6,2.0,0.0
20141218:1709,0.0,0.0,0.0,15.38,1.72,0.0
20141218:1809,0.0,0.0,0.0,13.93,1.72,0.0
20141218:1909,0.0,0.0,0.0,13.16,1.66,0.0
20141218:2009,0.0,0.0,0.0,12.29,1.72,0.0
20141218:2109,0.0,0.0,0.0,11.53,1.79,0.0
20141218:2209,0.0,0.0,0.0,10.99,1.72,0.0
20141218:2309,0.0,0.0,0.0,10.58,1.72,0.0
20141219:0009,0.0,0.0,0.0,9.85,1.72,0.0
20141219:0109,0.0,0.0,0.0,9.2,1.72,0.0
20141219:0209,0.0,0.0,0.0,8.8,1.72,0.0
20141219:0309,0.0,0.0,0.0,8.38,1.79,0.0
20141219:0409,0.0,0.0,0.0,7.96,1.79,0.0
20141219:0509,0.0,0.0,0.0,7.7,1.66,0.0
20141219:0609,0.0,0.0,0.0,7.71,1.45,0.0
20141219:0709,0.0,0.0,0.0,8.8,1.45,0.0
20141219:0809,6192.68,116.69,6.59,9.02,1.45,0.0
20141219:0909,22548.37,362.11,16.26,10.32,1.1,0.0
20141219:1009,31121.28,499.7,24.26,11.88,0.83,0.0
20141219:1109,21593.55,351.19,29.92,13.29,0.76,0.0
20141219:1209,22893.72,372.92,32.51,14.48,1.17,0.0
20141219:1309,25966.91,421.9,31.63,15.38,1.59,0.0
20141219:1409,42457.7,694.44,27.42,15.7,1.79,0.0
20141219:1509,37297.26,605.5,20.49,15.68,1.79,0.0
20141219:1609,24344.93,396.79,11.58,15.17,1.79,0.0
20141219:1709,0.0,0.0,0.0,14.05,1.59,0.0
20141219:1809,0.0,0.0,0.0,12.66,1.66,0.0
20141219:1909,0.0,0.0,0.0,11.53,1.66,0.0
20141219:2009,0.0,0.0,0.0,10.94,1.66,0.0
20141219:2109,0.0,0.0,0.0,10.3,1.79,0.0
20141219:2209,0.0,0.0,0.0,9.87,1.72,0.0
20141219:2309,0.0,0.0,0.0,9.36,1.79,0.0
20141220:0009,0.0,0.0,0.0,8.92,1.79,0.0
20141220:0109,0.0,0.0,0.0,8.61,1.79,0.0
20141220:0209,0.0,0.0,0.0,8.56,1.72,0.0
20141220:0309,0.0,0.0,0.0,8.81,1.66,0.0
20141220:0409,0.0,0.0,0.0,8.75,1.59,0.0
20141220:0509,0.0,0.0,0.0,8.9,1.45,0.0
20141220:0609,0.0,0.0,0.0,9.08,1.38,0.0
20141220:0709,0.0,0.0,0.0,9.11,1.45,0.0
20141220:0809,2292.94,51.17,6.5,9.34,1.38,0.0
20141220:0909,5487.57,101.0,16.18,10.17,1.31,0.0
20141220:1009,7675.01,135.11,24.19,11.31,1.52,0.0
20141220:1109,7923.2,139.79,29.87,12.71,1.52,0.0
20141220:1209,8755.06,153.01,32.49,13.38,1.52,0.0
20141220:1309,7739.52,137.9,31.63,14.37,1.59,0.0
20141220:1409,5850.37,108.62,27.45,14.79,1.79,0.0
20141220:1509,11695.43,198.16,20.54,14.96,1.86,0.0
20141220:1609,8544.82,149.89,11.64,14.65,1.72,0.0
20141220:1709,0.0,0.0,0.0,13.85,1.45,0.0
20141220:1809,0.0,0.0,0.0,12.82,1.45,0.0
20141220:1909,0.0,0.0,0.0,11.85,1.59,0.0
20141220:2009,0.0,0.0,0.0,11.26,1.59,0.0
20141220:2109,0.0,0.0,0.0,10.89,1.59,0.0
20141220:2209,0.0,0.0,0.0,10.65,1.52,0.0
20141220:2309,0.0,0.0,0.0,10.55,1.38,0.0
20141221:0009,0.0,0.0,0.0,10.43,1.38,0.0
20141221:0109,0.0,0.0,0.0,10.51,1.24,0.0
20141221:0209,0.0,0.0,0.0,10.43,1.17,0.0
20141221:0309,0.0,0.0,0.0,10.34,1.1,0.0
20141221:0409,0.0,0.0,0.0,10.42,1.1,0.0
20141221:0509,0.0,0.0,0.0,10.3,1.03,0.0
20141221:0609,0.0,0.0,0.0,10.16,0.97,0.0
20141221:0709,0.0,0.0,0.0,10.13,0.97,0.0
20141221:0809,1403.39,35.42,6.41,10.15,1.03,0.0
20141221:0909,7969.5,139.3,16.1,10.71,0.97,0.0
20141221:1009,7829.09,137.95,24.13,11.79,0.9,0.0
20141221:1109,10101.53,173.75,29.83,13.04,0.83,0.0
20141221:1209,10450.67,180.38,32.47,14.54,0.83,0.0
20141221:1309,12810.4,217.66,31.64,15.55,0.9,0.0
20141221:1409,14150.04,238.39,27.48,16.22,1.1,0.0
20141221:1509,16470.3,273.31,20.6,16.43,1.31,0.0
20141221:1609,9017.68,158.19,11.71,16.12,1.59,0.0
20141221:1709,0.0,0.0,0.0,14.9,1.79,0.0
20141221:1809,0.0,0.0,0.0,13.43,1.79,0.0
20141221:1909,0.0,0.0,0.0,12.62,1.79,0.0
20141221:2009,0.0,0.0,0.0,11.93,1.72,0.0
20141221:2109,0.0,0.0,0.0,11.16,1.66,0.0
20141221:2209,0.0,0.0,0.0,10.31,1.59,0.0
20141221:2309,0.0,0.0,0.0,9.65,1.52,0.0
20141222:0009,0.0,0.0,0.0,9.14,1.45,0.0
20141222:0109,0.0,0.0,0.0,8.61,1.52,0.0
20141222:0209,0.0,0.0,0.0,8.23,1.52,0.0
20141222:0309,0.0,0.0,0.0,7.93,1.66,0.0
20141222:0409,0.0,0.0,0.0,7.9,1.66,0.0
20141222:0509,0.0,0.0,0.0,8.6,1.52,0.0
20141222:0609,0.0,0.0,0.0,8.8,1.59,0.0
20141222:0709,0.0,0.0,0.0,8.22,1.38,0.0
20141222:0809,2572.25,55.87,6.33,8.41,1.52,0.0
20141222:0909,7747.11,135.16,16.03,9.5,1.17,0.0
20141222:1009,10340.62,176.42,24.07,12.06,0.76,0.0
20141222:1109,18754.89,310.27,29.79,14.65,0.14,0.0
20141222:1209,19330.97,321.2,32.46,16.47,0.62,0.0
20141222:1309,11306.82,195.64,31.66,17.25,1.17,0.0
20141222:1409,12386.12,211.9,27.53,17.39,1.59,0.0
20141222:1509,23555.56,384.3,20.66,17.05,1.79,0.0
20141222:1609,4544.13,88.39,11.78,16.33,1.72,0.0
20141222:1709,0.0,4.51,1.52,15.03,1.45,0.0
20141222:1809,0.0,0.0,0.0,13.69,1.24,0.0
20141222:1909,0.0,0.0,0.0,13.2,0.9,0.0
20141222:2009,0.0,0.0,0.0,13.24,0.34,0.0
20141222:2109,0.0,0.0,0.0,12.26,0.97,0.0
20141222:2209,0.0,0.0,0.0,10.88,1.38,0.0
20141222:2309,0.0,0.0,0.0,10.23,1.45,0.0
20141223:0009,0.0,0.0,0.0,9.67,1.31,0.0
20141223:0109,0.0,0.0,0.0,9.45,1.17,0.0
20141223:0209,0.0,0.0,0.0,9.05,1.24,0.0
20141223:0309,0.0,0.0,0.0,9.1,1.38,0.0
20141223:0409,0.0,0.0,0.0,9.39,1.45,0.0
20141223:0509,0.0,0.0,0.0,9.76,1.45,0.0
20141223:0609,0.0,0.0,0.0,10.06,1.38,0.0
20141223:0709,0.0,0.0,0.0,10.27,1.45,0.0
20141223:0809,2942.64,62.95,6.25,10.48,1.17,0.0
20141223:0909,6314.12,114.37,15.96,11.55,1.17,0.0
20141223:1009,12821.79,214.86,24.02,13.09,0.9,0.0
20141223:1109,8969.1,157.7,29.76,14.45,0.07,0.0
20141223:1209,7672.73,137.9,32.46,15.8,0.97,0.0
20141223:1309,7778.99,139.79,31.69,16.52,1.59,0.0
20141223:1409,7414.67,134.12,27.58,16.79,2.0,0.0
20141223:1509,13418.36,225.45,20.72,16.31,2.14,0.0
20141223:1609,17097.23,282.33,11.86,15.64,2.0,0.0
20141223:1709,0.0,0.94,1.61,14.63,1.52,0.0
20141223:1809,0.0,0.0,0.0,13.53,1.31,0.0
20141223:1909,0.0,0.0,0.0,12.9,1.45,0.0
20141223:2009,0.0,0.0,0.0,11.99,1.31,0.0
20141223:2109,0.0,0.0,0.0,11.34,1.31,0.0
20141223:2209,0.0,0.0,0.0,11.38,1.03,0.0
20141223:2309,0.0,0.0,0.0,11.24,0.83,0.0
20141224:0009,0.0,0.0,0.0,10.09,1.1,0.0
20141224:0109,0.0,0.0,0.0,9.69,1.17,0.0
20141224:0209,0.0,0.0,0.0,9.62,1.17,0.0
20141224:0309,0.0,0.0,0.0,9.69,1.1,0.0
20141224:0409,0.0,0.0,0.0,9.98,1.17,0.0
20141224:0509,0.0,0.0,0.0,10.1,1.24,0.0
20141224:0609,0.0,0.0,0.0,10.22,1.24,0.0
20141224:0709,0.0,0.0,0.0,10.37,1.45,0.0
20141224:0809,10953.13,198.39,6.18,10.3,1.45,0.0
20141224:0909,14662.36,240.69,15.9,10.96,1.59,0.0
20141224:1009,21409.87,346.02,23.98,12.83,1.1,0.0
20141224:1109,44151.03,735.41,29.74,14.64,0.55,0.0
20141224:1209,41557.53,697.96,32.46,16.19,0.34,0.0
20141224:1309,45533.17,763.37,31.72,17.1,1.1,0.0
20141224:1409,38256.64,628.43,27.63,17.43,1.72,0.0
20141224:1509,36858.56,600.63,20.8,17.13,2.07,0.0
20141224:1609,16222.87,269.57,11.95,16.42,2.07,0.0
20141224:1709,0.0,5.67,1.7,15.21,1.59,0.0
20141224:1809,0.0,0.0,0.0,13.67,1.66,0.0
20141224:1909,0.0,0.0,0.0,13.07,1.38,0.0
20141224:2009,0.0,0.0,0.0,11.82,1.45,0.0
20141224:2109,0.0,0.0,0.0,10.71,1.66,0.0
20141224:2209,0.0,0.0,0.0,10.14,1.59,0.0
20141224:2309,0.0,0.0,0.0,9.68,1.52,0.0
20141225:0009,0.0,0.0,0.0,9.44,1.52,0.0
20141225:0109,0.0,0.0,0.0,9.32,1.52,0.0
20141225:0209,0.0,0.0,0.0,8.62,1.79,0.0
20141225:0309,0.0,0.0,0.0,8.22,1.86,0.0
20141225:0409,0.0,0.0,0.0,7.9,1.86,0.0
20141225:0509,0.0,0.0,0.0,7.54,1.79,0.0
20141225:0609,0.0,0.0,0.0,7.33,1.59,0.0
20141225:0709,0.0,0.0,0.0,7.61,1.31,0.0
20141225:0809,4096.32,82.02,6.11,7.93,1.31,0.0
20141225:0909,12995.6,214.64,15.85,9.67,1.03,0.0
20141225:1009,17455.48,284.32,23.94,11.73,0.69,0.0
20141225:1109,20087.69,327.82,29.73,13.62,0.9,0.0
20141225:1209,51881.44,868.64,32.48,14.85,1.24,0.0
20141225:1309,54189.56,908.43,31.76,15.89,1.72,0.0
20141225:1409,49618.11,817.11,27.7,16.17,2.28,0.0
20141225:1509,41011.05,664.44,20.88,15.83,2.41,0.0
20141225:1609,25057.63,406.76,12.04,15.14,2.14,0.0
20141225:1709,25.81,6.61,1.8,13.99,1.66,0.0
20141225:1809,0.0,0.0,0.0,12.54,1.72,0.0
20141225:1909,0.0,0.0,0.0,11.64,1.72,0.0
20141225:2009,0.0,0.0,0.0,10.71,1.72,0.0
20141225:2109,0.0,0.0,0.0,9.95,1.66,0.0
20141225:2209,0.0,0.0,0.0,9.15,1.66,0.0
20141225:2309,0.0,0.0,0.0,8.43,1.72,0.0
20141226:0009,0.0,0.0,0.0,7.95,1.66,0.0
20141226:0109,0.0,0.0,0.0,7.77,1.66,0.0
20141226:0209,0.0,0.0,0.0,7.86,1.72,0.0
20141226:0309,0.0,0.0,0.0,7.98,1.72,0.0
20141226:0409,0.0,0.0,0.0,8.2,1.72,0.0
20141226:0509,0.0,0.0,0.0,8.35,1.79,0.0
20141226:0609,0.0,0.0,0.0,8.37,1.86,0.0
20141226:0709,0.0,0.0,0.0,8.14,1.86,0.0
20141226:0809,9967.19,180.19,6.05,8.01,1.86,0.0
20141226:0909,21912.33,348.69,15.8,8.66,1.66,0.0
20141226:1009,17339.36,279.24,23.91,10.06,1.52,0.0
20141226:1109,45932.4,747.64,29.72,12.15,1.31,0.0
20141226:1209,54389.94,910.46,32.5,13.99,1.31,0.0
20141226:1309,54792.97,915.55,31.81,15.22,1.79,0.0
20141226:1409,50708.03,831.25,27.77,15.59,2.55,0.0
20141226:1509,42141.96,676.47,20.96,15.16,3.17,0.0
20141226:1609,26076.2,419.27,12.13,14.27,2.97,0.0
20141226:1709,55.41,7.56,1.9,13.1,2.21,0.0
20141226:1809,0.0,0.0,0.0,11.68,2.0,0.0
20141226:1909,0.0,0.0,0.0,10.79,2.0,0.0
20141226:2009,0.0,0.0,0.0,9.93,1.86,0.0
20141226:2109,0.0,0.0,0.0,9.0,1.59,0.0
20141226:2209,0.0,0.0,0.0,8.19,1.38,0.0
20141226:2309,0.0,0.0,0.0,7.62,1.38,0.0
20141227:0009,0.0,0.0,0.0,7.29,1.38,0.0
20141227:0109,0.0,0.0,0.0,6.43,1.72,0.0
20141227:0209,0.0,0.0,0.0,5.89,2.0,0.0
20141227:0309,0.0,0.0,0.0,5.94,1.93,0.0
20141227:0409,0.0,0.0,0.0,5.83,1.66,0.0
20141227:0509,0.0,0.0,0.0,5.6,1.52,0.0
20141227:0609,0.0,0.0,0.0,6.05,1.45,0.0
20141227:0709,0.0,0.0,0.0,6.3,1.79,0.0
20141227:0809,5795.72,109.91,6.0,6.37,1.72,0.0
20141227:0909,26131.61,414.9,15.76,7.55,0.9,0.0
20141227:1009,30951.26,494.34,23.89,10.07,0.55,0.0
20141227:1109,50446.94,851.55,29.72,12.74,0.21,0.0
20141227:1209,53955.03,908.48,32.53,14.4,1.1,0.0
20141227:1309,49660.61,823.87,31.86,15.08,1.59,0.0
20141227:1409,39846.74,648.28,27.84,15.22,1.79,0.0
20141227:1509,36246.05,586.33,21.06,15.11,1.79,0.0
20141227:1609,28623.41,463.61,12.24,14.54,1.93,0.0
20141227:1709,87.28,8.5,2.01,13.58,1.66,0.0
20141227:1809,0.0,0.0,0.0,12.51,1.72,0.0
20141227:1909,0.0,0.0,0.0,12.07,1.45,0.0
20141227:2009,0.0,0.0,0.0,11.07,1.17,0.0
20141227:2109,0.0,0.0,0.0,10.43,1.24,0.0
20141227:2209,0.0,0.0,0.0,9.71,1.45,0.0
20141227:2309,0.0,0.0,0.0,9.17,1.59,0.0
20141228:0009,0.0,0.0,0.0,9.07,1.52,0.0
20141228:0109,0.0,0.0,0.0,9.05,1.66,0.0
20141228:0209,0.0,0.0,0.0,8.71,1.79,0.0
20141228:0309,0.0,0.0,0.0,8.62,1.72,0.0
20141228:0409,0.0,0.0,0.0,8.46,1.79,0.0
20141228:0509,0.0,0.0,0.0,8.79,1.79,0.0
20141228:0609,0.0,0.0,0.0,9.09,1.93,0.0
20141228:0709,0.0,0.0,0.0,9.95,1.93,0.0
20141228:0809,3330.49,69.85,5.95,10.17,1.93,0.0
20141228:0909,18699.48,302.93,15.72,11.35,1.79,0.0
20141228:1009,28378.25,453.74,23.88,13.19,1.93,0.0
20141228:1109,29085.64,469.75,29.73,14.54,1.59,0.0
20141228:1209,25228.4,409.46,32.56,15.23,1.79,0.0
20141228:1309,29161.54,472.32,31.93,15.56,1.93,0.0
20141228:1409,42554.85,692.57,27.93,15.51,2.14,0.0
20141228:1509,33692.01,541.61,21.15,15.32,2.34,0.0
20141228:1609,24921.77,403.74,12.34,14.92,2.21,0.0
20141228:1709,86.53,8.5,2.12,14.07,1.66,0.0
20141228:1809,0.0,0.0,0.0,13.04,1.45,0.0
20141228:1909,0.0,0.0,0.0,12.12,1.38,0.0
20141228:2009,0.0,0.0,0.0,11.89,1.03,0.0
20141228:2109,0.0,0.0,0.0,12.96,0.55,0.0
20141228:2209,0.0,0.0,0.0,12.82,0.55,0.0
20141228:2309,0.0,0.0,0.0,11.09,1.17,0.0
20141229:0009,0.0,0.0,0.0,9.88,1.17,0.0
20141229:0109,0.0,0.0,0.0,9.4,1.45,0.0
20141229:0209,0.0,0.0,0.0,9.74,1.66,0.0
20141229:0309,0.0,0.0,0.0,10.29,1.86,0.0
20141229:0409,0.0,0.0,0.0,10.64,2.07,0.0
20141229:0509,0.0,0.0,0.0,10.36,1.93,0.0
20141229:0609,0.0,0.0,0.0,10.51,1.86,0.0
20141229:0709,0.0,0.0,0.0,11.3,1.17,0.0
20141229:0809,1240.97,32.72,5.9,11.46,0.83,0.0
20141229:0909,6765.73,121.77,15.69,12.19,0.76,0.0
20141229:1009,8975.18,156.13,23.87,13.15,1.31,0.0
20141229:1109,7837.43,138.85,29.75,13.46,1.72,0.0
20141229:1209,25936.55,417.01,32.61,13.85,2.14,0.0
20141229:1309,46661.04,762.4,32.0,14.28,1.93,0.0
20141229:1409,48396.12,796.97,28.02,14.36,1.52,0.0
20141229:1509,35253.27,570.4,21.26,14.51,1.38,0.0
20141229:1609,25755.91,418.21,12.45,14.3,1.38,0.0
20141229:1709,120.68,9.45,2.24,13.58,1.52,0.0
20141229:1809,0.0,0.0,0.0,12.42,2.0,0.0
20141229:1909,0.0,0.0,0.0,11.39,1.93,0.0
20141229:2009,0.0,0.0,0.0,10.32,2.14,0.0
20141229:2109,0.0,0.0,0.0,9.78,2.28,0.0
20141229:2209,0.0,0.0,0.0,9.55,2.41,0.0
20141229:2309,0.0,0.0,0.0,9.41,2.55,0.0
20141230:0009,0.0,0.0,0.0,9.51,2.83,0.0
20141230:0109,0.0,0.0,0.0,9.49,3.59,0.0
20141230:0209,0.0,0.0,0.0,9.23,4.14,0.0
20141230:0309,0.0,0.0,0.0,8.8,4.14,0.0
20141230:0409,0.0,0.0,0.0,8.29,4.0,0.0
20141230:0509,0.0,0.0,0.0,7.73,3.86,0.0
20141230:0609,0.0,0.0,0.0,7.27,3.72,0.0
20141230:0709,0.0,0.0,0.0,7.1,3.52,0.0
20141230:0809,10583.5,189.81,5.86,6.9,3.45,0.0
20141230:0909,30051.85,470.28,15.67,7.98,3.38,0.0
20141230:1009,43943.06,685.92,23.86,9.93,3.86,0.0
20141230:1109,53218.04,846.78,29.77,11.96,3.93,0.0
20141230:1209,56630.51,916.19,32.66,13.74,3.79,0.0
20141230:1309,57126.14,932.03,32.08,15.09,3.72,0.0
20141230:1409,51957.34,843.98,28.12,15.83,3.66,0.0
20141230:1509,43442.88,697.83,21.37,15.9,3.72,0.0
20141230:1609,27646.58,445.27,12.57,15.31,3.31,0.0
20141230:1709,5358.54,106.53,2.36,13.83,3.31,0.0
20141230:1809,0.0,0.0,0.0,12.19,3.17,0.0
20141230:1909,0.0,0.0,0.0,11.29,2.62,0.0
20141230:2009,0.0,0.0,0.0,10.29,2.62,0.0
20141230:2109,0.0,0.0,0.0,9.39,2.55,0.0
20141230:2209,0.0,0.0,0.0,8.59,2.48,0.0
20141230:2309,0.0,0.0,0.0,7.79,2.48,0.0
20141231:0009,0.0,0.0,0.0,7.11,2.41,0.0
20141231:0109,0.0,0.0,0.0,6.54,2.34,0.0
20141231:0209,0.0,0.0,0.0,6.04,2.21,0.0
20141231:0309,0.0,0.0,0.0,5.68,2.14,0.0
20141231:0409,0.0,0.0,0.0,5.49,2.14,0.0
20141231:0509,0.0,0.0,0.0,5.55,2.21,0.0
20141231:0609,0.0,0.0,0.0,5.7,2.28,0.0
20141231:0709,0.0,0.0,0.0,5.92,2.34,0.0
20141231:0809,9763.78,176.07,5.83,5.96,2.21,0.0
20141231:0909,29159.26,462.41,15.65,8.25,1.59,0.0
20141231:1009,41683.52,676.65,23.87,12.39,1.1,0.0
20141231:1109,50211.64,848.45,29.8,14.89,0.62,0.0
20141231:1209,53443.47,912.9,32.72,16.26,0.9,0.0
20141231:1309,53874.58,921.48,32.16,16.9,1.03,0.0
20141231:1409,49769.91,840.34,28.22,17.18,1.17,0.0
20141231:1509,42014.44,695.61,21.48,17.0,1.31,0.0
20141231:1609,26911.86,440.0,12.69,16.26,1.66,0.0
20141231:1709,5578.65,110.59,2.48,14.56,1.86,0.0
20141231:1809,0.0,0.0,0.0,12.54,2.0,0.0
20141231:1909,0.0,0.0,0.0,11.52,2.0,0.0
20141231:2009,0.0,0.0,0.0,10.55,2.0,0.0
20141231:2109,0.0,0.0,0.0,9.64,2.0,0.0
20141231:2209,0.0,0.0,0.0,8.74,1.93,0.0
20141231:2309,0.0,0.0,0.0,7.89,1.93,0.0

P: PV system power (W)
G(i): Global irradiance on the inclined plane (plane of the array) (W/m2)
H_sun: Sun height (degree)
T2m: 2-m air temperature (degree Celsius)
WS10m: 10-m total wind speed (m/s)
Int: 1 means solar radiation values are reconstructed



PVGIS (c) European Union, 2001-2024